Date_AMAT_L01d,Open_AMAT_L01d,High_AMAT_L01d,Low_AMAT_L01d,Close_AMAT_L01d,Adj Close_AMAT_L01d,Volume_AMAT_L01d,Daily_Return_AMAT_L01d,Vol5_AMAT_L01d,Vol10_AMAT_L01d,Vol20_AMAT_L01d,Vol60_AMAT_L01d,SMA5_AMAT_L01d,SMA10_AMAT_L01d,SMA30_AMAT_L01d,SMA60_AMAT_L01d,SMA100_AMAT_L01d,EMA5_AMAT_L01d,EMA10_AMAT_L01d,EMA30_AMAT_L01d,EMA60_AMAT_L01d,EMA100_AMAT_L01d,Short12_AMAT_L01d,Long26_AMAT_L01d,MACD_AMAT_L01d,SIGNAL9_AMAT_L01d,Ret5/10_AMAT_L01d,Ret10/30_AMAT_L01d,Ret30/60_AMAT_L01d,Ret30/100_AMAT_L01d,Emaret5/10_AMAT_L01d,Emaret10/30_AMAT_L01d,Emaret30/60_AMAT_L01d,Emaret30/100_AMAT_L01d,RetMACD_AMAT_L01d,DayRange_AMAT_L01d,average20r_AMAT_L01d,PRVHI_AMAT_L01d,HitLevel_AMAT_L01d,hitlevel_2_AMAT_L01d,hitlevel_1.8_AMAT_L01d,positive_return_dummy,sma_ratio_L01d,ema_ratio_L01d,volatility_ratio_L01d,negative_L01d,neutral_L01d,positive_L01d,negative_max_L01d,negative_avg_L01d,positive_max_L01d,positive_avg_L01d,ret_best,best
2024-01-02,160.0,160.1100006103516,153.4299926757812,154.3699951171875,154.3699951171875,8607300.0,-4.751040821283817,2.2835119514068665,2.2388291629136035,2.267297857076847,2.0050323076608954,161.61000061035156,161.11000061035156,154.63999989827474,147.59283218383788,145.6822994995117,159.81888051183412,159.96000904218576,155.3635607195984,150.6314348321596,146.59174980959858,159.60012862307042,156.2521499665253,3.3479786565451093,3.8492364741019602,-1.8915581144694877,-1.8915581144694877,-1.8915581144694877,-1.8915581144694877,1.8915581144694877,1.8915581144694877,-1.8915581144694877,-1.8915581144694877,1.8915581144694877,2.4400024414062216,3.465998840332044,160.1100006103516,155.653200378418,156.37200012207035,157.0907998657227,0.0,1.003103469667344,0.9991177261667045,0.9874437784720763,0.0,0.0,0.0,0.0,0.0,0.0,0.0,,1
2024-01-03,151.7100067138672,153.1699981689453,150.7299957275391,151.4499969482422,151.4499969482422,6100100.0,-1.8915581144694877,1.8861698415675132,2.2806918869607316,2.2522532163758404,2.021615550106162,159.04400024414062,160.21900024414063,154.73533325195314,147.77883224487306,145.75069946289062,157.0292526573035,158.4127341160142,155.11107273434962,150.65827293432625,146.68795272323507,158.34626221155838,155.89643492813397,2.449827283424412,3.5693546359664508,1.4130072187322145,-1.4130072187322145,-1.4130072187322145,-1.4130072187322145,1.4130072187322145,1.4130072187322145,-1.4130072187322145,-1.4130072187322145,1.4130072187322145,3.25,3.515998840332044,153.1699981689453,152.4848031616211,153.1780029296875,153.87120269775392,0.0,0.99266628802945,0.9912666019784905,1.0126267643345417,0.0,0.0,0.0,0.0,0.0,0.0,0.0,-1.8915581144694877,1
2024-01-04,149.8000030517578,152.0,148.75,149.3099975585938,149.3099975585938,6196100.0,-1.4130072187322145,1.6932545522808853,2.203971738599375,2.2516429490785326,2.0314263515747593,156.06399841308593,158.91699981689453,154.6266662597656,147.93149897257487,145.855499420166,154.45616762440028,156.7576911055741,154.73680981978472,150.61406718430223,146.73987440314318,156.95606764956383,155.4085506785384,1.5475169710254306,3.164987102978247,0.20762009487821093,-0.20762009487821093,-0.20762009487821093,-0.20762009487821093,0.20762009487821093,0.20762009487821093,-0.20762009487821093,-0.20762009487821093,0.20762009487821093,3.4700012207030966,3.4879989624023535,152.0,145.4348007202148,146.13800048828122,146.84120025634763,0.0,0.9820472233486923,0.9853179549600295,0.9788282549421672,0.0,0.0,0.0,0.0,0.0,0.0,0.0,-1.4130072187322145,1
2024-01-05,150.0800018310547,151.5200042724609,148.0500030517578,149.0,149.0,5398900.0,-0.20762009487821093,1.7845013953450424,2.0205203345169958,2.237837159516686,2.029357525283063,153.23999938964846,158.125,154.6183329264323,148.05816574096679,145.92659942626952,152.63744508293354,155.34720181365154,154.366693057218,150.56114694875131,146.78462936545716,155.73205724193863,154.9338432208689,0.7982140210697253,2.691632486596543,-1.7181191668414812,1.7181191668414812,1.7181191668414812,1.7181191668414812,-1.7181191668414812,-1.7181191668414812,1.7181191668414812,1.7181191668414812,-1.7181191668414812,3.069992065429716,3.442999267578139,151.5200042724609,144.3264022827148,145.02400207519528,145.72160186767576,1.0,0.9691067155076583,0.9825567715473336,0.9028897951419196,0.0,0.0,0.0,0.0,0.0,0.0,0.0,-0.20762009487821093,1
2024-01-08,149.8300018310547,152.7899932861328,149.7200012207031,151.5599975585938,151.5599975585938,6515500.0,1.7181191668414812,2.3756222667460536,1.8356454665040556,2.198660328719034,2.0392471594339385,151.13799743652345,157.14199981689453,154.6876663208008,148.21449915568033,146.04139938354493,152.27829590815364,154.65861922182285,154.1856159282745,150.59389614907403,146.8791911118559,155.09020190603943,154.68392872736706,0.40627317867236457,2.2345606250117074,0.34969569004644735,-0.34969569004644735,-0.34969569004644735,-0.34969569004644735,0.34969569004644735,0.34969569004644735,-0.34969569004644735,-0.34969569004644735,0.34969569004644735,2.760009765625,3.4400001525879036,152.7899932861328,143.945405883789,144.63400573730462,145.32260559082025,0.0,0.9617925036758659,0.9846091777771844,0.834892703764535,0.0,0.0,0.0,0.0,0.0,0.0,0.0,1.7181191668414812,1
2024-01-09,149.8699951171875,151.6900024414062,148.9299926757812,151.0299987792969,151.0299987792969,5606700.0,-0.34969569004644735,1.3939839571128254,1.8042159761134744,2.1973636988189336,2.025446492509712,150.46999816894532,156.03999938964844,154.71066640218103,148.31499913533528,146.1691993713379,151.86219686520138,153.99887005045449,153.98202772511465,150.60819459596655,146.96138532309237,154.46555527115595,154.41326724973223,0.052288021423720465,1.7981061042941102,0.8077873472580162,-0.8077873472580162,-0.8077873472580162,-0.8077873472580162,0.8077873472580162,0.8077873472580162,-0.8077873472580162,-0.8077873472580162,0.8077873472580162,3.6599884033203125,3.2969993591308695,151.6900024414062,145.22199295043941,145.909992980957,146.59799301147459,0.0,0.9643040166464354,0.9861253969944516,0.8210820889974777,0.0,0.0,0.0,0.0,0.0,0.0,0.0,-0.34969569004644735,1
2024-01-10,151.7700042724609,151.8999938964844,148.2400054931641,149.8099975585938,149.8099975585938,5035700.0,-0.8077873472580162,1.1770429248140428,1.6525566895267307,1.8781543480300587,1.9967147633793605,150.14199829101568,154.59299926757814,154.67733306884764,148.4594991048177,146.29139938354493,151.17813042966554,153.23725687011617,153.71286448856492,150.5820242012986,147.0177934861716,153.74931562306946,154.0722843096479,-0.32296868657843447,1.3738911461196015,-1.4284756855505472,-1.4284756855505472,1.4284756855505472,1.4284756855505472,-1.4284756855505472,-1.4284756855505472,-1.4284756855505472,1.4284756855505472,-1.4284756855505472,3.9600067138671022,3.3180000305175854,151.8999938964844,144.43660385131827,145.09600372314446,145.75540359497063,1.0,0.9712082630025283,0.9865624947711251,0.8798833233594722,0.0,0.0,0.0,0.0,0.0,0.0,0.0,-0.8077873472580162,1
2024-01-11,150.25,152.4400024414062,148.4799957275391,151.9499969482422,151.9499969482422,5995600.0,1.4284756855505472,1.1375024487519483,1.7970425227271207,1.8819378276368537,2.0036129266933287,150.66999816894537,153.36699829101562,154.80699971516927,148.6419990539551,146.38429931640624,151.4354192691911,153.0032096115936,153.59913109886668,150.62687576677214,147.11546088146014,153.47249736540374,153.91507783843267,-0.4425804730289258,1.010596822289896,0.4606758554135564,0.4606758554135564,-0.4606758554135564,-0.4606758554135564,0.4606758554135564,0.4606758554135564,0.4606758554135564,-0.4606758554135564,0.4606758554135564,2.0299987792969034,3.2319999694824304,152.4400024414062,144.6003938293457,145.26399383544924,145.92759384155275,0.0,0.9824147296868088,0.9897532192534887,0.9548894210727802,0.0,0.0,0.0,0.0,0.0,0.0,0.0,1.4284756855505472,1
2024-01-12,152.1999969482422,152.3999938964844,150.3699951171875,151.25,151.25,4083200.0,-0.4606758554135564,1.1739125475200938,1.7993740288266311,1.8831881713878287,2.000068626555288,151.11999816894536,152.1799987792969,154.86999969482423,148.7841657002767,146.40909927368165,151.3736128461274,152.68444422766748,153.4475742537785,150.64730606950093,147.19733294321338,153.13057469380317,153.71766466521544,-0.5870899714122686,0.6910594635494631,-1.659500500387378,-1.659500500387378,1.659500500387378,1.659500500387378,-1.659500500387378,-1.659500500387378,-1.659500500387378,1.659500500387378,-1.659500500387378,4.400009155273494,3.1845008850097742,152.3999938964844,145.32960250854484,145.97600250244133,146.62240249633783,1.0,0.9930345602651184,0.9914147679668958,0.9554934850193807,0.0,0.0,0.0,0.0,0.0,0.0,0.0,-0.4606758554135564,1
2024-01-16,151.3000030517578,154.2400054931641,149.8399963378906,153.7599945068359,153.7599945068359,6528000.0,1.659500500387378,1.156443020396338,1.9535627774692073,1.7833365135948238,2.005399533448131,151.55999755859378,151.3489974975586,155.0026662190755,148.98933232625325,146.46819915771485,152.1690733996969,152.8799988238799,153.46773039913705,150.74936142810205,147.32728663754256,153.2274085111928,153.72080020903917,-0.49339169784636283,0.4541692312702979,-0.25364165165281033,0.25364165165281033,-0.25364165165281033,-0.25364165165281033,0.25364165165281033,0.25364165165281033,0.25364165165281033,-0.25364165165281033,0.25364165165281033,3.5500030517578125,3.22600097656251,154.2400054931641,145.3940919494629,146.03099212646487,146.6678923034668,0.0,1.001394129227969,0.9953497813340384,1.0954538095175563,0.0,0.0,0.0,0.0,0.0,0.0,0.0,1.659500500387378,1
2024-01-17,153.1100006103516,153.75,150.1999969482422,153.3699951171875,153.3699951171875,6630600.0,-0.25364165165281033,1.1438062356847805,1.2641234916501565,1.781240669332922,1.8903999524902126,152.0279968261719,151.2489974975586,155.06199951171874,149.30499903361002,146.5218991088867,152.56938063886045,152.96908905902674,153.4614248970758,150.83528384413762,147.4469442311989,153.24934491211508,153.6948146466798,-0.4454697345647105,0.27424143810329626,4.544566370610779,-4.544566370610779,4.544566370610779,4.544566370610779,-4.544566370610779,-4.544566370610779,-4.544566370610779,4.544566370610779,-4.544566370610779,3.9600067138671875,3.243000793457044,153.75,147.14280334472656,147.78800354003909,148.43320373535158,1.0,1.0051504429219495,0.9973869987549442,0.7096870812654268,0.0,0.0,0.0,0.0,0.0,0.0,0.0,-0.25364165165281033,1
2024-01-18,158.6600036621094,160.7400054931641,156.7799987792969,160.3399963378906,160.3399963378906,8133700.0,4.544566370610779,2.009462425378905,1.7656811896198124,2.068326165402049,1.9692339822031693,154.13399658203124,152.13799743652345,155.4643325805664,149.74199905395508,146.700099029541,155.1595858718705,154.30925401882016,153.90520369970903,151.14691376196558,147.70225219370764,154.34021436223438,154.1870503275102,0.1531640347241705,0.25002595742747113,4.739931568602392,-4.739931568602392,4.739931568602392,4.739931568602392,-4.739931568602392,4.739931568602392,4.739931568602392,4.739931568602392,-4.739931568602392,5.979995727539091,3.4065010070800894,160.7400054931641,146.6153982543945,147.26399841308591,147.91259857177732,1.0,1.0131196622746437,1.0055105693981685,0.8536763781048009,0.0,0.0,0.0,0.0,0.0,0.0,0.0,4.544566370610779,1
2024-01-19,162.5700073242188,168.2799987792969,162.3000030517578,167.9400024414062,167.9400024414062,9157600.0,4.739931568602392,2.511038560916051,2.0421692170070394,2.311117963840691,2.0499692216578316,157.33199768066407,154.00099792480472,156.19066619873047,150.3038324991862,146.93589904785156,159.4197247283824,156.7875719138358,154.81067458627015,151.69750683342264,148.10299972336503,156.43248945133772,155.20578752113212,1.2267019302055928,0.4453611519830955,0.2143626325581498,-0.2143626325581498,0.2143626325581498,0.2143626325581498,-0.2143626325581498,0.2143626325581498,0.2143626325581498,0.2143626325581498,0.2143626325581498,4.270004272460994,3.3615013122558737,168.2799987792969,153.2457032775879,153.9270034790039,154.60830368041994,1.0,1.0216297283832265,1.0167880194993588,0.8836282911380672,0.0,1.0,0.0,0.001776802,0.001776802,0.002935795,0.002935795,4.739931568602392,-1
2024-01-22,168.1799926757812,171.9100036621094,167.6399993896484,168.3000030517578,168.3000030517578,7176400.0,0.2143626325581498,2.3559329882450335,2.013990864237585,2.1570967906231306,2.050052952098923,160.74199829101562,155.9309982299805,156.97733306884766,150.86049931844076,147.1646990966797,162.37981750284087,158.8807412116398,155.68095384210807,152.2418509717287,148.50294038333323,158.25826077447928,156.17572941228957,2.0825313621897124,0.7727951940244189,-0.7427213174889745,0.7427213174889745,-0.7427213174889745,-0.7427213174889745,0.7427213174889745,-0.7427213174889745,-0.7427213174889745,-0.7427213174889745,-0.7427213174889745,3.2899932861328125,3.414000701904308,171.9100036621094,160.88469589233398,161.55699615478517,162.22929641723633,0.0,1.030853391023249,1.0220232878101951,0.9336580875704674,0.0,0.0,1.0,0.378191173,0.378191173,0.515200973,0.515200973,-0.2143626325581498,1
2024-01-23,167.7599945068359,168.0,164.7100067138672,167.0500030517578,167.0500030517578,5053600.0,-0.7427213174889745,2.7075571118869655,2.098114580274611,2.0885321117403786,1.989730343618232,163.4,157.47999877929686,157.59933319091797,151.47616602579754,147.33539916992189,163.93654601914653,160.3660615462067,156.41444088789194,152.72736415468046,148.8702089510248,159.6108365094452,156.98123116336131,2.6296053460838777,1.1441572244363107,4.244235982260876,-4.244235982260876,4.244235982260876,4.244235982260876,-4.244235982260876,4.244235982260876,4.244235982260876,4.244235982260876,4.244235982260876,5.290008544921875,3.5705009460449317,168.0,164.3992021179199,165.08200225830078,165.76480239868164,1.0,1.0375920832270251,1.022264589143826,1.0045881356002935,0.0,0.0,0.0,0.0,0.0,0.0,0.0,-0.7427213174889745,1
2024-01-24,171.3899993896484,175.9600067138672,170.6699981689453,174.1399993896484,174.1399993896484,9729000.0,4.244235982260876,2.642404628389759,2.2665972453803773,2.2769662464773632,2.049547467537066,167.55400085449216,159.79099884033204,158.4799997965495,152.1978327433268,147.56729919433593,167.33769714264716,162.8704138813779,157.5580253073601,153.4294177689417,149.37060084089856,161.84609233716876,158.25225103197516,3.5938413051935925,1.634094040587767,-0.8671152590607332,-0.8671152590607332,-0.8671152590607332,-0.8671152590607332,0.8671152590607332,-0.8671152590607332,-0.8671152590607332,-0.8671152590607332,-0.8671152590607332,5.97000122070321,3.7255012512207175,175.9600067138672,160.14489791870116,160.85899810791014,161.57309829711912,0.0,1.0485822234700288,1.0274284515818992,0.9954461331550138,0.0,0.0,2.0,0.021705905,0.012429272,0.97588855,0.9692950545,4.244235982260876,1
2024-01-25,177.1699981689453,178.3999938964844,172.4299926757812,172.6300048828125,172.6300048828125,7234400.0,-0.8671152590607332,2.752830878502262,2.2732507596739966,2.280815196910246,2.0570494896792315,170.01200256347653,162.0729995727539,159.06299997965496,152.88666610717775,147.7659992980957,169.10179972270228,164.64488497254783,158.53041108642157,154.0589452152981,149.8311830991543,163.50515580572932,159.3172698357409,4.187885969988429,2.1448524264678994,-3.3192439461597862,-3.3192439461597862,-3.3192439461597862,-3.3192439461597862,3.3192439461597862,-3.3192439461597862,-3.3192439461597862,-3.3192439461597862,-3.3192439461597862,2.950012207031307,3.8000015258789235,178.3999938964844,167.7639039611816,168.50900421142575,169.2541044616699,0.0,1.048984118339581,1.0270698646416958,0.9966834501775959,0.0,0.0,0.0,0.0,0.0,0.0,0.0,-0.8671152590607332,1
2024-01-26,169.0700073242188,169.5700073242188,166.6199951171875,166.8999938964844,166.8999938964844,6653700.0,-3.3192439461597862,2.7539119434130273,2.7285879756362696,2.4182001381824594,2.113093498350051,169.8040008544922,163.56799926757813,159.385666402181,153.48449935913087,147.89509918212892,168.36786444729634,165.05490477689992,159.07038417094174,154.47996320484518,150.16917935256674,164.02743858892242,159.87895309949968,4.14848548942274,2.5455790390588673,0.9466757871990364,0.9466757871990364,0.9466757871990364,0.9466757871990364,-0.9466757871990364,0.9466757871990364,0.9466757871990364,0.9466757871990364,0.9466757871990364,2.4299926757812216,3.8135017395019686,169.5700073242188,170.0399905395508,170.79999084472655,171.55999114990234,1.0,1.0381248264626182,1.0200718644191427,1.1283549002222375,0.0,0.0,0.0,0.0,0.0,0.0,0.0,-3.3192439461597862,1
2024-01-29,166.3099975585938,168.5099945068359,166.0800018310547,168.4799957275391,168.4799957275391,5370700.0,0.9466757871990364,2.7936055197942133,2.682157403807819,2.4179302432277057,2.1128247637519384,169.83999938964843,165.29099884033204,159.76866607666017,154.08666585286457,148.04379913330078,168.40524154071062,165.677648586107,159.6774558842706,154.93898066460562,150.5317697758335,164.71244737947885,160.51606736824334,4.1963800112355045,2.875739233494195,-1.3295289002722,-1.3295289002722,-1.3295289002722,-1.3295289002722,1.3295289002722,-1.3295289002722,-1.3295289002722,-1.3295289002722,-1.3295289002722,3.3499908447265057,3.838001251220713,168.5099945068359,161.18030349731447,161.94300384521486,162.70570419311525,0.0,1.0275211631681809,1.0164632524536705,1.1092782396515275,0.0,0.0,1.0,0.008936819,0.008936819,0.948968053,0.948968053,0.9466757871990364,1
2024-01-30,167.3300018310547,169.1699981689453,165.8200073242188,166.2400054931641,166.2400054931641,5255300.0,-1.3295289002722,2.8471709001508834,2.7797166164309104,2.435169268759964,2.1113828490026614,169.6779998779297,166.53899993896485,159.91866607666014,154.60249938964844,148.1743992614746,167.68349619152846,165.77989529648102,160.10084618161858,155.30950606882064,150.8428239484539,164.9474563200458,160.94006278490414,4.007393535141659,3.102070093823688,-1.1669889180111057,-1.1669889180111057,-1.1669889180111057,-1.1669889180111057,1.1669889180111057,-1.1669889180111057,-1.1669889180111057,-1.1669889180111057,-1.1669889180111057,5.6599884033203125,3.787000274658209,169.1699981689453,160.06639175415035,160.83399200439447,161.60159225463863,0.0,1.0188484375438502,1.0114827005508904,1.1414880485274834,0.0,1.0,0.0,0.002704161,0.002704161,0.093535587,0.093535587,-1.3295289002722,-1
2024-01-31,164.0,166.6199951171875,160.9600067138672,164.3000030517578,164.3000030517578,6049400.0,-1.1669889180111057,1.5177428635498575,2.833319848443532,2.172874460087069,2.103670165270793,167.71000061035156,167.6320007324219,159.99699961344402,155.03233286539714,148.3350993347168,166.55566514493825,165.51082397925862,160.3717595280792,155.60427646170382,151.10930274257873,164.84784812492458,161.18894724911553,3.658900875809053,3.2134362502207607,1.6250749356980725,1.6250749356980725,1.6250749356980725,1.6250749356980725,-1.6250749356980725,1.6250749356980725,1.6250749356980725,1.6250749356980725,1.6250749356980725,2.9100036621094034,3.810500335693368,166.6199951171875,160.83859756469724,161.5959976196289,162.35339767456054,1.0,1.0004653042234708,1.0063128268022554,1.3039500903011203,0.0,0.0,0.0,0.0,0.0,0.0,0.0,1.1669889180111057,1
2024-02-01,165.4600067138672,167.7400054931641,164.8300018310547,166.9700012207031,166.9700012207031,4082600.0,1.6250749356980725,1.9735268348002446,2.530399464582483,2.1250325756082464,2.1092340940461045,166.5779998779297,168.2950012207031,160.2173329671224,155.48599955240886,148.52949935913085,166.69377717019321,165.77612893224853,160.79745254050655,155.97692317511363,151.42337597976933,165.17433321658282,161.61717346923314,3.5571597473496865,3.282180949646546,-0.7246759574965291,0.7246759574965291,0.7246759574965291,0.7246759574965291,-0.7246759574965291,0.7246759574965291,0.7246759574965291,0.7246759574965291,0.7246759574965291,3.7199859619140057,3.8339996337890683,167.7400054931641,158.2368943786621,158.99899444580078,159.76109451293945,1.0,0.9897976687939666,1.0055354666794019,1.1907579646670634,0.0,0.0,0.0,0.0,0.0,0.0,0.0,1.6250749356980725,1
2024-02-02,165.9199981689453,169.1799926757812,165.4600067138672,168.1799926757812,168.1799926757812,4740800.0,0.7246759574965291,1.328886585638493,2.0429083698683033,2.0764155171247296,2.1098347307195047,166.83399963378906,168.31900024414062,160.4123326619466,155.94966608683268,148.74419921875,167.18918233872256,166.2131950674363,161.27374545245976,156.37702381447977,151.75519017176956,165.63674236415181,162.10330822527374,3.5334341388780786,3.332431587492853,-1.7302912289450108,1.7302912289450108,1.7302912289450108,1.7302912289450108,-1.7302912289450108,1.7302912289450108,1.7302912289450108,1.7302912289450108,1.7302912289450108,4.0,3.8604995727539135,169.1799926757812,159.30520629882812,160.07200622558597,160.83880615234378,1.0,0.9911774629828027,1.0058719000672016,0.9838629855247737,0.0,1.0,0.0,0.001079521,0.001079521,0.00245736,0.00245736,0.7246759574965291,-1
2024-02-05,168.6000061035156,172.2799987792969,168.2799987792969,171.0899963378906,171.0899963378906,5749100.0,1.7302912289450108,1.4822223107728019,2.11291127144068,2.081118808939041,2.115989188581779,167.3559997558594,168.5979995727539,160.8846659342448,156.43883260091147,149.01539916992186,168.48945367177856,167.0998862075189,161.90705196119723,156.85941635623095,152.13805762060363,166.4757045139578,162.76898882620833,3.7067156877494654,3.4072884075441756,1.3969252678738329,-1.3969252678738329,-1.3969252678738329,-1.3969252678738329,1.3969252678738329,-1.3969252678738329,-1.3969252678738329,-1.3969252678738329,-1.3969252678738329,5.2100067138671875,3.967500305175787,172.2799987792969,160.6868936157226,161.45899353027337,162.23109344482415,0.0,0.9926333656387271,1.008315789410736,1.015276620616315,0.0,0.0,0.0,0.0,0.0,0.0,0.0,-1.7302912289450108,1
2024-02-06,170.9900054931641,172.7100067138672,167.5,168.6999969482422,168.6999969482422,4550100.0,-1.3969252678738329,1.501121754050815,2.1545291085098404,2.118243632968471,2.119266695835059,167.84799804687498,168.76299896240235,161.12833251953126,156.84666595458984,149.25659912109376,168.5596347639331,167.39081543310493,162.34530647649046,157.24763211334607,152.46601681521034,166.81790335000153,163.2083227611738,3.6095805888277255,3.4477468438008856,-1.3040883153763088,1.3040883153763088,1.3040883153763088,1.3040883153763088,-1.3040883153763088,1.3040883153763088,1.3040883153763088,1.3040883153763088,1.3040883153763088,4.080001831054716,4.033499908447273,172.7100067138672,163.55149810791016,164.34499816894532,165.13849822998048,1.0,0.994578189999271,1.0069825774359482,1.0171299821118873,0.0,0.0,0.0,0.0,0.0,0.0,0.0,-1.3969252678738329,1
2024-02-07,170.4900054931641,172.9100036621094,168.8300018310547,170.8999938964844,170.8999938964844,5103400.0,1.3040883153763088,1.2876739739092462,1.6766717649120597,2.11321130823539,2.119007645243304,169.1679962158203,168.43899841308593,161.42333221435547,157.30883255004883,149.5198989868164,169.33975447478355,168.0288478809921,162.89722179390944,157.69525053246537,152.8310460643445,167.44591728022968,163.7780761786042,3.66784110162547,3.4917656953658027,1.74956442360968,1.74956442360968,1.74956442360968,1.74956442360968,-1.74956442360968,1.74956442360968,1.74956442360968,1.74956442360968,1.74956442360968,5.6199951171875,4.131500244140632,172.9100036621094,163.8363069152832,164.64300689697265,165.44970687866208,1.0,1.0043279632959259,1.0078016757855766,0.7934236194827782,0.0,0.0,0.0,0.0,0.0,0.0,0.0,1.3040883153763088,-1
2024-02-08,169.9900054931641,175.0,169.3800048828125,173.8899993896484,173.8899993896484,7327900.0,1.74956442360968,1.3087091540552944,1.7588112116337096,2.0982600520560646,2.0272839244203906,170.55199584960934,168.56499786376952,161.74366556803386,157.69566599527994,149.8762989807129,170.8565027797385,169.09451179165686,163.60643325169906,158.226225904832,153.24805504108318,168.43731452783254,164.52710752757045,3.9102070002620906,3.5754539563450605,6.8721588304022765,6.8721588304022765,6.8721588304022765,6.8721588304022765,-6.8721588304022765,6.8721588304022765,6.8721588304022765,6.8721588304022765,6.8721588304022765,7.5399932861328125,4.310499572753917,175.0,163.82070312500002,164.64700317382812,165.47330322265626,1.0,1.0117877258684846,1.010420154796346,0.8382236557905526,0.0,0.0,0.0,0.0,0.0,0.0,0.0,-1.74956442360968,1
2024-02-09,179.0399932861328,186.1499938964844,178.6100006103516,185.8399963378906,185.8399963378906,9539900.0,6.8721588304022765,2.9951357322177117,2.401270192155027,2.502484063224257,2.195905690687367,174.08399658203126,170.45899810791016,162.46466522216798,158.2973325093587,150.3319989013672,175.85100063245588,172.13914534551753,165.04085667661465,159.13159542722738,153.89344001725757,171.1146501909184,166.1058400320386,5.008810158879811,3.862125196852011,-0.16143083172059716,-0.16143083172059716,-0.16143083172059716,-0.16143083172059716,0.16143083172059716,-0.16143083172059716,-0.16143083172059716,-0.16143083172059716,-0.16143083172059716,3.5700073242187784,4.387500000000012,186.1499938964844,165.5169009399414,166.37900085449218,167.24110076904296,0.0,1.0212661021967657,1.0215631097708073,0.9595546391057437,0.0,0.0,0.0,0.0,0.0,0.0,0.0,6.8721588304022765,-1
2024-02-12,185.2700042724609,188.2100067138672,184.6399993896484,185.5399932861328,185.5399932861328,7085400.0,-0.16143083172059716,3.160806341212456,2.4347687781440133,2.493913503610266,2.171925331772057,176.9739959716797,172.16499786376954,163.21199849446614,158.8216657002767,150.81029876708985,179.0806648503482,174.5756631529021,166.36338161916422,159.99744453735542,154.52010443842343,173.33393374402831,167.54540693974928,5.78852680427903,4.247405518337414,-2.818796980052437,-2.818796980052437,-2.818796980052437,-2.818796980052437,2.818796980052437,-2.818796980052437,-2.818796980052437,-2.818796980052437,-2.818796980052437,5.25,4.429999542236336,188.2100067138672,176.49749389648437,177.37499389648437,178.2524938964844,0.0,1.0279324959636418,1.0258054394070977,0.9762843717792806,0.0,0.0,2.0,0.013595108,0.007908922,0.995028436,0.8745572865,0.16143083172059716,1
2024-02-13,178.6000061035156,182.1900024414062,176.9400024414062,180.3099975585938,180.3099975585938,9692500.0,-2.818796980052437,3.5465348785226514,2.630441528460779,2.633973006003692,2.2085198371177754,179.29599609375,173.57199707031248,163.81999816894532,159.23733240763346,151.24369873046874,179.4904424197634,175.61826940848243,167.2631632926758,160.66342988231403,155.03079539129808,174.40717433088454,168.4909321707748,5.916242160109732,4.581172846691878,3.2610531653418784,3.2610531653418784,3.2610531653418784,3.2610531653418784,-3.2610531653418784,3.2610531653418784,3.2610531653418784,3.2610531653418784,3.2610531653418784,4.339996337890682,4.46949920654298,182.1900024414062,178.46400772094725,179.35000762939453,180.23600753784177,1.0,1.0329776641396757,1.0220488051973364,0.9986592582631395,0.0,0.0,0.0,0.0,0.0,0.0,0.0,-2.818796980052437,1
2024-02-14,182.6399993896484,186.9799957275391,182.6399993896484,186.1900024414062,186.1900024414062,8437900.0,3.2610531653418784,3.6415179663135637,2.6265966479576135,2.6746643589053924,2.24019726570161,182.35399780273437,175.76099700927733,164.88066507975262,159.76033248901368,151.75369873046876,181.72362909364435,177.54040268719584,168.4842496893681,161.50036668753017,155.64780939229033,176.21991711711865,169.8019744130438,6.4179427040748465,4.948526818168472,0.7895167309887211,0.7895167309887211,0.7895167309887211,0.7895167309887211,-0.7895167309887211,0.7895167309887211,0.7895167309887211,0.7895167309887211,0.7895167309887211,3.0899963378905966,4.42599868774415,186.9799957275391,172.35710418701163,173.25100402832024,174.14490386962882,1.0,1.03751117088343,1.0235621094868126,0.9820285073199051,2.0,0.0,0.0,0.861706376,0.861706376,0.136176616,0.136176616,3.2610531653418784,-1
2024-02-15,189.0,189.4700012207031,186.3800048828125,187.6600036621094,187.6600036621094,8622900.0,0.7895167309887211,3.6687662632460163,2.628006634422947,2.541817547271958,2.1667299645741855,185.10799865722657,177.82999725341796,166.08766530354816,160.41149927775066,152.2685987854004,183.70242061646604,179.38033013718012,169.72139510696434,162.35805970309016,156.28171422931644,177.9799304317326,171.12479139445608,6.85513903727653,5.329849261990084,6.346586075716977,6.346586075716977,6.346586075716977,6.346586075716977,-6.346586075716977,6.346586075716977,6.346586075716977,6.346586075716977,6.346586075716977,9.470001220703097,4.600498962402351,189.4700012207031,177.24279861450196,178.12799835205078,179.01319808959963,1.0,1.040926736299934,1.0240945619621762,1.0339084476159561,0.0,0.0,0.0,0.0,0.0,0.0,0.0,-0.7895167309887211,1
2024-02-16,202.0200042724609,206.7700042724609,197.3000030517578,199.5700073242188,199.5700073242188,15552000.0,6.346586075716977,3.4823293530850172,3.0767526398116396,2.6931130088253696,2.2805048721254866,187.8540008544922,180.96899871826173,167.76299896240235,161.194832611084,152.89839889526368,188.99161618571696,183.05118053482352,171.64711202420656,163.5781235595206,157.13890815198775,181.30148072288435,173.23184442629037,8.069636296593984,5.877806668910864,-5.226240192308028,-5.226240192308028,-5.226240192308028,-5.226240192308028,5.226240192308028,-5.226240192308028,-5.226240192308028,-5.226240192308028,-5.226240192308028,9.740005493164091,4.873999023437506,206.7700042724609,179.34890350341792,180.2690032958984,181.18910308837886,0.0,1.0380452021340365,1.0324523208948295,1.1424521101524805,0.0,1.0,0.0,0.0,0.0,0.0,0.0,6.346586075716977,-1
2024-02-20,195.5899963378906,195.8600006103516,186.1199951171875,189.1399993896484,189.1399993896484,11216100.0,-5.226240192308028,4.628435740751467,3.7899118145285953,3.0208749021946515,2.372709036334926,188.57400207519532,182.7739990234375,169.1009989420573,161.8596659342448,153.4489988708496,189.0410772536941,184.15823850842804,172.77568540262217,164.416217849033,157.77259312699093,182.50740667161728,174.410226275428,8.097180396189287,6.321681414366549,0.6291648753549731,0.6291648753549731,0.6291648753549731,0.6291648753549731,-0.6291648753549731,0.6291648753549731,0.6291648753549731,0.6291648753549731,0.6291648753549731,4.479995727539091,4.933499145507819,195.8600006103516,196.0472064208984,197.0220062255859,197.9968060302734,1.0,1.031733195546124,1.0265143649549113,1.2545742333703531,0.0,1.0,0.0,0.00307674,0.00307674,0.009528178,0.009528178,5.226240192308028,-1
2024-02-21,187.9199981689453,190.3699951171875,185.8899993896484,190.3300018310547,190.3300018310547,6994400.0,0.6291648753549731,4.257881136760923,3.6962603235227594,3.003632562543669,2.3725892594011713,190.5780029296875,184.93699951171874,170.393332417806,162.54049936930338,154.00169891357422,189.470718779481,185.28037729436016,173.90822194639202,165.26585011073863,158.41729428944763,183.71088284999226,175.58946890917812,8.121413940814136,6.681627919656067,4.9387872674053,4.9387872674053,4.9387872674053,4.9387872674053,-4.9387872674053,4.9387872674053,4.9387872674053,4.9387872674053,4.9387872674053,4.8800048828125,4.912998962402351,190.3699951171875,185.0063024902344,185.99300231933594,186.97970214843753,1.0,1.0305022977168574,1.0226162184377654,1.230596701346362,0.0,0.0,2.0,0.007944618,0.004931848,0.994269967,0.7644106150000001,-0.6291648753549731,1
2024-02-22,198.2799987792969,201.5500030517578,196.6699981689453,199.7299957275391,199.7299957275391,10225900.0,4.9387872674053,4.5227205152784675,3.8739242591069343,3.050455876393094,2.4429233188395973,193.2860015869141,187.81999969482422,172.01666564941405,163.36366602579753,154.61679885864257,192.89047776216705,187.90758064584722,175.5741428354983,166.3958220981747,159.23536758525142,186.17536175423024,177.37765608090857,8.797705673321673,7.104843470389188,-1.2867331499548682,-1.2867331499548682,-1.2867331499548682,-1.2867331499548682,1.2867331499548682,-1.2867331499548682,-1.2867331499548682,-1.2867331499548682,-1.2867331499548682,4.729995727539006,4.8509986877441404,201.5500030517578,179.56139739990232,180.5439971923828,181.52659698486326,0.0,1.0291023421412586,1.0265178078457153,1.2699492849860599,0.0,0.0,0.0,0.0,0.0,0.0,0.0,4.9387872674053,1
2024-02-23,199.3200073242188,201.3399963378906,196.6100006103516,197.1600036621094,197.1600036621094,5108100.0,-1.2867331499548682,4.695756356915462,3.9817016215387104,3.0634456670057735,2.4537443166094794,195.18600158691407,190.14700012207032,173.59499918619792,164.13616612752278,155.20389892578126,194.31365306214784,189.5898393760767,176.96677901786032,167.40448378879552,159.98635047786246,187.86530666313473,178.84301516099754,9.022291502137193,7.4883330767387895,3.2410221500094503,3.2410221500094503,3.2410221500094503,3.2410221500094503,-3.2410221500094503,3.2410221500094503,3.2410221500094503,3.2410221500094503,3.2410221500094503,4.860000610351591,4.946498107910155,201.3399963378906,190.8778059387207,191.84800567626954,192.81820541381836,1.0,1.0265005572615336,1.0249159643872097,1.299746120658456,0.0,0.0,0.0,0.0,0.0,0.0,0.0,-1.2867331499548682,1
2024-02-26,199.8000030517578,203.9900054931641,199.1300048828125,203.5500030517578,203.5500030517578,6466600.0,3.2410221500094503,3.975130103652584,3.56425927798102,2.958671391004484,2.4603684494809137,195.98200073242188,191.91800079345703,175.31499938964845,165.06099955240884,155.84429901123048,197.39243639201783,192.12805095347326,178.6818257297247,168.58958278102378,160.84899706348415,190.27833687676906,180.67316241216497,9.60517446460409,7.91170135431185,-0.3389842451786998,-0.3389842451786998,-0.3389842451786998,-0.3389842451786998,0.3389842451786998,-0.3389842451786998,-0.3389842451786998,-0.3389842451786998,-0.3389842451786998,3.2200012207030966,4.985998535156249,203.9900054931641,190.45770050048824,191.44700012207028,192.4362997436523,0.0,1.0211757100541003,1.027400399954192,1.204682374939562,0.0,0.0,4.0,0.005399212,0.00382315625,0.994375348,0.8841934650000001,3.2410221500094503,1
2024-02-27,203.7299957275391,204.4400024414062,201.2200012207031,202.8600006103516,202.8600006103516,5167100.0,-0.3389842451786998,2.5856551044223637,3.570964831235849,2.9746971168060155,2.462729047173379,198.7260009765625,193.6500015258789,177.03533274332682,165.95266621907552,156.50569900512696,199.2149577981291,194.07931452745112,180.2417079800877,169.71320303772305,161.68089812381817,192.21397745116636,182.31663190832694,9.897345542839417,8.308830192017364,-2.6225018772613113,-2.6225018772613113,-2.6225018772613113,-2.6225018772613113,2.6225018772613113,-2.6225018772613113,-2.6225018772613113,-2.6225018772613113,-2.6225018772613113,2.6899871826171022,4.952998352050779,204.4400024414062,193.02080871582035,194.0180084228516,195.01520812988284,0.0,1.0262122355315615,1.026461569504109,1.2004465298537879,0.0,0.0,0.0,0.0,0.0,0.0,0.0,-0.3389842451786998,1
2024-02-28,198.4900054931641,199.1799926757812,196.4900054931641,197.5399932861328,197.5399932861328,6207900.0,-2.6225018772613113,3.1801129166180706,3.548392522248259,3.040718829019863,2.4962249881310137,200.16799926757812,195.3730010986328,178.49466603597006,166.7486661275228,157.0880989074707,198.65663629413035,194.70852884721143,181.35772638692933,170.62555681635942,162.3909792161412,193.03336450269964,183.44428830668295,9.589076196016691,8.56487939281723,2.0654054721693167,2.0654054721693167,2.0654054721693167,2.0654054721693167,-2.0654054721693167,2.0654054721693167,2.0654054721693167,2.0654054721693167,2.0654054721693167,4.740005493164091,4.9069992065429675,199.1799926757812,193.54340606689448,194.53400573730462,195.5246054077148,1.0,1.024542788112901,1.0202770133917298,1.16695844692488,0.0,0.0,0.0,0.0,0.0,0.0,0.0,-2.6225018772613113,1
2024-02-29,199.9100036621094,202.0,197.2599945068359,201.6199951171875,201.6199951171875,9449600.0,2.0654054721693167,2.408021593181819,3.4822631538310183,3.010282799704943,2.5028327043736835,200.5459991455078,196.91600036621097,180.10299936930338,167.58249944051107,157.7114988708496,199.64442256848275,195.96515907811616,182.66496953081696,171.64176790818982,163.16779141220152,194.35438459723622,184.7906369593129,9.563747637923314,8.764653041838447,4.280331857857891,4.280331857857891,4.280331857857891,4.280331857857891,-4.280331857857891,4.280331857857891,4.280331857857891,4.280331857857891,4.280331857857891,7.820007324218693,5.1524993896484315,202.0,188.38459442138665,189.36599426269527,190.34739410400385,1.0,1.0184342499976946,1.0187750899582102,1.156789373467615,0.0,0.0,0.0,0.0,0.0,0.0,0.0,2.0654054721693167,1
2024-03-01,203.7700042724609,211.3800048828125,203.5599975585938,210.25,210.25,7645100.0,4.280331857857891,2.7975409807925296,3.6462339696923074,3.0933970996980116,2.523961040710405,203.16399841308595,199.175,181.76666615804035,168.6154993693034,158.41109893798827,203.17961504565517,198.56240288209503,184.44464891592554,172.90761158333115,164.10011237433613,196.7998638899691,186.6765157030675,10.12334818690158,9.036392070851074,-0.3614718225141066,-0.3614718225141066,-0.3614718225141066,-0.3614718225141066,0.3614718225141066,-0.3614718225141066,-0.3614718225141066,-0.3614718225141066,-0.3614718225141066,4.3300018310546875,5.183000183105466,211.3800048828125,190.66450134277346,191.69500122070315,192.72550109863283,0.0,1.0200276059399318,1.0232532045167775,1.1787151316745805,0.0,0.0,2.0,0.056344952,0.0320099275,0.987586975,0.9651892485,4.280331857857891,1
2024-03-04,212.0,213.3699951171875,209.0399932861328,209.4900054931641,209.4900054931641,7089800.0,-0.3614718225141066,2.640207843564864,3.182281639223321,3.1117357115991546,2.513036960791411,204.35199890136718,200.16699981689453,183.15166625976562,169.67116622924806,159.10449905395507,205.28307852815814,200.54923972047123,186.06047837252157,174.10703433447318,164.9989221390654,198.7521933673837,188.36640383566726,10.385789531716455,9.30627156302415,-1.0024373709724341,-1.0024373709724341,-1.0024373709724341,-1.0024373709724341,1.0024373709724341,-1.0024373709724341,-1.0024373709724341,-1.0024373709724341,-1.0024373709724341,5.979995727539006,5.281999969482416,213.3699951171875,199.97740447998046,201.01400451660157,202.05060455322266,0.0,1.020907537647569,1.0236043717457368,1.0226709252206745,0.0,0.0,2.0,0.001855125,0.0014923705,0.996514142,0.9945983295,-0.3614718225141066,1
2024-03-05,207.75,210.7599945068359,204.7799987792969,207.3899993896484,207.3899993896484,6100200.0,-1.0024373709724341,2.7150927772245654,2.550738348709981,3.1447244425620875,2.5131502668309196,205.25799865722655,201.99199981689452,184.4546661376953,170.71599960327148,159.76439910888672,205.98538548198826,201.79301420577616,187.4365765026588,175.19827909038057,165.83834941135416,200.08108660157828,189.7755590618881,10.305527539690189,9.506122758357359,2.3048357169412723,2.3048357169412723,2.3048357169412723,2.3048357169412723,-2.3048357169412723,2.3048357169412723,2.3048357169412723,2.3048357169412723,2.3048357169412723,4.379989624023409,5.240499114990227,210.7599945068359,201.74959518432618,202.80599517822267,203.86239517211914,1.0,1.0161689514599224,1.0207756016367195,0.8111166479921621,0.0,0.0,0.0,0.0,0.0,0.0,0.0,-1.0024373709724341,-1
2024-03-06,209.9499969482422,213.5099945068359,209.1300048828125,212.1699981689453,212.1699981689453,5642400.0,2.3048357169412723,2.1456850187302696,2.581859394723539,3.104086389439847,2.5101758899630786,208.18399963378906,204.1759994506836,185.9586659749349,171.77899958292645,160.46429916381837,208.04692304430728,203.67973856271598,189.0322811262902,176.4104666011532,166.75580780259358,201.94091915040397,191.43440640315157,10.506512747252401,9.706200756136369,0.20738202630134173,0.20738202630134173,0.20738202630134173,0.20738202630134173,-0.20738202630134173,0.20738202630134173,0.20738202630134173,0.20738202630134173,0.20738202630134173,2.75,5.173999023437491,213.5099945068359,199.2308964538574,200.27899627685545,201.3270960998535,1.0,1.0196301239807255,1.0214414281577968,0.8317614495224962,0.0,0.0,0.0,0.0,0.0,0.0,0.0,-2.3048357169412723,-1
2024-03-07,213.2299957275391,214.2599945068359,211.5099945068359,212.6100006103516,212.6100006103516,6363100.0,0.20738202630134173,2.1747431472746497,2.211645205537741,3.111794664858215,2.5068106149584612,210.3820007324219,205.46399993896483,187.24099934895833,172.8604995727539,161.14039916992186,209.5679488996554,205.30342257137698,190.5534243188103,177.59733656866788,167.663811620569,203.58231629808822,193.00296893701824,10.579347361069978,9.880830077123091,-3.315932002972081,-3.315932002972081,-3.315932002972081,-3.315932002972081,3.315932002972081,-3.315932002972081,-3.315932002972081,-3.315932002972081,-3.315932002972081,8.210006713867188,5.303499603271476,214.2599945068359,202.12719665527342,203.16199645996093,204.1967962646484,0.0,1.0239360705277714,1.0207718228701024,0.7107298018452358,0.0,0.0,0.0,0.0,0.0,0.0,0.0,-0.20738202630134173,-1
2024-03-08,212.4799957275391,213.6000061035156,205.3899993896484,205.5599975585938,205.5599975585938,6932700.0,-3.315932002972081,2.0338697296940413,2.4851324556444627,3.262360297401788,2.4907639669268566,209.44400024414062,206.3039993286133,188.3386657714844,173.70083287556966,161.78459915161133,208.23196511930155,205.35007256905277,191.5215903342802,178.5141451257146,168.41423114409423,203.88657495355062,193.9331192052831,9.953455748267515,9.895355211351976,-2.0383355181797804,-2.0383355181797804,-2.0383355181797804,-2.0383355181797804,2.0383355181797804,-2.0383355181797804,-2.0383355181797804,-2.0383355181797804,-2.0383355181797804,5.6699981689453125,5.209999847412101,213.6000061035156,202.59229537963867,203.65299530029296,204.71369522094724,0.0,1.015220261971392,1.0140340469043647,0.7617590422565143,2.0,0.0,2.0,0.862226248,0.43054011525,0.983818829,0.4925559945,3.315932002972081,1
2024-03-11,203.2799987792969,203.2799987792969,197.6100006103516,201.3699951171875,201.3699951171875,6566600.0,-2.0383355181797804,2.1537383844763713,2.3840460684584746,3.0003289944063094,2.5095708984385285,207.81999816894532,206.08599853515625,189.48766581217447,174.43666610717773,162.3882991027832,205.94464178526354,204.6264221232591,192.15697128801617,179.26351725658256,169.06682052970004,203.49940882487937,194.48399890246122,9.015409922418144,9.719366153565211,1.772859617015496,1.772859617015496,1.772859617015496,1.772859617015496,-1.772859617015496,1.772859617015496,1.772859617015496,1.772859617015496,-1.772859617015496,5.6699981689453125,5.3149993896484276,203.2799987792969,202.13800643920897,203.18000640869138,204.2220063781738,1.0,1.008413961385607,1.006442079416364,0.7945948837288153,0.0,0.0,1.0,0.001047263,0.001047263,0.996596634,0.996596634,-2.0383355181797804,1
2024-03-12,203.8800048828125,205.0099945068359,199.3399963378906,204.9400024414062,204.9400024414062,7211300.0,1.772859617015496,2.4197050141258254,2.4513551141637357,3.010923833548122,2.5141454820630433,207.3299987792969,206.29399871826172,190.7029993693034,175.23583272298177,163.01049911499024,205.60976200397778,204.68343672655854,192.98168297533167,180.10536922985546,169.7771805675556,203.72103861203735,195.2585176831238,8.462520928913534,9.467997108634876,-2.1372132480893575,-2.1372132480893575,-2.1372132480893575,-2.1372132480893575,2.1372132480893575,-2.1372132480893575,-2.1372132480893575,-2.1372132480893575,2.1372132480893575,3.940002441406307,5.249499511718743,205.0099945068359,191.58700012207035,192.65000000000003,193.71299987792975,0.0,1.0050219592788545,1.00452564844637,0.8141538111493902,0.0,0.0,0.0,0.0,0.0,0.0,0.0,1.772859617015496,1
2024-03-13,202.9700012207031,203.8800048828125,199.9400024414062,200.5599975585938,200.5599975585938,5050300.0,-2.1372132480893575,2.051169446112971,2.3949872013602205,2.974528456729636,2.5137545553049097,205.00799865722655,206.59599914550782,191.8469991048177,175.88283259073893,163.60159912109376,203.92650718884983,203.9337205142013,193.47060649683246,180.77601278161734,170.38674130005143,203.23472460381527,195.65121989612157,7.583504707693692,9.09109862844664,-0.09473596116827024,0.09473596116827024,0.09473596116827024,0.09473596116827024,-0.09473596116827024,-0.09473596116827024,0.09473596116827024,0.09473596116827024,-0.09473596116827024,3.349990844726591,5.199999237060538,203.8800048828125,193.46109558105468,194.51099548339843,195.56089538574219,1.0,0.9923134983501649,0.9999646290700073,0.8051653350102437,0.0,0.0,0.0,0.0,0.0,0.0,0.0,-2.1372132480893575,1
2024-03-14,201.9299926757812,202.3999938964844,199.0500030517578,200.75,200.75,4934900.0,0.09473596116827024,2.0337334139680205,2.3016455377683585,2.907570080028004,2.513820198249725,202.63599853515626,206.50899963378907,193.06199900309244,176.52949930826824,164.26479919433595,202.86767145923324,203.35486223889197,193.9402447873594,181.43089760844956,170.98799394757515,202.85245928015138,196.0289073112237,6.8235519689276884,8.63758929654285,1.0460802508172338,-1.0460802508172338,-1.0460802508172338,-1.0460802508172338,1.0460802508172338,1.0460802508172338,-1.0460802508172338,-1.0460802508172338,1.0460802508172338,4.279998779296903,5.259499359130854,202.3999938964844,192.44000656127932,193.48000640869142,194.52000625610353,0.0,0.9812453640979281,0.9976042334356068,0.7916044925548933,0.0,0.0,0.0,0.0,0.0,0.0,0.0,0.09473596116827024,1
2024-03-15,199.4400024414062,201.2799987792969,197.0,198.6499938964844,198.6499938964844,9935600.0,-1.0460802508172338,1.636984583445976,1.745028980359025,2.9241176698506006,2.5144282625730523,201.25399780273438,205.3489990234375,194.11799875895179,177.16766586303712,164.9100991821289,201.46177893831697,202.4994316311815,194.2440995685933,181.99545814248347,171.5357563228011,202.2059261442026,196.22306187309485,5.982864271107758,8.106644291455831,-1.0470686609427067,1.0470686609427067,1.0470686609427067,1.0470686609427067,-1.0470686609427067,-1.0470686609427067,1.0470686609427067,1.0470686609427067,-1.0470686609427067,3.5399932861328125,4.96299896240234,201.2799987792969,190.82909530639654,191.8809951782227,192.93289505004887,1.0,0.9800583336652362,0.994875774788571,0.5967711212005303,0.0,0.0,1.0,0.020014716,0.020014716,0.975146472,0.975146472,-1.0460802508172338,-1
2024-03-18,201.6799926757812,203.1699981689453,199.6300048828125,200.7299957275391,200.7299957275391,5062300.0,1.0470686609427067,1.5728867511543596,1.8174745300737203,2.5682187632158278,2.5135097345413935,201.1259979248047,204.472998046875,195.20299886067707,177.80766576131185,165.5750991821289,201.217851201391,202.1777160123374,194.66254448207368,182.60970527641973,172.11386007338996,201.9788599262544,196.5569088252759,5.421951100978475,7.56970565336036,-0.30389110911928185,0.30389110911928185,0.30389110911928185,0.30389110911928185,-0.30389110911928185,-0.30389110911928185,0.30389110911928185,0.30389110911928185,-0.30389110911928185,4.25,4.688498687744135,203.1699981689453,190.36140106201177,191.35400085449223,192.3466006469727,1.0,0.9836310899040908,0.99525237088499,0.707679017109098,0.0,1.0,1.0,0.006874027,0.0040523975,0.997526348,0.686216116,-1.0470686609427067,1
2024-03-19,199.1799926757812,201.5500030517578,197.3000030517578,201.3399963378906,201.3399963378906,4624500.0,0.30389110911928185,1.2505791306211225,1.8172127296189822,2.2466595362515704,2.465726867402655,200.4059967041016,203.8679977416992,196.21133219401042,178.5479990641276,166.23949920654297,201.25856624689087,202.02540334425618,195.09334782761027,183.2238131800745,172.69259544496424,201.8805732203523,196.9112116039881,4.969361616364182,7.049636845961126,-1.8476215795992519,1.8476215795992519,1.8476215795992519,1.8476215795992519,-1.8476215795992519,-1.8476215795992519,1.8476215795992519,1.8476215795992519,-1.8476215795992519,7.1199951171875,4.820498657226556,201.5500030517578,192.85530105590823,193.79300079345705,194.73070053100588,1.0,0.9830184184082488,0.9962042540954189,0.8088509630840207,0.0,0.0,0.0,0.0,0.0,0.0,0.0,0.30389110911928185,1
2024-03-20,201.0,205.9199981689453,198.8000030517578,205.0599975585938,205.0599975585938,4278000.0,1.8476215795992519,1.083472657827683,1.7494199565851318,2.2713895596649922,2.452546105426603,201.30599670410157,203.15699768066406,197.42333221435547,179.27583236694335,166.9889991760254,202.52571001745855,202.57714774686298,195.73635748767373,183.93975365150138,173.33353410067966,202.36971542623562,197.51482537840334,4.854890047832271,6.610687486335355,-2.799183439726638,2.799183439726638,2.799183439726638,2.799183439726638,-2.799183439726638,-2.799183439726638,2.799183439726638,2.799183439726638,-2.799183439726638,4.5500030517578125,4.803998565673821,205.9199981689453,190.9449060058594,191.9090057373047,192.87310546875,1.0,0.9908888150657157,0.9997460832577784,0.7701981146920276,0.0,0.0,0.0,0.0,0.0,0.0,0.0,1.8476215795992519,1
2024-03-21,213.3699951171875,214.9100036621094,210.3600006103516,210.8000030517578,210.8000030517578,6145200.0,2.799183439726638,1.4686970377529125,2.0098877210707675,2.0893439907384255,2.4715501646110978,203.3159973144531,202.9759979248047,198.75333251953126,180.08833236694335,167.78859924316407,205.28380769555832,204.07221234775292,196.7082055885824,184.82041756626387,174.07544437693863,203.666682753239,198.49891261346664,5.167770139772358,6.322104017022756,-0.26091225986499156,-0.26091225986499156,-0.26091225986499156,-0.26091225986499156,0.26091225986499156,-0.26091225986499156,-0.26091225986499156,-0.26091225986499156,0.26091225986499156,3.2900085449219034,4.731999206542966,214.9100036621094,195.35120132446292,196.31200103759767,197.27280075073244,0.0,1.001675071895813,1.0059370912573866,0.9619707094571938,0.0,0.0,0.0,0.0,0.0,0.0,0.0,2.799183439726638,1
2024-03-22,208.5099945068359,211.7200012207031,208.4299926757812,210.25,210.25,3829200.0,-0.26091225986499156,1.2169239741886113,1.6635607964267074,2.060979669386108,2.4704027378270546,205.63599853515626,203.44499816894532,199.9653325398763,180.85449905395507,168.5780992126465,206.93920513037222,205.19544646634327,197.58186974415773,185.65417436737,174.79177221105866,204.67950079120223,199.36936353098764,5.310137260214589,6.119710665661122,-0.8513642264603151,-0.8513642264603151,-0.8513642264603151,-0.8513642264603151,0.8513642264603151,-0.8513642264603151,-0.8513642264603151,-0.8513642264603151,0.8513642264603151,3.9599914550782103,4.686998748779297,211.7200012207031,204.49960540771488,205.44600524902347,206.39240509033206,0.0,1.0107694973380053,1.0084980378173984,0.8071699207601706,0.0,0.0,0.0,0.0,0.0,0.0,0.0,-0.26091225986499156,1
2024-03-25,207.6300048828125,211.3099975585938,207.3500061035156,208.4600067138672,208.4600067138672,3137600.0,-0.8513642264603151,1.5155598322471753,1.5191504356994256,1.9586207032359304,2.4752920515207566,207.18200073242187,204.15399932861328,200.71933288574218,181.59199905395508,169.35239929199219,207.44613899153723,205.78900287498396,198.2836850325261,186.40190657545187,175.45846992398555,205.26111708699685,200.04274450749725,5.218372579499601,5.939443048428818,-0.8586819952370268,-0.8586819952370268,-0.8586819952370268,-0.8586819952370268,0.8586819952370268,-0.8586819952370268,-0.8586819952370268,-0.8586819952370268,0.8586819952370268,4.639999389648381,4.757998657226561,211.3099975585938,201.40860397338864,202.3460037231445,203.28340347290037,0.0,1.0148319475188659,1.0080525980173973,0.7756225762290601,0.0,0.0,0.0,0.0,0.0,0.0,0.0,-0.8513642264603151,1
2024-03-26,209.7899932861328,211.2100067138672,206.5700073242188,206.6699981689453,206.6699981689453,3607400.0,-0.8586819952370268,1.6842901705389806,1.4738828245977893,1.968695046311006,2.4768767858807355,208.2480010986328,204.3269989013672,201.42366638183594,182.31783243815104,170.09559921264648,207.18742538400662,205.94918383752238,198.82473749294027,187.06643416868116,176.07651998824218,205.47786802268124,200.53365218612305,4.944215836558186,5.740397606054692,0.6435388991330317,0.6435388991330317,0.6435388991330317,0.6435388991330317,-0.6435388991330317,0.6435388991330317,0.6435388991330317,0.6435388991330317,-0.6435388991330317,4.5900115966796875,4.85299987792969,211.2100067138672,200.84240051269538,201.79400024414068,202.745599975586,1.0,1.0191898389265648,1.0060123644260766,0.7486597923632666,0.0,0.0,0.0,0.0,0.0,0.0,0.0,-0.8586819952370268,1
2024-03-27,208.0399932861328,208.4900054931641,203.8999938964844,208.0,208.0,3123900.0,0.6435388991330317,1.5286091305494292,1.2517708064023167,1.8625805392439,2.473034647113491,208.83600158691405,205.0709991455078,202.34666646321614,183.08333231608074,170.82269927978516,207.45828358933778,206.3220595034274,199.41668991275057,187.75278058938014,176.70866810728688,205.86588832688412,201.086714987151,4.77917333973312,5.548152752790378,-0.8509635925292832,-0.8509635925292832,-0.8509635925292832,-0.8509635925292832,0.8509635925292832,-0.8509635925292832,-0.8509635925292832,-0.8509635925292832,0.8509635925292832,4.939987182617216,4.862998962402346,208.4900054931641,200.53340698242187,201.5040069580078,202.47460693359375,0.0,1.0183595069858453,1.0055070412182052,0.672062646434856,0.0,0.0,0.0,0.0,0.0,0.0,0.0,0.6435388991330317,1
2024-03-28,207.5599975585938,207.6499938964844,202.7100067138672,206.2299957275391,206.2299957275391,5750100.0,-0.8509635925292832,0.6556374229533497,1.309432117636223,1.8288661310595304,2.3837500280539667,207.9220001220703,205.6189987182617,203.01466623942056,183.9476656595866,171.4998992919922,207.04885430207156,206.30532063508406,199.85625802983373,188.35859092177878,177.29324885224236,205.9219048500618,201.46769874569827,4.4542061043635215,5.329363423105006,1.1928462225820642,1.1928462225820642,1.1928462225820642,1.1928462225820642,-1.1928462225820642,1.1928462225820642,1.1928462225820642,1.1928462225820642,-1.1928462225820642,5.809997558593722,4.762498474121098,207.6499938964844,197.79140777587892,198.7640075683594,199.73660736083986,1.0,1.0112003337150968,1.0036040450372226,0.7159802980645827,1.0,0.0,2.0,0.986070693,0.3300870906666667,0.996941268,0.6663789059999999,-0.8509635925292832,1
2024-04-01,206.9299926757812,211.7700042724609,205.9600067138672,208.6900024414062,208.6900024414062,3189700.0,1.1928462225820642,0.9897352028796798,1.247975592362113,1.5723140734724277,2.3642268982936407,207.61000061035156,206.6229995727539,203.71566619873047,184.90166575113932,172.18929931640625,207.5959036818498,206.73889914532444,200.42617702412875,189.02519457816,177.91496674509708,206.34776601796094,202.0026842046396,4.345081813321343,5.132507101148273,-1.2362843456188028,-1.2362843456188028,-1.2362843456188028,-1.2362843456188028,1.2362843456188028,-1.2362843456188028,-1.2362843456188028,-1.2362843456188028,1.2362843456188028,3.180007934570284,4.7049987792968775,211.7700042724609,197.172497253418,198.1249969482422,199.07749664306644,0.0,1.0047768207781251,1.0041453472958803,0.793719024346059,0.0,0.0,0.0,0.0,0.0,0.0,0.0,1.1928462225820642,1
2024-04-02,206.5800018310547,206.5800018310547,203.3999938964844,206.1100006103516,206.1100006103516,4311400.0,-1.2362843456188028,1.0701260761683153,1.34232803242322,1.5941697415511342,2.361832426195871,207.13999938964844,207.16100006103517,203.93366597493488,185.84833246866862,172.84679931640625,207.10060265801707,206.62455395714755,200.7928753200141,189.58535215298596,178.47328424737935,206.31118672448258,202.30692986432197,4.004256860160609,4.906857052950741,-0.6161778995197018,0.6161778995197018,0.6161778995197018,0.6161778995197018,-0.6161778995197018,0.6161778995197018,0.6161778995197018,0.6161778995197018,-0.6161778995197018,5.649993896484403,4.688498687744148,206.5800018310547,201.41900695800777,202.36000671386716,203.30100646972653,1.0,0.9998986263274432,1.0023039309305333,0.8420232785983812,0.0,0.0,0.0,0.0,0.0,0.0,0.0,-1.2362843456188028,1
2024-04-03,203.6000061035156,209.1499938964844,203.5,207.3800048828125,207.3800048828125,3375600.0,0.6161778995197018,1.0538674758156847,1.3467547702586768,1.5853609972389364,2.359653276905796,207.28200073242186,207.76500091552734,204.54166615804036,186.82133255004882,173.50319931030273,207.19373673294888,206.7619086709048,201.21785142083982,190.16878339002943,179.0456945569919,206.47562028730258,202.682713199025,3.7929070882775875,4.684067060016111,1.9240068469565261,-1.9240068469565261,-1.9240068469565261,-1.9240068469565261,1.9240068469565261,-1.9240068469565261,-1.9240068469565261,-1.9240068469565261,1.9240068469565261,11.3699951171875,5.0379989624023525,209.1499938964844,196.26530471801755,197.2030044555664,198.14070419311523,0.0,0.9976752572330416,1.002088528127932,0.8494940727091079,0.0,0.0,1.0,0.010593933,0.010593933,0.986831427,0.986831427,0.6161778995197018,1
2024-04-04,211.6100006103516,213.0399932861328,201.6699981689453,203.3899993896484,203.3899993896484,6242800.0,-1.9240068469565261,1.3025872045796847,1.3937694999793733,1.5449154716763667,2.3766536508821186,206.36000061035156,207.5980010986328,204.97699940999348,187.68516591389974,174.09479934692382,205.92582428518207,206.1488342561309,201.35798999947264,190.60226588182022,179.52775999922272,206.00090937997118,202.7351047687008,3.2658046112703687,4.400414570266962,-2.192834813536157,2.192834813536157,2.192834813536157,2.192834813536157,-2.192834813536157,-2.192834813536157,2.192834813536157,2.192834813536157,-2.192834813536157,4.6300048828125,5.131999206542977,213.0399932861328,198.06639617919922,199.0739959716797,200.08159576416017,1.0,0.9940365490913708,0.9989182089156432,0.9021655394951887,0.0,0.0,0.0,0.0,0.0,0.0,0.0,-1.9240068469565261,1
2024-04-05,204.8999938964844,209.5299987792969,204.8999938964844,207.8500061035156,207.8500061035156,3330100.0,2.192834813536157,1.7102365268557136,1.2618807826855256,1.6336915171258326,2.383561009698757,206.6840026855469,207.3030014038086,205.24766642252604,188.63216603597004,174.74159942626954,206.5672182246266,206.45813822838267,201.77682974812058,191.16776556122005,180.08859655574335,206.285385798978,203.11398634905746,3.171399449920557,4.154611546197681,-0.5725220821136595,0.5725220821136595,0.5725220821136595,0.5725220821136595,-0.5725220821136595,0.5725220821136595,0.5725220821136595,0.5725220821136595,-0.5725220821136595,4.8699951171875,4.964998626708993,209.5299987792969,201.74959503173827,202.77599487304687,203.80239471435544,1.0,0.9970140388027671,1.000528339532556,0.7724106843044415,1.0,1.0,1.0,0.970315874,0.3278776216666666,0.951349735,0.3815691406666666,2.192834813536157,1
2024-04-08,212.8600006103516,213.0,208.1300048828125,209.0399932861328,209.0399932861328,4435500.0,0.5725220821136595,1.6383217664610605,1.2799376118600514,1.4521776913359723,2.3767750232277005,206.75400085449218,207.18200073242187,205.64366607666017,189.61933263142905,175.32519943237304,207.391476578462,206.92756642070086,202.24542094412138,191.7537402407254,180.66189154050355,206.70917156623258,203.55294982587785,3.156221740354738,3.9549335850290928,-0.655381946028542,0.655381946028542,0.655381946028542,0.655381946028542,-0.655381946028542,0.655381946028542,0.655381946028542,0.655381946028542,-0.655381946028542,4.470001220703097,4.904998779296882,213.0,198.60700180053712,199.60000152587892,200.59300125122073,1.0,0.9979341840680337,1.0022418963591249,0.8813918706343273,0.0,0.0,1.0,0.372945905,0.372945905,0.61651659,0.61651659,0.5725220821136595,1
