Date_AVGO_L01d,Open_AVGO_L01d,High_AVGO_L01d,Low_AVGO_L01d,Close_AVGO_L01d,Adj Close_AVGO_L01d,Volume_AVGO_L01d,Daily_Return_AVGO_L01d,Vol5_AVGO_L01d,Vol10_AVGO_L01d,Vol20_AVGO_L01d,Vol60_AVGO_L01d,SMA5_AVGO_L01d,SMA10_AVGO_L01d,SMA30_AVGO_L01d,SMA60_AVGO_L01d,SMA100_AVGO_L01d,EMA5_AVGO_L01d,EMA10_AVGO_L01d,EMA30_AVGO_L01d,EMA60_AVGO_L01d,EMA100_AVGO_L01d,Short12_AVGO_L01d,Long26_AVGO_L01d,MACD_AVGO_L01d,SIGNAL9_AVGO_L01d,Ret5/10_AVGO_L01d,Ret10/30_AVGO_L01d,Ret30/60_AVGO_L01d,Ret30/100_AVGO_L01d,Emaret5/10_AVGO_L01d,Emaret10/30_AVGO_L01d,Emaret30/60_AVGO_L01d,Emaret30/100_AVGO_L01d,RetMACD_AVGO_L01d,DayRange_AVGO_L01d,average20r_AVGO_L01d,PRVHI_AVGO_L01d,HitLevel_AVGO_L01d,hitlevel_2_AVGO_L01d,hitlevel_1.8_AVGO_L01d,positive_return_dummy,sma_ratio_L01d,ema_ratio_L01d,volatility_ratio_L01d,negative_L01d,neutral_L01d,positive_L01d,negative_max_L01d,negative_avg_L01d,positive_max_L01d,positive_avg_L01d,ret_best,best
2024-01-02,1092.119995117188,1102.0,1077.089965820312,1085.380004882812,1085.380004882812,2883100.0,-2.7655090810470733,1.3188335542133,1.4694926170777116,2.6016369484173185,2.163498454917095,1116.42001953125,1122.8330078125,1028.7239990234375,957.3533335367839,913.7196026611329,1109.280665771496,1105.2189594627168,1043.5675213128022,984.418152040985,935.6062723512287,1099.6437880874896,1054.7344070108786,44.909381076611,48.840937125923105,2.4691857881625228,-2.4691857881625228,-2.4691857881625228,-2.4691857881625228,2.4691857881625228,-2.4691857881625228,-2.4691857881625228,-2.4691857881625228,2.4691857881625228,19.68994140625,28.529483032226427,1102.0,1062.1827392578123,1067.8370361328123,1073.4913330078123,0.0,0.9942885645179387,1.0036750240972645,0.5648338512303431,1.0,0.0,2.0,0.433694899,0.1473168393333333,0.970941663,0.7305796943333333,,-1
2024-01-03,1070.199951171875,1075.0,1055.31005859375,1058.579956054688,1058.579956054688,3473500.0,-2.4691857881625228,1.1875223166632056,1.4330344748621775,2.6857319007167426,2.178402226287089,1101.7580078125,1113.9910034179688,1031.4189982096354,960.9086659749349,915.8764019775391,1092.3804291992267,1096.739140661257,1044.536065489698,986.8496865988112,938.0413948008021,1093.3262754670586,1055.0192624956053,38.30701297145333,46.73415229502915,0.9040362264868498,-0.9040362264868498,-0.9040362264868498,-0.9040362264868498,0.9040362264868498,0.9040362264868498,-0.9040362264868498,-0.9040362264868498,0.9040362264868498,22.130004882812045,29.064981079101404,1075.0,1039.235137329102,1044.9410339355472,1050.6469305419923,0.0,0.9890187662486184,0.9960257537089429,0.5335731665844021,1.0,0.0,0.0,0.986356735,0.986356735,0.011606405,0.011606405,2.4691857881625228,-1
2024-01-04,1057.9599609375,1069.5,1047.369995117188,1049.010009765625,1049.010009765625,2565800.0,-0.9040362264868498,1.1307946402585933,1.432494674600873,2.676386889143543,2.181837424390913,1086.3260009765625,1104.9340087890625,1033.195664469401,964.1274993896484,918.0689019775391,1077.9236227213596,1088.061116862051,1044.824707055887,988.8877299813296,940.2387931169371,1086.5083884360688,1054.5741326637549,31.934255772313918,43.7741729904861,-0.025740415128195877,0.025740415128195877,0.025740415128195877,0.025740415128195877,-0.025740415128195877,-0.025740415128195877,0.025740415128195877,0.025740415128195877,-0.025740415128195877,13.949951171875,28.86897888183578,1069.5,1011.0570416259769,1016.8700378417972,1022.6830340576174,1.0,0.983159168181552,0.9906829736091225,0.5352345284650823,0.0,0.0,1.0,0.011597174,0.011597174,0.987043917,0.987043917,0.9040362264868498,1
2024-01-05,1051.599975585938,1055.4599609375,1041.510009765625,1049.280029296875,1049.280029296875,2247000.0,0.025740415128195877,1.2235316520207409,1.31039671678022,2.649852316988401,2.1822562117300293,1071.7,1098.8240112304688,1035.464998372396,967.3086669921875,920.0207025146484,1068.3757582465314,1081.010010032019,1045.112147200467,990.8678053687245,942.3980255165399,1080.7809485685004,1054.181976858801,26.598971709699526,40.339132734328786,-2.4369039317557046,2.4369039317557046,2.4369039317557046,2.4369039317557046,-2.4369039317557046,-2.4369039317557046,2.4369039317557046,2.4369039317557046,-2.4369039317557046,26.0,29.14497985839828,1055.4599609375,1005.9882464599613,1011.7620422363284,1017.5358380126956,1.0,0.9753154181622813,0.9883125487569598,0.49451688623519463,0.0,0.0,3.0,0.005539719,0.0037113213333333,0.990837634,0.925341189,0.025740415128195877,-1
2024-01-08,1056.5,1078.0,1052.0,1074.849975585938,1074.849975585938,3311000.0,2.4369039317557046,2.1094217819841377,1.4909886726217327,2.660721259004486,2.189992804235723,1063.4199951171875,1093.5800048828125,1038.893330891927,970.6468332926432,922.3440020751954,1070.5338306930003,1079.890003769095,1047.0307167737233,993.621319146338,945.0208364090032,1079.8684911865678,1055.7129397274778,24.15555145909002,37.10241647928104,-0.7107982343556559,0.7107982343556559,0.7107982343556559,0.7107982343556559,-0.7107982343556559,-0.7107982343556559,0.7107982343556559,0.7107982343556559,-0.7107982343556559,23.840087890625,28.32698669433578,1078.0,991.3410052490237,997.1700012207034,1002.9989971923831,1.0,0.9724208474634126,0.991335994366612,0.560370113019501,0.0,1.0,1.0,0.007677528,0.004649756,0.994263589,0.5835866105,-2.4369039317557046,1
2024-01-09,1065.619995117188,1088.550048828125,1064.7099609375,1082.489990234375,1082.489990234375,2322500.0,0.7107982343556559,1.8269219374676462,1.5366148539198077,2.6343153422313006,2.150396733321714,1062.8419921875002,1089.631005859375,1042.3473307291667,973.5950002034505,924.8390020751954,1074.5192172067918,1080.3627285809641,1049.3184118357008,996.5350460672572,947.7429978708917,1080.2717987323842,1057.696424950211,22.5753737821733,34.19700793985949,0.17737290530485525,-0.17737290530485525,-0.17737290530485525,-0.17737290530485525,0.17737290530485525,0.17737290530485525,-0.17737290530485525,-0.17737290530485525,0.17737290530485525,20.359985351562045,25.173986816406067,1088.550048828125,1015.6806292724613,1021.3460266113284,1027.0114239501956,0.0,0.9754146004217761,0.9945911579328105,0.5833071042353928,0.0,0.0,2.0,0.045110472,0.0234003614999999,0.994499564,0.9390809235,0.7107982343556559,-1
2024-01-10,1080.349975585938,1082.9599609375,1062.599975585938,1080.569946289062,1080.569946289062,1764300.0,-0.17737290530485525,1.2666707669275818,1.4777378878321625,1.7759162958863872,2.120004750525189,1067.239990234375,1084.4989990234376,1046.6916625976562,976.8848327636719,927.3737017822266,1076.536126900882,1080.400404527891,1051.3346398649498,999.2902886974803,950.3732344732317,1080.3176675872578,1059.3907598642,20.926907723057866,31.542987896499167,-1.7962774410251454,1.7962774410251454,1.7962774410251454,1.7962774410251454,-1.7962774410251454,-1.7962774410251454,1.7962774410251454,1.7962774410251454,-1.7962774410251454,26.7900390625,23.772985839843567,1082.9599609375,1033.1672778320317,1038.2020751953128,1043.236872558594,1.0,0.9840857310107212,0.9964232912068396,0.8320988389233743,0.0,0.0,1.0,0.00348394,0.00348394,0.988191009,0.988191009,0.17737290530485525,1
2024-01-11,1084.319946289062,1101.300048828125,1074.510009765625,1099.97998046875,1099.97998046875,2575700.0,1.7962774410251454,1.1301717885266338,1.6391213718202726,1.5662981170582526,2.114761780691025,1077.433984375,1081.8799926757813,1051.8126627604167,980.1749989827474,930.1151013183594,1084.3507447568381,1083.960327426229,1054.473048936163,1002.59159006703,953.3357442949251,1083.342638799795,1062.3973687978703,20.945270001924655,29.423444317584266,-0.700019398435471,0.700019398435471,0.700019398435471,0.700019398435471,-0.700019398435471,0.700019398435471,0.700019398435471,0.700019398435471,-0.700019398435471,15.679931640625,22.694982910156067,1101.300048828125,1030.6593920898442,1035.4139892578128,1040.1685864257815,1.0,0.9958904792297848,1.0003601767709858,1.0464938659945484,0.0,1.0,1.0,0.01079997,0.0060327605,0.994064987,0.5667833985,1.7962774410251454,1
2024-01-12,1112.099975585938,1115.68994140625,1100.010009765625,1107.680053710938,1107.680053710938,2687900.0,0.700019398435471,1.0265276018455705,1.6637660566598058,1.533502925653599,2.0922228147712225,1089.1139892578126,1080.4069946289062,1057.3743306477866,983.896332804362,932.5405017089844,1092.1271810748715,1088.2730049325396,1057.9057589216322,1006.0371134651908,956.3920672536581,1087.0868564784323,1065.7516417543939,21.33521472403845,27.805798398875105,0.6572211174312453,0.6572211174312453,0.6572211174312453,0.6572211174312453,-0.6572211174312453,0.6572211174312453,0.6572211174312453,0.6572211174312453,-0.6572211174312453,27.609985351562955,22.516485595702967,1115.68994140625,1051.3710864257816,1055.9100830078128,1060.4490795898441,1.0,1.0080589950566703,1.003541552647969,1.0849448206632453,1.0,3.0,1.0,0.837860823,0.1716920892,0.992787182,0.2777446846,0.700019398435471,1
2024-01-16,1112.339965820312,1126.239990234375,1098.630004882812,1114.9599609375,1114.9599609375,2614500.0,0.6572211174312453,0.701171255697787,1.6728759888213307,1.5019567179082045,2.0924480423875838,1097.135986328125,1080.2779907226563,1063.6819966634114,987.6951649983724,935.132201538086,1099.7381076957477,1093.1251787516233,1061.5866751807205,1009.6083543659223,959.5320255444271,1091.375026395212,1069.3967024346239,21.978323960588114,26.64030351121771,-1.0125849705575947,-1.0125849705575947,-1.0125849705575947,-1.0125849705575947,1.0125849705575947,-1.0125849705575947,-1.0125849705575947,-1.0125849705575947,1.0125849705575947,22.900024414062045,20.898486328124864,1126.239990234375,1066.1536730957034,1070.656970214844,1075.1602673339846,0.0,1.015605238420336,1.0060495623673005,1.113797733899528,0.0,0.0,4.0,0.099318095,0.03590344225,0.99542588,0.84743233025,0.6572211174312453,-1
2024-01-17,1106.2900390625,1113.109985351562,1090.2099609375,1103.670043945312,1103.670043945312,1831400.0,-1.0125849705575947,1.0528835681465853,1.4241111879253714,1.4380427843829136,2.0736910616868767,1101.3719970703125,1082.1069946289062,1069.4709981282551,991.6258321126302,937.4031018066406,1101.0487531122692,1095.0424269686575,1064.301731230049,1012.6923441881974,962.3862437305833,1093.2665675567657,1071.9354684724526,21.33109908431311,25.578462625836792,3.646016348376113,3.646016348376113,3.646016348376113,3.646016348376113,-3.646016348376113,3.646016348376113,3.646016348376113,3.646016348376113,-3.646016348376113,24.670043945312955,20.472991943359307,1113.109985351562,1080.2633203125004,1084.4430175781254,1088.6227148437501,1.0,1.0178032325241673,1.00548501683194,0.990312112679234,0.0,0.0,0.0,0.0,0.0,0.0,0.0,1.0125849705575947,1
2024-01-18,1124.900024414062,1146.550048828125,1121.880004882812,1143.910034179688,1143.910034179688,3222800.0,3.646016348376113,1.7153415414461495,1.4739458034026889,1.6299630752824572,2.096816900183777,1114.0400146484376,1090.6400024414063,1076.802333577474,996.4638326009115,940.297601928711,1115.335846801409,1103.9274464615721,1069.4377507751872,1016.9945635321806,965.9807742345259,1101.0578701141385,1077.2669177840996,23.790952330038863,25.220960566677206,5.88244835534129,5.88244835534129,5.88244835534129,5.88244835534129,-5.88244835534129,5.88244835534129,5.88244835534129,5.88244835534129,-5.88244835534129,61.0,22.625494384765556,1146.550048828125,1068.0694030761715,1072.1640014648435,1076.2585998535153,1.0,1.021455303449947,1.010334375122572,0.9042817139567827,0.0,0.0,0.0,0.0,0.0,0.0,0.0,3.646016348376113,1
2024-01-19,1157.31005859375,1217.0,1156.0,1211.199951171875,1211.199951171875,5304900.0,5.88244835534129,2.7544613018482615,2.0558536183784395,2.084322110315528,2.207920352951566,1136.2840087890625,1106.8589965820313,1086.7383321126301,1002.2801656087239,943.8914013671875,1147.290548258231,1123.4315382270818,1078.5836991878768,1023.3619532908591,970.8365995204141,1118.0028056614826,1087.1878832202312,30.814922441251383,26.339752941592042,0.767837615839309,0.767837615839309,0.767837615839309,0.767837615839309,-0.767837615839309,0.767837615839309,0.767837615839309,0.767837615839309,0.767837615839309,23.109985351562955,22.175994873046854,1217.0,1096.7739611816407,1101.2990600585938,1105.824158935547,1.0,1.0265842463203492,1.0212376181541083,0.9863416063207338,0.0,1.0,2.0,0.02287651,0.008489313,0.997343957,0.757520914,5.88244835534129,-1
2024-01-22,1216.25,1231.329956054688,1208.219970703125,1220.5,1220.5,3122200.0,0.767837615839309,2.7467719632009344,2.010970126738454,1.9714355327275355,2.1980705410592396,1158.847998046875,1123.9809936523438,1097.300331624349,1007.9366658528646,947.485601196289,1171.6936988388206,1141.0803494585214,1087.7395895628526,1029.8254958059129,975.780429232881,1133.7716047904853,1097.0628548335476,36.70874995693771,28.413552344661177,0.4760392129250307,0.4760392129250307,0.4760392129250307,0.4760392129250307,-0.4760392129250307,0.4760392129250307,0.4760392129250307,0.4760392129250307,0.4760392129250307,23.4599609375,22.32799072265625,1231.329956054688,1168.2128112792968,1172.6480102539062,1177.0832092285157,1.0,1.0310209910945487,1.0268283906517417,1.0200537087592314,0.0,0.0,6.0,0.034824803,0.0119667005,0.995046735,0.913683186,-0.767837615839309,-1
2024-01-23,1221.0,1226.97998046875,1203.52001953125,1226.31005859375,1226.31005859375,1695200.0,0.4760392129250307,2.7698186084750316,2.0094789574298213,1.9564665906153256,2.1298925690436086,1181.118017578125,1139.127001953125,1107.4353332519531,1014.2146667480469,950.8494018554687,1189.8991520904638,1156.576660210381,1096.6796198229106,1036.2676126186288,980.7414119925022,1148.0082899909876,1106.6367217787479,41.37156821223971,31.005155518176885,2.247387300650688,2.247387300650688,2.247387300650688,2.247387300650688,-2.247387300650688,2.247387300650688,2.247387300650688,2.247387300650688,2.247387300650688,53.5400390625,24.081494140625,1226.97998046875,1182.2083764648442,1186.6739746093754,1191.1395727539068,1.0,1.0368624530478192,1.0288113127529492,1.027095973459901,0.0,1.0,0.0,0.005648369,0.005648369,0.278749228,0.278749228,-0.4760392129250307,1
2024-01-24,1242.300048828125,1284.550048828125,1231.010009765625,1253.869995117188,1253.869995117188,3480500.0,2.247387300650688,2.228278691270988,2.014366337742734,1.9840951256128978,2.0942413778551625,1211.1580078125,1156.2650024414063,1117.7543334960938,1021.3333333333334,954.4653015136719,1211.2227664327052,1174.2663574661642,1106.8209343580252,1043.4021169628438,986.1498987870505,1164.2947061642492,1117.542890174188,46.75181599006123,34.15448761255375,-1.9037057438284932,-1.9037057438284932,-1.9037057438284932,-1.9037057438284932,1.9037057438284932,-1.9037057438284932,-1.9037057438284932,-1.9037057438284932,-1.9037057438284932,52.199951171875,26.06749267578125,1284.550048828125,1174.000693359375,1178.8169921875,1183.633291015625,0.0,1.047474415687744,1.0314719132772274,1.0152569358893442,0.0,0.0,1.0,0.019997044,0.019997044,0.706620634,0.706620634,2.247387300650688,1
2024-01-25,1281.0,1281.0,1228.800048828125,1230.0,1230.0,3635600.0,-1.9037057438284932,2.8694089847086834,2.235742141875276,2.0578516672713243,2.119252144987524,1228.3760009765624,1171.2080078125,1124.4463338216146,1027.8606669108074,957.5364013671875,1217.4818442884703,1184.3997470177708,1114.7679708510557,1049.5200803411112,990.9786136625544,1174.403212908211,1125.8730464575815,48.530166450629395,37.029623380168886,-2.0422760257876384,-2.0422760257876384,-2.0422760257876384,-2.0422760257876384,2.0422760257876384,-2.0422760257876384,-2.0422760257876384,-2.0422760257876384,-2.0422760257876384,20.97998046875,26.285992431640647,1281.0,1227.2015649414063,1232.4150634765624,1237.6285620117187,0.0,1.0488111358381478,1.0279315301729823,1.08644475082105,0.0,0.0,0.0,0.0,0.0,0.0,0.0,-1.9037057438284932,1
2024-01-26,1219.699951171875,1221.2099609375,1200.22998046875,1204.880004882812,1204.880004882812,2581800.0,-2.0422760257876384,1.8453028825775863,2.4638547647026523,2.1225467243231653,2.1475348432525685,1227.11201171875,1181.6980102539062,1128.8663330078125,1033.9211669921874,960.8600012207031,1213.281231153251,1188.12343026596,1120.5816504660077,1054.613848358872,995.2142847758267,1179.0919501350727,1131.7254137483394,47.36653638673329,39.097005981481765,1.0698172926931138,1.0698172926931138,1.0698172926931138,1.0698172926931138,-1.0698172926931138,1.0698172926931138,1.0698172926931138,1.0698172926931138,1.0698172926931138,18.680053710937045,26.560498046875,1221.2099609375,1223.1708166503906,1228.4280151367186,1233.6852136230468,1.0,1.0384311398265669,1.0211744001056013,1.160801190601975,0.0,0.0,0.0,0.0,0.0,0.0,0.0,-2.0422760257876384,1
2024-01-29,1214.910034179688,1223.670043945312,1204.989990234375,1217.77001953125,1217.77001953125,2152600.0,1.0698172926931138,1.8849531292990114,2.4625968329935395,2.1216210977473304,2.1467892817760017,1226.566015625,1192.7070068359376,1133.1356689453125,1040.1945007324218,964.316001586914,1214.7774939459173,1193.5137192232855,1126.8518678250557,1059.9632310202614,999.6213290284094,1185.0424223498692,1138.0990882507772,46.943334099092,40.666271605003814,-0.7891461603941577,-0.7891461603941577,-0.7891461603941577,-0.7891461603941577,0.7891461603941577,-0.7891461603941577,-0.7891461603941577,-0.7891461603941577,-0.7891461603941577,23.7099609375,27.260498046875,1223.670043945312,1162.776865234375,1168.08896484375,1173.401064453125,0.0,1.0283883708194899,1.0178161125256857,1.1607147174433015,0.0,0.0,3.0,0.002072155,0.0017110773333333,0.997195601,0.9953375856666667,1.0698172926931138,-1
2024-01-30,1216.77001953125,1228.0,1204.2900390625,1208.160034179688,1208.160034179688,2068300.0,-0.7891461603941577,1.8848671032857938,2.5252619066621333,2.1281251270324484,2.152408488866013,1222.9360107421876,1202.0270141601563,1136.5246704101562,1046.1148345947265,967.6749017333984,1212.5716740238408,1196.176685578995,1132.0975559769674,1064.822142599259,1003.7508083383357,1188.5989780159953,1143.288787949215,45.31019006678025,41.5950552973591,-2.3308198734456527,-2.3308198734456527,-2.3308198734456527,-2.3308198734456527,2.3308198734456527,-2.3308198734456527,-2.3308198734456527,-2.3308198734456527,-2.3308198734456527,22.909912109375,27.160491943359354,1228.0,1163.696948242187,1169.149047851562,1174.601147460937,0.0,1.0173947809289794,1.0137061595017713,1.1866134535911759,0.0,1.0,1.0,0.0793349,0.0423471975,0.895584345,0.5753101705,0.7891461603941577,1
2024-01-31,1189.449951171875,1197.219970703125,1174.31005859375,1180.0,1180.0,2740000.0,-2.3308198734456527,1.396804629219101,2.6630276639653325,2.0958802350042816,2.1754454319707865,1208.16201171875,1209.660009765625,1138.2000040690104,1051.259834798177,970.9046014404297,1201.7144493492274,1193.2354700191777,1135.1880362365182,1068.5984657927258,1007.240891341537,1187.2760583212266,1146.008136990014,41.26792133121262,41.52962850412981,-1.6957635394597457,1.6957635394597457,1.6957635394597457,1.6957635394597457,-1.6957635394597457,1.6957635394597457,1.6957635394597457,1.6957635394597457,-1.6957635394597457,23.97998046875,27.37499389648435,1197.219970703125,1168.2469177246094,1173.6790161132812,1179.1111145019531,1.0,0.9987616371254884,1.0071058726823745,1.2706010675079877,0.0,0.0,0.0,0.0,0.0,0.0,0.0,-2.3308198734456527,1
2024-02-01,1187.349975585938,1203.089965820312,1179.109985351562,1200.010009765625,1200.010009765625,1941100.0,1.6957635394597457,1.8095365652613427,2.489239859208446,1.996220926982081,2.178382740372984,1202.164013671875,1215.2700073242188,1139.9670043945312,1056.5486684163411,974.3292016601563,1201.14630282136,1194.4672045185316,1139.3700990448476,1072.9070410049521,1011.0581016073605,1189.235127774211,1150.0082757141333,39.22685206007759,41.06907321531937,-2.027479425729036,2.027479425729036,2.027479425729036,2.027479425729036,-2.027479425729036,2.027479425729036,2.027479425729036,2.027479425729036,-2.027479425729036,29.539916992187955,27.74548950195315,1203.089965820312,1136.9949841308594,1142.4699829101562,1147.9449816894532,1.0,0.9892155705535755,1.005591696680798,1.2469761365400167,0.0,0.0,0.0,0.0,0.0,0.0,0.0,1.6957635394597457,1
2024-02-02,1208.75,1234.68994140625,1205.150024414062,1224.339965820312,1224.339965820312,2668600.0,2.027479425729036,1.8456990499313708,1.7543517061052074,1.983879354955956,2.184540691480939,1206.056005859375,1216.5840087890624,1142.7923380533855,1062.2738342285156,977.981201171875,1208.8775238210108,1199.8986156643098,1144.8520259335874,1077.8720549333245,1015.2815048591021,1194.6358720889957,1155.5143268331094,39.1215452558863,40.67956762343276,-1.532254952819141,1.532254952819141,1.532254952819141,1.532254952819141,-1.532254952819141,1.532254952819141,1.532254952819141,1.532254952819141,-1.532254952819141,25.599975585937955,28.327990722656295,1234.68994140625,1142.049888916015,1147.5989868164058,1153.1480847167963,1.0,0.9913462589894089,1.007483055684442,0.884303625481377,1.0,0.0,2.0,0.781593978,0.2628560276666666,0.992175162,0.6914295553333334,2.027479425729036,1
2024-02-05,1226.9599609375,1247.75,1222.150024414062,1243.099975585938,1243.099975585938,2204500.0,1.532254952819141,1.9024632521555247,1.8016435950212568,1.9817656639811712,2.1809665499015893,1211.1219970703125,1218.8440063476562,1147.2163370768228,1068.028500366211,981.9670007324219,1220.2850077426533,1207.753408377333,1151.190603330513,1083.2893638071807,1019.7927617051781,1202.0918880116024,1162.0021526666521,40.08973534495021,40.56160116773626,1.6450769506480587,-1.6450769506480587,-1.6450769506480587,-1.6450769506480587,1.6450769506480587,-1.6450769506480587,-1.6450769506480587,-1.6450769506480587,1.6450769506480587,60.170043945312045,30.036492919921898,1247.75,1172.3683618164061,1178.0339599609374,1183.6995581054687,0.0,0.9936644810680219,1.0103759586008183,0.9091103089362912,0.0,1.0,1.0,0.010962769,0.0061018225,0.997598231,0.5871220455,1.532254952819141,1
2024-02-06,1263.569946289062,1272.109985351562,1211.93994140625,1222.650024414062,1222.650024414062,2535400.0,-1.6450769506480587,2.070363235524615,1.8880964988757476,2.0216443006011784,2.1960307307063993,1214.0199951171876,1218.4780029296876,1150.3950032552084,1073.2205006917318,985.6642010498047,1221.073346633123,1210.4618840203746,1155.8008885617098,1087.8585657942915,1023.809737204364,1205.2546782273655,1166.4945876109048,38.76009061646073,40.20129905748115,-2.8143813431957754,2.8143813431957754,2.8143813431957754,2.8143813431957754,-2.8143813431957754,2.8143813431957754,2.8143813431957754,2.8143813431957754,-2.8143813431957754,32.81005859375,30.48499145507815,1272.109985351562,1181.6697155761717,1187.6770141601562,1193.6843127441407,1.0,0.9963413309047999,1.0087664574596138,0.9339409995686593,0.0,0.0,0.0,0.0,0.0,0.0,0.0,-1.6450769506480587,1
2024-02-07,1234.0,1259.510009765625,1226.699951171875,1257.06005859375,1257.06005859375,2576800.0,2.8143813431957754,1.7106647550361913,1.9702708646414415,2.0780633085370144,2.214945091259331,1229.4320068359375,1218.7970092773437,1154.8976725260416,1078.9818349202474,989.5184014892578,1233.0689172866655,1218.9342793973517,1162.3337382411962,1093.4061557221426,1028.4285554496983,1213.2247367452708,1173.2031410170414,40.021595728229386,40.165358391630804,1.4080433986324894,1.4080433986324894,1.4080433986324894,1.4080433986324894,-1.4080433986324894,1.4080433986324894,1.4080433986324894,1.4080433986324894,-1.4080433986324894,30.9599609375,31.014990234375045,1259.510009765625,1205.04300415039,1211.1400024414058,1217.2370007324214,1.0,1.0087258152732912,1.0115958982598323,0.9481284119435898,0.0,0.0,1.0,0.001762512,0.001762512,0.986319065,0.986319065,2.8143813431957754,1
2024-02-08,1267.0,1295.969970703125,1265.010009765625,1274.760009765625,1274.760009765625,2932600.0,1.4080433986324894,1.6981850077000022,1.8831267509859475,2.0702225358943322,2.137965978948642,1244.3820068359375,1223.2730102539062,1159.6600056966147,1084.2691680908204,993.7492016601562,1246.9659481129854,1229.0844121915832,1169.5870460814822,1099.3521837235683,1033.3064060302117,1222.6917018253253,1180.725872035455,41.96582978987021,40.525452671278686,0.6809071177421762,0.6809071177421762,0.6809071177421762,0.6809071177421762,-0.6809071177421762,0.6809071177421762,0.6809071177421762,0.6809071177421762,0.6809071177421762,36.760009765625,31.513488769531296,1295.969970703125,1191.27703125,1197.4800292968748,1203.68302734375,1.0,1.0172561614660736,1.0145486638216472,0.9096252786043797,0.0,1.0,0.0,0.030297868,0.030297868,0.00782452,0.00782452,1.4080433986324894,-1
2024-02-09,1252.030029296875,1285.75,1248.989990234375,1283.43994140625,1283.43994140625,2629300.0,0.6809071177421762,1.6455431874655169,1.6809222827148014,2.058375214047087,2.1276348297318584,1256.202001953125,1231.12900390625,1164.9023356119792,1089.877667236328,998.0836010742188,1259.123945877407,1238.9672356851588,1176.932394166951,1105.3878479098855,1038.2595453445888,1232.037584837775,1188.3343216184767,43.70326321929838,41.161014780882624,-1.4367591977888403,-1.4367591977888403,-1.4367591977888403,-1.4367591977888403,1.4367591977888403,-1.4367591977888403,-1.4367591977888403,-1.4367591977888403,-1.4367591977888403,31.069946289062045,32.282989501953146,1285.75,1226.640295410156,1232.9429931640625,1239.2456909179687,0.0,1.0203658576536827,1.016268961447638,0.8166257887500723,0.0,1.0,3.0,0.012559876,0.0044402322499999,0.995305836,0.74528752325,-0.6809071177421762,-1
2024-02-12,1290.010009765625,1290.069946289062,1259.0,1265.0,1265.0,2477800.0,-1.4367591977888403,1.902232169137203,1.7938560723947552,2.1181030963310734,2.1222577267094325,1260.5820068359376,1235.852001953125,1169.6553344726562,1094.7450002034504,1002.2416009521485,1261.0826305849382,1243.7004655605845,1182.6141751884381,1110.6210332243156,1042.7494553377653,1237.1087256319634,1194.0132607578487,43.09546487411467,41.547904799529036,-1.0553340384140675,-1.0553340384140675,-1.0553340384140675,-1.0553340384140675,1.0553340384140675,-1.0553340384140675,-1.0553340384140675,-1.0553340384140675,-1.0553340384140675,28.78002929687591,32.34149169921879,1290.069946289062,1214.727423095703,1221.1840209960938,1227.6406188964843,0.0,1.0200104906119258,1.01397616669422,0.8469163165390906,0.0,0.0,5.0,0.077987231,0.0202487188,0.997129619,0.9281250356,1.4367591977888403,-1
2024-02-13,1235.119995117188,1255.869995117188,1227.089965820312,1251.650024414062,1251.650024414062,3190700.0,-1.0553340384140675,1.7594143660359867,1.8152389406083946,2.1536987524430637,2.131121490998895,1266.3820068359375,1240.2010009765625,1174.1686686197916,1099.3491668701172,1006.4524011230469,1257.9384285279796,1245.1458398975803,1187.06810094493,1115.2449345747991,1046.8861002699691,1239.3458485215172,1198.282650658309,41.06319786320819,41.45096341226487,0.8444809717485596,0.8444809717485596,0.8444809717485596,0.8444809717485596,-0.8444809717485596,0.8444809717485596,0.8444809717485596,0.8444809717485596,-0.8444809717485596,31.680053710937955,32.78049316406259,1255.869995117188,1218.9186645507807,1225.3869628906245,1231.8552612304682,1.0,1.0211102924757838,1.0102739680931283,0.8428471895381214,0.0,0.0,2.0,0.063970856,0.033945262,0.967956901,0.927139819,1.0553340384140675,-1
2024-02-14,1269.239990234375,1273.0,1241.319946289062,1262.219970703125,1262.219970703125,2730600.0,0.8444809717485596,1.2548326443807598,1.548623033256915,2.120213325797717,2.114377762895061,1267.4139892578125,1248.422998046875,1180.0633341471355,1104.3936665852864,1010.9910009765625,1259.3656092530282,1248.2502273167702,1191.9166086712653,1120.0637882183507,1051.1501373082494,1242.8649442417645,1203.0187484394064,39.846195802358125,41.13000989028352,0.22579072206799694,0.22579072206799694,0.22579072206799694,0.22579072206799694,-0.22579072206799694,0.22579072206799694,0.22579072206799694,0.22579072206799694,-0.22579072206799694,35.150024414062045,33.304492187500045,1273.0,1183.7529101562502,1190.3090087890628,1196.8651074218753,1.0,1.0152119844320784,1.0089047706084953,0.7304090651700132,0.0,1.0,2.0,0.019042194,0.0150801363333333,0.928698957,0.7357899943333334,-0.8444809717485596,-1
2024-02-15,1279.949951171875,1280.0,1244.849975585938,1265.069946289062,1265.069946289062,2187300.0,0.22579072206799694,1.036337318751278,1.5115111331112994,2.004390438241763,2.1064082467575593,1265.4759765625,1254.9289916992188,1186.9463338216146,1109.182666015625,1015.3509002685547,1261.2670549317063,1251.308358039005,1196.6361788401555,1124.8180884829642,1055.3861731296518,1246.2810984028872,1207.6151334653068,38.665964937580384,40.63720089974289,-1.5485282752765543,-1.5485282752765543,-1.5485282752765543,-1.5485282752765543,1.5485282752765543,-1.5485282752765543,-1.5485282752765543,-1.5485282752765543,1.5485282752765543,33.2900390625,31.918994140625045,1280.0,1199.7301171875,1206.391015625,1213.0519140625,0.0,1.0084044475289395,1.007958627326927,0.7541001514840522,0.0,0.0,0.0,0.0,0.0,0.0,0.0,-0.22579072206799694,-1
2024-02-16,1259.0400390625,1275.680053710938,1242.390014648438,1245.47998046875,1245.47998046875,2126300.0,-1.5485282752765543,1.0695186649091877,1.543078615479593,1.6083283388765197,2.113979123787769,1257.8839843749997,1257.0429931640624,1193.4953328450522,1113.3454986572265,1019.4667999267579,1256.0046967773876,1250.2486530262313,1199.787391848452,1128.7742160890555,1059.1504069383468,1246.157849489943,1210.4199369470434,35.737912542899494,39.657343228374216,-1.5198904789702452,-1.5198904789702452,-1.5198904789702452,-1.5198904789702452,1.5198904789702452,-1.5198904789702452,-1.5198904789702452,-1.5198904789702452,1.5198904789702452,25.159912109375,32.021490478515645,1275.680053710938,1209.778212890625,1216.16201171875,1222.545810546875,0.0,1.0006690234268125,1.0046039191781762,0.9594300978104345,0.0,0.0,0.0,0.0,0.0,0.0,0.0,1.5485282752765543,1
2024-02-20,1235.859985351562,1237.719970703125,1212.56005859375,1226.550048828125,1226.550048828125,2632900.0,-1.5198904789702452,1.08640657877797,1.548174760757975,1.6431936635084214,2.114924717917705,1250.193994140625,1255.3880004882812,1199.4043334960938,1117.4346659342448,1023.570400390625,1246.1864807943002,1245.9398158993029,1201.5140148793987,1131.9799810968937,1062.4652513322037,1243.1412647727402,1211.6147600493457,31.52650472339451,38.03117552737828,-0.07336857917944628,0.07336857917944628,0.07336857917944628,0.07336857917944628,-0.07336857917944628,0.07336857917944628,0.07336857917944628,0.07336857917944628,-0.07336857917944628,25.410034179687045,32.118994140625,1237.719970703125,1205.2327746582034,1211.6370727539068,1218.0413708496098,1.0,0.9958626286489626,1.0001979749678513,0.9421742519700512,0.0,1.0,3.0,0.031406701,0.010203359,0.996652782,0.68183278475,-1.5198904789702452,-1
2024-02-21,1218.0,1228.050048828125,1202.640014648438,1227.449951171875,1227.449951171875,2064000.0,0.07336857917944628,1.088182539517882,1.4529213879497278,1.6400018964860616,2.1081505421762636,1245.3539794921876,1255.8679931640625,1204.4909993489584,1121.6921651204427,1027.676799926758,1239.9409709201586,1242.5780223124978,1203.1873010918166,1135.1101440501718,1065.732275091405,1240.7272165264533,1212.787737169533,27.939479356920174,36.01283629328666,-6.309835538976043,6.309835538976043,6.309835538976043,6.309835538976043,-6.309835538976043,-6.309835538976043,6.309835538976043,6.309835538976043,-6.309835538976043,34.510009765625,31.16749267578125,1228.050048828125,1167.05818359375,1173.481982421875,1179.90578125,1.0,0.9916280901105015,0.9978777578993137,0.8859266510988917,1.0,2.0,1.0,0.957054555,0.2409158675,0.967535257,0.25385013475,-0.07336857917944628,1
2024-02-22,1281.7099609375,1310.97998046875,1276.469970703125,1304.900024414062,1304.900024414062,4081900.0,6.309835538976043,3.2431180987895454,2.3411822129382114,2.113853920347836,2.241362457225875,1253.889990234375,1260.6519897460937,1211.904667154948,1127.1259989420573,1032.4058001708984,1261.5939887514598,1253.909295421873,1209.749412273897,1140.6770253735779,1070.4682701274971,1250.59995620147,1219.6108695580167,30.98908664345322,35.008086363319975,0.6536921708392427,-0.6536921708392427,-0.6536921708392427,-0.6536921708392427,0.6536921708392427,-0.6536921708392427,-0.6536921708392427,-0.6536921708392427,0.6536921708392427,30.80004882812591,30.097497558593794,1310.97998046875,1159.4815649414063,1165.7150634765626,1171.9485620117186,0.0,0.9946361092778028,1.0061285878951887,1.107542101373291,0.0,2.0,0.0,0.002455077,0.0024112555,0.003935158,0.003654652,6.309835538976043,1
2024-02-23,1308.369995117188,1319.619995117188,1288.819946289062,1296.369995117188,1296.369995117188,2311500.0,-0.6536921708392427,3.299183399816828,2.333137852729481,2.0656711854253063,2.201287307487888,1260.15,1262.81298828125,1219.0980021158855,1132.8948323567708,1037.0636999511719,1273.1859908733693,1261.6294226392029,1215.3378369734642,1145.7817129061552,1074.9415716124415,1257.641500650042,1225.296730710548,32.34476993949397,34.475423078554776,-0.9842876504150055,0.9842876504150055,0.9842876504150055,0.9842876504150055,-0.9842876504150055,0.9842876504150055,0.9842876504150055,0.9842876504150055,-0.9842876504150055,17.330078125,29.915002441406294,1319.619995117188,1244.7654858398437,1250.7849853515625,1256.8044848632812,1.0,0.9978912251410446,1.0091600338631856,1.1294817244832243,0.0,1.0,1.0,0.009008329,0.0086042725,0.957244992,0.542731069,-0.6536921708392427,1
2024-02-26,1310.0,1318.7900390625,1301.4599609375,1309.130004882812,1309.130004882812,1628200.0,0.9842876504150055,3.087485700031118,2.3421562925371155,1.996044263848296,2.198426377184694,1272.8800048828125,1265.3819946289063,1226.069669596354,1138.9411661783854,1041.8054998779296,1285.1673288765169,1270.2658921380407,1221.388944580519,1151.1373946103079,1079.5789663306666,1265.5628089935449,1231.5066028714564,34.0562061220885,34.391579687261526,-0.9853891031408147,-0.9853891031408147,-0.9853891031408147,-0.9853891031408147,0.9853891031408147,-0.9853891031408147,-0.9853891031408147,-0.9853891031408147,0.9853891031408147,19.719970703125,29.966998291015692,1318.7900390625,1253.8069897460941,1259.7899902343754,1265.7729907226567,0.0,1.005925491500379,1.0117309587155763,1.1733989746407372,0.0,3.0,2.0,0.032280635,0.0186370218,0.983664036,0.4378011376,0.9842876504150055,1
2024-02-27,1309.130004882812,1311.93994140625,1292.219970703125,1296.22998046875,1296.22998046875,1212600.0,-0.9853891031408147,2.984275349058537,2.3107689064110724,2.0144261520003917,2.2025966464256124,1286.8159912109375,1268.504992675781,1232.354667154948,1144.8644989013671,1046.6194995117187,1288.8548794072613,1274.986635470897,1226.2173985087918,1155.8945285728798,1083.86908542251,1270.2808353743458,1236.3009271379226,33.97990823642317,34.30924539709386,-0.5253648369539567,-0.5253648369539567,-0.5253648369539567,-0.5253648369539567,0.5253648369539567,-0.5253648369539567,-0.5253648369539567,-0.5253648369539567,0.5253648369539567,15.550048828125,29.559002685546943,1311.93994140625,1252.8626428222656,1258.8560424804687,1264.8494421386717,0.0,1.0144351016676183,1.0108771680820343,1.14711025972156,0.0,0.0,7.0,0.00702648,0.0036680128571428,0.997841358,0.946106715,-0.9853891031408147,-1
2024-02-28,1293.0,1298.52001953125,1282.969970703125,1289.420043945312,1289.420043945312,1096700.0,-0.5253648369539567,3.0493623379547703,2.2829693616035223,2.007553900388052,2.1889884551179826,1299.210009765625,1272.2819946289062,1238.1700032552083,1150.9259999593098,1051.275599975586,1289.0432675866116,1277.6108915571542,1230.2949885369544,1160.2724143227956,1087.9394014328625,1273.2253290006483,1240.2356765310626,32.989652469585735,34.04532681159223,0.8585213438432062,0.8585213438432062,0.8585213438432062,0.8585213438432062,-0.8585213438432062,0.8585213438432062,0.8585213438432062,0.8585213438432062,-0.8585213438432062,21.119995117187045,29.469506835937544,1298.52001953125,1246.9101354980467,1252.821936035156,1258.7337365722656,1.0,1.0211651310404444,1.0089482455926182,1.1371895724255443,0.0,0.0,0.0,0.0,0.0,0.0,0.0,0.5253648369539567,1
2024-02-29,1303.31005859375,1308.400024414062,1287.280029296875,1300.489990234375,1300.489990234375,2753600.0,0.8585213438432062,0.916447535369861,2.2833317137074927,1.9080389091623167,2.189233835494256,1298.3280029296875,1276.1089965820313,1244.7306681315104,1157.1008331298829,1056.041900024414,1292.8588418025329,1281.770727680285,1234.8236983238849,1164.869711893667,1092.1483239833876,1277.4198922673754,1244.6989590276044,32.72093323977106,33.780448097227996,7.58791335972935,7.58791335972935,7.58791335972935,7.58791335972935,-7.58791335972935,7.58791335972935,7.58791335972935,7.58791335972935,-7.58791335972935,87.760009765625,32.65850830078129,1308.400024414062,1233.6871044921875,1239.581005859375,1245.4749072265624,1.0,1.0174115270773643,1.0086506220518194,1.1966903309691626,0.0,0.0,0.0,0.0,0.0,0.0,0.0,0.8585213438432062,1
2024-03-01,1325.930053710938,1407.760009765625,1320.0,1399.170043945312,1399.170043945312,4441500.0,7.58791335972935,3.4635289154429403,3.2367362071788732,2.472951580190698,2.3620834348183255,1318.8880126953122,1289.5190063476562,1253.2393351236979,1165.020834350586,1061.581000366211,1328.2959091834593,1303.11605791029,1245.426688363977,1172.5516899937209,1098.2279620024358,1296.1506848332117,1256.141261614101,40.00942321911066,35.02624312160453,0.22084276558694887,0.22084276558694887,0.22084276558694887,0.22084276558694887,-0.22084276558694887,0.22084276558694887,0.22084276558694887,0.22084276558694887,0.22084276558694887,52.980102539062045,33.830517578125,1407.760009765625,1236.5513061523432,1243.0830078124995,1249.6147094726557,1.0,1.0227751636099096,1.0193228002374157,1.3088554717797092,0.0,0.0,0.0,0.0,0.0,0.0,0.0,7.58791335972935,1
2024-03-04,1403.150024414062,1438.170043945312,1385.18994140625,1402.260009765625,1402.260009765625,3485400.0,0.22084276558694887,3.5130504434106293,3.1248386802046855,2.4586657439944655,2.349948942969772,1337.5140136718749,1305.1970092773438,1259.6080037434897,1173.17316792806,1067.0448004150392,1352.9506093775146,1321.1422309748962,1255.5449671640836,1180.083110314111,1104.2483985918059,1312.4751963612753,1266.964872588288,45.51032377298725,37.123059251881074,-4.243864144394417,-4.243864144394417,-4.243864144394417,-4.243864144394417,4.243864144394417,-4.243864144394417,-4.243864144394417,-4.243864144394417,-4.243864144394417,62.630004882812045,35.682019042968705,1438.170043945312,1333.33287109375,1340.098974609375,1346.865078125,0.0,1.0247602501115323,1.0240764223993857,1.270948964021406,0.0,1.0,2.0,0.169657171,0.0573467289999999,0.996322393,0.7511659663333333,0.22084276558694887,1
2024-03-05,1395.0,1395.0,1332.369995117188,1342.75,1342.75,3604000.0,-4.243864144394417,4.289804607002062,3.4891628128090235,2.6855873681187186,2.426353521785354,1346.818017578125,1316.8170043945313,1263.6830037434895,1180.4916676839193,1071.8882006835938,1349.5504062516766,1325.0709162521878,1261.1710983147877,1185.41645095955,1108.971202580087,1317.1328584595406,1272.5785857298963,44.554272729644254,38.609301947433714,0.5399366970768944,0.5399366970768944,0.5399366970768944,0.5399366970768944,-0.5399366970768944,0.5399366970768944,0.5399366970768944,0.5399366970768944,0.5399366970768944,47.769897460937955,35.06201171875,1395.0,1359.669602050781,1366.8060058593746,1373.9424096679684,1.0,1.0227829782600568,1.0184740980269391,1.299217763022626,0.0,0.0,0.0,0.0,0.0,0.0,0.0,-4.243864144394417,1
2024-03-06,1391.579956054688,1394.829956054688,1347.06005859375,1350.0,1350.0,4319600.0,0.5399366970768944,4.234890949149951,3.4790550209039495,2.641247173694661,2.4197332572039496,1358.9340087890625,1329.0720092773438,1267.8060017903647,1187.6206675211588,1076.6426007080079,1349.7002708344512,1329.6034769336081,1266.9019951977045,1190.8126328953026,1113.7440500537487,1322.1893417734573,1278.3135053054596,43.875836467997715,39.662608851546516,4.222963686342593,4.222963686342593,4.222963686342593,4.222963686342593,-4.222963686342593,4.222963686342593,4.222963686342593,4.222963686342593,4.222963686342593,41.420043945312045,35.4925109863281,1394.829956054688,1317.86357421875,1324.8759765625,1331.88837890625,1.0,1.022468308190431,1.0151148776680332,1.3172016067081431,0.0,1.0,1.0,0.011568289,0.0063054995,0.987471402,0.495278612,0.5399366970768944,1
2024-03-07,1381.989990234375,1414.31005859375,1372.890014648438,1407.010009765625,1407.010009765625,6283200.0,4.222963686342593,4.469063446580554,3.1750919450081496,2.722912651689632,2.4532200318070214,1380.2380126953126,1339.2830078125,1272.9106689453124,1195.332501220703,1081.6567010498047,1368.8035171448425,1343.6773919939749,1275.9412219440221,1197.9010714812148,1119.5512967807165,1335.2386753107137,1287.8465797099163,47.39209560079735,41.20850620139669,-6.98573843684828,-6.98573843684828,-6.98573843684828,-6.98573843684828,6.98573843684828,-6.98573843684828,-6.98573843684828,-6.98573843684828,-6.98573843684828,111.42004394531205,39.515515136718705,1414.31005859375,1316.746431884766,1323.8449340820318,1330.9434362792974,0.0,1.0305797987758434,1.018699522147635,1.1660645606967706,0.0,0.0,0.0,0.0,0.0,0.0,0.0,4.222963686342593,1
2024-03-08,1394.25,1413.0,1301.579956054688,1308.719970703125,1308.719970703125,7390200.0,-6.98573843684828,4.392678506185482,4.01709812183247,3.197272798062846,2.4039136589554655,1362.147998046875,1340.5180053710935,1275.53466796875,1199.9905008951823,1085.912100830078,1348.7756683309367,1337.3214972138203,1278.0559799284804,1201.5344780130806,1123.2972111158135,1331.1588746018538,1289.3927568205243,41.76611778132951,41.32002851738326,-1.1920025624393717,-1.1920025624393717,-1.1920025624393717,-1.1920025624393717,1.1920025624393717,-1.1920025624393717,-1.1920025624393717,-1.1920025624393717,-1.1920025624393717,46.4599609375,40.00051269531245,1413.0,1327.3759252929688,1335.2790283203126,1343.1821313476564,0.0,1.0161355480412169,1.0085650093421665,1.2564139426158247,4.0,3.0,7.0,0.988973677,0.3533615855833333,0.99756515,0.5595597979166667,-6.98573843684828,-1
2024-03-11,1277.930053710938,1299.02001953125,1252.56005859375,1293.119995117188,1293.119995117188,3110500.0,-1.1920025624393717,4.319305404374725,4.026865189688455,3.209226314893002,2.361473054824485,1340.3199951171875,1338.9170043945312,1278.4760009765625,1203.6711669921874,1089.8176007080078,1330.2237772596873,1329.284860468978,1279.0278518761388,1204.5372818525593,1126.6600385217812,1325.3067392965206,1289.6688485462032,35.63789075031741,40.18360096397009,-0.09589135107786624,-0.09589135107786624,-0.09589135107786624,-0.09589135107786624,0.09589135107786624,-0.09589135107786624,-0.09589135107786624,-0.09589135107786624,0.09589135107786624,48.510009765625,40.8725158691406,1299.02001953125,1324.9988720703127,1332.9989746093752,1340.9990771484377,0.0,1.0010478548842472,1.000706332268298,1.2547775677274768,1.0,1.0,2.0,0.986819267,0.251167023,0.994276226,0.49831041175,1.1920025624393717,1
2024-03-12,1307.0,1307.7900390625,1259.280029296875,1291.880004882812,1291.880004882812,4278900.0,-0.09589135107786624,4.058648571643158,4.013715512812257,3.1896852265330438,2.3560564920036735,1330.14599609375,1338.4820068359375,1280.9463338216146,1207.0410013834635,1093.8924005126953,1317.4425198007289,1322.4839776351296,1279.8570230378598,1207.4009776896169,1129.93172102398,1320.1641647713348,1289.8326379044704,30.33152686686435,38.21318614454895,2.632598200845223,-2.632598200845223,-2.632598200845223,-2.632598200845223,2.632598200845223,2.632598200845223,-2.632598200845223,-2.632598200845223,2.632598200845223,30.52001953125,40.95951538085931,1307.7900390625,1209.1004846191406,1217.274987792969,1225.449490966797,0.0,0.9937720412380492,0.9961878874000305,1.2583421960965329,0.0,0.0,0.0,0.0,0.0,0.0,0.0,-0.09589135107786624,1
2024-03-13,1282.880004882812,1282.880004882812,1252.359985351562,1257.869995117188,1257.869995117188,3783800.0,-2.632598200845223,4.063907945376773,4.100988567126693,3.2402338882404593,2.3806071759569196,1311.7199951171874,1335.327001953125,1282.6033325195312,1209.5640014648438,1097.6008001708985,1297.585011572882,1310.7359808136857,1278.438505107494,1209.055699572488,1132.4651521941423,1310.5804463630045,1287.465034735042,23.11541162796243,35.19363124123165,-0.3497996161083501,0.3497996161083501,0.3497996161083501,0.3497996161083501,-0.3497996161083501,-0.3497996161083501,0.3497996161083501,0.3497996161083501,-0.3497996161083501,25.420043945312045,40.64651489257801,1282.880004882812,1217.6791052246094,1225.8710083007813,1234.0629113769533,1.0,0.9823211791558107,0.9899667290489426,1.2656458479772423,0.0,0.0,0.0,0.0,0.0,0.0,0.0,-2.632598200845223,1
2024-03-14,1262.5400390625,1273.130004882812,1247.7099609375,1262.27001953125,1262.27001953125,3802900.0,0.3497996161083501,2.95786633441822,4.089925214335479,3.235930134043988,2.368123149292931,1282.7719970703124,1331.5050048828125,1285.3456665039062,1211.7728352864583,1101.5452001953124,1285.8133475590048,1301.9239878532428,1277.3953770058008,1210.8004313744145,1135.0355456067582,1303.148073004273,1285.5987373125388,17.549335691734314,31.664772131332185,2.1207839144584275,-2.1207839144584275,-2.1207839144584275,-2.1207839144584275,2.1207839144584275,2.1207839144584275,-2.1207839144584275,-2.1207839144584275,2.1207839144584275,37.30004882812591,40.7540161132812,1273.130004882812,1193.4576721191404,1201.586975097656,1209.7162780761716,0.0,0.9634000566022738,0.9876255138974718,1.2639102344352042,0.0,0.0,0.0,0.0,0.0,0.0,0.0,0.3497996161083501,1
2024-03-15,1253.4599609375,1267.369995117188,1230.069946289062,1235.5,1235.5,8877600.0,-2.1207839144584275,1.274964899431509,3.049870195182792,3.2715474893876544,2.3805855187049847,1268.1280029296875,1315.1380004882812,1286.5286661783855,1213.2478352864584,1105.3639001464844,1269.0422317060033,1289.8468991526531,1274.6924494570396,1211.6102532965647,1137.024940743258,1292.740677157462,1281.8877197338322,10.852957423629732,27.502409189791695,-0.14083288015985432,0.14083288015985432,0.14083288015985432,0.14083288015985432,-0.14083288015985432,-0.14083288015985432,0.14083288015985432,0.14083288015985432,-0.14083288015985432,31.180053710937045,40.64851684570306,1267.369995117188,1183.4711694335933,1191.6219726562497,1199.7727758789058,1.0,0.9642547036576086,0.9838704365143514,0.9322408447610967,0.0,1.0,3.0,0.152570739,0.039849235,0.992189825,0.7023264069999999,-2.1207839144584275,-1
2024-03-18,1253.97998046875,1262.880004882812,1231.699951171875,1237.239990234375,1237.239990234375,2573700.0,0.14083288015985432,1.3946447845620278,3.045849181123797,3.2530613699581044,2.3782782251749888,1256.952001953125,1298.6359985351562,1286.9586669921875,1214.8755025227865,1109.114100341797,1258.441484548794,1280.282006622057,1272.276161765255,1212.4505725404274,1139.0093971688245,1284.2021099385256,1278.5804805116502,5.6216294268754154,23.12625323720844,-0.06223687702691637,0.06223687702691637,0.06223687702691637,0.06223687702691637,-0.06223687702691637,-0.06223687702691637,0.06223687702691637,0.06223687702691637,-0.06223687702691637,36.25,41.20302124023431,1262.880004882812,1177.9432580566413,1186.0729614257818,1194.2026647949224,1.0,0.9679017086935445,0.982940850562379,0.9363024040222837,0.0,1.0,4.0,0.016460616,0.0070551018,0.996832311,0.8660138723999999,-0.14083288015985432,-1
2024-03-19,1216.949951171875,1240.27001953125,1204.02001953125,1238.010009765625,1238.010009765625,2449100.0,0.06223687702691637,1.418229824481001,2.8671239171057508,3.2329040934984854,2.351253045883321,1246.1780029296874,1288.1619995117187,1286.7890014648438,1217.0026692708334,1112.6831005859376,1251.6309929544045,1272.5961890117967,1270.065442281408,1213.2885868756796,1140.9698053390582,1277.0956329888486,1275.575260456389,1.5203725324595325,18.80507709625866,-3.0686335275727785,3.0686335275727785,3.0686335275727785,3.0686335275727785,-3.0686335275727785,-3.0686335275727785,3.0686335275727785,3.0686335275727785,-3.0686335275727785,61.400024414062955,43.0025207519531,1240.27001953125,1172.2333581542966,1180.4739624023434,1188.7145666503902,1.0,0.9674078286753177,0.9835256491898878,0.8868570901536068,0.0,0.0,0.0,0.0,0.0,0.0,0.0,-0.06223687702691637,1
2024-03-20,1239.02001953125,1287.989990234375,1226.589965820312,1276.0,1276.0,4094600.0,3.0686335275727785,1.8445779831414775,3.0978312366869067,3.3004832136794233,2.3742547939596967,1249.80400390625,1280.7619995117188,1288.567333984375,1219.4811686197916,1116.9468005371093,1259.7539953029363,1273.2150637369245,1270.4483169729301,1215.344698781395,1143.6436705798687,1276.9270740674874,1275.6067226448047,1.3203514226827338,15.308131961543477,-5.6426332288401255,-5.6426332288401255,5.6426332288401255,5.6426332288401255,-5.6426332288401255,-5.6426332288401255,5.6426332288401255,5.6426332288401255,-5.6426332288401255,87.60998535156205,45.65751953124995,1287.989990234375,1145.6644738769533,1154.264978027344,1162.8654821777345,1.0,0.9758284555465643,0.9894274982935879,0.9385993008076543,0.0,0.0,0.0,0.0,0.0,0.0,0.0,3.0686335275727785,1
2024-03-21,1328.319946289062,1403.609985351562,1316.0,1348.0,1348.0,7246800.0,5.6426332288401255,3.022696719781714,3.3606359800243464,3.238755893533285,2.472625052337463,1266.95,1274.8609985351563,1291.5986653645834,1223.2481689453125,1122.1593005371094,1289.1693302019576,1286.8123248756654,1275.4516513617734,1219.6940529197097,1147.6903305683861,1287.861370364797,1280.9691876340785,6.8921827307185595,13.624942115378495,-0.4057841767896885,-0.4057841767896885,0.4057841767896885,0.4057841767896885,-0.4057841767896885,0.4057841767896885,0.4057841767896885,0.4057841767896885,-0.4057841767896885,30.069946289062955,45.62101440429681,1403.609985351562,1187.543447265625,1196.6749511718751,1205.806455078125,1.0,0.9937946187511845,1.001831662069696,1.037631760619692,0.0,0.0,0.0,0.0,0.0,0.0,0.0,5.6426332288401255,1
2024-03-22,1350.0,1376.219970703125,1346.150024414062,1353.469970703125,1353.469970703125,3859500.0,0.4057841767896885,2.4531235024045763,2.429179248907703,3.2325068706317928,2.471602411281028,1290.543994140625,1279.3359985351562,1294.2223307291667,1226.9411682128907,1127.310400390625,1310.6028770356802,1298.9318968442942,1280.48509131928,1224.0801485847398,1151.7651749274899,1297.9550011860783,1286.3396160095633,11.61538517651502,13.223030727605801,-0.13964215603950092,0.13964215603950092,-0.13964215603950092,-0.13964215603950092,0.13964215603950092,-0.13964215603950092,-0.13964215603950092,-0.13964215603950092,0.13964215603950092,20.969970703125,45.803009033203054,1376.219970703125,1303.2437536621092,1312.3679565429684,1321.4921594238278,0.0,1.0087607912372527,1.0089850593551057,0.7514846359577637,0.0,0.0,0.0,0.0,0.0,0.0,0.0,0.4057841767896885,-1
2024-03-25,1345.030029296875,1358.43994140625,1337.469970703125,1351.579956054688,1351.579956054688,2123700.0,-0.13964215603950092,2.5050357746861396,2.376560579141217,3.2291144442880855,2.4699624865660144,1313.4119873046875,1285.1819946289063,1296.4936645507812,1230.6980000813803,1132.4136999511718,1324.2619033753494,1308.5042712461839,1285.0718567860806,1228.2604701411317,1155.7219032666424,1306.2049942427875,1291.1722337906835,15.032760452103958,13.584976672505434,-1.4864060191419464,1.4864060191419464,-1.4864060191419464,-1.4864060191419464,1.4864060191419464,-1.4864060191419464,-1.4864060191419464,-1.4864060191419464,-1.4864060191419464,49.429931640625,47.288507080078055,1358.43994140625,1275.4533508300783,1284.613952636719,1293.7745544433594,0.0,1.0219657548843364,1.0120424766471403,0.7359790494093719,0.0,0.0,0.0,0.0,0.0,0.0,0.0,0.13964215603950092,-1
2024-03-26,1364.68994140625,1379.93994140625,1330.510009765625,1331.489990234375,1331.489990234375,2352200.0,-1.4864060191419464,2.8472074301513435,2.4526859972548265,3.2407897688146723,2.4797089620866783,1332.1079833984375,1289.1429931640625,1298.7099975585938,1234.182666015625,1137.3148999023438,1326.6712656616915,1312.6834928804003,1288.0665750730675,1231.6450445704181,1159.2024594442212,1310.0949936261086,1294.158734267994,15.936259358114512,14.05523320962725,-0.9583256246168943,0.9583256246168943,-0.9583256246168943,-0.9583256246168943,0.9583256246168943,-0.9583256246168943,-0.9583256246168943,-0.9583256246168943,-0.9583256246168943,53.97998046875,49.21000366210931,1379.93994140625,1254.4052258300783,1263.862927246094,1273.3206286621096,0.0,1.0333283355393508,1.0106558609574636,0.756817372375223,0.0,0.0,0.0,0.0,0.0,0.0,0.0,1.4864060191419464,-1
2024-03-27,1350.0,1350.0,1296.02001953125,1318.72998046875,1318.72998046875,2558300.0,-0.9583256246168943,2.86143939831885,2.2790514064869023,3.2472165394513217,2.482688701878127,1340.6539794921875,1295.2289916992188,1300.94599609375,1237.5573323567708,1141.9727996826173,1324.0241705973776,1313.7828542601,1290.0448592921439,1234.5002883703635,1162.3614202565882,1311.423453140361,1295.978826579161,15.444626561200039,14.333111879941809,0.5065520470357011,-0.5065520470357011,0.5065520470357011,0.5065520470357011,-0.5065520470357011,0.5065520470357011,0.5065520470357011,0.5065520470357011,0.5065520470357011,18.559936523437045,49.082000732421804,1350.0,1271.6779333496095,1281.5199340820313,1291.3619348144532,1.0,1.0350710091297257,1.0077952884710506,0.7018476836386128,0.0,0.0,0.0,0.0,0.0,0.0,0.0,0.9583256246168943,-1
2024-03-28,1317.900024414062,1330.089965820312,1311.530029296875,1325.410034179688,1325.410034179688,1985600.0,0.5065520470357011,0.8673817832531954,2.2784694709898163,3.244196765355552,2.449745492096881,1336.135986328125,1301.5429931640624,1303.0523315429687,1241.5578328450522,1146.5139001464843,1324.4861251248144,1315.8968869727523,1292.326483478437,1237.4809357739477,1165.590105680808,1313.575234838719,1298.1589160310518,15.416318807667267,14.5497532654869,1.8748896526437564,-1.8748896526437564,1.8748896526437564,1.8748896526437564,-1.8748896526437564,1.8748896526437564,1.8748896526437564,1.8748896526437564,1.8748896526437564,37.569946289062045,46.57249755859366,1330.089965820312,1242.019598388672,1251.8359985351565,1261.6523986816408,1.0,1.0265784483077018,1.0065272881462786,0.702321602475337,0.0,1.0,1.0,0.044452406,0.0232625825,0.992197931,0.6463134735,-0.5065520470357011,1
2024-04-01,1325.680053710938,1362.97998046875,1325.410034179688,1350.260009765625,1350.260009765625,1725200.0,1.8748896526437564,1.3144257954309444,2.1095279567833956,2.7713857224642746,2.428733598238649,1335.493994140625,1313.018994140625,1305.892000325521,1246.4191670735677,1151.1897003173829,1333.0774200050846,1322.1447274805473,1296.064130335675,1241.178610331052,1169.2469354646657,1319.2190463659354,1302.018256307687,17.200790058248458,15.079960624039213,-0.8516878169261743,-0.8516878169261743,-0.8516878169261743,-0.8516878169261743,0.8516878169261743,-0.8516878169261743,-0.8516878169261743,-0.8516878169261743,-0.8516878169261743,38.9599609375,45.871490478515554,1362.97998046875,1227.630471191406,1236.9449707031247,1246.2594702148435,0.0,1.0171170410331423,1.0082689075539941,0.7611816499175853,0.0,1.0,2.0,0.01017537,0.0054497523333333,0.996281564,0.6608432843333333,1.8748896526437564,-1
2024-04-02,1315.7900390625,1342.369995117188,1303.410034179688,1338.760009765625,1338.760009765625,2469400.0,-0.8516878169261743,1.365424139174251,2.172244154044499,2.7743905232167334,2.428253721458074,1332.9300048828125,1323.17099609375,1309.0013346354167,1251.2483337402343,1155.7690002441407,1334.9716165919315,1325.165687896016,1298.8187032021233,1244.3780004764476,1172.6036300052788,1322.225348427426,1304.7398676749415,17.48548075248459,15.56106464972829,1.8263132296695523,1.8263132296695523,1.8263132296695523,1.8263132296695523,-1.8263132296695523,1.8263132296695523,1.8263132296695523,1.8263132296695523,1.8263132296695523,51.549926757812045,45.31748657226556,1342.369995117188,1262.0627014160157,1271.236999511719,1280.411297607422,1.0,1.0073754706064997,1.0073997755793727,0.7829626492257178,0.0,0.0,1.0,0.024390098,0.024390098,0.969214201,0.969214201,0.8516878169261743,1
2024-04-03,1328.0,1376.819946289062,1325.27001953125,1363.2099609375,1363.2099609375,2865000.0,1.8263132296695523,1.3785094749983928,2.1761751647365375,2.6367166753302254,2.4342160887051305,1339.2739990234375,1335.6909912109375,1313.5566650390624,1256.4804992675781,1160.4228997802734,1344.3843980404545,1332.082828449013,1302.9729778947283,1248.2741303276298,1176.3780127960158,1328.530673428976,1309.0709856943902,19.459687734585714,16.340789266699776,-3.3531123045832625,-3.3531123045832625,-3.3531123045832625,-3.3531123045832625,3.3531123045832625,-3.3531123045832625,-3.3531123045832625,-3.3531123045832625,-3.3531123045832625,88.97998046875,47.37799072265616,1376.819946289062,1242.6715246582037,1251.7350219726568,1260.79851928711,0.0,1.0026825125242864,1.0092348383514294,0.8253352304012682,0.0,0.0,0.0,0.0,0.0,0.0,0.0,1.8263132296695523,1
2024-04-04,1385.319946289062,1403.97998046875,1315.0,1317.5,1317.5,2701400.0,-3.3531123045832625,2.1838016575048083,2.4272804627824134,2.744707557013083,2.4692753976642257,1339.0280029296875,1339.8409912109375,1316.5583333333334,1260.5246663411458,1164.4865997314453,1335.4229320269696,1329.4314050946468,1303.9102051273264,1250.5438309726255,1179.1725075921343,1326.833646747595,1309.6953571244353,17.138289623159608,16.500289337991745,-1.6645202057637916,1.6645202057637916,1.6645202057637916,1.6645202057637916,-1.6645202057637916,1.6645202057637916,1.6645202057637916,1.6645202057637916,1.6645202057637916,47.030029296875,47.65848999023431,1403.97998046875,1272.5883666992186,1282.0639648437498,1291.539562988281,1.0,0.9993932203249617,1.0045068342069865,0.8843493932825002,0.0,0.0,0.0,0.0,0.0,0.0,0.0,-3.3531123045832625,1
2024-04-05,1326.0,1361.22998046875,1314.199951171875,1339.430053710938,1339.430053710938,1941600.0,1.6645202057637916,2.308703346883261,1.6710746958129492,2.588496635721125,2.474573402242069,1341.8320068359376,1338.9839965820313,1317.709334309896,1264.8070007324218,1168.7671002197267,1336.7586392549592,1331.2493412066997,1306.201808261753,1253.4581333574881,1182.345924346962,1328.771555511186,1311.897927241954,16.873628269232086,16.574957124239816,-0.2486190388048933,-0.2486190388048933,-0.2486190388048933,-0.2486190388048933,0.2486190388048933,-0.2486190388048933,-0.2486190388048933,-0.2486190388048933,-0.2486190388048933,26.75,43.42498779296871,1361.22998046875,1299.1313024902345,1308.6630004882813,1318.1946984863282,0.0,1.0021269934974402,1.0041384418964412,0.6455773103013546,0.0,1.0,2.0,0.012009729,0.0070014909999999,0.987847686,0.6604794626666667,1.6645202057637916,-1
2024-04-08,1333.650024414062,1342.5,1315.75,1336.099975585938,1336.099975585938,1713900.0,-0.2486190388048933,2.118447483643237,1.6639927555116056,2.041377926494583,2.474865121813035,1339.0,1337.2469970703125,1319.0336669921876,1269.0658345540364,1172.5528997802735,1336.5390846986188,1332.1312747301977,1308.130722282668,1256.167701955142,1185.3905590249612,1329.8990047534555,1313.6906715637306,16.208333189724954,16.501632337336844,-0.15118775302455442,-0.15118775302455442,-0.15118775302455442,-0.15118775302455442,0.15118775302455442,-0.15118775302455442,-0.15118775302455442,-0.15118775302455442,0.15118775302455442,50.839965820312045,43.64398803710931,1342.5,1265.6950073242188,1274.3800048828125,1283.0650024414062,0.0,1.0013109043680994,1.0033088405414954,0.8151321388925683,0.0,2.0,2.0,0.010366427,0.0062459692499999,0.96043539,0.457362609,0.2486190388048933,-1
