Date_VRSN_L01d,Open_VRSN_L01d,High_VRSN_L01d,Low_VRSN_L01d,Close_VRSN_L01d,Adj Close_VRSN_L01d,Volume_VRSN_L01d,Daily_Return_VRSN_L01d,Vol5_VRSN_L01d,Vol10_VRSN_L01d,Vol20_VRSN_L01d,Vol60_VRSN_L01d,SMA5_VRSN_L01d,SMA10_VRSN_L01d,SMA30_VRSN_L01d,SMA60_VRSN_L01d,SMA100_VRSN_L01d,EMA5_VRSN_L01d,EMA10_VRSN_L01d,EMA30_VRSN_L01d,EMA60_VRSN_L01d,EMA100_VRSN_L01d,Short12_VRSN_L01d,Long26_VRSN_L01d,MACD_VRSN_L01d,SIGNAL9_VRSN_L01d,Ret5/10_VRSN_L01d,Ret10/30_VRSN_L01d,Ret30/60_VRSN_L01d,Ret30/100_VRSN_L01d,Emaret5/10_VRSN_L01d,Emaret10/30_VRSN_L01d,Emaret30/60_VRSN_L01d,Emaret30/100_VRSN_L01d,RetMACD_VRSN_L01d,DayRange_VRSN_L01d,average20r_VRSN_L01d,PRVHI_VRSN_L01d,HitLevel_VRSN_L01d,hitlevel_2_VRSN_L01d,hitlevel_1.8_VRSN_L01d,positive_return_dummy,sma_ratio_L01d,ema_ratio_L01d,volatility_ratio_L01d,negative_L01d,neutral_L01d,positive_L01d,negative_max_L01d,negative_avg_L01d,positive_max_L01d,positive_avg_L01d,ret_best,best
2024-01-02,204.0,205.1399993896484,200.3399963378906,201.5599975585938,201.5599975585938,559700.0,-2.136341528375533,0.9842119157253375,0.8005633278513986,1.2927032631857698,1.4405980658560025,205.2760009765625,205.29000091552734,211.01400044759114,208.43516693115234,206.40559997558594,204.61669800463815,206.0844207435976,208.4873678553934,208.44565241865772,208.53321168234066,206.59537662029484,208.3597689733372,-1.7643923530423535,-0.8636171522737845,0.1736410244919141,0.1736410244919141,-0.1736410244919141,-0.1736410244919141,-0.1736410244919141,0.1736410244919141,0.1736410244919141,-0.1736410244919141,0.1736410244919141,3.1900024414062216,3.414999389648429,205.1399993896484,199.64439605712892,200.3239959716797,201.00359588623047,0.0,0.9999318040873768,0.9928780509770531,0.619293963781348,0.0,1.0,0.0,0.001392355,0.001392355,0.004236601,0.004236601,,1
2024-01-03,200.6499938964844,202.0200042724609,198.8300018310547,201.2100067138672,201.2100067138672,711800.0,-0.1736410244919141,0.9309875272299376,0.8007335576898658,1.2794533550770288,1.434006328297733,204.152001953125,204.78600158691407,210.71700083414714,208.33516693115234,206.37800003051757,203.48113424104784,205.19816364728297,208.01786068497236,208.20841813325475,208.38819772256892,205.76685817315212,207.8301569541172,-2.0632987809650842,-1.1035534780120444,1.3567968268150488,1.3567968268150488,-1.3567968268150488,-1.3567968268150488,-1.3567968268150488,1.3567968268150488,1.3567968268150488,1.3567968268150488,1.3567968268150488,3.5099945068359943,3.4109992980956974,202.0200042724609,197.62700073242186,198.31000061035155,198.99300048828124,0.0,0.9969040870524541,0.9916323354180374,0.6258403673040961,0.0,0.0,0.0,0.0,0.0,0.0,0.0,-0.1736410244919141,-1
2024-01-04,201.3099975585938,201.8099975585938,198.3000030517578,198.4799957275391,198.4799957275391,497900.0,-1.3567968268150488,0.9980681032401836,0.8727369458428157,1.2955585836861045,1.4434176202482905,202.6980010986328,204.12000122070313,210.303667195638,208.18033345540366,206.3031999206543,201.81408806987827,203.9766785709659,207.40251455868636,207.88945346421488,208.19199570286537,204.6458024122886,207.13755241881512,-2.49175000652653,-1.3811927837149416,0.7910077081948723,0.7910077081948723,-0.7910077081948723,-0.7910077081948723,-0.7910077081948723,0.7910077081948723,0.7910077081948723,0.7910077081948723,0.7910077081948723,3.7900085449219034,3.4599990844726536,201.8099975585938,194.51580581665038,195.1980056762695,195.88020553588865,0.0,0.9930335091438061,0.9893978541260773,0.6736375775148022,0.0,0.0,0.0,0.0,0.0,0.0,0.0,1.3567968268150488,-1
2024-01-05,198.4799957275391,200.2400054931641,196.4499969482422,196.9100036621094,196.9100036621094,475800.0,-0.7910077081948723,0.840976987311013,0.8849804333364131,1.2977338756610268,1.4458103440275056,200.82400207519532,203.38300170898438,209.78066711425782,207.99066696166992,206.18970001220703,200.17939326728867,202.69182858753743,206.72557837181046,207.5294715034901,207.9685899198801,203.45567952764566,206.3799562146147,-2.9242766869690513,-1.6898095643657634,-1.0613967289731792,-1.0613967289731792,1.0613967289731792,1.0613967289731792,1.0613967289731792,-1.0613967289731792,-1.0613967289731792,-1.0613967289731792,-1.0613967289731792,2.429992675781307,3.463999176025388,200.2400054931641,194.19799957275396,194.8899993896485,195.58199920654303,1.0,0.9874178293550281,0.9876046541305749,0.6819429236873628,0.0,0.0,0.0,0.0,0.0,0.0,0.0,0.7910077081948723,1
2024-01-08,197.6600036621094,199.0599975585938,196.6300048828125,199.0,199.0,432900.0,1.0613967289731792,1.212452749305215,0.9876919937242856,1.3398724187506366,1.4482227853690892,199.4320007324219,202.83700103759764,209.27533365885418,207.80583368937172,206.11839996337892,199.7862621781925,202.020587026167,206.22715396072593,207.24981670009697,207.79099407988247,202.77019036954633,205.8332927913099,-3.063102421763574,-1.9644681358453258,0.7185892843121574,0.7185892843121574,-0.7185892843121574,-0.7185892843121574,-0.7185892843121574,0.7185892843121574,0.7185892843121574,0.7185892843121574,0.7185892843121574,1.8300018310546875,3.3974990844726562,199.0599975585938,192.61920730590825,193.31200714111333,194.0048069763184,0.0,0.9832131204476613,0.9889401130802322,0.7371537617329705,0.0,0.0,1.0,0.113808125,0.113808125,0.881509364,0.881509364,1.0613967289731792,1
2024-01-09,198.1199951171875,199.1000061035156,197.2700042724609,197.5700073242188,197.5700073242188,419900.0,-0.7185892843121574,0.9160613853570012,0.8971950989162187,1.3393443323438756,1.4493016954536753,198.63400268554688,201.9550018310547,208.75333404541016,207.61650060017902,206.04540008544922,199.0475105602013,201.21139071672184,205.66862837127388,206.93244590088784,207.5885983025426,201.9701622087267,205.22119757152538,-3.2510353627986888,-2.2217815812359984,-2.9609711129516136,-2.9609711129516136,2.9609711129516136,2.9609711129516136,2.9609711129516136,-2.9609711129516136,-2.9609711129516136,-2.9609711129516136,-2.9609711129516136,4.389999389648494,3.529499053955081,199.1000061035156,191.58549957275397,192.2649993896485,192.94449920654301,1.0,0.9835557469961255,0.989245737287473,0.6698763546086105,0.0,0.0,1.0,0.009630679,0.009630679,0.987992167,0.987992167,-0.7185892843121574,-1
2024-01-10,199.1900024414062,203.5800018310547,199.1900024414062,203.4199981689453,203.4199981689453,610400.0,2.9609711129516136,1.7755012773178853,1.3978715264705586,1.5240098404733,1.4990903041633086,199.0760009765625,201.61400146484374,208.4020004272461,207.54900054931642,206.06850006103517,200.50500642978264,201.6129557080352,205.52355545499464,206.81728368016843,207.50605176524365,202.19321389491418,205.08777539355648,-2.894561498642304,-2.3563375647172595,-0.16714007518976637,-0.16714007518976637,0.16714007518976637,0.16714007518976637,0.16714007518976637,-0.16714007518976637,-0.16714007518976637,-0.16714007518976637,-0.16714007518976637,2.679992675781307,3.4994987487793012,203.5800018310547,191.33510818481443,192.04100799560544,192.74690780639645,1.0,0.9874115861505591,0.9945045730103921,0.9172326118553358,0.0,0.0,1.0,0.003837077,0.003837077,0.994052708,0.994052708,-2.9609711129516136,-1
2024-01-11,203.0800018310547,204.3099975585938,201.6300048828125,203.7599945068359,203.7599945068359,446200.0,0.16714007518976637,1.5514129039305693,1.394876274144577,1.4832051667960244,1.4804098561818948,200.1320007324219,201.41500091552734,208.07766672770182,207.42533391316732,206.0927000427246,201.59000245546707,202.00332639872624,205.409777329307,206.71704469087882,207.431872413592,202.43425706597907,204.9894212537994,-2.5551641878203384,-2.3961028893378753,-0.2061239596917999,-0.2061239596917999,0.2061239596917999,0.2061239596917999,0.2061239596917999,-0.2061239596917999,-0.2061239596917999,-0.2061239596917999,-0.2061239596917999,1.889999389648409,3.4189987182617214,204.3099975585938,195.8811045837402,196.58100433349608,197.28090408325195,1.0,0.9936300663938952,0.9979538755592404,0.94044728630345,0.0,0.0,0.0,0.0,0.0,0.0,0.0,-0.16714007518976637,1
2024-01-12,205.1399993896484,205.8699951171875,203.9799957275391,204.1799926757812,204.1799926757812,282900.0,0.2061239596917999,1.3943258185972272,1.3935519031641113,1.4290998553323326,1.4674889283099697,201.58599853515625,201.2050003051758,207.8269999186198,207.25716705322264,206.1152000427246,202.45333252890512,202.3990839036453,205.33043638391825,206.63386265759692,207.36747875541752,202.7028317751794,204.92946358135362,-2.2266318061742254,-2.3622086727051457,-0.8521844925021338,0.8521844925021338,-0.8521844925021338,-0.8521844925021338,-0.8521844925021338,-0.8521844925021338,0.8521844925021338,0.8521844925021338,-0.8521844925021338,2.0500030517578978,2.998498535156256,205.8699951171875,196.78820037841803,197.47200012207037,198.1557998657227,0.0,1.0018935823135737,1.0002680280177831,0.9751256344785265,0.0,1.0,0.0,0.001270912,0.001270912,0.002603083,0.002603083,0.2061239596917999,1
2024-01-16,203.4400024414062,204.0599975585938,202.0099945068359,202.4400024414062,202.4400024414062,382000.0,-0.8521844925021338,1.5377258037928607,1.4142519127821493,1.0928119886754077,1.4695471117243293,202.2739990234375,200.8529998779297,207.5016667683919,207.08050053914388,206.10970001220704,202.4488891664055,202.40652363778366,205.14395677472393,206.49635904395132,207.26990496702126,202.66239649306044,204.74505905246863,-2.082662559408192,-2.306299450045755,-0.29638712521220256,0.29638712521220256,-0.29638712521220256,-0.29638712521220256,-0.29638712521220256,-0.29638712521220256,0.29638712521220256,0.29638712521220256,-0.29638712521220256,2.4100036621092897,2.8589988708496152,204.0599975585938,199.27329833984373,199.87299804687498,200.47269775390623,0.0,1.007074821617658,1.0002093091065467,1.2941401882828514,0.0,0.0,0.0,0.0,0.0,0.0,0.0,-0.8521844925021338,1
2024-01-17,201.4900054931641,203.4700012207031,201.0599975585938,201.8399963378906,201.8399963378906,414900.0,-0.29638712521220256,1.4744839391378382,1.2377051440778915,1.0237048543057168,1.467922282849352,203.12799682617188,200.88099975585936,206.97066650390624,206.9168337504069,206.07619995117187,202.24592489023388,202.30351867416672,204.93079803686373,206.3436914142444,207.16238202387015,202.53587339226507,204.52986922175916,-1.9939958294940823,-2.2438387259354204,1.0652047137745027,-1.0652047137745027,1.0652047137745027,1.0652047137745027,1.0652047137745027,-1.0652047137745027,-1.0652047137745027,-1.0652047137745027,1.0652047137745027,4.639999389648409,2.891999053955085,203.4700012207031,197.77020004272464,198.34199981689457,198.9137995910645,1.0,1.0111857123025243,0.9997153100237194,1.2090449106225163,0.0,0.0,0.0,0.0,0.0,0.0,0.0,-0.29638712521220256,-1
2024-01-18,200.75,204.8899993896484,200.25,203.9900054931641,203.9900054931641,350300.0,1.0652047137745027,0.7075202544252551,1.2774526606990873,1.0566393964221288,1.4597431037021062,203.2419982910156,201.15899963378905,206.47933349609374,206.8480005900065,206.09039993286132,202.82728509121063,202.61015264125712,204.87010174372182,206.26652138404503,207.09956268662845,202.75958602317263,204.4898793159373,-1.7302932927646566,-2.1411296393012678,0.6764986454543009,-0.6764986454543009,-0.6764986454543009,0.6764986454543009,0.6764986454543009,0.6764986454543009,-0.6764986454543009,-0.6764986454543009,0.6764986454543009,2.8500061035155966,2.8884994506835993,204.8899993896484,197.1076033020019,197.68600311279292,198.26440292358393,1.0,1.0103549861602943,1.001071676059284,1.2089769367152607,0.0,0.0,0.0,0.0,0.0,0.0,0.0,-1.0652047137745027,-1
2024-01-19,204.5,206.8899993896484,204.0399932861328,205.3699951171875,205.3699951171875,359100.0,0.6764986454543009,0.7617578992663089,1.1691551930650255,1.0619858624982694,1.458705706567877,203.56399841308593,201.8479995727539,206.0856669108073,206.83050053914388,206.08669982910158,203.6748550998696,203.11194218233535,204.9023529291067,206.23712708021364,207.06531382386723,203.16118742225183,204.55507307899285,-1.3938856567410198,-1.9916808427892183,-0.05356216242242337,0.05356216242242337,0.05356216242242337,-0.05356216242242337,-0.05356216242242337,-0.05356216242242337,0.05356216242242337,0.05356216242242337,-0.05356216242242337,2.479995727539091,2.832498931884774,206.8899993896484,198.5353005981445,199.11300048828122,199.69070037841794,0.0,1.008501440905851,1.0027714417551525,1.1009140840299376,0.0,1.0,1.0,0.048329562,0.0249875865,0.939832747,0.4740375595,-0.6764986454543009,1
2024-01-22,206.5200042724609,207.6999969482422,205.2200012207031,205.2599945068359,205.2599945068359,336200.0,-0.05356216242242337,0.7666513346868723,1.111153990754089,1.0573278295563016,1.4584456883436143,203.77999877929685,202.68299865722656,205.72833353678385,206.803667195638,206.07399978637696,204.2032349021917,203.50249715042634,204.9254265792828,206.20508994666028,207.02956492650026,203.48408081988015,204.6072894810553,-1.1232086611751413,-1.817986406466403,0.5310394747396264,-0.5310394747396264,-0.5310394747396264,0.5310394747396264,0.5310394747396264,0.5310394747396264,-0.5310394747396264,-0.5310394747396264,0.5310394747396264,1.710006713867216,2.7749992370605554,207.6999969482422,200.6585017395019,201.22500152587887,201.7915013122558,1.0,1.005412393389371,1.0034433865017753,1.050907731446334,0.0,0.0,0.0,0.0,0.0,0.0,0.0,-0.05356216242242337,-1
2024-01-23,206.1699981689453,207.5700073242188,205.8600006103516,206.3500061035156,206.3500061035156,230400.0,0.5310394747396264,0.5535344732153087,1.0896759414799355,1.0632484086960532,1.4598361507527318,204.56199951171874,203.41799926757812,205.45366719563802,206.80166727701823,206.06399978637694,204.91882530263302,204.02022605098801,205.01733493568491,206.20984129606538,207.0161083161441,203.9249924019779,204.73637960123753,-0.8113871992596273,-1.616666565025048,-1.1485390384663177,1.1485390384663177,1.1485390384663177,-1.1485390384663177,-1.1485390384663177,-1.1485390384663177,1.1485390384663177,1.1485390384663177,-1.1485390384663177,4.189987182617216,2.8619987487793113,207.5700073242188,201.59499862670896,202.14999847412108,202.7049983215332,0.0,1.0056238889786533,1.004404461601863,1.024855464224294,0.0,0.0,0.0,0.0,0.0,0.0,0.0,-0.5310394747396264,-1
2024-01-24,206.8600006103516,208.0399932861328,203.8500061035156,203.9799957275391,203.9799957275391,314000.0,-1.1485390384663177,0.8612593323309266,1.1444459834006961,1.0736948019581911,1.4623857644227214,204.98999938964843,204.05899810791016,205.15400034586588,206.79250055948893,206.01259979248047,204.60588211093506,204.01291144672456,204.95040982548198,206.13673160529402,206.9559872747856,203.93345445206424,204.68035116614874,-0.7468967140844995,-1.4427125948369384,-0.46083069962500733,0.46083069962500733,0.46083069962500733,-0.46083069962500733,-0.46083069962500733,-0.46083069962500733,0.46083069962500733,0.46083069962500733,-0.46083069962500733,3.3600006103515057,2.9179992675781365,208.0399932861328,201.27361007690433,201.84600982666018,202.41840957641605,0.0,1.0045624122943402,1.002906534983524,1.065895058179913,0.0,0.0,1.0,0.339868426,0.339868426,0.651774406,0.651774406,1.1485390384663177,1
2024-01-25,204.3899993896484,205.5899963378906,202.2299957275391,203.0399932861328,203.0399932861328,341400.0,-0.46083069962500733,0.7470864079615925,0.6904457416748689,1.075467933124497,1.2486755675402068,204.79999694824218,204.02099761962887,204.78899993896485,206.96600036621095,205.96509979248046,204.0839191693343,203.83601723570786,204.82715714552398,206.0351992013871,206.87844283936673,203.7959988880748,204.55884317503643,-0.7628442869616379,-1.3067389332618784,0.03447957374590781,-0.03447957374590781,-0.03447957374590781,0.03447957374590781,0.03447957374590781,0.03447957374590781,-0.03447957374590781,-0.03447957374590781,0.03447957374590781,1.8099975585937784,2.9054992675781364,205.5899963378906,201.62039489746093,202.20399475097653,202.78759460449217,1.0,1.0038182311512154,1.0012161831701205,0.6419956564106523,0.0,0.0,0.0,0.0,0.0,0.0,0.0,-0.46083069962500733,1
2024-01-26,203.2400054931641,203.3600006103516,201.5500030517578,203.1100006103516,203.1100006103516,287200.0,0.03447957374590781,0.6278344791860893,0.6877935802647647,1.0708049725646975,1.1949540627042363,204.347998046875,203.95599822998045,204.33233337402345,207.04900029500325,205.94469985961913,203.75927964967343,203.7040142129158,204.71637285293224,205.93929105086133,206.80382022097038,203.69046069150198,204.4515215035783,-0.7610608120763231,-1.1976033090247673,-0.10339555572650833,0.10339555572650833,0.10339555572650833,-0.10339555572650833,-0.10339555572650833,-0.10339555572650833,0.10339555572650833,0.10339555572650833,-0.10339555572650833,2.580001831054716,2.9604995727539176,203.3600006103516,199.19789794921869,199.77899780273432,200.36009765624996,0.0,1.0019219822917516,1.0002713026396224,0.6423145184107824,0.0,0.0,1.0,0.450245529,0.450245529,0.541827679,0.541827679,0.03447957374590781,1
2024-01-29,203.0099945068359,204.8200073242188,202.2400054931641,202.8999938964844,202.8999938964844,433800.0,-0.10339555572650833,0.6249308907378534,0.6829434913385436,1.0682246462602438,1.1913060323054019,203.8759979248047,203.82799835205077,203.76166636149088,207.10300013224284,205.911199798584,203.4728510652771,203.55782870083738,204.59918711380658,205.83964196383255,206.7265167293964,203.56885041534542,204.33659353268246,-0.7677431173370337,-1.1116312706872207,-0.5421344888200365,-0.5421344888200365,0.5421344888200365,-0.5421344888200365,-0.5421344888200365,0.5421344888200365,0.5421344888200365,0.5421344888200365,-0.5421344888200365,2.429992675781307,2.950999450683608,204.8200073242188,196.84690155029298,197.43900146484376,198.03110137939453,0.0,1.0002354905760837,0.9995825381116382,0.6393257202307266,0.0,0.0,0.0,0.0,0.0,0.0,0.0,-0.10339555572650833,1
2024-01-30,202.8999938964844,203.6499938964844,201.2200012207031,201.8000030517578,201.8000030517578,1042300.0,-0.5421344888200365,0.46131414505321044,0.6492274585146817,1.0732046085949123,1.1440336588321978,202.96599731445312,203.76399841308594,203.471999613444,207.2241668701172,205.87339981079103,202.91523506077067,203.23822403736835,204.4185945936744,205.70719478638748,206.62896200310652,203.29672005171656,204.14869794150286,-0.8519778897862977,-1.0597005945070361,1.4469762759103573,-1.4469762759103573,1.4469762759103573,-1.4469762759103573,-1.4469762759103573,1.4469762759103573,1.4469762759103573,1.4469762759103573,-1.4469762759103573,5.230010986328097,2.9724998474121223,203.6499938964844,198.32780853271487,198.91800842285159,199.5082083129883,0.0,0.9960836992557681,0.9984107862675562,0.6049428536881513,0.0,0.0,0.0,0.0,0.0,0.0,0.0,-0.5421344888200365,1
2024-01-31,200.8000030517578,203.4600067138672,198.2299957275391,198.8800048828125,198.8800048828125,705900.0,-1.4469762759103573,0.5794320485806922,0.7887040643366767,1.0136620504839347,1.0941647064712832,201.9459991455078,203.46799926757814,203.21299997965494,207.19966684977214,205.78469985961914,201.57015833478462,202.44582055472182,204.06126622523172,205.48335249446697,206.47551730765517,202.6172254103467,203.75842438159987,-1.141198971253175,-1.076000269856264,-0.6888551305068361,0.6888551305068361,-0.6888551305068361,0.6888551305068361,0.6888551305068361,-0.6888551305068361,-0.6888551305068361,-0.6888551305068361,-0.6888551305068361,2.539993286132784,2.93999938964845,203.4600067138672,197.11049423217773,197.70499420166016,198.29949417114258,1.0,0.9925197076319173,0.9956745848467615,0.7780739783640315,0.0,0.0,0.0,0.0,0.0,0.0,0.0,-1.4469762759103573,-1
2024-02-01,199.0,200.8600006103516,198.3200073242188,200.25,200.25,546100.0,0.6888551305068361,0.7904310274886466,0.7314503274732252,1.026925193257496,1.0889349897925298,201.38800048828125,203.09399871826173,203.01299997965495,207.16233342488607,205.7215998840332,201.1301055565231,202.0465804538633,203.81537808166837,205.3117671667795,206.35223973720653,202.25303688567797,203.49854109407397,-1.2455042083959995,-1.1099010575642112,0.32459120923066337,-0.32459120923066337,0.32459120923066337,-0.32459120923066337,-0.32459120923066337,0.32459120923066337,0.32459120923066337,0.32459120923066337,0.32459120923066337,2.6499938964844034,2.896999359130871,200.8600006103516,196.9920080566406,197.5800079345703,198.16800781249998,0.0,0.9915999574544441,0.9954640415329895,0.7122722592412025,0.0,0.0,0.0,0.0,0.0,0.0,0.0,-0.6888551305068361,-1
2024-02-02,201.1699981689453,201.1699981689453,198.5200042724609,199.6000061035156,199.6000061035156,427500.0,-0.32459120923066337,0.7715013405415743,0.6664463301393043,0.9810630682257196,1.0882654839123105,200.68600158691407,202.51699981689453,202.82833353678384,207.1005002339681,205.695,200.6200724055206,201.60174875380005,203.54341859920692,205.12449631224627,206.21853214049978,201.84487830380684,203.20976072440297,-1.3648824205961319,-1.1608973301705954,0.6262524858600109,0.6262524858600109,0.6262524858600109,-0.6262524858600109,-0.6262524858600109,0.6262524858600109,0.6262524858600109,0.6262524858600109,0.6262524858600109,2.419998168945284,2.8284988403320397,201.1699981689453,194.48660202026366,195.06600189208984,195.64540176391603,0.0,0.9909587924389758,0.9951306159081076,0.679310384544993,0.0,0.0,0.0,0.0,0.0,0.0,0.0,0.32459120923066337,-1
2024-02-05,199.3200073242188,199.9799957275391,197.5599975585938,198.3500061035156,198.3500061035156,556500.0,-0.6262524858600109,0.7658709958127787,0.669181686407137,0.9744522066854433,1.0902964771369388,199.7760040283203,201.8260009765625,202.63066711425782,207.0086669921875,205.69370010375977,199.8633836381856,201.01052281738467,203.20835972851717,204.90238187917313,206.06271974372783,201.3072056576082,202.84977890063354,-1.5425732430253447,-1.2372325127415453,-0.18149765529309464,-0.18149765529309464,-0.18149765529309464,0.18149765529309464,0.18149765529309464,-0.18149765529309464,-0.18149765529309464,-0.18149765529309464,-0.18149765529309464,2.3899993896484943,2.8264991760253992,199.9799957275391,194.94730072021483,195.51300048828122,196.07870025634764,1.0,0.9898427509918295,0.994293138671943,0.6867260208515812,0.0,0.0,0.0,0.0,0.0,0.0,0.0,0.6262524858600109,-1
2024-02-06,199.0500030517578,200.6499938964844,198.2599945068359,198.7100067138672,198.7100067138672,513700.0,0.18149765529309464,0.8111910319912814,0.6263993146495869,0.9453835597215584,1.087773789870663,199.1580047607422,201.06200103759767,202.43900044759116,206.90350036621095,205.6861001586914,199.47892466341284,200.59224716219967,202.91814340499138,204.6993531852287,205.91712146590882,200.90763658934034,202.5431291090212,-1.6354925196808665,-1.3168845141294097,-0.7900921002385294,-0.7900921002385294,-0.7900921002385294,0.7900921002385294,0.7900921002385294,-0.7900921002385294,-0.7900921002385294,-0.7900921002385294,-0.7900921002385294,3.050003051757784,2.887499237060554,200.6499938964844,193.76169754028322,194.3269973754883,194.89229721069339,1.0,0.9905303027572105,0.9944498228892835,0.6625874844217502,0.0,0.0,0.0,0.0,0.0,0.0,0.0,-0.18149765529309464,-1
2024-02-07,199.3399963378906,201.4700012207031,198.4199981689453,200.2799987792969,200.2799987792969,864100.0,0.7900921002385294,0.6181733526444212,0.6594453636397346,0.9454772894710536,1.0915553817800328,199.43800354003906,200.69200134277344,202.23533376057944,206.840833791097,205.6848001098633,199.74594936870756,200.53547472894462,202.74794052591434,204.55445631946043,205.8054952740947,200.81107692625676,202.37548982533792,-1.5644128990811623,-1.3663901911197602,-0.36948546918031067,-0.36948546918031067,-0.36948546918031067,0.36948546918031067,0.36948546918031067,-0.36948546918031067,-0.36948546918031067,-0.36948546918031067,-0.36948546918031067,1.8799896240233807,2.7619987487792983,201.4700012207031,194.29749557495117,194.8749954223633,195.4524952697754,1.0,0.9937516303871393,0.996062914248443,0.6974735099228674,0.0,0.0,0.0,0.0,0.0,0.0,0.0,-0.7900921002385294,1
2024-02-08,201.0,201.6999969482422,199.8200073242188,201.0200042724609,201.0200042724609,789700.0,0.36948546918031067,0.5614271852798841,0.6724314684045457,0.6646328281308671,1.0724524480195894,199.59200439453124,200.49000244140626,202.04166717529296,206.73683395385743,205.68780014038086,200.17063433662537,200.62357100958394,202.63646076762703,204.4385726457883,205.71073307604254,200.84321959490356,202.27508348808777,-1.4318638931842145,-1.3794849315326512,1.3133018274490607,1.3133018274490607,1.3133018274490607,-1.3133018274490607,-1.3133018274490607,1.3133018274490607,1.3133018274490607,1.3133018274490607,1.3133018274490607,5.9199981689453125,2.9239990234374984,201.6999969482422,195.39360397338865,195.94600372314449,196.49840347290035,0.0,0.9955209834109436,0.9977423556430618,1.0117337572620517,0.0,1.0,0.0,0.00137263,0.00137263,0.004998225,0.004998225,0.36948546918031067,-1
2024-02-09,202.2200012207031,203.0,197.0800018310547,198.3800048828125,198.3800048828125,1484800.0,-1.3133018274490607,0.8424703050851242,0.7708234159668156,0.7185809258298804,1.083039435399548,199.34800415039064,200.01700286865236,201.7960006713867,206.5745007832845,205.67440017700196,199.57375785202112,200.2156498956255,202.36185071054223,204.23993107978907,205.56557014152315,200.4642634853511,201.98655914695627,-1.5222956616051704,-1.4080470775471552,1.2803752809777091,1.2803752809777091,1.2803752809777091,-1.2803752809777091,-1.2803752809777091,1.2803752809777091,1.2803752809777091,1.2803752809777091,1.2803752809777091,4.4499969482421875,3.0519989013671873,203.0,195.2671990966797,195.85199890136718,196.4367987060547,0.0,0.9966552907569511,0.9967939966534135,1.0727023056959115,1.0,2.0,0.0,0.974644601,0.326175811,0.024163017,0.0117545749999999,1.3133018274490607,-1
2024-02-12,197.6100006103516,198.3600006103516,193.9100036621094,195.8399963378906,195.8399963378906,1140100.0,-1.2803752809777091,0.9803094781718443,0.8359930844856245,0.7576631023227511,1.0941262637479614,198.84600219726562,199.31100311279297,201.4480005900065,206.37016728719075,205.62880020141603,198.32917068064427,199.42007652149186,201.94108591230665,203.9645233833334,205.37298452164924,199.75283777035716,201.53125819813658,-1.778420427779423,-1.4821217475936088,0.6791267646676127,0.6791267646676127,0.6791267646676127,-0.6791267646676127,-0.6791267646676127,0.6791267646676127,0.6791267646676127,0.6791267646676127,0.6791267646676127,3.559997558593807,3.127498626708983,198.3600006103516,196.2856024169922,196.89600219726563,197.50640197753907,0.0,0.9976669581294305,0.9945296087541616,1.1033836568294522,0.0,0.0,1.0,0.001400544,0.001400544,0.997921169,0.997921169,1.2803752809777091,-1
2024-02-13,195.3300018310547,196.5,192.9400024414062,194.5099945068359,194.5099945068359,653900.0,-0.6791267646676127,0.9608532236108144,0.84059440644457,0.7508473119567037,1.0934977426063748,198.00599975585936,198.58200225830078,201.0663335164388,206.16950047810872,205.56640014648437,197.0561119560415,198.52733433700894,201.4616606603408,203.65453883000558,205.15787580848462,198.9462464990462,201.01116459137356,-2.0649180923273605,-1.598681016540359,-0.4215759330505558,-0.4215759330505558,-0.4215759330505558,0.4215759330505558,0.4215759330505558,-0.4215759330505558,-0.4215759330505558,-0.4215759330505558,-0.4215759330505558,3.049987792968693,3.159497833251953,196.5,191.47950363159183,192.10500335693362,192.73050308227542,1.0,0.997099422425542,0.9925893208314076,1.1195277562544452,0.0,0.0,0.0,0.0,0.0,0.0,0.0,0.6791267646676127,1
2024-02-14,194.0800018310547,196.3699951171875,193.3200073242188,195.3300018310547,195.3300018310547,586100.0,0.4215759330505558,0.8526095755873523,0.7785166069726503,0.7629073980261691,1.0793949026214766,197.01600036621093,198.227001953125,200.8586669921875,205.93633371988932,205.5164001464844,196.48074191437925,197.94600115410816,201.0660697681288,203.3816031906957,204.9632644425949,198.38990116550906,200.59033772023884,-2.2004365547297766,-1.7190321241782427,-1.2747685812841907,-1.2747685812841907,-1.2747685812841907,1.2747685812841907,1.2747685812841907,-1.2747685812841907,-1.2747685812841907,-1.2747685812841907,-1.2747685812841907,3.1600036621094034,3.085498046875003,196.3699951171875,189.54910476684572,190.1810043334961,190.8129039001465,1.0,0.9938908343717954,0.9925976820386073,1.0204601619893399,0.0,0.0,0.0,0.0,0.0,0.0,0.0,0.4215759330505558,1
2024-02-15,195.8999938964844,197.8500061035156,194.6900024414062,197.8200073242188,197.8200073242188,605400.0,1.2747685812841907,1.1325912870272616,0.8678608014556696,0.7818396427614095,1.0923587987194654,196.3760009765625,197.98400268554687,200.74566701253255,205.73133392333983,205.49740020751952,196.92716371765914,197.92309318503735,200.85664638465076,203.19925578523743,204.82181380658744,198.30222518992593,200.3851280612744,-2.082902871348466,-1.7918062736122875,1.8097268721597208,1.8097268721597208,1.8097268721597208,-1.8097268721597208,-1.8097268721597208,1.8097268721597208,1.8097268721597208,1.8097268721597208,1.8097268721597208,3.5199890136719034,3.1189971923828184,197.8500061035156,189.5818994140625,190.1989990234375,190.8160986328125,0.0,0.9918781230444244,0.9949680987127302,1.1100240432813546,0.0,2.0,0.0,0.005223596,0.005223596,0.017443011,0.017443011,1.2747685812841907,-1
2024-02-16,196.9100036621094,197.6199951171875,194.1000061035156,194.2400054931641,194.2400054931641,583700.0,-1.8097268721597208,1.2568886811856417,1.020647321318074,0.8389854551959297,1.1127650741877888,195.54800109863282,197.44800262451173,200.60433400472004,205.45400060017903,205.43040023803712,196.03144430949413,197.25344087742403,200.4297663271355,202.9055098740219,204.6122730479058,197.67726831350103,199.92993379696992,-2.2526654834688884,-1.8839781155836077,1.0348073047679862,1.0348073047679862,1.0348073047679862,-1.0348073047679862,-1.0348073047679862,1.0348073047679862,1.0348073047679862,1.0348073047679862,1.0348073047679862,3.1999969482421875,3.154997253417973,197.6199951171875,190.9882122802734,191.61201171874995,192.23581115722652,0.0,0.9903772056408585,0.9938049416907802,1.2165256441540104,0.0,0.0,0.0,0.0,0.0,0.0,0.0,1.8097268721597208,1
2024-02-20,193.3399963378906,195.1999969482422,192.0,192.2299957275391,192.2299957275391,569300.0,-1.0348073047679862,1.218820619533036,1.0445174953604224,0.8539215464994071,1.1117326572441373,194.8260009765625,196.83600158691405,200.44833374023438,205.1145004272461,205.34980026245117,194.7642947821758,196.34008721380854,199.90074886909704,202.55549301676018,204.36707943760152,196.83922637719917,199.35956801404913,-2.520341636849963,-2.011250819836879,-0.2861171846132536,-0.2861171846132536,-0.2861171846132536,-0.2861171846132536,0.2861171846132536,-0.2861171846132536,-0.2861171846132536,-0.2861171846132536,-0.2861171846132536,1.75,3.156996917724612,195.1999969482422,190.67900115966796,191.31000061035155,191.94100006103514,1.0,0.9897884503132217,0.9919741686275367,1.2232007725327347,1.0,0.0,0.0,0.942589164,0.942589164,0.054410871,0.054410871,-1.0348073047679862,1
2024-02-21,192.5,193.2100067138672,191.4600067138672,192.7799987792969,192.7799987792969,519200.0,0.2861171846132536,1.2330782583485875,1.0504719692540563,0.842697791695505,1.1071143000314203,194.48000183105472,196.24300079345704,200.24100036621093,204.75816701253254,205.2729002380371,194.10286278121617,195.6927984075337,199.44134563749702,202.2349850089745,204.1376322958529,196.21472982367575,198.8721925151786,-2.657462691502843,-2.1404931941700718,-0.7729046076350639,-0.7729046076350639,-0.7729046076350639,-0.7729046076350639,0.7729046076350639,-0.7729046076350639,-0.7729046076350639,-0.7729046076350639,-0.7729046076350639,3.299987792968693,3.1124969482421863,193.2100067138672,188.25460372924803,188.88600311279296,189.5174024963379,1.0,0.9910162453933434,0.9918753493268236,1.2465583505808298,0.0,0.0,0.0,0.0,0.0,0.0,0.0,0.2861171846132536,1
2024-02-22,194.1100006103516,196.4299926757812,193.1300048828125,194.2700042724609,194.2700042724609,635300.0,0.7729046076350639,1.2843330151230936,1.0485069333310675,0.8546503272561292,1.1131658681782939,194.26800231933595,195.64200134277343,200.13100026448566,204.44216715494792,205.1897003173828,194.15857661163108,195.43410856479318,199.1077107107205,201.9738380995806,203.94223372113228,195.915541277335,198.5312896823847,-2.6157484050497146,-2.2355442363460005,-1.1787683305556604,-1.1787683305556604,-1.1787683305556604,-1.1787683305556604,1.1787683305556604,-1.1787683305556604,-1.1787683305556604,-1.1787683305556604,-1.1787683305556604,2.4799957275390057,3.068496704101561,196.4299926757812,186.36251342773437,186.98501281738282,187.60751220703125,1.0,0.9929769731754575,0.9934733401322359,1.2268256383839675,0.0,0.0,0.0,0.0,0.0,0.0,0.0,0.7729046076350639,1
2024-02-23,194.3600006103516,196.8399963378906,194.3600006103516,196.5599975585938,196.5599975585938,398700.0,1.1787683305556604,1.2590719988676975,1.1336340808967507,0.9092543298189438,1.1246014074063266,194.016000366211,195.1960006713867,199.90233357747397,204.15216700236002,205.13000030517577,194.95905026061868,195.6388156545751,198.94334212026075,201.79633513102365,203.79605082682457,196.01468839752866,198.38526804358537,-2.3705796460567115,-2.2625513182881427,1.800973407662787,1.800973407662787,1.800973407662787,1.800973407662787,-1.800973407662787,1.800973407662787,1.800973407662787,1.800973407662787,1.800973407662787,3.3800048828125,3.146997070312497,196.8399963378906,189.67929992675775,190.29299926757807,190.9066986083984,0.0,0.9939547926129785,0.9965254063122289,1.2467733655142303,0.0,1.0,0.0,0.00144923,0.00144923,0.003613294,0.003613294,1.1787683305556604,-1
2024-02-26,196.0,196.0,192.6199951171875,193.0200042724609,193.0200042724609,548500.0,-1.800973407662787,1.256140137187006,1.1948110022923881,0.9787640087046519,1.1449633360941742,193.77200012207032,194.66000061035157,199.5443339029948,203.8110003153483,205.03680038452148,194.31270159789943,195.16266813055432,198.56119129137045,201.50858657828388,203.5826637663421,195.55396776290286,197.98784109757614,-2.4338733346732795,-2.2968157215651703,-0.2797602705316804,-0.2797602705316804,-0.2797602705316804,-0.2797602705316804,0.2797602705316804,-0.2797602705316804,-0.2797602705316804,-0.2797602705316804,-0.2797602705316804,1.910003662109375,3.1134971618652303,196.0,189.9166027832031,190.5460021972656,191.1754016113281,1.0,0.9954381974442775,0.9956448303315555,1.220734509714619,0.0,0.0,0.0,0.0,0.0,0.0,0.0,1.800973407662787,-1
2024-02-27,192.1799926757812,193.9600067138672,192.0500030517578,193.5599975585938,193.5599975585938,503800.0,0.2797602705316804,1.1497623517223865,1.1487697787819688,0.9855087192739342,1.142854420896709,194.03800048828126,194.43200073242187,199.1903340657552,203.5086669921875,204.9593003845215,194.06180025146423,194.87127348110695,198.2385336311913,201.24797710222848,203.3841951285649,195.2472031160861,197.65985268728116,-2.412649571195061,-2.3199824914911487,-0.439143477080426,-0.439143477080426,-0.439143477080426,-0.439143477080426,0.439143477080426,-0.439143477080426,-0.439143477080426,-0.439143477080426,-0.439143477080426,2.1900024414062784,3.1014976501464786,193.9600067138672,189.1503062438965,189.77300567626955,190.39570510864257,1.0,0.9979735833471012,0.9958461131023439,1.1656617098510462,0.0,0.0,0.0,0.0,0.0,0.0,0.0,-0.2797602705316804,-1
2024-02-28,192.7899932861328,194.9799957275391,192.7899932861328,194.4100036621094,194.4100036621094,363400.0,0.439143477080426,1.1565306259339683,1.1417360276825084,0.9935825142711749,1.144294445812239,194.36400146484374,194.42200164794923,198.92266743977865,203.2121671040853,204.8584004211426,194.17786805501265,194.7874062412892,197.99153169770216,201.02378125173277,203.2064883668529,195.1184032000897,197.41912312986102,-2.3007199297713328,-2.3161299791471857,-0.45264626688288034,-0.45264626688288034,-0.45264626688288034,-0.45264626688288034,0.45264626688288034,-0.45264626688288034,-0.45264626688288034,-0.45264626688288034,0.45264626688288034,2.1000061035155966,2.9449974060058537,194.9799957275391,187.13671188354493,187.75701141357422,188.37731094360353,1.0,0.9997016789117802,0.9968707515642901,1.1491104274515225,0.0,0.0,0.0,0.0,0.0,0.0,0.0,-0.439143477080426,-1
2024-02-29,194.3500061035156,195.3899993896484,193.2899932861328,195.2899932861328,195.2899932861328,964300.0,0.45264626688288034,1.1234595526248385,1.1430499869651962,0.9563582742217708,1.0883509231990054,194.56799926757813,194.41800079345705,198.70433400472004,202.83750025431314,204.76050033569337,194.54857646538605,194.87878570398803,197.81723889695576,200.8357882036803,203.04972608802677,195.14480167486556,197.26140980810337,-2.116608133237804,-2.2762256099653095,-0.030722290263902576,0.030722290263902576,0.030722290263902576,0.030722290263902576,-0.030722290263902576,0.030722290263902576,0.030722290263902576,0.030722290263902576,-0.030722290263902576,3.1999969482421875,2.977997589111324,195.3899993896484,188.5010014343262,189.09000091552738,189.67900039672855,0.0,1.0007715256483911,0.9983055660091009,1.1952110603061854,0.0,0.0,0.0,0.0,0.0,0.0,0.0,-0.45264626688288034,1
2024-03-01,194.1499938964844,195.8699951171875,192.6699981689453,195.2299957275391,195.2299957275391,586400.0,-0.030722290263902576,0.9530598164478085,1.0527543990062025,0.9390250564210667,1.0855233159291027,194.3019989013672,194.15899963378908,198.4123336791992,202.4458335876465,204.64070022583007,194.77571621943707,194.9426420719064,197.65031998279986,200.65199172905272,202.8948799422745,195.15790845219996,197.1109346910245,-1.953026238824549,-2.2115857357371578,-1.5622614959303947,1.5622614959303947,1.5622614959303947,1.5622614959303947,-1.5622614959303947,1.5622614959303947,1.5622614959303947,1.5622614959303947,-1.5622614959303947,4.849990844726619,3.087997436523435,195.8699951171875,188.8384046936035,189.43400421142576,190.02960372924804,0.0,1.000736505996878,0.9991437181178259,1.1211142789081643,0.0,0.0,0.0,0.0,0.0,0.0,0.0,-0.030722290263902576,1
2024-03-04,195.2799987792969,195.8099975585938,190.9600067138672,192.1799926757812,192.1799926757812,664000.0,-1.5622614959303947,0.8488352315604669,1.0108717035508226,0.9923042865383485,1.0980452114272847,194.13399658203124,193.95299835205077,197.97266693115233,202.0291669209798,204.48480010986327,193.91047503821846,194.4403421817018,197.29739564041157,200.37422126828972,202.68270395679937,194.69976756352014,196.7456797269324,-2.045912163412254,-2.1784510212721773,-0.42147860831705103,0.42147860831705103,0.42147860831705103,0.42147860831705103,-0.42147860831705103,0.42147860831705103,0.42147860831705103,0.42147860831705103,-0.42147860831705103,2.5299987792969034,3.093497467041016,195.8099975585938,189.07640075683594,189.69400024414062,190.3115997314453,0.0,1.0009332066609866,0.9972749114842219,1.0187114146984555,0.0,0.0,0.0,0.0,0.0,0.0,0.0,-1.5622614959303947,1
2024-03-05,192.0500030517578,192.0500030517578,189.5200042724609,191.3699951171875,191.3699951171875,683700.0,-0.42147860831705103,0.8314003124822291,0.9655743082382998,0.9885561311096431,1.0974574833926596,193.69599609375,193.86699829101562,197.5096669514974,201.61900024414064,204.31560012817383,193.06364839787483,193.882097260881,196.91498270342936,200.07900073874538,202.4586899203714,194.18749487946897,196.3474808669513,-2.1599859874823153,-2.174758014514205,0.01567580083729079,0.01567580083729079,0.01567580083729079,0.01567580083729079,-0.01567580083729079,0.01567580083729079,0.01567580083729079,0.01567580083729079,-0.01567580083729079,2.049987792968693,3.0764968872070257,192.0500030517578,189.00430313110357,189.62300262451177,190.24170211791997,0.0,0.9991179406563622,0.995778625904253,0.9767521315703677,0.0,0.0,0.0,0.0,0.0,0.0,0.0,-0.42147860831705103,1
2024-03-06,193.0899963378906,193.1199951171875,191.0700073242188,191.3399963378906,191.3399963378906,572500.0,-0.01567580083729079,0.7626741235341911,0.9589211023475381,0.985800417070365,1.0961048933762505,193.08199462890624,193.722998046875,197.00933329264322,201.23150024414062,204.12810012817383,192.48909771121345,193.41989709306458,196.5553061637172,199.79247600429113,202.23851777022324,193.74941818076462,195.97655608702087,-2.227137906256246,-2.1852339928626137,-0.6846438714676568,-0.6846438714676568,-0.6846438714676568,-0.6846438714676568,0.6846438714676568,-0.6846438714676568,-0.6846438714676568,-0.6846438714676568,-0.6846438714676568,2.8600006103516193,3.066996765136717,193.1199951171875,185.28170989990235,185.89700927734376,186.51230865478516,1.0,0.9966911341222705,0.9951876751262914,0.9727335125271018,0.0,0.0,0.0,0.0,0.0,0.0,0.0,-0.01567580083729079,1
2024-03-07,191.6100006103516,193.5399932861328,190.6799926757812,192.6499938964844,192.6499938964844,668000.0,0.6846438714676568,0.8255545143122797,0.9506633983432675,0.9805837134333493,1.099169446856068,192.55399475097656,193.56099700927734,196.6316665649414,200.89283345540363,203.96530014038086,192.54272977297046,193.27991469368635,196.30335053357317,199.55829626305155,202.04864601034723,193.58027598318304,195.73014407290705,-2.1498680897240092,-2.1781608122348928,0.8460885936489196,0.8460885936489196,0.8460885936489196,0.8460885936489196,-0.8460885936489196,0.8460885936489196,0.8460885936489196,0.8460885936489196,-0.8460885936489196,2.939987182617216,3.119996643066409,193.5399932861328,186.3726022338867,186.98600158691406,187.5994009399414,0.0,0.9947974939483675,0.9961859207052932,0.9694872404260919,0.0,0.0,0.0,0.0,0.0,0.0,0.0,0.6846438714676568,1
2024-03-08,192.5,192.7899932861328,189.8500061035156,191.0200042724609,191.0200042724609,610200.0,-0.8460885936489196,0.8469489858626064,0.8645999028317259,0.9817887171931665,1.0994048844057933,191.71199645996091,193.00699768066406,196.2310002644857,200.51000010172527,203.80080017089844,192.03515460613397,192.86902188982717,195.96248948446916,199.27835226336006,201.83025706504256,193.18638802768734,195.38124482842954,-2.194856800742201,-2.1815000099363546,-0.947543460428413,-0.947543460428413,-0.947543460428413,-0.947543460428413,0.947543460428413,-0.947543460428413,-0.947543460428413,-0.947543460428413,-0.947543460428413,3.1999969482421875,2.983996582031253,192.7899932861328,186.6760006713867,187.29999999999998,187.92399932861326,1.0,0.9932903923885404,0.9956765100194809,0.8806374403074508,0.0,0.0,0.0,0.0,0.0,0.0,0.0,-0.8460885936489196,1
2024-03-11,190.5500030517578,193.3300018310547,190.1300048828125,192.8300018310547,192.8300018310547,546400.0,0.947543460428413,0.7476595594722979,0.7584642751897852,0.9830980265117025,1.0918504435603131,191.8419982910156,192.98799743652344,195.88833363850912,200.11033350626627,203.61730026245118,192.30010368110754,192.8619273336867,195.76039350682953,199.0669309377107,201.652034189122,193.13155938205153,195.19226386566103,-2.0607044836094985,-2.1573409046709835,0.44080594069605283,0.44080594069605283,0.44080594069605283,0.44080594069605283,-0.44080594069605283,0.44080594069605283,0.44080594069605283,0.44080594069605283,-0.44080594069605283,2.8600006103515057,2.904496765136719,193.3300018310547,186.22520080566406,186.8220001220703,187.41879943847655,0.0,0.9940618113005459,0.9970869125889885,0.7715042190462139,0.0,0.0,0.0,0.0,0.0,0.0,0.0,0.947543460428413,1
2024-03-12,192.3699951171875,193.2200012207031,190.3600006103516,191.9799957275391,191.9799957275391,623300.0,-0.44080594069605283,0.7508774673044157,0.7623857527494831,0.9490489010525941,1.0700034923528852,191.96399841308593,192.82999725341796,195.52433369954426,199.64300003051758,203.39440017700196,192.19340102991808,192.70157613256893,195.51649687590756,198.83457240622965,201.46050867503124,192.95439574289577,194.954318077652,-1.999922334756235,-2.1258571906880337,0.42191768758206416,0.42191768758206416,0.42191768758206416,0.42191768758206416,-0.42191768758206416,0.42191768758206416,0.42191768758206416,0.42191768758206416,-0.42191768758206416,1.4400024414061932,2.7984970092773382,193.2200012207031,186.9401089477539,187.52100830078126,188.10190765380858,0.0,0.9955090035125919,0.9973628907824746,0.8033155635119728,0.0,0.0,0.0,0.0,0.0,0.0,0.0,-0.44080594069605283,-1
2024-03-13,191.7100067138672,192.25,190.8099975585938,191.1699981689453,191.1699981689453,447400.0,-0.42191768758206416,0.7831972749784624,0.7457687568077613,0.942439259533162,0.9246328939994345,191.92999877929688,192.50599670410156,195.1700002034505,199.32099990844728,203.17570022583007,191.85226674292716,192.42310741191008,195.23607760449067,198.5832748902531,201.2567361897622,192.6798730392111,194.67399808441448,-1.9941250452033898,-2.0995107615911053,0.30862391773902687,0.30862391773902687,0.30862391773902687,0.30862391773902687,-0.30862391773902687,0.30862391773902687,0.30862391773902687,0.30862391773902687,-0.30862391773902687,2.450012207031307,2.7684982299804686,192.25,187.06330780029296,187.62300720214841,188.1827066040039,0.0,0.9970078961971764,0.9970334089462501,0.7913175828192668,0.0,0.0,0.0,0.0,0.0,0.0,0.0,0.42191768758206416,-1
2024-03-14,191.25,192.0700073242188,189.6199951171875,190.5800018310547,190.5800018310547,635400.0,-0.30862391773902687,0.6805041483588304,0.7138394026353277,0.9360126117559365,0.8986233239860814,191.51600036621093,192.03499755859374,194.8933334350586,199.05316670735678,202.96490020751952,191.42817843896967,192.0879973063,194.93568561910772,198.32087249486955,201.04531570741153,192.35681593026393,194.37073910268413,-2.013923172420192,-2.082393243756923,0.1731565892979828,0.1731565892979828,0.1731565892979828,0.1731565892979828,-0.1731565892979828,0.1731565892979828,0.1731565892979828,0.1731565892979828,-0.1731565892979828,1.8099975585938068,2.700997924804689,192.0700073242188,186.15930389404298,186.71300354003907,187.26670318603516,0.0,0.997297382253334,0.9965650177180088,0.7626386585712587,0.0,1.0,0.0,0.001682528,0.001682528,0.004425127,0.004425127,0.30862391773902687,1
2024-03-15,189.0899963378906,190.8999938964844,189.0899963378906,190.25,190.25,936400.0,-0.1731565892979828,0.5839262353638456,0.7105791093811306,0.8766640019224133,0.8986030557257888,191.36199951171875,191.53699798583983,194.56000010172525,198.7865000406901,202.78620025634766,191.03545229264645,191.7538159778818,194.63338332110078,198.05625372454594,200.831547079542,192.03269040253102,194.06549916915196,-2.0328087666209456,-2.0724763483297273,0.06307233492115638,0.06307233492115638,0.06307233492115638,0.06307233492115638,-0.06307233492115638,0.06307233492115638,0.06307233492115638,0.06307233492115638,-0.06307233492115638,2.679992675781193,2.6589981079101532,190.8999938964844,186.12781188964848,186.66801147460944,187.20821105957037,0.0,0.9990863463667002,0.996253718959532,0.8105489763728412,0.0,0.0,0.0,0.0,0.0,0.0,0.0,-0.1731565892979828,-1
2024-03-18,191.0,191.9299926757812,189.25,190.1300048828125,190.1300048828125,433000.0,-0.06307233492115638,0.16223451773995573,0.5426064620897582,0.7896244019242934,0.8970418670482859,190.8220001220703,191.33199920654297,194.24433339436848,198.53633346557618,202.62330032348632,190.73363648936848,191.4585775969601,194.34284277669508,197.79637671334157,200.61963535287407,191.73996955334357,193.77398107386753,-2.0340115205239613,-2.064783382768574,-1.1150239639946198,-1.1150239639946198,-1.1150239639946198,-1.1150239639946198,1.1150239639946198,-1.1150239639946198,-1.1150239639946198,-1.1150239639946198,1.1150239639946198,2.7099914550780966,2.634497833251949,191.9299926757812,185.05019805908208,185.5819976806641,186.11379730224613,1.0,0.9973344809724058,0.9962135877290507,0.6871703315746586,1.0,0.0,0.0,0.924380004,0.924380004,0.073654912,0.073654912,0.06307233492115638,-1
2024-03-19,189.6300048828125,192.3399963378906,189.6300048828125,192.25,192.25,467200.0,1.1150239639946198,0.621712796567207,0.6501849620133906,0.8024547165112459,0.9102139337271081,190.8760009765625,191.4199996948242,194.04099985758464,198.33583348592123,202.47710037231445,191.23909099291234,191.602472579331,194.2078206620696,197.61452829651068,200.45389999935182,191.8184357759061,193.66109358691438,-1.84265781100828,-2.0203582684165156,1.227568587959215,1.227568587959215,1.227568587959215,1.227568587959215,-1.227568587959215,1.227568587959215,1.227568587959215,1.227568587959215,-1.227568587959215,4.029998779296903,2.748497772216794,192.3399963378906,186.1340974426269,186.6609970092773,187.18789657592768,0.0,0.9971580883965677,0.998103460871215,0.810245050138326,0.0,0.0,0.0,0.0,0.0,0.0,0.0,-1.1150239639946198,-1
2024-03-20,192.5800018310547,193.0,188.9700012207031,189.8899993896484,189.8899993896484,496900.0,-1.227568587959215,0.8356103815828919,0.7659634748952155,0.8446768823868698,0.9214565515229622,190.62000122070313,191.275,193.74699961344402,198.09300003051757,202.31130035400392,190.78939379182438,191.2911138175705,193.92925154771987,197.36126505366275,200.24471384866462,191.52175325494338,193.38175327600578,-1.8600000210624046,-1.9882866189456934,-0.48976140795179546,-0.48976140795179546,-0.48976140795179546,-0.48976140795179546,0.48976140795179546,-0.48976140795179546,-0.48976140795179546,-0.48976140795179546,0.48976140795179546,3.3899993896484943,2.752998352050784,193.0,186.29330123901366,186.843000793457,187.39270034790036,1.0,0.9965756174131649,0.9973771911526188,0.9068124046804411,0.0,0.0,0.0,0.0,0.0,0.0,0.0,1.227568587959215,1
2024-03-21,189.3399963378906,192.3099975585938,188.9199981689453,190.8200073242188,190.8200073242188,420300.0,0.48976140795179546,0.8689152898405434,0.7467724534721468,0.8320472895271055,0.9144154314986641,190.66800231933593,191.09200134277344,193.4316665649414,197.83350016276043,202.17420043945313,190.79959830262254,191.20545809150653,193.7286551462037,197.14679758712361,200.0580859966954,191.41379234252423,193.19199431661414,-1.7782019740899102,-1.9462696899745369,1.032387142379686,1.032387142379686,1.032387142379686,1.032387142379686,-1.032387142379686,1.032387142379686,1.032387142379686,1.032387142379686,-1.032387142379686,4.0500030517578125,2.8314987182617246,192.3099975585938,186.9434036254883,187.49400329589844,188.0446029663086,0.0,0.9977811785922062,0.9978773629532597,0.897512031914166,0.0,0.0,0.0,0.0,0.0,0.0,0.0,0.48976140795179546,1
2024-03-22,192.3999938964844,192.4100036621094,188.3600006103516,188.8500061035156,188.8500061035156,491600.0,-1.032387142379686,0.9945722865922058,0.7696245650351732,0.8014520654698379,0.9206895138053607,190.38800354003905,190.8750015258789,193.0259999593099,197.53383356730143,202.13640045166017,190.14973423625358,190.77719409368999,193.41390359506252,196.8747716368414,199.83614382059284,191.01936369036906,192.87036556008832,-1.851001869719255,-1.9272161259234806,0.8790064116807572,0.8790064116807572,0.8790064116807572,0.8790064116807572,-0.8790064116807572,0.8790064116807572,0.8790064116807572,0.8790064116807572,-0.8790064116807572,3.4700012207032103,2.8359985351562598,192.4100036621094,186.08070037841802,186.64700012207035,187.2132998657227,0.0,0.9974486025831213,0.9967110332007071,0.9602877055210951,0.0,0.0,0.0,0.0,0.0,0.0,0.0,-1.032387142379686,1
2024-03-25,187.7700042724609,188.6600036621094,185.1900024414062,187.1900024414062,187.1900024414062,653700.0,-0.8790064116807572,1.043767829345406,0.704326947824251,0.7274227863736242,0.9242975557503574,189.8000030517578,190.31100158691407,192.6529998779297,197.2245002746582,202.0270004272461,189.16315697130446,190.1249774296384,193.01236158514922,196.55723822059758,199.58572517942082,190.43023119052862,192.44959792166742,-2.0193667311388026,-1.9456462469665452,0.048077534439248185,0.048077534439248185,0.048077534439248185,0.048077534439248185,-0.048077534439248185,0.048077534439248185,0.048077534439248185,0.048077534439248185,0.048077534439248185,1.6200103759765057,2.8214988708496165,188.6600036621094,186.17080688476562,186.73800659179688,187.30520629882812,0.0,0.9973149290850488,0.9949411146744783,0.9682497730590603,0.0,0.0,0.0,0.0,0.0,0.0,0.0,-0.8790064116807572,1
2024-03-26,187.1199951171875,188.5200042724609,186.8999938964844,187.1000061035156,187.1000061035156,374700.0,-0.048077534439248185,0.7301567975708187,0.7061891522714687,0.7208762132267079,0.9228359939430989,188.77000427246094,189.82300262451173,192.36166687011718,196.90483373006185,201.90140045166015,188.47544001537483,189.5749826430706,192.63091929601157,196.24716503643094,199.3384832175217,189.9178888694497,192.05333186106358,-2.1354429916138713,-1.9836055958960106,-1.068947052248343,-1.068947052248343,-1.068947052248343,-1.068947052248343,1.068947052248343,-1.068947052248343,-1.068947052248343,-1.068947052248343,-1.068947052248343,2.0,2.8119987487793026,188.5200042724609,182.45270614624025,183.01700592041016,183.5813056945801,1.0,0.9944527357723145,0.994199959233197,0.9796260985093425,0.0,0.0,0.0,0.0,0.0,0.0,0.0,-0.048077534439248185,1
2024-03-27,188.5299987792969,189.7400054931641,187.7400054931641,189.1000061035156,189.1000061035156,491500.0,1.068947052248343,0.8931935447070761,0.8158665343227395,0.761371386830021,0.9363396737147157,188.61200561523438,189.61600341796876,192.18133392333985,196.62383371988932,201.84710052490234,188.68362871142176,189.4886232722424,192.4031184448828,196.0128319566632,199.1357410964523,189.7920607516137,191.8345669901341,-2.042506238520417,-1.9953857244208921,-0.2168103596442403,-0.2168103596442403,-0.2168103596442403,-0.2168103596442403,0.2168103596442403,-0.2168103596442403,-0.2168103596442403,-0.2168103596442403,-0.2168103596442403,1.729995727539091,2.7934982299804774,189.7400054931641,182.33360702514645,182.8960067749023,183.45840652465816,1.0,0.9947050998616331,0.9957517525489429,1.071574987496719,0.0,0.0,0.0,0.0,0.0,0.0,0.0,1.068947052248343,-1
2024-03-28,189.4900054931641,190.5800018310547,188.8500061035156,189.5099945068359,189.5099945068359,618100.0,0.2168103596442403,0.8572723373868023,0.8182700196014104,0.7535674215188038,0.8997843975358135,188.3500030517578,189.50900268554688,191.98733367919922,196.42300033569336,201.73870040893556,188.95908397655984,189.4925089512594,192.21646528758947,195.79962417142298,198.94513225309356,189.7486659447248,191.66237643581573,-1.9137104910909386,-1.9790506777549015,0.08970406515376708,0.08970406515376708,0.08970406515376708,0.08970406515376708,-0.08970406515376708,0.08970406515376708,0.08970406515376708,0.08970406515376708,-0.08970406515376708,2.0999908447265057,2.738497924804693,190.5800018310547,183.59430938720703,184.15300903320315,184.71170867919923,0.0,0.9938841974926531,0.9971849812024138,1.0858617241602608,0.0,0.0,0.0,0.0,0.0,0.0,0.0,-0.2168103596442403,-1
2024-04-01,188.8099975585938,189.5099945068359,187.4100036621094,189.3399963378906,189.3399963378906,788700.0,-0.08970406515376708,0.6996778125080835,0.8173365327652191,0.7532020712211018,0.8997311789364342,188.4480010986328,189.41800231933593,191.7046666463216,196.22516682942708,201.60720031738282,189.0860547636701,189.46477938519232,192.03088664567343,195.58783309491372,198.7549315419014,189.68579369751953,191.49034828041388,-1.8045545828943546,-1.9441514587827922,-1.0985538561766979,-1.0985538561766979,-1.0985538561766979,-1.0985538561766979,1.0985538561766979,-1.0985538561766979,-1.0985538561766979,-1.0985538561766979,1.0985538561766979,2.8099975585937784,2.636498260498051,189.5099945068359,184.55530639648435,185.1030059814453,185.65070556640623,1.0,0.9948790441836262,0.9980010816640899,1.085149077511353,0.0,1.0,0.0,0.001396189,0.001396189,0.004237466,0.004237466,0.08970406515376708,-1
2024-04-02,189.4299926757812,192.2299957275391,189.4199981689453,191.4199981689453,191.4199981689453,831400.0,1.0985538561766979,0.5910698490521724,0.8934722223866519,0.725158743579923,0.8973103380514843,189.2940002441406,189.54700164794923,191.61066640218098,196.1075002034505,201.48830032348633,189.86403589876184,189.820273709511,191.99147448588454,195.45118276947213,198.60968533649634,189.95259438543118,191.48513716104583,-1.532542775614644,-1.8618297221491626,1.2799064735544894,1.2799064735544894,1.2799064735544894,1.2799064735544894,-1.2799064735544894,-1.2799064735544894,1.2799064735544894,1.2799064735544894,-1.2799064735544894,2.9099884033203125,2.6554977416992216,192.2299957275391,183.7096983337402,184.23699798583982,184.76429763793942,0.0,0.998665231306172,1.0002305453911513,1.2321057014024381,0.0,0.0,0.0,0.0,0.0,0.0,0.0,-1.0985538561766979,-1
2024-04-03,191.1999969482422,191.5399932861328,188.6300048828125,188.9700012207031,188.9700012207031,607800.0,-1.2799064735544894,0.9793823300681431,0.9035211119722246,0.7740935185272708,0.9062693866518247,189.6679992675781,189.21900177001953,191.5019999186198,195.97516682942708,201.33940032958984,189.56602433940895,189.66567871154592,191.7965407268406,195.23868501377478,198.41880050252024,189.80142620624224,191.2988307950945,-1.4974045888522483,-1.7889446954897799,-1.0266192670128698,1.0266192670128698,1.0266192670128698,1.0266192670128698,-1.0266192670128698,1.0266192670128698,1.0266192670128698,1.0266192670128698,-1.0266192670128698,3.8400115966796875,2.7449989318847714,191.5399932861328,186.3879006958008,186.91900024414065,187.4500997924805,0.0,1.0023728985638782,0.9994745787808635,1.1671989111744439,0.0,0.0,0.0,0.0,0.0,0.0,0.0,1.2799064735544894,-1
2024-04-04,189.2100067138672,190.7100067138672,186.8699951171875,187.0299987792969,187.0299987792969,607100.0,-1.0266192670128698,0.9644075567463094,0.8792522441193935,0.8034794959957503,0.9023821915923522,189.25399780273438,188.93300170898436,191.31033325195312,195.77566680908203,201.1595002746582,188.7206824860383,189.18646417840972,191.48902189151522,194.96954776018532,198.19327967631781,189.37505275594296,190.98262101614654,-1.6075682602035783,-1.7526694084325398,0.42239670110576544,-0.42239670110576544,-0.42239670110576544,-0.42239670110576544,0.42239670110576544,-0.42239670110576544,-0.42239670110576544,-0.42239670110576544,0.42239670110576544,2.6600036621094034,2.7349990844726606,190.7100067138672,185.50099563598633,186.04999542236328,186.59899520874023,1.0,1.0016989943040466,0.9975379755925236,1.0943057644921457,0.0,0.0,0.0,0.0,0.0,0.0,0.0,1.0266192670128698,-1
2024-04-05,187.3999938964844,190.0599975585938,187.3999938964844,187.8200073242188,187.8200073242188,458600.0,0.42239670110576544,0.9914851631807329,0.8740644284032691,0.7918713665913084,0.9011326984116652,188.91600036621094,188.63300170898435,191.0953333536784,195.61316680908203,200.99730041503906,188.4204574320985,188.93801747764772,191.2523112742703,194.73513659835035,197.98786834261287,189.13581499721616,190.748353335263,-1.6125383380468463,-1.7246431943554013,-0.3460808912393636,0.3460808912393636,0.3460808912393636,0.3460808912393636,-0.3460808912393636,0.3460808912393636,0.3460808912393636,0.3460808912393636,-0.3460808912393636,1.6399993896484943,2.6699996948242246,190.0599975585938,184.69300872802734,185.24000854492186,185.7870083618164,0.0,1.0015002605835812,0.9972606887038472,1.1037959765684788,0.0,0.0,0.0,0.0,0.0,0.0,0.0,-0.42239670110576544,-1
2024-04-08,187.1000061035156,188.1100006103516,186.4700012207031,187.1699981689453,187.1699981689453,708900.0,-0.3460808912393636,0.9925963602534967,0.8229595288402246,0.7755964580473201,0.808317331285616,188.48200073242188,188.46500091552736,190.78233337402344,195.3423334757487,200.79640045166016,188.0036376777141,188.61655942152,190.9889362352171,194.4870992727961,197.77365309164915,188.83338163902064,190.48328998960983,-1.649908350589186,-1.7096962256021584,1.3463719063491408,-1.3463719063491408,-1.3463719063491408,-1.3463719063491408,1.3463719063491408,-1.3463719063491408,-1.3463719063491408,-1.3463719063491408,1.3463719063491408,2.1499938964842897,2.6174995422363296,188.1100006103516,184.1859982299805,184.71999816894535,185.2539981079102,1.0,1.000090201452853,0.9967504351384326,1.0610666414234897,0.0,0.0,0.0,0.0,0.0,0.0,0.0,0.3460808912393636,-1
