Date_ADI_L01d,Open_ADI_L01d,High_ADI_L01d,Low_ADI_L01d,Close_ADI_L01d,Adj Close_ADI_L01d,Volume_ADI_L01d,Daily_Return_ADI_L01d,Vol5_ADI_L01d,Vol10_ADI_L01d,Vol20_ADI_L01d,Vol60_ADI_L01d,SMA5_ADI_L01d,SMA10_ADI_L01d,SMA30_ADI_L01d,SMA60_ADI_L01d,SMA100_ADI_L01d,EMA5_ADI_L01d,EMA10_ADI_L01d,EMA30_ADI_L01d,EMA60_ADI_L01d,EMA100_ADI_L01d,Short12_ADI_L01d,Long26_ADI_L01d,MACD_ADI_L01d,SIGNAL9_ADI_L01d,Ret5/10_ADI_L01d,Ret10/30_ADI_L01d,Ret30/60_ADI_L01d,Ret30/100_ADI_L01d,Emaret5/10_ADI_L01d,Emaret10/30_ADI_L01d,Emaret30/60_ADI_L01d,Emaret30/100_ADI_L01d,RetMACD_ADI_L01d,DayRange_ADI_L01d,average20r_ADI_L01d,PRVHI_ADI_L01d,HitLevel_ADI_L01d,hitlevel_2_ADI_L01d,hitlevel_1.8_ADI_L01d,positive_return_dummy,sma_ratio_L01d,RetMACD_L01d,R_sma_ratio_L01d,ret_sma_ratio_L01d,ema_ratio_L01d,R_ema_ratio_L01d,ret_ema_ratio_L01d,volatility_ratio_L01d,R_vol_ratio_L01d,ret_vol_ratio_L01d,negative_L01d,neutral_L01d,positive_L01d,negative_max_L01d,negative_avg_L01d,positive_max_L01d,positive_avg_L01d,ret_best,best
2024-01-03,190.7700042724609,191.1000061035156,188.6600036621094,188.9600067138672,188.9600067138672,3297400.0,-2.386607642053626,1.4013950221560338,1.683987273432639,1.8251051580403703,1.5999184150950023,196.13800354003905,196.29600219726564,189.8203358968099,179.4340021769206,178.65330108642578,194.26118628718365,195.02699100567676,189.90077311633965,184.7907134126916,182.6117435146342,194.77067667105453,190.9940182886673,3.776658382387211,4.887165040747755,1.52942383941834,-1.52942383941834,-1.52942383941834,-1.52942383941834,1.52942383941834,1.52942383941834,-1.52942383941834,-1.52942383941834,1.52942383941834,5.080001831054602,3.549002075195291,191.1000061035156,189.5042041015626,190.19200439453132,190.8798046875001,0.0,1.0341147131041641,2.386607642053626,1.0,-2.386607642053626,1.0399154482697401,1.0,-2.386607642053626,0.8321886063303975,-1.0,2.386607642053626,0.0,0.0,0.0,0.0,0.0,0.0,0.0,,-1
2024-01-04,181.8999938964844,186.8899993896484,181.8099975585938,186.0700073242188,186.0700073242188,3923500.0,-1.52942383941834,1.218124850027229,1.6781493158394751,1.829584265931616,1.6132370999648946,193.4820037841797,195.12000274658203,189.89533589680988,179.64650217692056,178.6819010925293,191.5307932995287,193.3984485181389,189.65362693620284,184.83265747536456,182.68022398611112,193.43211215615676,190.6292767357452,2.802835420411526,4.4702991166805095,-0.2579651252996589,0.2579651252996589,0.2579651252996589,0.2579651252996589,-0.2579651252996589,-0.2579651252996589,0.2579651252996589,0.2579651252996589,-0.2579651252996589,2.8200073242187216,3.548502349853493,186.8899993896484,183.29220153808595,184.00200195312505,184.7118023681641,1.0,1.0275134027125936,1.52942383941834,1.0,-1.52942383941834,1.0381727304572492,1.0,-1.52942383941834,0.7258739365620013,-1.0,1.52942383941834,0.0,0.0,0.0,0.0,0.0,0.0,0.0,1.52942383941834,-1
2024-01-05,186.0099945068359,187.8000030517578,184.9799957275391,186.5500030517578,186.5500030517578,2492200.0,0.2579651252996589,1.1490757541914425,1.4921106740837902,1.8290880618529328,1.6028825355692151,190.74400329589844,194.5560028076172,190.07200266520184,179.82283554077148,178.69350112915038,189.8705298836051,192.1532766151605,189.4533931372064,184.88896388770533,182.75685327453976,192.37332614009532,190.3271083147091,2.046217825386236,3.985482858421655,-1.3025958917336942,1.3025958917336942,1.3025958917336942,1.3025958917336942,-1.3025958917336942,-1.3025958917336942,1.3025958917336942,1.3025958917336942,-1.3025958917336942,2.4500122070312784,3.403502655029277,187.8000030517578,179.08329421997072,179.79299468994142,180.5026951599121,1.0,1.023591060648283,-0.2579651252996589,1.0,0.2579651252996589,1.0366417988856866,1.0,0.2579651252996589,0.7701008873869336,-1.0,-0.2579651252996589,0.0,0.0,0.0,0.0,0.0,0.0,0.0,-0.2579651252996589,-1
2024-01-08,187.1799926757812,189.4600067138672,187.0099945068359,188.9799957275391,188.9799957275391,2587200.0,1.3025958917336942,1.6850743328585092,1.3606756731790923,1.7927733527335987,1.6074387298934472,188.8280029296875,193.8260025024414,190.2823359171549,180.05716883341472,178.7701010131836,189.57368516491644,191.5763164537748,189.4228513688408,185.02309607917528,182.8800838181635,191.8512753073944,190.22732219714092,1.6239531102534102,3.5131769087880063,-0.4127414524981667,0.4127414524981667,0.4127414524981667,0.4127414524981667,-0.4127414524981667,-0.4127414524981667,0.4127414524981667,0.4127414524981667,-0.4127414524981667,4.430007934570398,3.5005027770995967,189.4600067138672,180.3122972106934,180.99299774169927,181.6736982727051,1.0,1.018623203085069,-1.3025958917336942,1.0,1.3025958917336942,1.035776271609667,1.0,1.3025958917336942,1.2384099797429975,1.0,-1.3025958917336942,0.0,0.0,0.0,0.0,0.0,0.0,0.0,-1.3025958917336942,1
2024-01-09,186.5,190.3200073242188,185.8899993896484,189.7599945068359,189.7599945068359,3151700.0,0.4127414524981667,1.517716350686579,1.3603528560251472,1.793603956734769,1.6034671063338162,188.06400146484376,193.09200134277344,190.5060022989909,180.32650197347004,178.8960009765625,189.6357882788896,191.2460760997859,189.44460253903404,185.1784042243445,183.01631967338477,191.52953979961612,190.19270533119243,1.3368344684237172,3.077908420715149,0.7325039154121264,-0.7325039154121264,-0.7325039154121264,-0.7325039154121264,0.7325039154121264,0.7325039154121264,-0.7325039154121264,-0.7325039154121264,0.7325039154121264,3.2699890136719034,3.3865020751953026,190.3200073242188,181.75890060424808,182.459001159668,183.1591017150879,0.0,1.013574370427048,-0.4127414524981667,1.0,0.4127414524981667,1.0351240964582904,1.0,0.4127414524981667,1.1156784388436074,1.0,0.4127414524981667,0.0,0.0,1.0,0.014246461,0.014246461,0.984578729,0.984578729,0.4127414524981667,1
2024-01-10,189.6199951171875,189.6199951171875,186.3500061035156,188.3699951171875,188.3699951171875,3080400.0,-0.7325039154121264,1.0946113380162747,1.2871777011197365,1.685826622180847,1.5937680069699185,187.94599914550784,192.04200134277343,190.65933532714843,180.61483510335287,179.02480087280273,189.2138572249889,190.723152284768,189.3752730279472,185.2830465487,183.12233304850955,191.04345600231943,190.05768975978464,0.985766242534794,2.659479985079078,-0.3132195211411633,0.3132195211411633,0.3132195211411633,0.3132195211411633,-0.3132195211411633,-0.3132195211411633,0.3132195211411633,0.3132195211411633,-0.3132195211411633,4.029998779296818,3.491501617431628,189.6199951171875,182.86970275878917,183.54700317382824,184.2243035888673,1.0,1.007252023685347,0.7325039154121264,1.0,-0.7325039154121264,1.0341462446187883,1.0,-0.7325039154121264,0.8503964425922348,-1.0,-0.7325039154121264,0.0,0.0,0.0,0.0,0.0,0.0,0.0,-0.7325039154121264,-1
2024-01-11,188.3800048828125,189.7599945068359,185.7299957275391,188.9600067138672,188.9600067138672,2918700.0,0.3132195211411633,0.7220338614831983,1.2921741199080616,1.6841649156653125,1.5903496512559847,188.5239990234375,191.0030014038086,190.8513356526693,180.8850018819173,179.1569009399414,189.1292403879484,190.402580362786,189.3484816528453,185.40360261968908,183.23793054683344,190.72292534255757,189.9763799045315,0.7465454380260326,2.2768930756684687,0.3175307378265266,-0.3175307378265266,-0.3175307378265266,-0.3175307378265266,0.3175307378265266,0.3175307378265266,-0.3175307378265266,-0.3175307378265266,0.3175307378265266,2.8899993896484943,3.464501953124993,189.7599945068359,181.93869155883792,182.63699188232425,183.33529220581056,0.0,1.000794680061424,-0.3132195211411633,1.0,0.3132195211411633,1.0333476321620543,1.0,0.3132195211411633,0.5587744332277534,-1.0,-0.3132195211411633,0.0,0.0,0.0,0.0,0.0,0.0,0.0,-0.3132195211411633,-1
2024-01-12,189.6900024414062,190.3099975585938,187.4199981689453,188.3600006103516,188.3600006103516,1597100.0,-0.3175307378265266,0.7763866053433656,1.2501759138214572,1.6764728160962907,1.5912549616520546,188.88599853515623,189.81500091552732,191.03966878255207,181.1475018819173,179.26830093383788,188.87282712874944,190.0312022259797,189.2847086823618,185.5005337013501,183.3393576768041,190.3593984606797,189.85664810496263,0.5027503557170689,1.9220645316781888,0.3026159069716274,0.3026159069716274,-0.3026159069716274,-0.3026159069716274,0.3026159069716274,0.3026159069716274,-0.3026159069716274,-0.3026159069716274,0.3026159069716274,3.919998168945313,3.3070022583007725,190.3099975585938,182.1380902099609,182.83099060058592,183.5238909912109,0.0,0.9935894577559244,0.3175307378265266,-1.0,-0.3175307378265266,1.0324281217131694,1.0,-0.3175307378265266,0.6210218872079826,-1.0,0.3175307378265266,0.0,0.0,0.0,0.0,0.0,0.0,0.0,0.3175307378265266,-1
2024-01-16,187.8500061035156,189.3699951171875,185.4499969482422,187.7899932861328,187.7899932861328,2373300.0,-0.3026159069716274,0.479290660810827,1.2504158759188866,1.3543022889260177,1.5877117839238433,188.647998046875,188.73800048828124,191.1866683959961,181.4228350321452,179.37960083007812,188.5118825145439,189.62370969146207,189.1882754309922,185.57559795003152,183.42748907500865,189.96410535690325,189.7035625628271,0.2605427940761444,1.58976018415778,1.2567233051421018,1.2567233051421018,-1.2567233051421018,-1.2567233051421018,1.2567233051421018,1.2567233051421018,-1.2567233051421018,-1.2567233051421018,1.2567233051421018,2.8199920654296875,3.310501861572257,189.3699951171875,183.0345925903321,183.69599304199227,184.3573934936524,0.0,0.9871922664469311,0.3026159069716274,-1.0,0.3026159069716274,1.0314063414651433,1.0,-0.3026159069716274,0.3833050027924615,-1.0,0.3026159069716274,0.0,1.0,0.0,0.273237526,0.273237526,0.016865171,0.016865171,0.3026159069716274,-1
2024-01-17,184.6799926757812,185.6999969482422,182.8800048828125,185.4299926757812,185.4299926757812,2925900.0,-1.2567233051421018,0.5813688851181736,1.084143376816144,1.3605998918365008,1.5838889201674222,187.7819976806641,187.9229995727539,191.2653345743815,181.70133488972985,179.45910079956056,187.484585901623,188.86121568861105,188.94580557581733,185.57082400661344,183.4671426116576,189.26654955980757,189.38700183045336,-0.1204522706458135,1.2477176931970615,-2.448367968638155,-2.448367968638155,2.448367968638155,2.448367968638155,-2.448367968638155,-2.448367968638155,-2.448367968638155,2.448367968638155,-2.448367968638155,3.009994506835909,3.209501647949213,185.6999969482422,182.08689102172852,182.74899139404295,183.41109176635743,1.0,0.9825251397015291,1.2567233051421018,-1.0,1.2567233051421018,1.0298618209569892,1.0,-1.2567233051421018,0.5362472321931326,-1.0,1.2567233051421018,0.0,0.0,0.0,0.0,0.0,0.0,0.0,1.2567233051421018,-1
2024-01-18,190.3600006103516,190.7200012207031,187.7100067138672,189.9700012207031,189.9700012207031,3585500.0,2.448367968638155,1.388148296789797,1.1850078311652654,1.4352066176498397,1.598722065606038,188.1019989013672,188.0239990234375,191.4890014648437,182.09216817220053,179.62190078735352,188.3130576746497,189.06281305808236,189.01188271419707,185.7150593251082,183.5959120890644,189.374772892253,189.43018697047185,-0.0554140782188596,0.9870913389138772,2.5267163346392105,-2.5267163346392105,2.5267163346392105,2.5267163346392105,-2.5267163346392105,-2.5267163346392105,2.5267163346392105,2.5267163346392105,-2.5267163346392105,4.540008544921875,3.3660018920898365,190.7200012207031,178.63909332275392,179.28099365234377,179.9228939819336,1.0,0.9819049532093238,-2.448367968638155,-1.0,-2.448367968638155,1.0294994074950063,1.0,2.448367968638155,1.1714254203913363,1.0,-2.448367968638155,0.0,0.0,1.0,0.002295467,0.002295467,0.996499062,0.996499062,-2.448367968638155,1
2024-01-19,191.3600006103516,195.5800018310547,191.0399932861328,194.7700042724609,194.7700042724609,4395300.0,2.5267163346392105,1.7486259128273638,1.2716811329487885,1.5484269296267228,1.6074733227962437,189.26399841308597,188.8939987182617,191.96033477783203,182.6071683247884,179.78800079345703,190.46537320725344,190.10048418796933,189.38337442763344,186.011942766005,183.81718124121085,190.20480848920803,189.8257289928414,0.3790794963666428,0.8654889704044305,1.3040987987964194,-1.3040987987964194,1.3040987987964194,1.3040987987964194,-1.3040987987964194,1.3040987987964194,1.3040987987964194,1.3040987987964194,-1.3040987987964194,2.3800048828125,3.2160018920898423,195.5800018310547,183.31479705810543,183.9879974365234,184.6611978149414,1.0,0.9840261996671386,-2.5267163346392105,-1.0,-2.5267163346392105,1.0302811366643603,1.0,2.5267163346392105,1.3750506062574275,1.0,2.5267163346392105,0.0,1.0,0.0,0.480886459,0.480886459,0.026522752,0.026522752,2.5267163346392105,1
2024-01-22,196.0,197.8500061035156,195.4700012207031,197.3099975585938,197.3099975585938,2861800.0,1.3040987987964194,1.6804031812580793,1.295542479249193,1.4293389657671365,1.6121029526558244,191.0539978027344,189.96999816894527,192.5183344523112,183.14683507283527,179.95780075073242,192.74691465770024,191.4113048008101,189.89476946834057,186.38237079199152,184.0843657227432,191.29791449988275,190.3801192569712,0.917795242911552,0.8759502249058548,2.0576745268004086,-2.0576745268004086,2.0576745268004086,2.0576745268004086,-2.0576745268004086,2.0576745268004086,2.0576745268004086,2.0576745268004086,2.0576745268004086,4.680007934570398,3.3035026550292983,197.8500061035156,188.50479766845703,189.147998046875,189.79119842529295,1.0,0.9867631501663693,-1.3040987987964194,-1.0,-1.3040987987964194,1.0315638089241574,1.0,1.3040987987964194,1.2970652897710657,1.0,1.3040987987964194,0.0,0.0,1.0,0.009315201,0.009315201,0.973284423,0.973284423,1.3040987987964194,1
2024-01-23,197.1399993896484,201.5700073242188,196.8899993896484,201.3699951171875,201.3699951171875,3801100.0,2.0576745268004086,1.5706043691936646,1.3632308016344723,1.42426430872068,1.563249150338449,193.7699981689453,191.20899810791016,193.0846674601237,183.83983510335287,180.1459007263184,195.62127481086267,193.22197576742417,190.63510660697585,186.8737683108504,184.4266554137223,192.84746536408343,191.1941841355057,1.6532812285777254,1.031416425640229,-1.5245528826889538,1.5245528826889538,-1.5245528826889538,-1.5245528826889538,1.5245528826889538,-1.5245528826889538,-1.5245528826889538,-1.5245528826889538,-1.5245528826889538,4.580001831054602,3.346002197265624,201.5700073242188,190.58230026245116,191.24300079345696,191.90370132446287,0.0,0.990285767498339,2.0576745268004086,-1.0,-2.0576745268004086,1.0336635242846335,1.0,2.0576745268004086,1.1521191916369244,1.0,2.0576745268004086,0.0,0.0,0.0,0.0,0.0,0.0,0.0,2.0576745268004086,1
2024-01-24,200.8600006103516,202.4400024414062,197.8600006103516,198.3000030517578,198.3000030517578,4255300.0,-1.5245528826889538,1.6849526389476863,1.5276933739924483,1.46966093598241,1.582339240920722,196.34400024414063,192.06299896240236,193.53200073242184,184.46383514404295,180.31320068359372,196.5141842244944,194.1452534554848,191.1296160550263,187.24839895809325,184.70137516893087,193.68631731603332,191.7205410922652,1.965776223768188,1.2182883852658208,-0.50428642693414,0.50428642693414,-0.50428642693414,-0.50428642693414,0.50428642693414,-0.50428642693414,-0.50428642693414,-0.50428642693414,-0.50428642693414,5.089996337890625,3.4860015869140613,202.4400024414062,194.20880249023443,194.8780029296876,195.54720336914068,0.0,0.9924095148892171,-1.5245528826889538,-1.0,1.5245528826889538,1.0348034273172901,1.0,-1.5245528826889538,1.102939024042671,1.0,-1.5245528826889538,0.0,0.0,0.0,0.0,0.0,0.0,0.0,-1.5245528826889538,1
2024-01-25,202.0,202.0500030517578,196.9600067138672,197.3000030517578,197.3000030517578,2957300.0,-0.50428642693414,1.726135836029861,1.5096366375201973,1.460021766700322,1.5847708992491163,197.81000061035155,192.95599975585935,193.77100067138676,185.07600173950195,180.46840072631835,196.77612383358223,194.7188442911708,191.5277055386864,187.57795974804947,184.95085294878888,194.2422689676833,192.1338345707461,2.108434396937156,1.396317587600088,-1.7080640262801026,1.7080640262801026,-1.7080640262801026,-1.7080640262801026,1.7080640262801026,-1.7080640262801026,-1.7080640262801026,-1.7080640262801026,-1.7080640262801026,3.0,3.568001556396486,202.0500030517578,194.77079895019529,195.46799926757808,196.16519958496087,0.0,0.9957939995525463,-0.50428642693414,-1.0,0.50428642693414,1.0355600014005808,1.0,-0.50428642693414,1.1434114628175003,1.0,-0.50428642693414,0.0,0.0,0.0,0.0,0.0,0.0,0.0,-0.50428642693414,1
2024-01-26,195.3200073242188,196.4700012207031,193.4700012207031,193.9299926757812,193.9299926757812,2379100.0,-1.7080640262801026,1.68838699952917,1.6613175855195033,1.5053550206844484,1.5496094342986315,197.6419982910156,193.4529983520508,193.86966705322263,185.7101682027181,180.5834007263184,195.82741344764855,194.5754167247363,191.6826918055957,187.7862231227292,185.128657695858,194.1942264612368,192.26688331926724,1.927343141969544,1.5025226984739792,1.686177690898952,-1.686177690898952,1.686177690898952,1.686177690898952,-1.686177690898952,1.686177690898952,1.686177690898952,1.686177690898952,1.686177690898952,4.400009155273494,3.700002288818365,196.4700012207031,194.2003996276856,194.91399993896485,195.62760025024411,1.0,0.9978507793018624,-1.7080640262801026,-1.0,1.7080640262801026,1.0354025907782745,1.0,-1.7080640262801026,1.0162939429797235,1.0,-1.7080640262801026,0.0,0.0,0.0,0.0,0.0,0.0,0.0,-1.7080640262801026,1
2024-01-29,193.9400024414062,197.3200073242188,192.9199981689453,197.1999969482422,197.1999969482422,2766500.0,1.686177690898952,1.7729395799430363,1.702593327794106,1.5549182493327105,1.557243076434235,197.6199981689453,194.33699798583984,194.03400014241532,186.3746681213379,180.74000076293945,196.28494128117975,195.0526131290101,192.03864697608907,188.09487144487716,185.3676941166973,194.65665269000684,192.63229914363572,2.0243535463710884,1.606888868053401,-1.2474601892229007,-1.2474601892229007,-1.2474601892229007,-1.2474601892229007,1.2474601892229007,-1.2474601892229007,-1.2474601892229007,-1.2474601892229007,-1.2474601892229007,3.2099914550782103,3.730001831054696,197.3200073242188,188.3299961853027,189.0699966430664,189.80999710083003,0.0,1.0015615708752184,1.686177690898952,1.0,-1.686177690898952,1.0359876778485042,1.0,1.686177690898952,1.0413171195966517,1.0,1.686177690898952,0.0,0.0,0.0,0.0,0.0,0.0,0.0,1.686177690898952,1
2024-01-30,195.8300018310547,196.5599975585938,193.3500061035156,194.7400054931641,194.7400054931641,2479800.0,-1.2474601892229007,1.3892259697345346,1.775072469511868,1.5682449271749654,1.5675295708069996,196.29400024414065,195.03199920654296,193.853000386556,186.96633478800456,180.86560089111327,195.76996268517456,194.9957753770381,192.21292817073908,188.31274469236195,185.55328444098376,194.66947619818487,192.7884255398971,1.8810506582877624,1.6617212261002732,-1.2221448165133408,-1.2221448165133408,-1.2221448165133408,-1.2221448165133408,1.2221448165133408,-1.2221448165133408,-1.2221448165133408,-1.2221448165133408,-1.2221448165133408,4.470001220703097,3.675501251220706,196.5599975585938,189.11400329589847,189.86000366210945,190.60600402832037,0.0,1.0060819219596084,-1.2474601892229007,1.0,-1.2474601892229007,1.03589073483565,1.0,-1.2474601892229007,0.7826305650025441,-1.0,-1.2474601892229007,0.0,0.0,1.0,0.049466152,0.049466152,0.703076899,0.703076899,-1.2474601892229007,-1
2024-01-31,193.5099945068359,196.0899963378906,191.6199951171875,192.3600006103516,192.3600006103516,4125600.0,-1.2221448165133408,1.3481321070896222,1.771563984332564,1.487999966245628,1.5346912318960266,195.1059997558594,195.725,193.56900024414065,187.43333485921224,181.0046008300781,194.6333086602336,194.51654360127688,192.22241671523025,188.44544160770587,185.68807089978316,194.31417226159516,192.7566903599308,1.5574819016643744,1.6408733612130937,0.1819536818492018,-0.1819536818492018,-0.1819536818492018,-0.1819536818492018,0.1819536818492018,-0.1819536818492018,-0.1819536818492018,-0.1819536818492018,0.1819536818492018,3.889999389648409,3.748001098632817,196.0899963378906,188.47389480590823,189.2089950561524,189.94409530639652,0.0,1.0111381458453579,-1.2221448165133408,1.0,-1.2221448165133408,1.0351899062970702,1.0,-1.2221448165133408,0.7609841467834595,-1.0,1.2221448165133408,0.0,0.0,0.0,0.0,0.0,0.0,0.0,1.2221448165133408,-1
2024-02-01,192.1100006103516,192.6300048828125,188.7400054931641,192.0099945068359,192.0099945068359,2628000.0,-0.1819536818492018,1.3614439286615414,1.6193425105164736,1.3813806062767282,1.5151815788354723,194.047998046875,195.9289993286133,193.4163335164388,187.83483479817707,181.15000076293944,193.75887060910105,194.0608074022876,192.2087120566241,188.5623121945626,185.81325750586336,193.95968337624757,192.70137955599785,1.258303820249722,1.5643594530204197,-0.0468785996848111,0.0468785996848111,0.0468785996848111,0.0468785996848111,-0.0468785996848111,-0.0468785996848111,0.0468785996848111,0.0468785996848111,-0.0468785996848111,3.139999389648409,3.651000976562507,192.6300048828125,187.8443939208984,188.59399414062497,189.34359436035152,1.0,1.012990970134179,0.1819536818492018,1.0,-0.1819536818492018,1.034418720367996,1.0,-0.1819536818492018,0.8407387071110249,-1.0,0.1819536818492018,0.0,0.0,0.0,0.0,0.0,0.0,0.0,0.1819536818492018,-1
2024-02-02,190.3300018310547,192.8800048828125,189.7400054931641,192.1000061035156,192.1000061035156,2948400.0,0.0468785996848111,1.1999547383442333,1.3820955704242848,1.328115306097171,1.5142736948162252,193.68200073242187,195.6619995117188,193.22533365885417,188.24366811116536,181.29450088500977,193.2059157739059,193.7042980752381,192.20169876932684,188.67830215879056,185.937747577104,193.67357918044263,192.65683337433248,1.0167458061101513,1.454836723638366,-0.2394541595331016,0.2394541595331016,0.2394541595331016,0.2394541595331016,-0.2394541595331016,-0.2394541595331016,0.2394541595331016,0.2394541595331016,-0.2394541595331016,3.5700073242187784,3.68850097656251,192.8800048828125,184.597802734375,185.3280029296875,186.058203125,1.0,1.0126104885251053,-0.0468785996848111,1.0,0.0468785996848111,1.033688432143803,1.0,0.0468785996848111,0.8682140106822449,-1.0,-0.0468785996848111,0.0,0.0,0.0,0.0,0.0,0.0,0.0,-0.0468785996848111,-1
2024-02-05,192.7899932861328,193.9900054931641,190.4199981689453,192.5599975585938,192.5599975585938,3193700.0,0.2394541595331016,0.7112628167117002,1.2978426341543587,1.3280557080174724,1.514234413736448,192.75400085449215,195.18699951171877,193.23766682942707,188.65116806030272,181.4696008300781,192.9906097021352,193.49624343584824,192.22481482024727,188.80557086042344,186.0688812401038,193.50225893092744,192.64966035094443,0.8525985799830096,1.3343890949072947,1.480053427950112,-1.480053427950112,-1.480053427950112,-1.480053427950112,1.480053427950112,1.480053427950112,-1.480053427950112,-1.480053427950112,1.480053427950112,4.190002441406278,3.77550048828126,193.9900054931641,184.76530273437496,185.50300292968748,186.240703125,0.0,1.0100877469402092,-0.2394541595331016,1.0,0.2394541595331016,1.0330841650635811,1.0,0.2394541595331016,0.5480347139120922,-1.0,-0.2394541595331016,0.0,0.0,1.0,0.017876258,0.017876258,0.82547158,0.82547158,-0.2394541595331016,-1
2024-02-06,193.2100067138672,193.2100067138672,189.0200042724609,189.7100067138672,189.7100067138672,3991700.0,-1.480053427950112,0.7789586409266114,1.0643700684692634,1.3484295386382283,1.5299934930749512,191.7480010986328,194.02100067138676,193.0186670939128,188.99783477783205,181.6050009155273,191.89707537271252,192.8078367591244,192.0625691359647,188.83522449496255,186.14098273463372,192.91883551291815,192.43190822967944,0.4869272832387423,1.1648967325735844,-1.1912890342387568,1.1912890342387568,1.1912890342387568,1.1912890342387568,-1.1912890342387568,-1.1912890342387568,1.1912890342387568,1.1912890342387568,-1.1912890342387568,3.940002441406307,3.751000213623056,193.2100067138672,185.6839044189453,186.4390045166016,187.1941046142578,1.0,1.0051929359608844,1.480053427950112,1.0,-1.480053427950112,1.0318123731503712,1.0,-1.480053427950112,0.7318494422216139,-1.0,1.480053427950112,0.0,0.0,0.0,0.0,0.0,0.0,0.0,1.480053427950112,-1
2024-02-07,191.8300018310547,192.8200073242188,188.8800048828125,191.9700012207031,191.9700012207031,3500400.0,1.1912890342387568,0.9611934201387908,1.142891295894788,1.37117103421962,1.5261299049151398,191.6700012207031,193.38800048828125,192.84766693115236,189.41183471679688,181.7280009460449,191.9213839887094,192.655503024866,192.05659701239944,188.93800405974093,186.2564088432688,192.7728610064236,192.3976928956812,0.3751681107423792,1.0069510082073434,-1.08870986331239,1.08870986331239,1.08870986331239,1.08870986331239,-1.08870986331239,-1.08870986331239,1.08870986331239,1.08870986331239,-1.08870986331239,3.259994506835909,3.750500488281256,192.8200073242188,184.95780624389647,185.70800628662107,186.4582063293457,1.0,1.0028018672236352,-1.1912890342387568,1.0,1.1912890342387568,1.0311408783469642,1.0,1.1912890342387568,0.8410191096837928,-1.0,-1.1912890342387568,0.0,0.0,0.0,0.0,0.0,0.0,0.0,-1.1912890342387568,1
2024-02-08,192.9700012207031,195.1699981689453,191.9100036621094,194.0599975585938,194.0599975585938,2594500.0,1.08870986331239,1.0745409134489687,1.2223030573135358,1.3757613097073536,1.4836277801855215,192.0800018310547,193.06399993896488,192.6873336791992,189.7741678873698,181.8872009277344,192.63425517867088,192.91086566736192,192.18584866054107,189.1059382728181,186.41093535248316,192.97088201444976,192.52082657441545,0.4500554400343048,0.8955718945727358,-0.494695829096484,0.494695829096484,0.494695829096484,0.494695829096484,-0.494695829096484,-0.494695829096484,0.494695829096484,0.494695829096484,-0.494695829096484,2.080001831054716,3.653000640869151,195.1699981689453,184.56890625000003,185.31900634765628,186.0691064453125,1.0,1.001954805500567,-1.08870986331239,1.0,1.08870986331239,1.0309794771274452,1.0,1.08870986331239,0.879111695761173,-1.0,-1.08870986331239,0.0,0.0,0.0,0.0,0.0,0.0,0.0,1.08870986331239,1
2024-02-09,195.5299987792969,195.5299987792969,193.4499969482422,195.0200042724609,195.0200042724609,3183900.0,0.494695829096484,1.0754521563054849,1.1049121876750905,1.3774373524202428,1.4760220399057606,192.66400146484372,193.1730010986328,192.54300028483075,190.1801678975423,182.04020095825197,193.4295048766009,193.29434541374357,192.3686974096972,189.29984207608507,186.58141196475992,193.28613159260533,192.70595084834477,0.5801807442605877,0.8324936645103063,0.4973854986424446,-0.4973854986424446,-0.4973854986424446,-0.4973854986424446,0.4973854986424446,-0.4973854986424446,-0.4973854986424446,-0.4973854986424446,0.4973854986424446,3.0699920654296022,3.662000274658206,195.5299987792969,187.1333967590332,187.863996887207,188.59459701538083,0.0,1.0032720006069817,-0.494695829096484,1.0,0.494695829096484,1.03101748123779,1.0,0.494695829096484,0.9733372192847342,-1.0,-0.494695829096484,0.0,0.0,0.0,0.0,0.0,0.0,0.0,0.494695829096484,1
2024-02-12,194.6799926757812,195.6799926757812,192.6100006103516,194.0500030517578,194.0500030517578,6264900.0,-0.4973854986424446,1.1357827493186174,0.9535732833579388,1.3813482433297106,1.3907929369377925,192.96200256347657,192.8580017089844,192.3366668701172,190.45466791788735,182.19320098876952,193.6363376016532,193.43173771156432,192.47716874144305,189.455585058894,186.72930485757172,193.4036502786288,192.80551027081975,0.5981400078090076,0.7856229331700466,-4.823499336846226,-4.823499336846226,-4.823499336846226,-4.823499336846226,4.823499336846226,-4.823499336846226,-4.823499336846226,-4.823499336846226,4.823499336846226,5.940002441406278,3.7630004882812544,195.6799926757812,187.47359817504883,188.20599822998048,188.93839828491213,0.0,1.0027105327723043,0.4973854986424446,1.0,-0.4973854986424446,1.0307817987554526,1.0,-0.4973854986424446,1.191080716228795,1.0,0.4973854986424446,1.0,0.0,0.0,0.742709577,0.742709577,0.040943693,0.040943693,-0.4973854986424446,1
2024-02-13,188.1600036621094,188.9499969482422,183.0099945068359,184.6900024414062,184.6900024414062,6800200.0,-4.823499336846226,2.5033030212920906,1.747807416250524,1.7746023042745636,1.5154413797880404,191.9580017089844,191.8530014038086,191.87433369954428,190.5198346455892,182.27930099487304,190.65422588157088,191.8423312988083,191.97477091563425,189.29933644848452,186.68892263150903,192.06308907290224,192.20436154271508,-0.1412724698128329,0.6002438525734707,0.8825625974690973,-0.8825625974690973,0.8825625974690973,0.8825625974690973,-0.8825625974690973,-0.8825625974690973,-0.8825625974690973,0.8825625974690973,-0.8825625974690973,2.3300018310546875,3.738500976562504,188.9499969482422,187.40139160156244,188.1539916992187,188.9065917968749,1.0,0.9998888215253996,4.823499336846226,-1.0,-4.823499336846226,1.0283136685863175,1.0,-4.823499336846226,1.4322533466886702,1.0,-4.823499336846226,0.0,0.0,0.0,0.0,0.0,0.0,0.0,-4.823499336846226,1
2024-02-14,185.9100036621094,187.0800018310547,184.75,186.3200073242188,186.3200073242188,3780800.0,0.8825625974690973,2.454198359881795,1.779547483894212,1.7636262469008632,1.5173636183285348,190.8280029296875,191.2490020751953,191.63233388264973,190.62783482869463,182.40410110473636,189.20948636245356,190.83827239433745,191.6099474581236,189.20165352637747,186.68161737789936,191.1795380346433,191.76848345245608,-0.5889454178128233,0.3624059984962119,-0.6547799022952409,-0.6547799022952409,0.6547799022952409,0.6547799022952409,-0.6547799022952409,-0.6547799022952409,-0.6547799022952409,0.6547799022952409,-0.6547799022952409,2.6399993896484943,3.720001220703133,187.0800018310547,180.7252947998047,181.4729949951172,182.22069519042967,1.0,0.9979996496432112,-0.8825625974690973,-1.0,-0.8825625974690973,1.0263996538569078,1.0,0.8825625974690973,1.3791137253113548,1.0,0.8825625974690973,0.0,0.0,0.0,0.0,0.0,0.0,0.0,0.8825625974690973,1
2024-02-15,187.7799987792969,189.3300018310547,186.6900024414062,187.5399932861328,187.5399932861328,2811200.0,0.6547799022952409,2.3876040993122563,1.805403546270829,1.678187595509689,1.5026625448385558,189.5240020751953,190.802001953125,191.58500010172529,190.7026679992676,182.52470108032227,188.65298867034664,190.2385852837548,191.3473697696081,189.1471728627629,186.69861492063663,190.619608073334,191.4552619586544,-0.8356538853203972,0.12279402173289,-0.3732602282667561,-0.3732602282667561,0.3732602282667561,0.3732602282667561,-0.3732602282667561,-0.3732602282667561,-0.3732602282667561,0.3732602282667561,-0.3732602282667561,4.460006713867102,3.7160011291503943,189.3300018310547,178.8959991455078,179.6399993896484,180.38399963378905,1.0,0.9959130508746272,-0.6547799022952409,-1.0,-0.6547799022952409,1.0248997822021744,1.0,0.6547799022952409,1.32247668630318,1.0,0.6547799022952409,0.0,0.0,0.0,0.0,0.0,0.0,0.0,0.6547799022952409,1
2024-02-16,187.5899963378906,190.5200042724609,186.0599975585938,188.2400054931641,188.2400054931641,4353300.0,0.3732602282667561,2.373526386688888,1.8137005249075768,1.5696839827907518,1.5024776716839603,188.16800231933595,190.41600189208984,191.65733337402344,190.77633463541667,182.6528012084961,188.51532761128576,189.875207140011,191.1468946549988,189.117429670317,186.72913750623124,190.2535153686925,191.2170948130625,-0.9635794443700548,-0.0944806714876988,-0.6162284155704815,-0.6162284155704815,0.6162284155704815,0.6162284155704815,-0.6162284155704815,-0.6162284155704815,-0.6162284155704815,0.6162284155704815,-0.6162284155704815,3.489990234375,3.77150039672852,190.5200042724609,181.15479934692385,181.8979995727539,182.641199798584,1.0,0.9935231725283837,-0.3732602282667561,-1.0,-0.3732602282667561,1.0236586384308668,1.0,0.3732602282667561,1.3086649940787987,1.0,0.3732602282667561,0.0,0.0,0.0,0.0,0.0,0.0,0.0,0.3732602282667561,1
2024-02-20,187.25,189.5099945068359,186.0200042724609,189.3999938964844,189.3999938964844,4600500.0,0.6162284155704815,2.4463198386375744,1.8274198384570548,1.5432639939559685,1.492023417620281,187.23800048828124,190.1000015258789,191.7523330688477,190.91216786702475,182.82340118408203,188.81021637301868,189.78880473209708,191.03419138025595,189.1266940711749,186.7820257515828,190.12220437296813,191.08249474516785,-0.9602903721997222,-0.2676426116301035,-2.2808909521822747,-2.2808909521822747,2.2808909521822747,2.2808909521822747,-2.2808909521822747,-2.2808909521822747,-2.2808909521822747,2.2808909521822747,-2.2808909521822747,4.1199951171875,3.743499755859375,189.5099945068359,182.22270339965817,182.97700347900388,183.7313035583496,1.0,0.9913829911922086,-0.6162284155704815,-1.0,-0.6162284155704815,1.0227653898257236,1.0,0.6162284155704815,1.338674226445454,1.0,0.6162284155704815,1.0,1.0,1.0,0.994981468,0.3359867619999999,0.996260285,0.336265386,0.6162284155704815,1
2024-02-21,190.2599945068359,194.2899932861328,190.1699981689453,193.7200012207031,193.7200012207031,5557200.0,2.2808909521822747,0.7593318284440498,1.9084736728521,1.5611006425857463,1.516243681437922,189.04400024414065,190.5010009765625,191.91033325195312,191.09633458455403,183.03250122070312,190.44681132224684,190.50356773002545,191.2074694344784,189.27729430558568,186.91941140443663,190.675711580312,191.27786559520752,-0.6021540148955467,-0.3345448922831922,0.934336953948076,0.934336953948076,-0.934336953948076,-0.934336953948076,0.934336953948076,0.934336953948076,0.934336953948076,-0.934336953948076,0.934336953948076,8.300003051757784,3.929499816894534,194.2899932861328,181.27429504394527,182.0229949951172,182.77169494628905,0.0,0.9926562981184532,-2.2808909521822747,-1.0,-2.2808909521822747,1.0229406780056873,1.0,2.2808909521822747,0.39787388175456134,-1.0,2.2808909521822747,5.0,0.0,1.0,0.996745944,0.8252753275,0.997515917,0.1734934533333333,2.2808909521822747,-1
2024-02-22,197.1399993896484,197.3399963378906,189.0399932861328,191.9100036621094,191.9100036621094,5780400.0,-0.934336953948076,1.143923354020448,1.9074085814379584,1.5398135192149986,1.5221433781964684,190.1619995117188,190.49500122070316,191.9820002237956,191.24400126139324,183.18750122070315,190.93454210220105,190.7592833540407,191.2527942233578,189.36361264514383,187.01823501349944,190.86560266981928,191.32469063720023,-0.4590879673809525,-0.3594535073027443,0.9379412315196596,0.9379412315196596,-0.9379412315196596,-0.9379412315196596,0.9379412315196596,-0.9379412315196596,0.9379412315196596,-0.9379412315196596,0.9379412315196596,3.190002441406307,3.834500122070318,197.3399963378906,185.64509368896483,186.43099365234372,187.21689361572265,0.0,0.9922544873927814,0.934336953948076,-1.0,0.934336953948076,1.0226424937095182,1.0,-0.934336953948076,0.5997264378238596,-1.0,0.934336953948076,0.0,2.0,1.0,0.007866806,0.007111004,0.990400612,0.4998563625,0.934336953948076,-1
2024-02-23,193.0599975585938,193.0599975585938,189.8699951171875,190.1100006103516,190.1100006103516,3720400.0,-0.9379412315196596,1.330724049189898,1.8880521237630543,1.5480632766706286,1.527344148247204,190.6760009765625,190.1000015258789,192.04000040690104,191.34966786702475,183.33770126342773,190.65969493825125,190.6412319460972,191.17906560316385,189.38808438170804,187.07945809462527,190.74935619913197,191.2347135981744,-0.4853573990424706,-0.3846342856506896,-0.5786155909652793,0.5786155909652793,-0.5786155909652793,-0.5786155909652793,0.5786155909652793,-0.5786155909652793,0.5786155909652793,-0.5786155909652793,0.5786155909652793,2.610000610351591,3.815000152587898,193.0599975585938,188.9040960693359,189.67099609374995,190.437896118164,0.0,0.9898979437777983,0.9379412315196596,-1.0,0.9379412315196596,1.0219137234536193,1.0,-0.9379412315196596,0.7048131947425517,-1.0,0.9379412315196596,1.0,0.0,1.0,0.992938459,0.537270777,0.849075019,0.427575078,0.9379412315196596,-1
2024-02-26,191.2799987792969,191.4900054931641,188.8800048828125,189.0099945068359,189.0099945068359,2827100.0,-0.5786155909652793,1.3811130329954373,1.875327172520569,1.5092668326923648,1.5288632394964223,190.8299987792969,189.4990005493164,192.04166666666663,191.446501159668,183.4735012817383,190.10979479444612,190.34464332077692,191.03912553243305,189.375687992368,187.11768653843143,190.48176209262485,191.0699195914086,-0.5881574987837439,-0.4253389282773004,0.03175113439873,-0.03175113439873,0.03175113439873,0.03175113439873,-0.03175113439873,-0.03175113439873,-0.03175113439873,0.03175113439873,-0.03175113439873,2.379989624023409,3.7139991760253936,191.4900054931641,184.6669972229004,185.429997253418,186.1929972839356,1.0,0.9867598206082869,0.5786155909652793,-1.0,0.5786155909652793,1.0209570728804207,1.0,-0.5786155909652793,0.7364651103194576,-1.0,0.5786155909652793,0.0,0.0,1.0,0.00136185,0.00136185,0.995958865,0.995958865,0.5786155909652793,1
2024-02-27,189.8000030517578,190.3699951171875,187.9900054931641,189.0700073242188,189.0700073242188,1886100.0,0.03175113439873,1.3497374062886147,1.876490917039856,1.449360323694017,1.528253049366589,190.76400146484372,189.0010009765625,192.0653335571289,191.5525011698405,183.6491014099121,189.76319897103704,190.11289132140277,190.9120856480321,189.3656656753795,187.15634635597175,190.2645690513316,190.92177794198716,-0.6572088906555109,-0.4717129207529426,-0.6928718287594272,0.6928718287594272,-0.6928718287594272,-0.6928718287594272,0.6928718287594272,0.6928718287594272,0.6928718287594272,-0.6928718287594272,0.6928718287594272,2.429992675781307,3.674999237060548,190.3699951171875,183.31920730590824,184.0620071411133,184.8048069763184,0.0,0.9840453635030658,-0.03175113439873,-1.0,-0.03175113439873,1.020067389459062,1.0,0.03175113439873,0.7192880040249866,-1.0,-0.03175113439873,0.0,0.0,0.0,0.0,0.0,0.0,0.0,0.03175113439873,1
2024-02-28,187.1999969482422,188.6499938964844,186.2200012207031,187.7599945068359,187.7599945068359,1774800.0,-0.6928718287594272,0.3973877173944328,1.0116120261408488,1.433486608272562,1.5308690973493089,189.5720001220703,189.3080001831055,192.064333597819,191.6255009969076,183.78880142211915,189.09546414963668,189.6850919005724,190.70872492924528,189.3130207190338,187.16829978470176,189.87924989064,190.68757176160557,-0.8083218709655569,-0.5390347107954655,2.162341785345057,-2.162341785345057,2.162341785345057,2.162341785345057,-2.162341785345057,-2.162341785345057,-2.162341785345057,2.162341785345057,-2.162341785345057,3.5299987792969034,3.627999114990239,188.6499938964844,182.2849967956543,183.0199966430664,183.7549964904785,1.0,0.9856489054314205,0.6928718287594272,-1.0,0.6928718287594272,1.0189157306478502,1.0,-0.6928718287594272,0.392826209184571,-1.0,0.6928718287594272,0.0,0.0,0.0,0.0,0.0,0.0,0.0,-0.6928718287594272,-1
2024-02-29,190.1300048828125,192.2899932861328,188.7599945068359,191.8200073242188,191.8200073242188,3119300.0,2.162341785345057,1.2620701467463955,1.1789461178284026,1.5012137704244657,1.5545956974688626,189.5540008544922,189.85800018310547,192.27733408610027,191.77133433024088,183.98600143432617,190.00364520783077,190.07325834123537,190.78042056763067,189.395217001171,187.26041280528625,190.1778279573444,190.77145587735467,-0.5936279200102774,-0.5499533526384279,-2.262535800321929,-2.262535800321929,2.262535800321929,2.262535800321929,-2.262535800321929,-2.262535800321929,-2.262535800321929,2.262535800321929,-2.262535800321929,5.600006103515597,3.713499450683598,192.2899932861328,180.6683958435059,181.39399566650397,182.119595489502,1.0,0.9874174773927777,-2.162341785345057,-1.0,-2.162341785345057,1.0187973940119663,1.0,2.162341785345057,1.0705070636061857,1.0,-2.162341785345057,0.0,0.0,0.0,0.0,0.0,0.0,0.0,-2.162341785345057,1
2024-03-01,192.5500030517578,197.2200012207031,191.6199951171875,196.1600036621094,196.1600036621094,2934000.0,2.262535800321929,1.4647218790176666,1.3326789172619935,1.5831679947320847,1.579704045178785,190.76400146484372,190.72000122070312,192.4836675008138,191.9863344828288,184.20790145874025,192.0557646925903,191.179939308667,191.12749044469385,189.61701328513615,187.43664232720357,191.0981626811544,191.1706075651143,-0.0724448839599176,-0.4544516589027259,-0.76468187805695,0.76468187805695,-0.76468187805695,-0.76468187805695,0.76468187805695,-0.76468187805695,-0.76468187805695,-0.76468187805695,-0.76468187805695,2.5299987792969034,3.682999420166023,197.2200012207031,184.1202944946289,184.8629943847656,185.60569427490236,0.0,0.9908373198463541,-2.262535800321929,-1.0,-2.262535800321929,1.0196911770914423,1.0,2.262535800321929,1.09908085139289,1.0,2.262535800321929,0.0,0.0,0.0,0.0,0.0,0.0,0.0,2.262535800321929,1
2024-03-04,195.8300018310547,196.2299957275391,193.6999969482422,194.6600036621094,194.6600036621094,3150700.0,-0.76468187805695,1.5051343742022736,1.3881768537011705,1.5954674693681967,1.5708226057285444,191.89400329589844,191.36200103759765,192.4800008138021,192.22016779581705,184.42130142211917,192.92384434909667,191.81267828202016,191.3553945232368,189.7823572319222,187.5796791853205,191.64613821668596,191.4290813500769,0.2170568666090275,-0.3201499538003752,-2.4966611111276737,2.4966611111276737,-2.4966611111276737,-2.4966611111276737,2.4966611111276737,-2.4966611111276737,-2.4966611111276737,-2.4966611111276737,-2.4966611111276737,6.160003662109403,3.812499237060554,196.2299957275391,189.11740249633783,189.85400238037104,190.59060226440425,0.0,0.9941916055097799,-0.76468187805695,-1.0,0.76468187805695,1.0201285947087375,1.0,-0.76468187805695,1.0842526081523904,1.0,-0.76468187805695,0.0,1.0,0.0,0.006158377,0.006158377,0.191008523,0.191008523,-0.76468187805695,1
2024-03-05,193.2899932861328,195.0500030517578,188.8899993896484,189.8000030517578,189.8000030517578,3328500.0,-2.4966611111276737,2.064498244473577,1.64562902364419,1.6951292794430204,1.607119311643405,192.04000244140624,191.402001953125,192.22966766357425,192.3740010579427,184.55960144042967,191.8825639166504,191.44673733106336,191.2550466863672,189.7829357833922,187.62364599455685,191.3621174220816,191.30840888353472,0.0537085385468856,-0.245378255330923,1.001050508922412,-1.001050508922412,-1.001050508922412,1.001050508922412,-1.001050508922412,1.001050508922412,1.001050508922412,1.001050508922412,1.001050508922412,3.610000610351591,3.78349914550782,195.0500030517578,187.84249740600583,188.604997253418,189.3674971008301,1.0,0.9956943913990541,-2.4966611111276737,-1.0,2.4966611111276737,1.0193547069856839,1.0,-2.4966611111276737,1.2545344149933715,1.0,-2.4966611111276737,0.0,0.0,0.0,0.0,0.0,0.0,0.0,-2.4966611111276737,1
2024-03-06,191.3699951171875,194.0,190.3899993896484,191.6999969482422,191.6999969482422,3905300.0,1.001050508922412,2.041926890741892,1.4942028721784526,1.6762912932517555,1.5898473784706886,192.82800292968756,191.2000015258789,191.90733439127604,192.49600092569983,184.72740142822263,191.82170826051436,191.4927845341868,191.28375315487523,189.84579024781348,187.7043658154219,191.4140988876448,191.3374154068464,0.0766834807983798,-0.1809659081050624,3.411585106434647,-3.411585106434647,-3.411585106434647,3.411585106434647,-3.411585106434647,3.411585106434647,3.411585106434647,3.411585106434647,3.411585106434647,5.710006713867216,3.871999359130865,194.0,186.7263049316406,187.48300476074215,188.2397045898437,1.0,0.9963141957672395,1.001050508922412,-1.0,-1.001050508922412,1.019069281227977,1.0,1.001050508922412,1.3665660324724798,1.0,1.001050508922412,0.0,0.0,1.0,0.003727667,0.003727667,0.945339799,0.945339799,1.001050508922412,1
2024-03-07,193.6799926757812,199.3899993896484,193.6799926757812,198.2400054931641,198.2400054931641,4275300.0,3.411585106434647,2.358351833428204,1.8194777756396132,1.8219507395679264,1.647002221393869,194.11200256347652,191.8330017089844,191.90533447265625,192.71866760253903,184.97380142211915,193.9611406713976,192.71955198127355,191.73254362831324,190.12101041979216,187.912992343694,192.46423836541695,191.8487183762033,0.6155199892137091,-0.0216687286413081,-1.1602113539273529,1.1602113539273529,1.1602113539273529,-1.1602113539273529,1.1602113539273529,-1.1602113539273529,-1.1602113539273529,-1.1602113539273529,-1.1602113539273529,4.089996337890625,3.913499450683601,199.3899993896484,185.4816014099121,186.25600128173824,187.03040115356444,0.0,0.9996230810161134,3.411585106434647,-1.0,-3.411585106434647,1.0203261692391832,1.0,3.411585106434647,1.2961696290020124,1.0,3.411585106434647,0.0,0.0,1.0,0.063323773,0.063323773,0.901351869,0.901351869,3.411585106434647,1
2024-03-08,199.0,199.6699981689453,195.5800018310547,195.9400024414062,195.9400024414062,3751300.0,-1.1602113539273529,2.280632840646839,1.838084367944811,1.8320733546467696,1.6161139074649171,194.06800231933596,192.41600189208984,191.86000111897783,192.81550089518228,185.222501373291,194.62076126140045,193.3050884285704,192.00399258399668,190.3117970434517,188.0719430386982,192.9989713001845,192.1517764551072,0.8471948450773539,0.1521039861024242,1.1585200797064477,1.1585200797064477,-1.1585200797064477,1.1585200797064477,-1.1585200797064477,1.1585200797064477,1.1585200797064477,1.1585200797064477,1.1585200797064477,3.8899993896484943,4.00399932861329,199.6699981689453,190.7803005981445,191.5630004882812,192.34570037841792,1.0,1.0028979504319258,-1.1602113539273529,1.0,1.1602113539273529,1.020907156494307,1.0,-1.1602113539273529,1.2407661369738148,1.0,-1.1602113539273529,0.0,0.0,0.0,0.0,0.0,0.0,0.0,-1.1602113539273529,1
2024-03-11,194.6000061035156,198.4900054931641,194.6000061035156,198.2100067138672,198.2100067138672,3110900.0,1.1585200797064477,2.281978027260803,1.8260184411422515,1.846240010157876,1.6216003901955915,194.7780029296875,193.33600311279295,192.00266825358077,192.9361676534017,185.4771014404297,195.8171764122227,194.1968917531698,192.40438059237545,190.57075473756365,188.27269677484017,193.8006690561357,192.6005342520524,1.2001348040833475,0.3617101496986089,0.499465314989941,0.499465314989941,-0.499465314989941,0.499465314989941,-0.499465314989941,0.499465314989941,0.499465314989941,0.499465314989941,0.499465314989941,3.070007324218693,4.0040000915527445,198.4900054931641,190.86119964599607,191.66199951171876,192.4627993774414,1.0,1.0069443558849465,1.1585200797064477,1.0,1.1585200797064477,1.0219452097320114,1.0,1.1585200797064477,1.2497015231857842,1.0,1.1585200797064477,0.0,0.0,1.0,0.15985848,0.15985848,0.665961087,0.665961087,1.1585200797064477,1
2024-03-12,199.3000030517578,199.6000061035156,196.5299987792969,199.1999969482422,199.1999969482422,3864600.0,0.499465314989941,1.6398410916463997,1.8189148924092904,1.8427884008403668,1.6206212569107372,196.6580017089844,194.3490020751953,192.0693349202474,193.0516675313314,185.7430014038086,196.94478325756256,195.10654724318292,192.84280745404428,190.85368071168423,188.4890789564917,194.63133488569056,193.08938334065903,1.5419515450315373,0.5977584287651947,-0.3012002278707291,-0.3012002278707291,0.3012002278707291,-0.3012002278707291,0.3012002278707291,-0.3012002278707291,-0.3012002278707291,-0.3012002278707291,-0.3012002278707291,2.410003662109375,3.8275001525878993,199.6000061035156,189.68120529174809,190.4820053100586,191.28280532836916,0.0,1.0118689803132523,0.499465314989941,1.0,0.499465314989941,1.0230980411260724,1.0,0.499465314989941,0.9015491040783695,-1.0,0.499465314989941,0.0,0.0,0.0,0.0,0.0,0.0,0.0,0.499465314989941,1
2024-03-13,198.4499969482422,199.8300018310547,197.4199981689453,198.6000061035156,198.6000061035156,3647400.0,-0.3012002278707291,1.736634469313179,1.7935021408837697,1.4325389804070998,1.532016686038226,198.03800354003903,195.4330032348633,192.1980016072591,193.02550099690757,186.01630142211917,197.4965242062136,195.7417215814252,193.21423962497792,191.1076585933836,188.68929533564068,195.24189968843285,193.49757761938915,1.7443220690437045,0.8270711568208966,-2.09970458186234,-2.09970458186234,2.09970458186234,-2.09970458186234,2.09970458186234,-2.09970458186234,-2.09970458186234,-2.09970458186234,-2.09970458186234,6.360000610351591,4.029000091552744,199.8300018310547,191.1795057678222,191.9450057983398,192.71050582885735,0.0,1.0168316090726826,-0.3012002278707291,1.0,-0.3012002278707291,1.023980927382702,1.0,-0.3012002278707291,0.9682923871266925,-1.0,0.3012002278707291,0.0,0.0,0.0,0.0,0.0,0.0,0.0,-0.3012002278707291,1
2024-03-14,199.0599975585938,199.8999938964844,193.5399932861328,194.4299926757812,194.4299926757812,4361800.0,-2.09970458186234,1.2954559356989466,1.8793356779843533,1.5287357903469678,1.5549398261172749,197.2760009765625,195.69400177001955,192.26700134277343,192.91800079345705,186.27340133666996,196.4743470294028,195.50322541676263,193.2926753056749,191.2165875796917,188.80297251069297,195.1169909172557,193.5666454013441,1.550345515911545,0.9717260286390262,0.3960316316757792,0.3960316316757792,-0.3960316316757792,0.3960316316757792,-0.3960316316757792,0.3960316316757792,0.3960316316757792,0.3960316316757792,0.3960316316757792,7.1699981689453125,4.255500030517585,199.8999938964844,190.96620162963865,191.7720016479492,192.57780166625972,1.0,1.0178241736923772,-2.09970458186234,1.0,-2.09970458186234,1.0237798310867572,1.0,-2.09970458186234,0.6893158847962509,-1.0,2.09970458186234,0.0,0.0,0.0,0.0,0.0,0.0,0.0,-2.09970458186234,-1
2024-03-15,188.75,195.9199981689453,188.75,195.1999969482422,195.1999969482422,10198200.0,0.3960316316757792,1.247386278460174,1.7333479818087785,1.525993468701407,1.531347793180087,197.12799987792968,195.5980010986328,192.373334757487,192.89483413696288,186.56020126342773,196.04956366901595,195.44809296794077,193.4157283148728,191.34719116554584,188.92964626193157,195.12976107586897,193.68763440481808,1.4421266710509144,1.065806157121404,-2.0389322693454743,-2.0389322693454743,2.0389322693454743,-2.0389322693454743,2.0389322693454743,-2.0389322693454743,-2.0389322693454743,-2.0389322693454743,-2.0389322693454743,7.1699981689453125,4.390999603271496,195.9199981689453,190.5378938293457,191.38899383544924,192.24009384155275,0.0,1.016762543235064,0.3960316316757792,1.0,0.3960316316757792,1.0237447226610574,1.0,0.3960316316757792,0.7196398481731896,-1.0,-0.3960316316757792,0.0,1.0,0.0,0.012357687,0.012357687,0.068144098,0.068144098,-0.3960316316757792,-1
2024-03-18,197.2100067138672,198.2899932861328,191.1199951171875,191.2200012207031,191.2200012207031,2846500.0,-2.0389322693454743,1.2797033803445157,1.836661062772525,1.6057657989600609,1.5513570292852858,195.7299987792969,195.25400085449215,192.34400126139323,192.7846674601237,186.83370132446288,194.43970951957837,194.67934901389756,193.27406850234573,191.34302100341984,188.9749998254716,194.5282595596896,193.50484676155028,1.0234127981393328,1.0573274853249897,-0.3556154849018276,-0.3556154849018276,0.3556154849018276,-0.3556154849018276,0.3556154849018276,0.3556154849018276,-0.3556154849018276,-0.3556154849018276,0.3556154849018276,2.979995727539091,4.3654998779297,198.2899932861328,186.259799041748,187.13799896240232,188.01619888305663,0.0,1.0151291414029817,-2.0389322693454743,1.0,-2.0389322693454743,1.022749404317209,1.0,-2.0389322693454743,0.6967553275250166,-1.0,2.0389322693454743,0.0,0.0,0.0,0.0,0.0,0.0,0.0,2.0389322693454743,-1
2024-03-19,190.3300018310547,191.0800018310547,188.1000061035156,190.5399932861328,190.5399932861328,2226700.0,-0.3556154849018276,1.1257273455205692,1.6496685865061682,1.6037309535755442,1.5076864177341274,193.99799804687495,195.3279998779297,192.2766677856445,192.7571673075358,187.0898013305664,193.13980410842984,193.92673888157668,193.09767655291265,191.31669222580385,189.0059897949896,193.91468013298856,193.28522798559345,0.629452147395142,0.9717524177390202,-1.983842852565639,1.983842852565639,-1.983842852565639,1.983842852565639,-1.983842852565639,-1.983842852565639,1.983842852565639,1.983842852565639,-1.983842852565639,4.8000030517578125,4.399500274658216,191.0800018310547,188.68589355468748,189.55899353027343,190.4320935058593,1.0,1.01586948706479,0.3556154849018276,1.0,-0.3556154849018276,1.0216484502018226,1.0,-0.3556154849018276,0.6823960610808176,-1.0,0.3556154849018276,0.0,0.0,0.0,0.0,0.0,0.0,0.0,0.3556154849018276,-1
2024-03-20,190.4600067138672,194.75,189.9499969482422,194.3200073242188,194.3200073242188,2594300.0,1.983842852565639,1.724153508250014,1.739385623011277,1.58315003341532,1.504341431045846,193.1419982910156,195.59000091552736,192.43033447265623,192.7245007832845,187.43510147094727,193.53320518035952,193.99824223478436,193.17653660267436,191.41516157329283,189.1112178648753,193.9770381624086,193.3618783069731,0.6151598554355076,0.9004339052783177,-0.4271235801678319,0.4271235801678319,-0.4271235801678319,0.4271235801678319,-0.4271235801678319,-0.4271235801678319,0.4271235801678319,0.4271235801678319,-0.4271235801678319,4.3699951171875,4.2029998779297015,194.75,181.40110122680665,182.28100128173827,183.1609013366699,1.0,1.0164197939557191,-1.983842852565639,1.0,1.983842852565639,1.0214969729648922,1.0,1.983842852565639,0.9912428189817433,-1.0,-1.983842852565639,0.0,0.0,0.0,0.0,0.0,0.0,0.0,-1.983842852565639,1
2024-03-21,196.6300048828125,198.6699981689453,194.3000030517578,195.1499938964844,195.1499938964844,3109000.0,0.4271235801678319,1.4598452135507936,1.323866730824679,1.5688296539587785,1.5043865073617964,193.28599853515624,195.28099975585937,192.5363342285156,192.692000579834,187.7780014038086,194.07213475240115,194.20765162782072,193.30385642808145,191.537615092086,189.2307975882735,194.15749289072795,193.4943313136036,0.6631615771243844,0.8529794396475311,0.8403789090141697,-0.8403789090141697,0.8403789090141697,-0.8403789090141697,0.8403789090141697,0.8403789090141697,-0.8403789090141697,-0.8403789090141697,0.8403789090141697,3.0699920654296875,4.196999359130871,198.6699981689453,185.50340026855463,186.3440002441406,187.18460021972652,0.0,1.0142553120601445,-0.4271235801678319,1.0,0.4271235801678319,1.021524291456352,1.0,0.4271235801678319,1.1027131202560012,1.0,-0.4271235801678319,0.0,0.0,0.0,0.0,0.0,0.0,0.0,0.4271235801678319,1
2024-03-22,195.2899932861328,195.6199951171875,192.5500030517578,193.5099945068359,193.5099945068359,2104300.0,-0.8403789090141697,1.497683945873503,1.3003793775346395,1.5655958535598795,1.503432208884673,192.947998046875,195.0379989624024,192.51800079345705,192.60266723632813,188.1074012756348,193.88475467054607,194.08080487855077,193.3171556589689,191.6022832696188,189.3155341609183,194.0578777547445,193.4954915501393,0.5623862046052182,0.7948607926390685,1.488289858807097,-1.488289858807097,1.488289858807097,-1.488289858807097,1.488289858807097,1.488289858807097,-1.488289858807097,-1.488289858807097,1.488289858807097,1.6800079345703978,4.150499725341811,195.6199951171875,189.4365995788574,190.2759994506836,191.11539932250972,0.0,1.013089675555321,0.8403789090141697,1.0,-0.8403789090141697,1.021137311926285,1.0,-0.8403789090141697,1.1517284661288067,1.0,-0.8403789090141697,0.0,0.0,0.0,0.0,0.0,0.0,0.0,-0.8403789090141697,1
2024-03-25,190.8099975585938,192.1100006103516,190.4299926757812,190.6300048828125,190.6300048828125,1768700.0,-1.488289858807097,1.3370520070206915,1.2811173049512503,1.5992099407680935,1.514596549208408,192.8299987792969,194.27999877929688,192.37166748046877,192.45733388264975,188.4549012756348,192.7998380746349,193.4533866975074,193.14379109276524,191.57040528972348,189.3415632841241,193.53051269752424,193.28323327848548,0.2472794190387333,0.6853445179190015,0.8760416126369633,-0.8760416126369633,0.8760416126369633,-0.8760416126369633,0.8760416126369633,0.8760416126369633,-0.8760416126369633,-0.8760416126369633,0.8760416126369633,3.169998168945284,4.1900001525879045,192.1100006103516,186.4888957214355,187.31899566650387,188.14909561157225,0.0,1.0099200226510583,1.488289858807097,1.0,-1.488289858807097,1.0200813162344897,1.0,-1.488289858807097,1.043660874654698,1.0,-1.488289858807097,0.0,0.0,0.0,0.0,0.0,0.0,0.0,-1.488289858807097,1
2024-03-26,190.6300048828125,191.9299926757812,188.7599945068359,188.9600067138672,188.9600067138672,2711500.0,-0.8760416126369633,1.385708613590596,1.2494395332237174,1.6127237425357543,1.5166754714776052,192.51400146484377,193.25599975585936,192.2020009358724,192.2693339029948,188.77120132446288,191.5198942877124,192.6364085186637,192.87386951993312,191.4848184511708,189.33400770847547,192.82735793080772,192.96299427369897,-0.1356363428912175,0.5211483457569577,-2.3126560975438406,2.3126560975438406,-2.3126560975438406,2.3126560975438406,-2.3126560975438406,-2.3126560975438406,-2.3126560975438406,2.3126560975438406,-2.3126560975438406,4.019989013671903,4.2694999694824345,191.9299926757812,182.8920002746582,183.7300003051758,184.56800033569337,1.0,1.0054838077379777,0.8760416126369633,1.0,-0.8760416126369633,1.018696386635982,1.0,-0.8760416126369633,1.1090641657666191,1.0,-0.8760416126369633,0.0,0.0,0.0,0.0,0.0,0.0,0.0,-0.8760416126369633,1
2024-03-27,190.6799926757812,193.3999938964844,189.3800048828125,193.3300018310547,193.3300018310547,2410300.0,2.3126560975438406,1.5146181852356615,1.5398110222435364,1.6823675413036483,1.5444499461081134,192.31600036621091,192.72899932861327,192.49000091552733,192.18216730753585,189.1121012878418,192.12326346882648,192.76251639364384,192.90329741097324,191.5453162669047,189.4131363049622,192.90468776161495,192.99018001868828,-0.0854922570732981,0.3998202251909065,-2.306931884775741,2.306931884775741,2.306931884775741,2.306931884775741,-2.306931884775741,-2.306931884775741,-2.306931884775741,2.306931884775741,-2.306931884775741,4.640014648437614,4.32500076293947,193.3999938964844,182.53709274291984,183.39099273681632,184.2448927307128,1.0,1.0012416146914085,-2.3126560975438406,1.0,2.3126560975438406,1.0184261829675412,1.0,2.3126560975438406,0.983639007226245,-1.0,2.3126560975438406,0.0,0.0,0.0,0.0,0.0,0.0,0.0,2.3126560975438406,1
2024-03-28,194.0399932861328,198.5700073242188,193.9299926757812,197.7899932861328,197.7899932861328,3119700.0,2.306931884775741,1.86806246833901,1.5840772911870449,1.691711121147952,1.538734254354257,192.84400024414063,193.06499938964845,192.8723337809245,192.2523338317871,189.44660125732423,194.01217340792863,193.67660310136912,193.21856811259644,191.75005977573184,189.57901466102496,193.6562732269254,193.34572174220267,0.3105514847227368,0.3819664770972726,0.59153557240519,-0.59153557240519,-0.59153557240519,-0.59153557240519,0.59153557240519,-0.59153557240519,-0.59153557240519,-0.59153557240519,0.59153557240519,3.510009765625,4.2205009460449405,198.5700073242188,183.8849922180176,184.74999237060547,185.61499252319337,0.0,1.0009989281767224,-2.306931884775741,1.0,2.306931884775741,1.0191980819083755,1.0,2.306931884775741,1.179274823729818,1.0,-2.306931884775741,0.0,0.0,0.0,0.0,0.0,0.0,0.0,2.306931884775741,1
2024-04-01,197.3999938964844,199.6900024414062,196.1799926757812,196.6199951171875,196.6199951171875,2032300.0,-0.59153557240519,1.8336500087667424,1.600006041147237,1.6246797266327568,1.5077435941856472,193.46600036621092,193.20699920654295,193.1750005086263,192.38000030517577,189.73360122680663,194.8814473110149,194.21176528606333,193.43801501611844,191.9097297869271,189.71844001659247,194.11223044081189,193.5882605107201,0.5239699300918232,0.4103671676961828,-0.8849508074384542,-0.8849508074384542,-0.8849508074384542,-0.8849508074384542,0.8849508074384542,-0.8849508074384542,-0.8849508074384542,-0.8849508074384542,-0.8849508074384542,2.8399963378905966,4.236000823974625,199.6900024414062,189.28490524291996,190.1290054321289,190.9731056213379,0.0,1.0001656461645263,0.59153557240519,1.0,-0.59153557240519,1.0196057642008898,1.0,-0.59153557240519,1.1460269284058315,1.0,-0.59153557240519,0.0,2.0,0.0,0.061124712,0.0328367945,0.118858375,0.1094096605,-0.59153557240519,1
2024-04-02,195.2200012207031,195.5800018310547,192.7400054931641,194.8800048828125,194.8800048828125,2495800.0,-0.8849508074384542,1.6987423229461702,1.4658742608898163,1.627972534037014,1.4983686323224463,194.31600036621091,193.5729995727539,193.39633382161455,192.526833597819,190.00670120239255,194.88096650161413,194.3332633945632,193.5310466204213,192.00711585564463,189.82064922186424,194.23034958573507,193.6839452790232,0.5464043067118496,0.4375745954993162,0.2463032201932299,0.2463032201932299,0.2463032201932299,0.2463032201932299,-0.2463032201932299,0.2463032201932299,0.2463032201932299,0.2463032201932299,0.2463032201932299,4.020004272460909,4.1290008544922,195.5800018310547,190.370800628662,191.21800079345692,192.06520095825184,1.0,1.0009134906936876,-0.8849508074384542,1.0,-0.8849508074384542,1.0195468586466603,1.0,-0.8849508074384542,1.1588595067594667,1.0,-0.8849508074384542,0.0,0.0,0.0,0.0,0.0,0.0,0.0,-0.8849508074384542,1
2024-04-03,193.0,196.6699981689453,192.6499938964844,195.3600006103516,195.3600006103516,1928300.0,0.2463032201932299,1.5464812864531632,1.4528532956466056,1.516696465394644,1.498346992418084,195.59599914550785,194.05500030517575,193.5950007120768,192.67366689046224,190.27920120239256,195.04064453786,194.51994288834288,193.6490436520297,192.11704650334,189.9303393483689,194.4041420510607,193.80809752578827,0.5960445252724185,0.4692685814539367,-1.7454973645862677,-1.7454973645862677,-1.7454973645862677,-1.7454973645862677,1.7454973645862677,-1.7454973645862677,-1.7454973645862677,-1.7454973645862677,-1.7454973645862677,7.3699951171875,4.317000579833996,196.6699981689453,186.49619995117183,187.32200012207028,188.14780029296872,0.0,1.0023760923133707,0.2463032201932299,1.0,0.2463032201932299,1.0195793063731644,1.0,0.2463032201932299,1.064444215453211,1.0,0.2463032201932299,1.0,0.0,0.0,0.986434579,0.986434579,0.008223934,0.008223934,0.2463032201932299,1
2024-04-04,198.3500061035156,198.6999969482422,191.3300018310547,191.9499969482422,191.9499969482422,2931000.0,-1.7454973645862677,1.5389093835814902,1.4396525632873902,1.5598200646377585,1.5081090062835232,195.3199981689453,193.81799926757813,193.53600056966147,192.7231669108073,190.50960113525392,194.0104286746541,194.05267999014276,193.53942773565635,192.1115694687466,189.9703325681684,194.0265812660117,193.67046044597004,0.3561208200416672,0.4466390291714828,1.463921647965129,1.463921647965129,1.463921647965129,1.463921647965129,-1.463921647965129,-1.463921647965129,1.463921647965129,1.463921647965129,-1.463921647965129,4.490005493164091,4.25600051879884,198.6999969482422,187.17259689331053,188.0359970092773,188.8993971252441,1.0,1.0014570865218182,-1.7454973645862677,1.0,-1.7454973645862677,1.018787644992974,1.0,-1.7454973645862677,1.0689449821611479,1.0,-1.7454973645862677,0.0,0.0,0.0,0.0,0.0,0.0,0.0,-1.7454973645862677,1
2024-04-05,192.6300048828125,195.6600036621094,191.1699981689453,194.7599945068359,194.7599945068359,2087400.0,1.463921647965129,1.217216312169456,1.5180986592308594,1.3881520042205142,1.5186148524479568,194.71399841308596,193.77899932861328,193.6310002644857,192.80650024414064,190.78590103149412,194.26028395204804,194.1812826295415,193.61817397895825,192.19840307655284,190.06517735903307,194.1394140722924,193.75116667270083,0.3882473995915347,0.4349607032554932,0.9909673387788795,0.9909673387788795,0.9909673387788795,0.9909673387788795,-0.9909673387788795,0.9909673387788795,0.9909673387788795,0.9909673387788795,-0.9909673387788795,2.9499969482421875,4.199000549316418,195.6600036621094,189.33679580688477,190.1879959106445,191.03919601440427,1.0,1.0007643355863753,-1.463921647965129,1.0,1.463921647965129,1.0186935695917279,1.0,1.463921647965129,0.8018031665913962,-1.0,1.463921647965129,0.0,1.0,0.0,0.013828368,0.013828368,0.10881681,0.10881681,1.463921647965129,1
2024-04-08,194.6300048828125,196.9799957275391,194.0299987792969,196.6900024414062,196.6900024414062,2456700.0,0.9909673387788795,1.324258865540781,1.5172157662413297,1.383329584340818,1.5197715395861373,194.72799987792968,194.0970001220703,193.85033365885417,192.9451670328776,191.029600982666,195.07019011516743,194.637413504426,193.81635646040647,192.34566862949885,190.1963620141296,194.53181228292527,193.96885821112343,0.562954071801812,0.4605593769647569,3.777514150977092,3.777514150977092,3.777514150977092,3.777514150977092,-3.777514150977092,3.777514150977092,3.777514150977092,3.777514150977092,3.777514150977092,6.279998779296875,4.318500518798837,196.9799957275391,186.4222024536133,187.26200256347656,188.10180267333985,1.0,1.0012724582855257,-0.9909673387788795,1.0,0.9909673387788795,1.019032932112592,1.0,0.9909673387788795,0.8728217139619041,-1.0,-0.9909673387788795,0.0,0.0,0.0,0.0,0.0,0.0,0.0,0.9909673387788795,1
