Date_ADSK_L01d,Open_ADSK_L01d,High_ADSK_L01d,Low_ADSK_L01d,Close_ADSK_L01d,Adj Close_ADSK_L01d,Volume_ADSK_L01d,Daily_Return_ADSK_L01d,Vol5_ADSK_L01d,Vol10_ADSK_L01d,Vol20_ADSK_L01d,Vol60_ADSK_L01d,SMA5_ADSK_L01d,SMA10_ADSK_L01d,SMA30_ADSK_L01d,SMA60_ADSK_L01d,SMA100_ADSK_L01d,EMA5_ADSK_L01d,EMA10_ADSK_L01d,EMA30_ADSK_L01d,EMA60_ADSK_L01d,EMA100_ADSK_L01d,Short12_ADSK_L01d,Long26_ADSK_L01d,MACD_ADSK_L01d,SIGNAL9_ADSK_L01d,Ret5/10_ADSK_L01d,Ret10/30_ADSK_L01d,Ret30/60_ADSK_L01d,Ret30/100_ADSK_L01d,Emaret5/10_ADSK_L01d,Emaret10/30_ADSK_L01d,Emaret30/60_ADSK_L01d,Emaret30/100_ADSK_L01d,RetMACD_ADSK_L01d,DayRange_ADSK_L01d,average20r_ADSK_L01d,PRVHI_ADSK_L01d,HitLevel_ADSK_L01d,hitlevel_2_ADSK_L01d,hitlevel_1.8_ADSK_L01d,positive_return_dummy,sma_ratio_L01d,RetMACD_L01d,R_sma_ratio_L01d,ret_sma_ratio_L01d,ema_ratio_L01d,R_ema_ratio_L01d,ret_ema_ratio_L01d,volatility_ratio_L01d,R_vol_ratio_L01d,ret_vol_ratio_L01d,negative_L01d,neutral_L01d,positive_L01d,negative_max_L01d,negative_avg_L01d,positive_max_L01d,positive_avg_L01d,ret_best,best
2024-01-03,231.7100067138672,231.7100067138672,227.0399932861328,227.1900024414062,227.1900024414062,1278800.0,-2.9600174356370275,1.7872547449559992,1.756812493188541,1.6738193231724228,1.8627089843096456,238.96199951171877,239.94000091552732,227.66766560872395,217.19816614786785,214.48199966430664,235.9868834955704,237.39195024483809,229.9249000922103,222.31202585589776,217.4273370616987,236.99467536155697,231.44910030304,5.545575058516988,7.139630160227333,-0.7614752889424774,0.7614752889424774,0.7614752889424774,0.7614752889424774,-0.7614752889424774,-0.7614752889424774,0.7614752889424774,0.7614752889424774,-0.7614752889424774,4.120010375976619,4.443501281738293,231.7100067138672,231.431994934082,232.3199951171875,233.20799530029296,1.0,0.9959239751601365,2.9600174356370275,-1.0,-2.9600174356370275,1.0324760395661068,1.0,-2.9600174356370275,1.0173281166234234,1.0,-2.9600174356370275,0.0,0.0,0.0,0.0,0.0,0.0,0.0,,1
2024-01-04,227.1900024414062,229.5700073242188,225.4499969482422,228.9199981689453,228.9199981689453,1552800.0,0.7614752889424774,1.9664203771709123,1.8017605292001768,1.674293857890398,1.8643548392181573,235.7239990234375,239.01600036621093,227.9749989827474,217.5041661580404,214.69159957885745,233.63125505336205,235.85159532194848,229.86006771006416,222.5286806858337,217.6549145093669,235.7524173319244,231.2617594042181,4.490657927706252,6.609835713723117,-0.2621029653655623,0.2621029653655623,0.2621029653655623,0.2621029653655623,-0.2621029653655623,-0.2621029653655623,0.2621029653655623,0.2621029653655623,-0.2621029653655623,3.4499969482421875,4.4465011596679815,229.5700073242188,221.93430389404296,222.8230041503906,223.71170440673825,1.0,0.9862268578767549,-0.7614752889424774,-1.0,-0.7614752889424774,1.0260659786259254,1.0,0.7614752889424774,1.091388308991223,1.0,0.7614752889424774,0.0,0.0,0.0,0.0,0.0,0.0,0.0,0.7614752889424774,1
2024-01-05,228.7700042724609,231.8600006103516,228.4100036621094,229.5200042724609,229.5200042724609,1138100.0,0.2621029653655623,2.026567307884988,1.8105052828412207,1.6681313609844204,1.8618123023035325,232.6459991455078,238.2970001220703,228.36999918619796,217.7883328755697,214.87199966430663,232.26083812639504,234.70039694931435,229.8381281334446,222.75790440998543,217.8898667819034,234.79358455354537,231.13274050556947,3.6608440479759,6.020037380573674,-2.5836496015144035,2.5836496015144035,2.5836496015144035,2.5836496015144035,-2.5836496015144035,-2.5836496015144035,2.5836496015144035,2.5836496015144035,-2.5836496015144035,5.169998168945284,4.434500885009777,231.8600006103516,219.78770477294924,220.6770050048829,221.56630523681645,1.0,0.9762858912463535,-0.2621029653655623,-1.0,-0.2621029653655623,1.021155188024533,1.0,0.2621029653655623,1.1193379699531736,1.0,0.2621029653655623,0.0,0.0,0.0,0.0,0.0,0.0,0.0,0.2621029653655623,1
2024-01-08,231.0,235.9499969482422,230.7799987792969,235.4499969482422,235.4499969482422,1447500.0,2.5836496015144035,2.684194090569093,1.873911014535131,1.707741466858091,1.888116912902228,231.03999938964844,237.6529998779297,229.46299896240237,218.159166208903,215.1311996459961,233.32389106701075,234.8366878582103,230.20018418601225,223.17403859156764,218.2375921317319,234.89457107580645,231.4525372791008,3.44203379670563,5.504436663800066,-0.2166106486453312,0.2166106486453312,0.2166106486453312,0.2166106486453312,-0.2166106486453312,-0.2166106486453312,0.2166106486453312,0.2166106486453312,-0.2166106486453312,4.049987792968693,4.466500091552741,235.9499969482422,222.1040986633301,222.99099884033205,223.877899017334,1.0,0.9721737133902033,-2.5836496015144035,-1.0,-2.5836496015144035,1.0201411814182195,1.0,2.5836496015144035,1.4324021096780692,1.0,2.5836496015144035,0.0,0.0,0.0,0.0,0.0,0.0,0.0,2.5836496015144035,1
2024-01-09,233.5,236.6799926757812,232.6300048828125,235.9600067138672,235.9600067138672,878500.0,0.2166106486453312,1.9989480901288783,1.8692502443179972,1.707202489722733,1.887443583062169,231.4080017089844,236.9730010986328,230.54766591389972,218.5456662495931,215.45429977416995,234.2025962826296,235.0409276501479,230.57178563942225,223.5932506611512,218.5885310343484,235.0584842508927,231.7864239038983,3.27206034699438,5.057961400438929,-1.2120700665260404,1.2120700665260404,1.2120700665260404,1.2120700665260404,-1.2120700665260404,-1.2120700665260404,1.2120700665260404,1.2120700665260404,-1.2120700665260404,3.409988403320284,4.448499298095706,236.6799926757812,226.12369674682617,227.0169967651367,227.91029678344725,1.0,0.9765163146693991,-0.2166106486453312,-1.0,-0.2166106486453312,1.0193828659405653,1.0,0.2166106486453312,1.0693849559229036,1.0,0.2166106486453312,0.0,0.0,0.0,0.0,0.0,0.0,0.0,0.2166106486453312,1
2024-01-10,236.1900024414062,239.1799926757812,235.7700042724609,238.8200073242188,238.8200073242188,964900.0,1.2120700665260404,0.9705342389274816,1.889834055253784,1.714086438776173,1.87792374472464,233.73400268554687,236.3480010986328,231.7663330078125,219.03483301798505,215.85549987792967,235.74173329649267,235.7280330454335,231.1039289739253,224.09248858453049,218.98915432721716,235.63718010832747,232.3074300831813,3.3297500251461543,4.712319125380375,-0.7662618357519903,0.7662618357519903,0.7662618357519903,0.7662618357519903,-0.7662618357519903,0.7662618357519903,0.7662618357519903,0.7662618357519903,-0.7662618357519903,3.680007934570313,4.397499847412112,239.1799926757812,226.89329421997064,227.78299407958977,228.67269393920893,1.0,0.9889400443374384,-1.2120700665260404,-1.0,-1.2120700665260404,1.0200087644205735,1.0,1.2120700665260404,0.513555270225644,-1.0,1.2120700665260404,0.0,0.0,0.0,0.0,0.0,0.0,0.0,1.2120700665260404,-1
2024-01-11,239.5299987792969,241.0200042724609,237.3399963378906,240.6499938964844,240.6499938964844,1035400.0,0.7662618357519903,0.970233605109447,1.9159130903576855,1.7132794893563557,1.875793298125892,236.0800018310547,235.9020004272461,232.8756663004557,219.5159996032715,216.26519989013676,237.3778201631566,236.62293501835185,231.71980413021944,224.63535761115187,219.41808184344023,236.4083822295824,232.92539777305564,3.4829844565267365,4.466452191609648,0.7438223936509892,0.7438223936509892,0.7438223936509892,0.7438223936509892,-0.7438223936509892,0.7438223936509892,0.7438223936509892,0.7438223936509892,-0.7438223936509892,3.509994506835909,4.217999267578128,241.0200042724609,229.50549301147456,230.38499298095695,231.2644929504394,1.0,1.0007545565679232,-0.7662618357519903,1.0,-0.7662618357519903,1.0211597403447528,1.0,0.7662618357519903,0.5064079419846295,-1.0,-0.7662618357519903,0.0,0.0,0.0,0.0,0.0,0.0,0.0,-0.7662618357519903,-1
2024-01-12,242.4700012207031,243.3399963378906,239.8300018310547,242.4400024414062,242.4400024414062,1012600.0,0.7438223936509892,0.8989293288597126,1.9376469454127505,1.58991207513177,1.873990150572381,238.66400146484372,235.65500030517575,233.82866617838545,219.99016621907552,216.66939987182616,239.06521425590648,237.68058364072533,232.41142982771532,225.21911645804545,219.8739614592416,237.3363238006322,233.63018330404455,3.706140496587608,4.31438985260524,-0.3877258009982806,-0.3877258009982806,-0.3877258009982806,-0.3877258009982806,0.3877258009982806,-0.3877258009982806,-0.3877258009982806,-0.3877258009982806,0.3877258009982806,2.549987792968693,3.976498413085937,243.3399963378906,231.74040588378904,232.58400573730464,233.4276055908203,0.0,1.0127686709629387,-0.7438223936509892,1.0,0.7438223936509892,1.022671663854553,1.0,0.7438223936509892,0.4639283389514625,-1.0,-0.7438223936509892,0.0,0.0,0.0,0.0,0.0,0.0,0.0,-0.7438223936509892,-1
2024-01-16,240.2799987792969,242.6799926757812,240.1300048828125,241.5,241.5,1364800.0,-0.3877258009982806,0.6134399171577403,1.9330136674927896,1.494483505188333,1.8522953833941709,239.8740020751953,235.45700073242188,234.59766642252603,220.52116622924805,217.0785998535156,239.8768095039377,238.3750229787753,232.99778919366923,225.7529159184374,220.30219984618728,237.9768893697657,234.21313268893016,3.7637566808355416,4.204263218251301,-1.254657879626047,-1.254657879626047,-1.254657879626047,-1.254657879626047,1.254657879626047,-1.254657879626047,-1.254657879626047,-1.254657879626047,1.254657879626047,4.479995727539006,3.986498260498043,242.6799926757812,234.59169982910157,235.38699951171876,236.1822991943359,0.0,1.0187592695440515,0.3877258009982806,1.0,-0.3877258009982806,1.02307847556715,1.0,-0.3877258009982806,0.31734898075159546,-1.0,0.3877258009982806,0.0,0.0,0.0,0.0,0.0,0.0,0.0,0.3877258009982806,1
2024-01-17,239.6600036621094,240.4400024414062,235.9600067138672,238.4700012207031,238.4700012207031,1330400.0,-1.254657879626047,1.012528959552211,1.4940138651933337,1.5139941353692965,1.8451626235119687,240.3760009765625,235.89200134277343,235.0490000406901,221.0611661275228,217.41969985961916,239.40787340952616,238.39229175003487,233.35083513089725,226.1698695349051,220.661958289247,238.0527527314484,234.52845628387632,3.5242964475720555,4.068269864115452,1.1364076995873411,1.1364076995873411,1.1364076995873411,1.1364076995873411,-1.1364076995873411,1.1364076995873411,1.1364076995873411,1.1364076995873411,-1.1364076995873411,4.089996337890597,3.884998321533197,240.4400024414062,233.9096965026855,234.70699615478512,235.50429580688476,1.0,1.0190086972354497,1.254657879626047,1.0,-1.254657879626047,1.0216046221403476,1.0,-1.254657879626047,0.6777239376029378,-1.0,1.254657879626047,0.0,0.0,0.0,0.0,0.0,0.0,0.0,-1.254657879626047,1
2024-01-18,238.3500061035156,241.9400024414062,237.8500061035156,241.1799926757812,241.1799926757812,1042600.0,1.1364076995873411,0.9943216821894528,1.019149462954533,1.507687311900664,1.8314505897206943,240.847998046875,237.2910003662109,235.71133321126305,221.7026659647624,217.7454997253418,239.9985798316112,238.8991464638069,233.8559420692769,226.66200471985184,221.06825599987144,238.53386656903805,235.02116268327669,3.5127038857613684,3.957156668444636,3.093128344147402,3.093128344147402,3.093128344147402,3.093128344147402,-3.093128344147402,3.093128344147402,3.093128344147402,3.093128344147402,-3.093128344147402,7.320007324218722,4.098498535156243,241.9400024414062,231.8930061340332,232.6700057983398,233.44700546264644,1.0,1.0149900235372373,-1.1364076995873411,1.0,1.1364076995873411,1.021565431906092,1.0,1.1364076995873411,0.9756387245761735,-1.0,-1.1364076995873411,0.0,1.0,1.0,0.164419949,0.083070581,0.832198083,0.41887482,1.1364076995873411,-1
2024-01-19,242.3699951171875,249.0500030517578,241.7299957275391,248.6399993896484,248.6399993896484,1205600.0,3.093128344147402,1.6520862789195725,1.289930388182423,1.6479867213615975,1.8511335069220685,242.44599914550776,239.26300048828125,236.6509999593099,222.5179992675781,218.0726997375488,242.8790530176236,240.67021063214173,234.80975221897828,227.3825947090255,221.6142311165007,240.08865623374732,236.0299654022672,4.058690831480163,3.977463501051741,0.864701537066491,0.864701537066491,0.864701537066491,0.864701537066491,-0.864701537066491,0.864701537066491,0.864701537066491,0.864701537066491,0.864701537066491,3.0,3.9564987182617073,249.0500030517578,232.92330566406247,233.7430053710937,234.56270507812496,1.0,1.0133033467386547,-3.093128344147402,1.0,3.093128344147402,1.0249583262951452,1.0,3.093128344147402,1.2807561509171401,1.0,-3.093128344147402,0.0,0.0,0.0,0.0,0.0,0.0,0.0,-3.093128344147402,1
2024-01-22,250.0,252.8099975585938,249.8099975585938,250.7899932861328,250.7899932861328,1441000.0,0.864701537066491,1.6543890702679929,1.2740587233660146,1.641506723643782,1.827987530874014,244.11599731445312,241.38999938964844,237.6923329671224,223.2804992675781,218.40969970703125,245.5160331071267,242.51017111468556,235.8407355136334,228.1500504000782,222.19196898124588,241.73501578026816,237.123300801072,4.611714979196165,4.104313796680626,0.7934947750860386,0.7934947750860386,0.7934947750860386,0.7934947750860386,-0.7934947750860386,0.7934947750860386,0.7934947750860386,0.7934947750860386,0.7934947750860386,3.930007934570284,3.973499298095692,252.8099975585938,240.34570587158208,241.1370056152344,241.92830535888675,1.0,1.0112929198877225,0.864701537066491,1.0,0.864701537066491,1.0282794046860773,1.0,0.864701537066491,1.2985186945678298,1.0,0.864701537066491,0.0,2.0,0.0,0.013322678,0.0076977194999999,0.467214167,0.2345926235,0.864701537066491,1
2024-01-23,251.1799926757812,253.2400054931641,249.3099975585938,252.7799987792969,252.7799987792969,1030000.0,0.7934947750860386,1.5425059719280276,1.128224757663287,1.5858411048218322,1.7937927557113778,246.3719970703125,243.1229995727539,238.6569997151693,224.15666580200195,218.74349975585935,247.9373549978501,244.3774125082512,236.93359120819235,228.9575896912001,222.79767254160333,243.4342439339649,238.28305620686643,5.151187727098488,4.313688582764199,-0.0474701787194279,-0.0474701787194279,-0.0474701787194279,-0.0474701787194279,0.0474701787194279,-0.0474701787194279,-0.0474701787194279,-0.0474701787194279,-0.0474701787194279,3.980010986328125,3.986499786376944,253.2400054931641,244.06829910278327,244.86299896240243,245.6576988220216,0.0,1.0133635958065181,0.7934947750860386,1.0,0.7934947750860386,1.0314173320131632,1.0,0.7934947750860386,1.367197414744537,1.0,0.7934947750860386,0.0,0.0,0.0,0.0,0.0,0.0,0.0,0.7934947750860386,1
2024-01-24,255.0,256.4800109863281,252.5,252.6600036621094,252.6600036621094,1174500.0,-0.0474701787194279,1.1636933743043774,1.1442521402589254,1.5867350931526572,1.765915094428109,249.20999755859376,244.79299926757807,239.61200002034505,225.09899927775064,219.0545997619629,249.51157121926988,245.88333817258905,237.9481984632838,229.7347180181152,223.3890058311183,244.85359158444868,239.3480152776252,5.505576306823514,4.552066127576062,-0.3601692586557473,-0.3601692586557473,-0.3601692586557473,-0.3601692586557473,0.3601692586557473,-0.3601692586557473,-0.3601692586557473,-0.3601692586557473,-0.3601692586557473,5.270004272460909,4.080000305175768,256.4800109863281,244.46970596313483,245.2670059204102,246.0643058776856,0.0,1.0180438096850457,-0.0474701787194279,1.0,-0.0474701787194279,1.0333481814972836,1.0,-0.0474701787194279,1.0169903409934218,1.0,-0.0474701787194279,0.0,0.0,2.0,0.001387903,0.0013514285,0.994165123,0.9941536785,-0.0474701787194279,1
2024-01-25,255.6199951171875,255.8000030517578,250.5299987792969,251.75,251.75,1116100.0,-0.3601692586557473,1.3512254360569562,1.1725196317288558,1.5816628680451887,1.7647960140310668,251.3239990234375,246.08599853515625,240.4673334757487,226.04233271280924,219.3526997375488,250.25771414617992,246.95000395939104,238.83863727210425,230.45653054211135,223.95060967604667,245.9145774945335,240.2666808126159,5.647896681917587,4.771232238444367,0.5243326014771825,0.5243326014771825,0.5243326014771825,0.5243326014771825,-0.5243326014771825,0.5243326014771825,0.5243326014771825,0.5243326014771825,0.5243326014771825,3.4299926757812216,4.176499938964829,255.8000030517578,247.50401031494144,248.32001037597655,249.13601043701172,1.0,1.0212852438556472,-0.3601692586557473,1.0,-0.3601692586557473,1.0339617022602825,1.0,-0.3601692586557473,1.1524117801461478,1.0,-0.3601692586557473,0.0,0.0,0.0,0.0,0.0,0.0,0.0,-0.3601692586557473,-1
2024-01-26,252.3999938964844,254.2899932861328,250.8600006103516,253.0700073242188,253.0700073242188,940200.0,0.5243326014771825,0.5371676101158487,1.169705214403687,1.5835400797298007,1.7607760796748355,252.2100006103516,247.3279998779297,241.30500030517575,226.9636662801107,219.6831997680664,251.19514520552625,248.0627318439052,239.75679017869223,231.1979560103772,224.52723141165404,247.0154128529466,241.21507536903093,5.800337483915683,4.977053287538631,1.6438153640149695,1.6438153640149695,1.6438153640149695,1.6438153640149695,-1.6438153640149695,1.6438153640149695,1.6438153640149695,1.6438153640149695,1.6438153640149695,4.940002441406307,4.3319999694824105,254.2899932861328,246.6117031860352,247.44700317382816,248.28230316162112,1.0,1.019738973083644,0.5243326014771825,1.0,0.5243326014771825,1.0346431967954797,1.0,0.5243326014771825,0.4592333209266708,-1.0,0.5243326014771825,0.0,0.0,0.0,0.0,0.0,0.0,0.0,-0.5243326014771825,-1
2024-01-29,253.0500030517578,257.6300048828125,252.6900024414062,257.2300109863281,257.2300109863281,937300.0,1.6438153640149695,0.7800763302758011,1.22305186030518,1.61567585147319,1.7664130140023433,253.4980041503906,248.80700073242187,242.0490005493164,227.95699971516927,220.06089981079103,253.20676713246024,249.72950986980024,240.88409474692685,232.0514660095887,225.17481120521197,248.58688948885143,242.40136689623813,6.185522592613324,5.21874714855357,-0.2954592128308834,-0.2954592128308834,-0.2954592128308834,-0.2954592128308834,0.2954592128308834,-0.2954592128308834,-0.2954592128308834,-0.2954592128308834,-0.2954592128308834,2.5200042724609943,4.327500152587881,257.6300048828125,244.7595933532715,245.625993347168,246.49239334106448,0.0,1.0188539848322582,1.6438153640149695,1.0,1.6438153640149695,1.036720627537349,1.0,1.6438153640149695,0.637811327216455,-1.0,-1.6438153640149695,0.0,0.0,0.0,0.0,0.0,0.0,0.0,-1.6438153640149695,1
2024-01-30,255.6300048828125,257.5599975585938,255.0399932861328,256.4700012207031,256.4700012207031,1204400.0,-0.2954592128308834,0.8317227885381009,1.215089764570962,1.609037488263935,1.7688502761104523,254.2360046386719,250.3040008544922,242.5710006713867,228.91599985758464,220.40359985351563,254.2945118285412,250.95505375178257,241.8896371000737,232.85207372142847,225.79451793819197,249.79967590913637,243.44348795730963,6.356187951826712,5.446235309208198,-1.0371597650597248,-1.0371597650597248,-1.0371597650597248,-1.0371597650597248,1.0371597650597248,-1.0371597650597248,-1.0371597650597248,-1.0371597650597248,-1.0371597650597248,5.199996948242102,4.138500213623031,257.5599975585938,248.1095045471192,248.97500457763675,249.8405046081543,0.0,1.0157089130447639,-0.2954592128308834,1.0,-0.2954592128308834,1.0374774908110609,1.0,-0.2954592128308834,0.6844949342748972,-1.0,0.2954592128308834,0.0,0.0,0.0,0.0,0.0,0.0,0.0,-0.2954592128308834,1
2024-01-31,255.0200042724609,256.9299926757812,251.7299957275391,253.8099975585938,253.8099975585938,2017200.0,-1.0371597650597248,1.0276889939506058,1.1794313874180764,1.3291064441204223,1.778774431061816,254.46600341796875,251.83800048828124,242.9550008138021,229.82549972534176,220.7315998840332,254.1330070718921,251.47413444393004,242.65869261352665,233.53921876527,226.34927991087315,250.41664847059133,244.21137755740477,6.205270913186581,5.598042430003875,0.496438193036158,0.496438193036158,0.496438193036158,0.496438193036158,-0.496438193036158,0.496438193036158,0.496438193036158,0.496438193036158,0.496438193036158,4.400009155273409,4.124999999999983,256.9299926757812,248.45529708862315,249.2829971313477,250.1106971740724,1.0,1.010435291435733,-1.0371597650597248,1.0,-1.0371597650597248,1.036328563940808,1.0,-1.0371597650597248,0.8713427545796845,-1.0,1.0371597650597248,0.0,0.0,0.0,0.0,0.0,0.0,0.0,-1.0371597650597248,1
2024-02-01,253.4799957275391,255.7700042724609,251.3699951171875,255.0700073242188,255.0700073242188,1214100.0,0.496438193036158,1.0039514079494465,1.1662836985007985,1.0661437572313357,1.7601385442770787,255.1300048828125,253.227001953125,243.48600107828776,230.6769999186198,221.0903999328613,254.44534048933437,252.12792951307344,243.45942259486165,234.24514625900605,226.91800718638493,251.13254983268783,245.01572050309468,6.116829329593173,5.701799809921734,0.5410298518783769,0.5410298518783769,0.5410298518783769,0.5410298518783769,-0.5410298518783769,0.5410298518783769,0.5410298518783769,0.5410298518783769,0.5410298518783769,5.199996948242188,4.178999328613261,255.7700042724609,247.85499267578123,248.6799926757812,249.5049926757812,1.0,1.0075150079375808,0.496438193036158,1.0,0.496438193036158,1.0356055511256057,1.0,0.496438193036158,0.860812347150164,-1.0,-0.496438193036158,0.0,0.0,0.0,0.0,0.0,0.0,0.0,0.496438193036158,1
2024-02-02,254.5,259.25,254.0500030517578,256.4500122070312,256.4500122070312,1592900.0,0.5410298518783769,1.0050510567000697,0.7610572653766238,1.0653710292205691,1.751082245797646,255.806005859375,254.00800323486328,244.09566802978517,231.58466669718425,221.4675,255.1135643952333,252.91376273015663,244.2975251504855,234.97317465074457,227.5027993650116,251.9506209672022,245.86270507375667,6.08791589344554,5.779023026626496,-1.419385640543006,-1.419385640543006,-1.419385640543006,-1.419385640543006,1.419385640543006,-1.419385640543006,-1.419385640543006,-1.419385640543006,-1.419385640543006,4.680007934570284,4.2404998779296665,259.25,246.57620574951173,247.4120056152344,248.24780548095703,0.0,1.0070785274543073,0.5410298518783769,1.0,0.5410298518783769,1.0352694427598625,1.0,0.5410298518783769,1.3205984653503056,1.0,-0.5410298518783769,0.0,0.0,0.0,0.0,0.0,0.0,0.0,0.5410298518783769,1
2024-02-05,255.8399963378906,256.4200134277344,251.7400054931641,252.8099975585938,252.8099975585938,1336000.0,-1.419385640543006,0.8844333170209474,0.905845753436448,1.1540042275038869,1.7592529032208195,254.92200317382813,254.2100036621094,244.63233439127603,232.3763333638509,221.8775999450684,254.34570878302017,252.89489633532705,244.8467169187506,235.55798851657568,228.00393200250824,252.0828327504932,246.37731933189275,5.705513418600475,5.764321105021292,0.4627974289957079,0.4627974289957079,0.4627974289957079,0.4627974289957079,-0.4627974289957079,0.4627974289957079,0.4627974289957079,0.4627974289957079,-0.4627974289957079,2.210006713867216,4.092500305175763,256.4200134277344,249.92090026855476,250.76900024414067,251.6171002197266,1.0,1.0028008319950505,-1.419385640543006,1.0,-1.419385640543006,1.0328702770364169,1.0,-1.419385640543006,0.9763619398399014,-1.0,-1.419385640543006,0.0,0.0,0.0,0.0,0.0,0.0,0.0,-1.419385640543006,1
2024-02-06,254.0700073242188,254.9100036621094,252.6999969482422,253.9799957275391,253.9799957275391,865200.0,0.4627974289957079,0.9566618203028232,0.8828075211016152,1.0437324985404228,1.758417227342005,254.4240020751953,254.3300033569336,245.0353342692057,233.1605000813802,222.2947999572754,254.2238044311932,253.092187133911,245.435960712866,236.1619887530007,228.51830950201384,252.37470397773103,246.9404805463851,5.434223431345941,5.698301570286222,1.7521052929758707,1.7521052929758707,1.7521052929758707,1.7521052929758707,-1.7521052929758707,1.7521052929758707,1.7521052929758707,1.7521052929758707,-1.7521052929758707,5.809997558593807,4.180500793457019,254.9100036621094,247.4165127563477,248.23501281738285,249.053512878418,1.0,1.0003695935085164,-0.4627974289957079,1.0,0.4627974289957079,1.0311943954700344,1.0,0.4627974289957079,1.0836584390548107,1.0,-0.4627974289957079,0.0,0.0,0.0,0.0,0.0,0.0,0.0,0.4627974289957079,1
2024-02-07,256.8099975585938,261.0,255.1900024414062,258.4299926757812,258.4299926757812,1125200.0,1.7521052929758707,1.1364316191470023,1.031439158818771,1.0863265131670854,1.7570846664887885,255.3480010986328,254.9070022583008,245.55766754150392,234.05633341471355,222.71239990234372,255.6258671793892,254.06269723243287,246.27428535563476,236.8920872422722,229.11062005991025,253.3062868543541,247.7915555189329,5.514731335421203,5.661587523313218,1.1918187428453428,1.1918187428453428,1.1918187428453428,1.1918187428453428,-1.1918187428453428,1.1918187428453428,1.1918187428453428,1.1918187428453428,-1.1918187428453428,4.9000244140625,4.25500259399413,261.0,245.712901916504,246.54900207519535,247.3851022338868,1.0,1.0017300381567593,-1.7521052929758707,1.0,1.7521052929758707,1.0316249496594871,1.0,1.7521052929758707,1.1017921992107331,1.0,1.7521052929758707,0.0,0.0,0.0,0.0,0.0,0.0,0.0,1.7521052929758707,1
2024-02-08,258.0799865722656,262.9200134277344,258.0199890136719,261.510009765625,261.510009765625,771100.0,1.1918187428453428,1.197218508929214,1.049239898772886,1.0855991995955658,1.730022435475287,256.63600158691406,255.88300323486328,246.1056676228841,234.90516688028973,223.19399993896485,257.58724804146783,255.4167540566496,247.2572353175696,237.69923224303787,229.75219213329072,254.56839807147276,248.8077373149842,5.760660756488534,5.681402169948281,1.976973238917212,1.976973238917212,1.976973238917212,1.976973238917212,-1.976973238917212,1.976973238917212,1.976973238917212,1.976973238917212,1.976973238917212,6.67999267578125,4.405001831054676,262.9200134277344,251.6389942932129,252.48999481201173,253.34099533081056,1.0,1.002942744701803,-1.1918187428453428,1.0,1.1918187428453428,1.0330001212243605,1.0,1.1918187428453428,1.1410341050977884,1.0,1.1918187428453428,0.0,0.0,0.0,0.0,0.0,0.0,0.0,1.1918187428453428,1
2024-02-09,262.8500061035156,269.5299987792969,262.8500061035156,266.6799926757812,266.6799926757812,1828600.0,1.976973238917212,1.3678830220482283,1.1647167532875184,1.1361320194837945,1.740351736308119,258.68199768066404,257.2440017700195,246.82466735839844,235.84816665649413,223.72559982299805,260.61816291957234,257.4646156237644,248.51031643745424,238.6494211096852,230.48343570838955,256.4317203182894,250.13160808245064,6.300112235838782,5.805144183126381,-1.7399071015051453,-1.7399071015051453,-1.7399071015051453,-1.7399071015051453,1.7399071015051453,-1.7399071015051453,-1.7399071015051453,-1.7399071015051453,-1.7399071015051453,5.799987792968807,4.519501495361321,269.5299987792969,253.22900939941408,254.11000976562505,254.991010131836,0.0,1.005590007544394,1.976973238917212,1.0,1.976973238917212,1.0360319012694341,1.0,1.976973238917212,1.1744340571965284,1.0,1.976973238917212,0.0,0.0,0.0,0.0,0.0,0.0,0.0,1.976973238917212,1
2024-02-12,265.9100036621094,267.3099975585938,261.510009765625,262.0400085449219,262.0400085449219,1055300.0,-1.7399071015051453,1.4987285131894188,1.290340247602899,1.241358342669469,1.715492865641144,260.5279998779297,257.7250015258789,247.39566752115888,236.59283345540365,224.2253999328613,261.0921114613556,258.296505245793,249.3831997992264,239.4163256157585,231.10831833881596,257.2945338916175,251.0137118204115,6.280822071206018,5.900279760742309,-2.0149590166082283,-2.0149590166082283,-2.0149590166082283,-2.0149590166082283,2.0149590166082283,-2.0149590166082283,-2.0149590166082283,-2.0149590166082283,-2.0149590166082283,5.980010986328125,4.691002655029292,267.3099975585938,259.587095489502,260.49099578857425,261.3948960876465,0.0,1.0108759271916012,-1.7399071015051453,1.0,-1.7399071015051453,1.035741403004463,1.0,-1.7399071015051453,1.1614986946068284,1.0,-1.7399071015051453,0.0,0.0,0.0,0.0,0.0,0.0,0.0,-1.7399071015051453,1
2024-02-13,254.1399993896484,258.7300109863281,252.75,256.760009765625,256.760009765625,1341600.0,-2.0149590166082283,1.9502652953958013,1.465354211216186,1.344521074521376,1.7382420419619593,261.08400268554686,257.7540023803711,247.8383346557617,237.27033360799155,224.71570007324215,259.6480775627787,258.017142431217,249.859123022865,239.9849709977213,231.6162726244953,257.21229941069555,251.43936352005693,5.772935890638621,5.874810986721572,2.1070273626518867,2.1070273626518867,2.1070273626518867,2.1070273626518867,-2.1070273626518867,2.1070273626518867,2.1070273626518867,2.1070273626518867,-2.1070273626518867,3.899993896484375,4.662002563476561,258.7300109863281,256.9897917175294,257.92799224853525,258.86619277954105,1.0,1.0129192962065499,-2.0149590166082283,1.0,-2.0149590166082283,1.0326504764350968,1.0,-2.0149590166082283,1.3309173171018893,1.0,-2.0149590166082283,0.0,0.0,0.0,0.0,0.0,0.0,0.0,-2.0149590166082283,1
2024-02-14,259.4100036621094,263.0299987792969,259.1300048828125,262.1700134277344,262.1700134277344,925500.0,2.1070273626518867,2.0244194369816086,1.5480719161434486,1.3480364662050888,1.7503422977466576,261.8320068359375,258.5900039672852,248.7733352661133,238.0561670939128,225.2968002319336,260.4887228510973,258.77220988512926,250.65337401672755,240.7123494380496,232.22129719485648,257.97502464408615,252.2342264761812,5.740798167904956,5.848008422958249,-0.3509224475010263,-0.3509224475010263,-0.3509224475010263,-0.3509224475010263,0.3509224475010263,-0.3509224475010263,-0.3509224475010263,-0.3509224475010263,0.3509224475010263,5.350006103515568,4.72500305175781,263.0299987792969,248.47360534667968,249.406005859375,250.33840637207032,0.0,1.012537231984661,-2.1070273626518867,1.0,2.1070273626518867,1.0323906905312987,1.0,2.1070273626518867,1.3077037415838118,1.0,2.1070273626518867,0.0,0.0,0.0,0.0,0.0,0.0,0.0,2.1070273626518867,1
2024-02-15,264.739990234375,264.9400024414062,259.5899963378906,261.25,261.25,724500.0,-0.3509224475010263,1.972205344019866,1.561410781856308,1.3511426621179023,1.749964843587979,261.7800048828125,259.20800323486327,249.9086685180664,238.7881670633952,225.8689002990723,260.74248190073155,259.2227171787421,251.3370273059709,241.38571503024468,232.79612299297813,258.4788670065344,252.90206155201963,5.576805454514783,5.793767829269557,-1.1291912754186384,-1.1291912754186384,-1.1291912754186384,-1.1291912754186384,1.1291912754186384,-1.1291912754186384,-1.1291912754186384,-1.1291912754186384,1.1291912754186384,4.239990234375,4.571002197265623,264.9400024414062,252.63499206542969,253.57999267578128,254.52499328613283,0.0,1.0099225394889477,0.3509224475010263,1.0,-0.3509224475010263,1.031374962763331,1.0,-0.3509224475010263,1.263091921060759,1.0,-0.3509224475010263,0.0,0.0,0.0,0.0,0.0,0.0,0.0,-0.3509224475010263,1
2024-02-16,261.0,261.4400024414062,257.2000122070312,258.2999877929688,258.2999877929688,1369400.0,-1.1291912754186384,1.6559214222512284,1.6152996368792394,1.2345289594429274,1.756902041278968,260.10400390625,259.393000793457,250.88800150553385,239.43150024414064,226.3952001953125,259.928317198144,259.05494819951053,251.7862505631966,241.940281350334,233.3011500187205,258.45134712752434,253.3019079402381,5.149439187286248,5.664902100872896,-1.176923511343522,-1.176923511343522,-1.176923511343522,-1.176923511343522,1.176923511343522,-1.176923511343522,-1.176923511343522,-1.176923511343522,1.176923511343522,5.04000854492179,4.673002624511713,261.4400024414062,254.88379760742183,255.7979980468749,256.7121984863281,0.0,1.002741026591381,1.1291912754186384,1.0,-1.1291912754186384,1.0288685248700247,1.0,-1.1291912754186384,1.0251481424526723,1.0,-1.1291912754186384,0.0,1.0,0.0,0.002291484,0.002291484,0.0042179,0.0042179,-1.1291912754186384,1
2024-02-20,256.3299865722656,256.7000122070312,251.6600036621094,255.2599945068359,255.2599945068359,1277500.0,-1.176923511343522,1.5785420107066035,1.5918819700460454,1.260631986217288,1.7601537377440122,258.7480010986328,259.63800048828125,251.74600118001305,240.05800018310543,226.93120010375975,258.37220963437466,258.3649566190242,252.01036307568947,242.37699325710457,233.7359786224456,257.96036980126456,253.4469513896157,4.513418411648871,5.434605363028092,1.0734115385643097,-1.0734115385643097,-1.0734115385643097,-1.0734115385643097,1.0734115385643097,-1.0734115385643097,-1.0734115385643097,-1.0734115385643097,1.0734115385643097,3.549987792968693,4.654001617431634,256.7000122070312,251.1593966674804,252.0939971923828,253.0285977172851,0.0,0.9965721528128599,1.176923511343522,-1.0,-1.176923511343522,1.025215604095718,1.0,-1.176923511343522,0.9916200072678404,-1.0,-1.176923511343522,0.0,0.0,1.0,0.035605803,0.035605803,0.963332295,0.963332295,-1.176923511343522,1
2024-02-21,252.0,252.6799926757812,249.1300048828125,252.5200042724609,252.5200042724609,742300.0,-1.0734115385643097,1.40071817965627,1.6275506179949764,1.2752936591287722,1.498874467398598,257.9,259.49200134277345,252.31500142415365,240.889000193278,227.4336001586914,256.4214745137368,257.30223801055814,252.0432431529005,242.70955099531292,234.1079395264063,257.12339048914095,253.3782886401968,3.745101848944131,5.0967046602113,-1.766199365755995,1.766199365755995,1.766199365755995,1.766199365755995,-1.766199365755995,-1.766199365755995,1.766199365755995,1.766199365755995,-1.766199365755995,4.559982299804716,4.683000183105463,252.6799926757812,246.4612086486816,247.39200897216796,248.32280929565425,1.0,0.993864930963053,1.0734115385643097,-1.0,1.0734115385643097,1.0208654467061722,1.0,-1.0734115385643097,0.8606295645550198,-1.0,1.0734115385643097,0.0,0.0,2.0,0.070828728,0.0359275674999999,0.997820735,0.956056863,-1.0734115385643097,-1
2024-02-22,258.6499938964844,260.3299865722656,255.7700042724609,256.9800109863281,256.9800109863281,1077900.0,1.766199365755995,1.2533341370399371,1.6292856581664186,1.334650020512578,1.5095450307469522,256.86199951171875,259.3470031738281,253.0156682332357,241.7816670735677,227.9245002746582,256.6076533379339,257.24365127887995,252.36174430344423,243.1774349294446,234.56085183254336,257.1013321040928,253.6450828880584,3.456249216034422,4.768613571375925,-0.0856102464384954,0.0856102464384954,0.0856102464384954,0.0856102464384954,-0.0856102464384954,-0.0856102464384954,0.0856102464384954,0.0856102464384954,-0.0856102464384954,3.149993896484375,4.576999664306636,260.3299865722656,242.3773922729492,243.31399230957027,244.25059234619133,1.0,0.9904182287371804,-1.766199365755995,-1.0,-1.766199365755995,1.019344877286811,1.0,1.766199365755995,0.7692537712818429,-1.0,-1.766199365755995,0.0,0.0,0.0,0.0,0.0,0.0,0.0,-1.766199365755995,-1
2024-02-23,259.25,260.0,256.8500061035156,257.2000122070312,257.2000122070312,821500.0,0.0856102464384954,1.2720495137703287,1.5725986165010084,1.3303947588152063,1.5047561789667143,256.052001953125,258.91600341796874,253.6283350626628,242.6973340352376,228.4274003601074,256.80510629429966,257.2357169021802,252.6738906198047,243.6371915614966,235.0091520379788,257.11651365839106,253.9084109857601,3.2081026726309574,4.456511391626932,-0.0583179974205037,0.0583179974205037,0.0583179974205037,0.0583179974205037,-0.0583179974205037,-0.0583179974205037,0.0583179974205037,0.0583179974205037,-0.0583179974205037,3.0,4.555500030517576,260.0,250.26058731079104,251.17598724365237,252.09138717651368,1.0,0.9889384919161587,-0.0856102464384954,-1.0,-0.0856102464384954,1.018054205249246,1.0,0.0856102464384954,0.8088837802748461,-1.0,-0.0856102464384954,0.0,0.0,0.0,0.0,0.0,0.0,0.0,-0.0856102464384954,-1
2024-02-26,257.8399963378906,259.1400146484375,256.1400146484375,257.3500061035156,257.3500061035156,987800.0,0.0583179974205037,1.1878976560404224,1.3900383140733146,1.326934731877324,1.4795092464681057,255.8620056152344,257.9830047607422,254.18500213623048,243.53033421834303,228.9110003662109,256.9867395640383,257.25649675696843,252.9755754897216,244.08679203828407,235.4515451877914,257.1524355730256,254.1633439574457,2.989091615579923,4.16302743641753,0.1554279724102822,-0.1554279724102822,-0.1554279724102822,-0.1554279724102822,0.1554279724102822,0.1554279724102822,-0.1554279724102822,-0.1554279724102822,0.1554279724102822,2.639999389648437,4.440499877929682,259.1400146484375,249.97789993286133,250.88899993896484,251.80009994506835,0.0,0.9917785315064657,-0.0583179974205037,-1.0,-0.0583179974205037,1.01692227108866,1.0,0.0583179974205037,0.8545790745576307,-1.0,-0.0583179974205037,0.0,0.0,0.0,0.0,0.0,0.0,0.0,-0.0583179974205037,-1
2024-02-27,258.5,258.6000061035156,255.9600067138672,256.9500122070312,256.9500122070312,951000.0,-0.1554279724102822,1.0263685733906749,1.3010563124934855,1.2762290628895234,1.4360010847720877,256.20000915527345,257.4740051269531,254.668669128418,244.2486676534017,229.44770050048828,256.97449711170265,257.20077229334345,253.2319907618061,244.5085369618496,235.87725740599416,257.1212935167188,254.3697638277854,2.751529688933374,3.880727886920699,0.6616120359089339,-0.6616120359089339,-0.6616120359089339,-0.6616120359089339,0.6616120359089339,0.6616120359089339,-0.6616120359089339,-0.6616120359089339,0.6616120359089339,4.179992675781222,4.523499298095693,258.6000061035156,249.3709149169922,250.2590148925781,251.14711486816407,0.0,0.99505194331734,0.1554279724102822,-1.0,0.1554279724102822,1.0156725124641557,1.0,-0.1554279724102822,0.7888732897530244,-1.0,0.1554279724102822,0.0,0.0,2.0,0.02192294,0.011557174,0.996786475,0.958874583,0.1554279724102822,1
2024-02-28,254.8000030517578,258.8399963378906,254.6600036621094,255.25,255.25,1703000.0,-0.6616120359089339,0.9155750300441112,1.1517666786665857,1.2833314235470912,1.4211413511945867,256.7460083007812,257.3230041503906,255.1270024617513,244.86233444213863,229.9296005249024,256.3996647411351,256.84608642182644,253.3621849062057,244.86071607785448,236.260876071222,256.8334022064544,254.43496650720869,2.398435699245681,3.584269449385696,-1.1439817542544073,1.1439817542544073,1.1439817542544073,1.1439817542544073,-1.1439817542544073,-1.1439817542544073,1.1439817542544073,1.1439817542544073,-1.1439817542544073,3.989990234375,4.462998962402338,258.8399963378906,248.6483076477051,249.55300750732425,250.45770736694337,1.0,0.9977576981447327,0.6616120359089339,-1.0,0.6616120359089339,1.0137506767906603,1.0,-0.6616120359089339,0.7949309934057857,-1.0,0.6616120359089339,0.0,0.0,0.0,0.0,0.0,0.0,0.0,-0.6616120359089339,1
2024-02-29,256.3500061035156,258.989990234375,255.0,258.1700134277344,258.1700134277344,3331700.0,1.1439817542544073,0.6589705965357575,0.978282819387142,1.2846646064137308,1.3811392243793892,256.9840087890625,256.9230041503906,255.783669535319,245.41633478800452,230.471700592041,256.9897809700016,257.08680042290064,253.67236739146563,245.29708648276852,236.6947203753113,257.0390347020359,254.71163664946985,2.327398052566082,3.3328951700217733,2.5448256826618865,2.5448256826618865,2.5448256826618865,2.5448256826618865,-2.5448256826618865,-2.5448256826618865,2.5448256826618865,2.5448256826618865,-2.5448256826618865,20.92999267578125,5.28949813842773,258.989990234375,249.02139862060548,249.91399841308595,250.8065982055664,1.0,1.0002374432716665,-1.1439817542544073,1.0,-1.1439817542544073,1.0134600116936106,1.0,1.1439817542544073,0.6735992736216897,-1.0,-1.1439817542544073,0.0,0.0,0.0,0.0,0.0,0.0,0.0,1.1439817542544073,1
2024-03-01,275.0,279.5299987792969,258.6000061035156,264.739990234375,264.739990234375,3852700.0,2.5448256826618865,1.2779907294206672,1.290679453752714,1.3953999165307576,1.3909809741337011,258.49200439453125,257.2720031738281,256.5690027872721,246.1401679992676,231.01870056152345,259.57318405812606,258.4782894795323,254.38640757487917,245.9345587369196,237.25007225370865,258.2237970916265,255.4544776557591,2.7693194358674305,3.220180023190905,-1.526017291066304,-1.526017291066304,-1.526017291066304,-1.526017291066304,1.526017291066304,-1.526017291066304,-1.526017291066304,-1.526017291066304,1.526017291066304,4.19000244140625,5.238998413085933,279.5299987792969,247.353094329834,248.41099395751957,249.46889358520508,0.0,1.004742067561385,-2.5448256826618865,1.0,2.5448256826618865,1.0160853008761825,1.0,2.5448256826618865,0.9901689576794969,-1.0,-2.5448256826618865,0.0,2.0,1.0,0.001160933,0.001160933,0.998190939,0.998190939,2.5448256826618865,-1
2024-03-04,263.010009765625,263.8500061035156,259.6600036621094,260.7000122070312,260.7000122070312,1945000.0,-1.526017291066304,1.5979080414693914,1.3392323297030857,1.444154397370552,1.408286789666733,259.1620056152344,257.5120056152344,256.97100321451825,246.81100158691407,231.52010070800785,259.94879344109444,258.8822390663503,254.79373690598567,246.4186719654478,237.71442750030909,258.6047532632272,255.8430357706681,2.761717492559086,3.128487517064541,-5.143850515146507,-5.143850515146507,-5.143850515146507,-5.143850515146507,5.143850515146507,-5.143850515146507,-5.143850515146507,-5.143850515146507,5.143850515146507,11.340011596679688,5.571998596191404,263.8500061035156,268.00420227050785,269.052001953125,270.0998016357422,0.0,1.0064074682501032,1.526017291066304,1.0,-1.526017291066304,1.01604632127152,1.0,-1.526017291066304,1.1931522305944147,1.0,1.526017291066304,0.0,2.0,2.0,0.009037463,0.004286852,0.997760415,0.50724918025,1.526017291066304,1
2024-03-05,257.3500061035156,257.510009765625,246.1699981689453,247.2899932861328,247.2899932861328,1850300.0,-5.143850515146507,2.930728447832525,2.1197502519924183,1.836229346683168,1.571326984085828,257.23000183105466,256.7150054931641,256.8543365478516,247.273334757487,231.8683006286621,255.72919338944055,256.7745580154016,254.3096244143823,246.4472398776014,237.9040426643848,256.86402095905885,255.20947706810995,1.6545438909489008,2.8336987918414134,1.5407064259872083,-1.5407064259872083,1.5407064259872083,1.5407064259872083,-1.5407064259872083,-1.5407064259872083,1.5407064259872083,1.5407064259872083,-1.5407064259872083,4.080001831054688,5.665498352050777,257.510009765625,251.59160919189452,252.7060089111328,253.8204086303711,1.0,1.0020061014232544,5.143850515146507,1.0,-5.143850515146507,1.0096926477190766,1.0,-5.143850515146507,1.3825819551514824,1.0,-5.143850515146507,0.0,0.0,0.0,0.0,0.0,0.0,0.0,-5.143850515146507,1
2024-03-06,248.1499938964844,252.2299957275391,248.1499938964844,251.1000061035156,251.1000061035156,1008100.0,1.5407064259872083,3.103691805684232,2.1737462401025565,1.868963263673446,1.564446349092815,256.40000305175784,256.5730056762696,256.7983367919922,247.72766825358076,232.24730072021484,254.1861309607989,255.7428213041496,254.10255226529412,246.59978958992644,238.16534887110024,255.97724944282143,254.9050718114733,1.0721776313481255,2.481394559742756,-1.0911948099457405,-1.0911948099457405,1.0911948099457405,1.0911948099457405,-1.0911948099457405,-1.0911948099457405,1.0911948099457405,1.0911948099457405,-1.0911948099457405,5.199996948242216,5.634998321533198,252.2299957275391,245.0459133911133,246.17901306152345,247.3121127319336,1.0,0.9993257177462775,-1.5407064259872083,-1.0,1.5407064259872083,1.0064551458623012,1.0,1.5407064259872083,1.4278077856676596,1.0,1.5407064259872083,0.0,0.0,0.0,0.0,0.0,0.0,0.0,1.5407064259872083,-1
2024-03-07,252.8899993896484,256.0899963378906,250.8899993896484,253.8399963378906,253.8399963378906,1380900.0,1.0911948099457405,3.0976867624171325,2.121460607256536,1.8412418915758408,1.5685248422698783,255.53399963378905,256.2590042114258,256.8376698811849,248.22483495076497,232.65800064086915,254.0707527531628,255.39685312846612,254.0856131732036,246.8371734177285,238.47573792984852,255.6484412728321,254.82617733194863,0.8222639408834311,2.1495684359708918,0.7800172376710094,0.7800172376710094,-0.7800172376710094,-0.7800172376710094,0.7800172376710094,0.7800172376710094,-0.7800172376710094,-0.7800172376710094,0.7800172376710094,4.339996337890682,5.606996917724606,256.0899963378906,239.8329994201661,240.95999908447268,242.0869987487793,0.0,0.9971708132564248,-1.0911948099457405,-1.0,-1.0911948099457405,1.0051606225904994,1.0,1.0911948099457405,1.460166996182431,1.0,1.0911948099457405,0.0,0.0,0.0,0.0,0.0,0.0,0.0,-1.0911948099457405,-1
2024-03-08,253.7700042724609,256.0299987792969,251.6900024414062,251.8600006103516,251.8600006103516,881500.0,-0.7800172376710094,2.6607443787155542,2.130585248205635,1.8226335008703332,1.570964621381278,252.9580017089844,255.72500305175785,256.8413365681966,248.65433502197263,233.0819006347656,253.3338353722257,254.7537890342635,253.94202526592284,247.00185627650308,238.74077283441292,255.0656042478351,254.60646053775628,0.4591437100788198,1.811483490792477,-2.541097887621606,-2.541097887621606,2.541097887621606,2.541097887621606,-2.541097887621606,-2.541097887621606,2.541097887621606,2.541097887621606,-2.541097887621606,7.72998046875,5.659496307373044,256.0299987792969,243.75460311889648,244.87600250244145,245.99740188598636,1.0,0.9891797778482637,0.7800172376710094,-1.0,0.7800172376710094,1.003196649973515,1.0,-0.7800172376710094,1.2488326298872179,1.0,-0.7800172376710094,0.0,1.0,1.0,0.008220439,0.007332072,0.805967391,0.438582007,0.7800172376710094,-1
2024-03-11,252.3099975585938,259.1099853515625,251.3800048828125,258.260009765625,258.260009765625,1469200.0,2.541097887621606,3.04041630177351,2.3004672620447693,1.8615870496750049,1.5981107157674044,252.47000122070312,255.81600341796877,257.0143366495768,249.1596684773763,233.5467007446289,254.97589350335883,255.39128371269285,254.22060491106487,247.3709760630317,239.12729237760527,255.557051250572,254.8770938138947,0.6799574366773129,1.5851782799694445,-1.750169922851717,-1.750169922851717,1.750169922851717,1.750169922851717,-1.750169922851717,-1.750169922851717,1.750169922851717,1.750169922851717,-1.750169922851717,5.699981689453125,5.65449600219726,259.1099853515625,243.57910690307617,244.7110061645508,245.8429054260254,1.0,0.9869202780414065,-2.541097887621606,-1.0,-2.541097887621606,1.0046049721344874,1.0,2.541097887621606,1.3216516278832142,1.0,2.541097887621606,0.0,0.0,1.0,0.003239362,0.003239362,0.995928466,0.995928466,-2.541097887621606,-1
2024-03-12,258.8500061035156,264.0899963378906,258.3900146484375,262.7799987792969,262.7799987792969,1437900.0,1.750169922851717,1.239507936611442,2.358870544091558,1.8676498457250548,1.5673889218407748,255.56800231933596,256.3990020751953,257.19933624267577,249.6241683959961,234.03460067749023,257.57726192867153,256.7346864520754,254.7728238703057,247.8761899225813,239.59566280140115,256.6682739472989,255.46249418170223,1.2057797655966738,1.5092985770948903,1.5526244734068868,1.5526244734068868,-1.5526244734068868,-1.5526244734068868,1.5526244734068868,-1.5526244734068868,-1.5526244734068868,-1.5526244734068868,1.5526244734068868,5.569976806640625,5.633994293212885,264.0899963378906,246.67009414672853,247.800993347168,248.93189254760745,0.0,0.9967589586966659,-1.750169922851717,-1.0,-1.750169922851717,1.0077004389713418,1.0,1.750169922851717,0.525466706817011,-1.0,1.750169922851717,0.0,0.0,0.0,0.0,0.0,0.0,0.0,-1.750169922851717,1
2024-03-13,262.9100036621094,264.0799865722656,258.510009765625,258.7000122070312,258.7000122070312,1134300.0,-1.5526244734068868,1.722626445087363,2.413332085558622,1.843703102929367,1.553520393292261,257.08800354003904,256.74400329589844,257.27366994222007,249.92233530680335,234.52520080566407,257.9515120214581,257.0920184075219,255.02619085977187,248.2310693417436,239.97396675002747,256.9808490641808,255.70231033172664,1.278538732454166,1.4631466081667457,-0.0657183686556074,0.0657183686556074,-0.0657183686556074,-0.0657183686556074,0.0657183686556074,-0.0657183686556074,-0.0657183686556074,-0.0657183686556074,0.0657183686556074,5.089996337890625,5.693494415283197,264.0799865722656,251.69520889282228,252.82200775146487,253.94880661010745,0.0,1.0013398569770844,1.5526244734068868,1.0,1.5526244734068868,1.008100452509546,1.0,-1.5526244734068868,0.7137958573523961,-1.0,1.5526244734068868,0.0,0.0,0.0,0.0,0.0,0.0,0.0,-1.5526244734068868,1
2024-03-14,258.5599975585938,259.4700012207031,254.3800048828125,258.5299987792969,258.5299987792969,1227700.0,-0.0657183686556074,1.719523324091268,2.388775313492975,1.7792482607716047,1.5524166709558946,258.0260040283203,256.7800018310547,257.4310033162435,250.1930020650228,235.04980072021485,258.1443409407377,257.3534693842082,255.2522429836122,248.5687391593683,240.3414129288249,257.2191797895833,255.91176873525035,1.3074110543329311,1.4319994973999828,-1.6593793008118511,1.6593793008118511,-1.6593793008118511,-1.6593793008118511,1.6593793008118511,-1.6593793008118511,-1.6593793008118511,-1.6593793008118511,1.6593793008118511,4.910003662109375,5.671494293212888,259.4700012207031,251.5542988586426,252.69299774169923,253.83169662475584,0.0,1.0048524113575068,0.0657183686556074,1.0,-0.0657183686556074,1.008231960573725,1.0,-0.0657183686556074,0.7198346844839515,-1.0,0.0657183686556074,0.0,0.0,0.0,0.0,0.0,0.0,0.0,-0.0657183686556074,1
2024-03-15,256.6600036621094,258.0400085449219,253.1300048828125,254.2400054931641,254.2400054931641,3010900.0,-1.6593793008118511,1.9028478389398111,2.265740884236765,1.8144226099421832,1.5586680187312851,258.5020050048828,255.7300033569336,257.40333658854166,250.4446688334147,235.56530075073243,256.84289579154654,256.787385040382,255.1869373390672,248.75468231785345,240.6166325835643,256.76084528244184,255.78793442102173,0.972910861420104,1.340181770204007,0.3697243401146702,-0.3697243401146702,0.3697243401146702,0.3697243401146702,-0.3697243401146702,0.3697243401146702,0.3697243401146702,0.3697243401146702,-0.3697243401146702,4.580017089843722,5.688495635986324,258.0400085449219,246.9927137756348,248.12701263427732,249.26131149291996,1.0,1.0108395636474465,1.6593793008118511,1.0,-1.6593793008118511,1.0062716678134205,1.0,-1.6593793008118511,0.8398347102170082,-1.0,1.6593793008118511,0.0,0.0,0.0,0.0,0.0,0.0,0.0,-1.6593793008118511,1
2024-03-18,256.1799926757812,259.4800109863281,254.8999938964844,255.1799926757812,255.1799926757812,906300.0,0.3697243401146702,1.4230406784411658,2.238383986161101,1.801458392078752,1.5574752245608698,257.88600158691406,255.1780014038086,257.3610026041667,250.72833531697592,236.1199006652832,256.2885947529581,256.49513188318184,255.18648929627457,248.9653482312281,240.905015951727,256.51763718910945,255.74290169915207,0.7747354899573793,1.2270925141546818,0.3958028821280935,-0.3958028821280935,0.3958028821280935,0.3958028821280935,-0.3958028821280935,-0.3958028821280935,0.3958028821280935,0.3958028821280935,-0.3958028821280935,5.8699951171875,5.7299949645996096,259.4800109863281,245.52531814575195,246.6630172729492,247.80071640014648,1.0,1.0106122007704739,-0.3697243401146702,1.0,0.3697243401146702,1.0051281813175772,1.0,0.3697243401146702,0.6357446654547084,-1.0,-0.3697243401146702,0.0,1.0,1.0,0.037567034,0.022650375,0.989196539,0.552618347,0.3697243401146702,1
2024-03-19,253.0500030517578,257.239990234375,251.3699951171875,256.1900024414062,256.1900024414062,857600.0,0.3958028821280935,1.024650265784417,1.4077821433783888,1.7836932909538104,1.5548271361689916,256.568002319336,256.068002319336,257.4736694335937,251.0530019124349,236.63140075683597,256.2557306491075,256.43965380285897,255.25123207983145,249.20222213975853,241.20768895152264,256.4672318433089,255.7760202726524,0.6912115706565487,1.1199163254550553,2.4356884245715884,-2.4356884245715884,2.4356884245715884,2.4356884245715884,-2.4356884245715884,-2.4356884245715884,2.4356884245715884,2.4356884245715884,-2.4356884245715884,6.0999755859375,5.8574943542480495,257.239990234375,246.874022064209,248.0200210571289,249.1660200500488,1.0,1.0019526063212554,-0.3958028821280935,1.0,0.3958028821280935,1.0046558902511227,1.0,0.3958028821280935,0.7278471818980927,-1.0,-0.3958028821280935,0.0,0.0,0.0,0.0,0.0,0.0,0.0,0.3958028821280935,1
2024-03-20,257.3500061035156,262.8299865722656,256.7300109863281,262.4299926757812,262.4299926757812,1259900.0,2.4356884245715884,1.4618488141817545,1.5153081604879526,1.8407577143874987,1.5606569794359717,257.3139984130859,257.2010009765625,257.75533599853514,251.39533513387045,237.2536006164551,258.3138179913321,257.52880632520845,255.71437792473145,249.6359195343822,241.6279325896268,257.3845796636893,256.2689071173286,1.1156725463607131,1.119067569636187,1.2651020907966513,-1.2651020907966513,1.2651020907966513,1.2651020907966513,-1.2651020907966513,1.2651020907966513,1.2651020907966513,1.2651020907966513,-1.2651020907966513,5.0,5.879495239257814,262.8299865722656,244.3535026550293,245.5250015258789,246.6965003967285,1.0,1.0004393351351448,-2.4356884245715884,1.0,2.4356884245715884,1.0070955274990876,1.0,2.4356884245715884,0.9647204788437335,-1.0,-2.4356884245715884,0.0,0.0,0.0,0.0,0.0,0.0,0.0,2.4356884245715884,1
2024-03-21,265.0,268.8999938964844,263.8999938964844,265.75,265.75,1693300.0,1.2651020907966513,1.5003479927395973,1.5244220565625088,1.821758124472731,1.5671026823677328,258.7579986572265,258.3920013427734,257.9993362426758,251.77850189208985,237.9499006652832,260.7925453275548,259.0235688115342,256.3618374134585,250.1642500414516,242.10559729082223,258.6715674077371,256.9712102938228,1.700357113914322,1.235325478491814,-1.0874937529397932,-1.0874937529397932,-1.0874937529397932,-1.0874937529397932,1.0874937529397932,-1.0874937529397932,-1.0874937529397932,-1.0874937529397932,-1.0874937529397932,4.30999755859375,5.937495422363282,268.8999938964844,249.89509704589844,251.07099609375,252.2468951416016,0.0,1.0014164421210838,-1.2651020907966513,1.0,1.2651020907966513,1.0103827130626422,1.0,1.2651020907966513,0.9842077437024249,-1.0,-1.2651020907966513,0.0,0.0,0.0,0.0,0.0,0.0,0.0,1.2651020907966513,1
2024-03-22,265.1099853515625,267.0400085449219,262.7300109863281,262.8599853515625,262.8599853515625,893000.0,-1.0874937529397932,1.296704454541339,1.5552257254553206,1.8438400053603428,1.571816179420065,260.4819946289062,259.4919998168945,258.0443354288737,252.0750015258789,238.627000579834,261.481692002224,259.7210990915393,256.781072764304,250.58050365817655,242.51657527222304,259.3159393990949,257.4074158536553,1.9085235454395504,1.3699650918813613,-0.4907472035419959,-0.4907472035419959,-0.4907472035419959,-0.4907472035419959,0.4907472035419959,-0.4907472035419959,-0.4907472035419959,-0.4907472035419959,-0.4907472035419959,4.490020751953182,6.011996459960942,267.0400085449219,255.8375039672852,257.02500305175784,258.21250213623046,0.0,1.0038151265268689,-1.0874937529397932,1.0,-1.0874937529397932,1.0114495445306202,1.0,-1.0874937529397932,0.8337725085930567,-1.0,1.0874937529397932,0.0,0.0,0.0,0.0,0.0,0.0,0.0,-1.0874937529397932,1
2024-03-25,260.5899963378906,262.8200073242188,258.3299865722656,261.5700073242188,261.5700073242188,1076600.0,-0.4907472035419959,1.4004264529301045,1.3862974775138963,1.8489690348283616,1.573794714020288,261.75999755859374,259.822999572754,257.8740025838216,252.34933497111004,239.26480072021485,261.51113044288894,260.0572642247538,257.09003628429844,250.9408152537845,242.893870956421,259.6627190798832,257.71575596258594,1.94696311729723,1.485364696964535,0.03823301629212,0.03823301629212,0.03823301629212,0.03823301629212,-0.03823301629212,0.03823301629212,0.03823301629212,0.03823301629212,0.03823301629212,3.1199951171875,6.035996246337895,262.8200073242188,253.8136163330078,255.016015625,256.2184149169922,1.0,1.007455067446011,-0.4907472035419959,1.0,-0.4907472035419959,1.0115415905779177,1.0,-0.4907472035419959,1.0101918784715285,1.0,0.4907472035419959,0.0,0.0,0.0,0.0,0.0,0.0,0.0,-0.4907472035419959,1
2024-03-26,262.0199890136719,264.6300048828125,261.510009765625,261.6700134277344,261.6700134277344,939800.0,0.03823301629212,1.4163511551071275,1.265240728724788,1.8480801337726465,1.5736097476608082,262.8559997558594,259.71200103759764,257.8616694132487,252.62866846720377,239.90520080566407,261.5640914378374,260.35049135256844,257.3855186806492,251.2925922430944,243.26567575783315,259.9715335949372,258.00866392296734,1.962869671969884,1.5808656919656048,-0.2675171670844022,-0.2675171670844022,-0.2675171670844022,-0.2675171670844022,0.2675171670844022,-0.2675171670844022,-0.2675171670844022,-0.2675171670844022,-0.2675171670844022,4.269989013671932,6.04049606323243,264.6300048828125,249.54081558227543,250.748014831543,251.9552140808106,0.0,1.012105712118427,0.03823301629212,1.0,0.03823301629212,1.0115195784406115,1.0,0.03823301629212,1.1194321546498434,1.0,0.03823301629212,0.0,0.0,0.0,0.0,0.0,0.0,0.0,0.03823301629212,1
2024-03-27,260.5899963378906,262.2999877929688,258.0299987792969,260.9700012207031,260.9700012207031,992300.0,-0.2675171670844022,0.8715132576536327,1.1543925785902165,1.841537961601463,1.57173109554057,262.5640014648437,259.93899993896486,258.0020024617513,252.9201685587565,240.52560089111327,261.36606136545936,260.4631295104111,257.6167756187172,251.60988434072087,243.6162564600682,260.1251439989012,258.2280222413182,1.8971217575830224,1.6441169050890885,-0.2107475151918414,-0.2107475151918414,-0.2107475151918414,-0.2107475151918414,0.2107475151918414,-0.2107475151918414,-0.2107475151918414,-0.2107475151918414,-0.2107475151918414,3.210021972656193,6.00149765014649,262.2999877929688,251.3409135437012,252.54901275634765,253.7571119689941,0.0,1.010098528987552,-0.2675171670844022,1.0,-0.2675171670844022,1.0110487909215453,1.0,-0.2675171670844022,0.7549539678416457,-1.0,-0.2675171670844022,0.0,0.0,0.0,0.0,0.0,0.0,0.0,-0.2675171670844022,1
2024-03-28,261.3099975585938,262.9500122070312,259.739990234375,260.4200134277344,260.4200134277344,896000.0,-0.2107475151918414,0.4260963265880942,1.1575200930362488,1.8270261211181904,1.4836195652996582,261.4980041503906,260.1280014038086,257.943669128418,253.35850219726564,241.137400970459,261.0507120528844,260.4552902226517,257.7976296709118,251.89874103209837,243.94900412279424,260.170508526414,258.3903919588305,1.780116567583491,1.671316837587969,-0.3763193824579582,-0.3763193824579582,-0.3763193824579582,-0.3763193824579582,0.3763193824579582,-0.3763193824579582,-0.3763193824579582,-0.3763193824579582,-0.3763193824579582,4.3599853515625,5.172997283935553,262.9500122070312,249.09669296264653,250.29699249267583,251.49729202270512,0.0,1.005266648493006,-0.2107475151918414,1.0,-0.2107475151918414,1.0103090961508547,1.0,-0.2107475151918414,0.3681113867063996,-1.0,0.2107475151918414,0.0,1.0,0.0,0.023077928,0.023077928,0.299263239,0.299263239,-0.2107475151918414,-1
2024-04-01,259.8999938964844,260.75,256.3900146484375,259.4400024414062,259.4400024414062,791600.0,-0.3763193824579582,0.1988653066204955,1.0044205699040014,1.732179141927953,1.4271059316277943,260.8140075683594,260.6480010986328,257.88333587646486,253.89600219726563,241.6920010375977,260.5138088490584,260.2706924442434,257.9035892044921,252.14599550453465,244.25575656474695,260.0581229748743,258.4681408834657,1.589982091408615,1.6550498883520983,-4.135829334939336,-4.135829334939336,-4.135829334939336,-4.135829334939336,4.135829334939336,-4.135829334939336,-4.135829334939336,-4.135829334939336,4.135829334939336,5.569992065429716,5.241996765136726,260.75,251.56941818237297,252.60401763916008,253.6386170959472,0.0,1.0006368990708805,-0.3763193824579582,1.0,-0.3763193824579582,1.0091782485348602,1.0,-0.3763193824579582,0.19799007764198046,-1.0,0.3763193824579582,0.0,0.0,0.0,0.0,0.0,0.0,0.0,0.3763193824579582,1
2024-04-02,249.5500030517578,252.7599945068359,247.1900024414062,248.7100067138672,248.7100067138672,1692000.0,-4.135829334939336,1.7648883936971724,1.69590969482888,1.932982985382137,1.5324430750951454,258.24200744628905,260.0010025024414,257.5636698404948,254.22583567301436,242.1592010498047,256.579208137328,258.168749584175,257.3104548502582,252.03334013434883,244.34395953799688,258.3122589347193,257.7453161301621,0.5669428045572431,1.4374284715931274,0.9368347747001908,-0.9368347747001908,-0.9368347747001908,-0.9368347747001908,0.9368347747001908,0.9368347747001908,-0.9368347747001908,-0.9368347747001908,0.9368347747001908,5.350006103515597,4.942496490478521,252.7599945068359,249.2176071166992,250.26600646972656,251.31440582275388,0.0,0.9932346604850655,4.135829334939336,-1.0,-4.135829334939336,1.003335638788623,1.0,-4.135829334939336,1.0406735683383497,1.0,4.135829334939336,0.0,0.0,0.0,0.0,0.0,0.0,0.0,-4.135829334939336,1
2024-04-03,247.5899963378906,250.8500061035156,245.5,246.3800048828125,246.3800048828125,1326000.0,-0.9368347747001908,1.6743570203339928,1.6924575243326043,1.561922908784749,1.5387590988097188,255.1840057373047,259.020002746582,257.2676701863607,254.50683568318684,242.5699011230469,253.1794737191562,256.02534145665453,256.60526452977786,251.8479848802001,244.3842772675972,256.4765275421183,256.903441222951,-0.4269136808327403,1.064560041107954,0.6372300077538545,-0.6372300077538545,-0.6372300077538545,-0.6372300077538545,0.6372300077538545,0.6372300077538545,0.6372300077538545,-0.6372300077538545,0.6372300077538545,8.949996948242102,5.185996246337892,250.8500061035156,241.88650222778315,242.87500152587887,243.86350082397456,0.0,0.9851903444961726,0.9368347747001908,-1.0,0.9368347747001908,0.997740018802085,-1.0,-0.9368347747001908,0.9893051945243062,-1.0,-0.9368347747001908,0.0,0.0,0.0,0.0,0.0,0.0,0.0,-0.9368347747001908,1
2024-04-04,248.5399932861328,252.6799926757812,243.7299957275391,244.8099975585938,244.8099975585938,1437600.0,-0.6372300077538545,1.6312949574948603,1.3741302357875749,1.5238120962189554,1.5075733832805258,251.9520050048828,257.2580032348633,257.0106699625651,254.66283569335937,242.948701171875,250.3896483323021,253.98618802064348,255.844279563895,251.6172311975245,244.3927073723694,254.6816767754222,256.0076305811468,-1.3259538057245663,0.5864572717414498,0.0285903623739727,-0.0285903623739727,-0.0285903623739727,-0.0285903623739727,0.0285903623739727,0.0285903623739727,0.0285903623739727,-0.0285903623739727,0.0285903623739727,4.209991455078097,5.136495971679686,252.6799926757812,239.44081436157225,240.4780136108398,241.5152128601074,0.0,0.9793747982054561,0.6372300077538545,-1.0,0.6372300077538545,0.992737412200817,-1.0,0.6372300077538545,1.1871472696035197,1.0,0.6372300077538545,0.0,0.0,0.0,0.0,0.0,0.0,0.0,-0.6372300077538545,-1
2024-04-05,246.0,248.2799987792969,244.0700073242188,244.7400054931641,244.7400054931641,1330000.0,-0.0285903623739727,1.6623081992632551,1.222813846799046,1.4974789689064592,1.5075187796886564,248.81600341796877,255.1570037841797,256.60266977945963,254.80916900634764,243.34930130004884,248.50643405258944,252.3050639247381,255.12787478513815,251.39174838754545,244.3995845628802,253.15218888584403,255.17299168574067,-2.0208027998966145,0.0650052574138369,-0.4698839056438768,-0.4698839056438768,0.4698839056438768,0.4698839056438768,-0.4698839056438768,-0.4698839056438768,-0.4698839056438768,0.4698839056438768,-0.4698839056438768,2.7599945068359943,5.057495880126952,248.2799987792969,241.3797015380859,242.4070007324218,243.43429992675772,1.0,0.9751486329116235,0.0285903623739727,-1.0,0.0285903623739727,0.9889357018993815,-1.0,0.0285903623739727,1.359412312523833,1.0,-0.0285903623739727,0.0,0.0,0.0,0.0,0.0,0.0,0.0,0.0285903623739727,-1
2024-04-08,244.7599945068359,247.1499938964844,244.3899993896484,245.8899993896484,245.8899993896484,1273500.0,0.4698839056438768,1.806846953762774,1.2817662884051793,1.496835138132406,1.5010378758582308,246.1060028076172,253.4600051879883,256.2256693522135,254.92700220743816,243.7024012756348,247.6342891649425,251.13868855472185,254.53188282413885,251.2113631744996,244.42909772776667,252.03492896335243,254.4853626267709,-2.4504336634184654,-0.4380825267526235,-0.8296365412161878,-0.8296365412161878,0.8296365412161878,0.8296365412161878,-0.8296365412161878,-0.8296365412161878,-0.8296365412161878,0.8296365412161878,-0.8296365412161878,3.849990844726591,4.863496398925781,247.1499938964844,237.1535078430176,238.165007019043,239.1765061950684,1.0,0.9709855510540343,-0.4698839056438768,-1.0,-0.4698839056438768,0.986668883160066,-1.0,-0.4698839056438768,1.40965398302909,1.0,0.4698839056438768,0.0,0.0,0.0,0.0,0.0,0.0,0.0,-0.4698839056438768,1
