Date_ANSS_L01d,Open_ANSS_L01d,High_ANSS_L01d,Low_ANSS_L01d,Close_ANSS_L01d,Adj Close_ANSS_L01d,Volume_ANSS_L01d,Daily_Return_ANSS_L01d,Vol5_ANSS_L01d,Vol10_ANSS_L01d,Vol20_ANSS_L01d,Vol60_ANSS_L01d,SMA5_ANSS_L01d,SMA10_ANSS_L01d,SMA30_ANSS_L01d,SMA60_ANSS_L01d,SMA100_ANSS_L01d,EMA5_ANSS_L01d,EMA10_ANSS_L01d,EMA30_ANSS_L01d,EMA60_ANSS_L01d,EMA100_ANSS_L01d,Short12_ANSS_L01d,Long26_ANSS_L01d,MACD_ANSS_L01d,SIGNAL9_ANSS_L01d,Ret5/10_ANSS_L01d,Ret10/30_ANSS_L01d,Ret30/60_ANSS_L01d,Ret30/100_ANSS_L01d,Emaret5/10_ANSS_L01d,Emaret10/30_ANSS_L01d,Emaret30/60_ANSS_L01d,Emaret30/100_ANSS_L01d,RetMACD_ANSS_L01d,DayRange_ANSS_L01d,average20r_ANSS_L01d,PRVHI_ANSS_L01d,HitLevel_ANSS_L01d,hitlevel_2_ANSS_L01d,hitlevel_1.8_ANSS_L01d,positive_return_dummy,sma_ratio_L01d,RetMACD_L01d,R_sma_ratio_L01d,ret_sma_ratio_L01d,ema_ratio_L01d,R_ema_ratio_L01d,ret_ema_ratio_L01d,volatility_ratio_L01d,R_vol_ratio_L01d,ret_vol_ratio_L01d,negative_L01d,neutral_L01d,positive_L01d,negative_max_L01d,negative_avg_L01d,positive_max_L01d,positive_avg_L01d,ret_best,best
2024-01-03,350.3599853515625,351.3299865722656,343.1799926757812,343.2200012207031,343.2200012207031,864800.0,-2.770537897817812,1.6791473112975277,5.997038127754322,4.282047128307253,2.837554365518629,355.9719970703125,339.7059997558593,308.95033162434896,298.214333597819,300.7067999267578,349.7801944444187,340.69825498389497,317.0568246482326,307.6430117772524,305.2502188829477,336.93836332603473,319.87614763804504,17.062215687989692,12.476066188295473,0.2738775240554217,0.2738775240554217,0.2738775240554217,-0.2738775240554217,-0.2738775240554217,0.2738775240554217,0.2738775240554217,0.2738775240554217,0.2738775240554217,6.25,7.606498718261747,351.3299865722656,342.5434097290038,344.094009399414,345.6446090698242,1.0,1.0478825729487948,-2.770537897817812,1.0,-2.770537897817812,1.0386784514307335,1.0,-2.770537897817812,0.2799961039978095,-1.0,2.770537897817812,0.0,0.0,0.0,0.0,0.0,0.0,0.0,,
2024-01-04,343.5799865722656,349.3299865722656,343.0799865722656,344.1600036621094,344.1600036621094,1090500.0,0.2738775240554217,1.7706340656310269,5.998438287026688,4.190149093250748,2.8331556434745497,353.0239990234375,344.2779998779297,310.34099833170575,298.9351669311524,301.1363000488281,347.9067975169823,341.3276638344794,318.80541684267627,308.8402901997067,306.02070967065384,338.04938491620004,321.6749517879758,16.37443312822427,13.255739576281233,-0.023249967745325,-0.023249967745325,-0.023249967745325,0.023249967745325,0.023249967745325,-0.023249967745325,-0.023249967745325,-0.023249967745325,-0.023249967745325,21.959991455078125,8.531498718261748,349.3299865722656,334.5956893920897,336.11698913574213,337.6382888793945,0.0,1.025403886244863,0.2738775240554217,1.0,0.2738775240554217,1.0417772613682963,1.0,0.2738775240554217,0.29518250933089063,-1.0,-0.2738775240554217,0.0,0.0,0.0,0.0,0.0,0.0,0.0,,
2024-01-05,344.0,359.989990234375,338.0299987792969,344.0799865722656,344.0799865722656,2926100.0,-0.023249967745325,1.6064008866187325,5.979113724655928,4.197980240489978,2.8325335496686987,349.46799926757814,349.0119995117187,311.82533162434896,299.6151667277018,301.54329986572264,346.6311938687434,341.82808615044047,320.4360342445853,309.9956900807742,306.7743587182105,338.977169786364,323.3345839942195,15.64258579214453,13.733108819453893,1.3223722646220384,1.3223722646220384,1.3223722646220384,-1.3223722646220384,-1.3223722646220384,1.3223722646220384,1.3223722646220384,1.3223722646220384,1.3223722646220384,5.260009765625,8.600000000000028,359.989990234375,330.5606893920898,332.2669891357421,333.9732888793945,1.0,1.0013065446359934,-0.023249967745325,1.0,-0.023249967745325,1.0445333031856283,1.0,-0.023249967745325,0.26866872927913305,-1.0,0.023249967745325,0.0,2.0,0.0,0.008821174,0.007334105,0.215359211,0.150243886,,
2024-01-08,345.6799926757812,350.9400024414062,345.6799926757812,348.6300048828125,348.6300048828125,848400.0,1.3223722646220384,1.8600673535440944,5.976802773022979,4.1974423604860265,2.835723693567375,346.6179992675781,353.5589996337891,313.49566548665365,300.3443333943685,302.0645999145508,347.29746420676645,343.06479864723536,322.25500009221287,311.26238892674263,307.6031833947373,340.4622213396638,325.208318874856,15.253902464807824,14.03726754852468,-1.5259751741698035,1.5259751741698035,1.5259751741698035,-1.5259751741698035,-1.5259751741698035,1.5259751741698035,1.5259751741698035,1.5259751741698035,1.5259751741698035,11.470001220703068,9.003001403808616,350.9400024414062,341.0699902343749,342.7899902343749,344.5099902343749,1.0,0.9803681977452127,1.3223722646220384,-1.0,1.3223722646220384,1.0476322011228127,1.0,1.3223722646220384,0.3112144442744092,-1.0,-1.3223722646220384,0.0,1.0,1.0,0.006640702,0.004131343,0.994263589,0.6854508515,,
2024-01-09,344.4500122070312,355.7000122070312,344.2300109863281,353.9500122070312,353.9500122070312,910600.0,1.5259751741698035,1.718074805958498,1.522178355353379,4.195373488514909,2.8320691000934644,346.8080017089844,353.1559997558594,315.36399943033854,301.23216705322267,302.6414001464844,349.5149802068547,345.04392838538007,324.29983958349146,312.66198313265375,308.52094238111937,342.5372660884896,327.3373331957579,15.19993289273168,14.269800617366082,-0.2570908640056914,0.2570908640056914,0.2570908640056914,-0.2570908640056914,-0.2570908640056914,0.2570908640056914,0.2570908640056914,0.2570908640056914,0.2570908640056914,5.899993896484318,8.959500122070333,355.7000122070312,331.13339935302724,332.93399963378897,334.7345999145507,1.0,0.9820249463374163,1.5259751741698035,-1.0,-1.5259751741698035,1.051143682761348,1.0,1.5259751741698035,1.1286948076197294,1.0,-1.5259751741698035,0.0,0.0,0.0,0.0,0.0,0.0,0.0,,
2024-01-10,353.510009765625,356.4299926757812,350.5299987792969,354.8599853515625,354.8599853515625,895200.0,0.2570908640056914,0.701120210774995,1.495140256163412,4.199855672334207,2.807797812463642,349.13599853515626,352.5539978027344,317.2849985758464,302.26100006103513,303.2891000366211,351.296648588424,346.82866601559505,326.2714618911089,314.04552418901136,309.4385471924153,344.4330690520393,329.3760481702619,15.057020881777362,14.42724467024834,-0.8256843020653847,0.8256843020653847,0.8256843020653847,-0.8256843020653847,-0.8256843020653847,0.8256843020653847,0.8256843020653847,0.8256843020653847,0.8256843020653847,7.5,8.952499389648452,356.4299926757812,335.98911193847647,337.78101196289055,339.57291198730456,1.0,0.9903050333030385,0.2570908640056914,-1.0,-0.2570908640056914,1.0543982475726483,1.0,0.2570908640056914,0.4689327358318187,-1.0,0.2570908640056914,0.0,1.0,1.0,0.012983692,0.0076478515,0.994229436,0.523844946,,
2024-01-11,353.6099853515625,358.0599975585938,350.5599975585938,357.7900085449219,357.7900085449219,1077100.0,0.8256843020653847,0.6654633289803151,1.5182192920323456,4.192702612047662,2.8052898058001547,351.86199951171875,352.4429992675781,319.3906656901042,303.2713333129883,303.9411001586914,353.46110190725665,348.8216373845636,328.3049165139356,315.4797695777297,310.3960018726629,346.4879828201751,331.4807859757923,15.007196844382804,14.543235105075231,3.1610713794356102,-3.1610713794356102,-3.1610713794356102,3.1610713794356102,3.1610713794356102,-3.1610713794356102,-3.1610713794356102,-3.1610713794356102,-3.1610713794356102,12.040008544921877,9.16300048828126,358.0599975585938,336.7344940185546,338.52499389648426,340.315493774414,0.0,0.9983515071740203,0.8256843020653847,-1.0,-0.8256843020653847,1.057696988792464,1.0,0.8256843020653847,0.4383183196740313,-1.0,-0.8256843020653847,0.0,0.0,0.0,0.0,0.0,0.0,0.0,,
2024-01-12,357.0,357.0,344.9599914550781,346.4800109863281,346.4800109863281,846400.0,-3.1610713794356102,1.916956924749948,1.7734189485345544,4.293810914324727,2.8415578417807845,352.3420043945313,350.9050018310547,320.9779998779297,304.0845001220703,304.44070037841794,351.1340716002805,348.3958871303389,329.47750325409,316.4961709353887,311.11053670659686,346.4867563841986,332.59183968027645,13.89491670392215,14.413571424844616,-5.501038141950949,-5.501038141950949,-5.501038141950949,5.501038141950949,5.501038141950949,-5.501038141950949,-5.501038141950949,-5.501038141950949,5.501038141950949,11.8900146484375,9.264001464843762,357.0,337.901396484375,339.7339965820313,341.5665966796876,0.0,1.0040951327452678,-3.1610713794356102,1.0,3.1610713794356102,1.0590367871880042,1.0,-3.1610713794356102,1.0809385601377524,1.0,3.1610713794356102,0.0,0.0,1.0,0.049045298,0.049045298,0.948788166,0.948788166,,
2024-01-16,333.9100036621094,336.6300048828125,324.739990234375,327.4200134277344,327.4200134277344,4532300.0,-5.501038141950949,3.00006716346105,2.3639902686369534,4.51330218089683,2.9181398117133406,348.1000061035156,347.3590026855469,322.1133341471354,304.7001668294271,304.7552005004883,343.2293855427652,344.5820919116835,329.3447619749703,316.85432970562954,311.43349664166885,343.5534113139733,332.2087414393474,11.34466987462588,13.79979111480087,0.8612719720821307,0.8612719720821307,0.8612719720821307,-0.8612719720821307,-0.8612719720821307,-0.8612719720821307,0.8612719720821307,0.8612719720821307,-0.8612719720821307,8.480010986328125,9.44000244140626,336.6300048828125,336.61919677734375,338.47199707031245,340.3247973632812,1.0,1.0021332494976085,5.501038141950949,1.0,-5.501038141950949,1.0575123277567984,1.0,-5.501038141950949,1.2690691680346258,1.0,-5.501038141950949,0.0,1.0,3.0,0.099318095,0.0469020816666666,0.89339906,0.798101147,,
2024-01-17,326.25,330.7200012207031,322.239990234375,330.239990234375,330.239990234375,1918300.0,0.8612719720821307,2.8599370691070174,2.3449567587906217,4.512501385517487,2.9094659771268594,343.3580017089844,345.0830017089844,323.2720001220703,305.43883310953777,305.0293005371093,338.8995871066351,341.97443706126376,329.4025186368674,317.29320382132613,311.8059024553858,341.5051926863428,332.06290801675686,9.442284669585945,12.928289825757885,0.5965362399947364,-0.5965362399947364,-0.5965362399947364,-0.5965362399947364,0.5965362399947364,0.5965362399947364,-0.5965362399947364,-0.5965362399947364,0.5965362399947364,3.799987792968693,9.435501098632818,330.7200012207031,315.86199951171875,317.75,319.63800048828125,0.0,0.9950012026339833,-0.8612719720821307,-1.0,0.8612719720821307,1.0564345191765552,1.0,0.8612719720821307,1.219611857824615,1.0,0.8612719720821307,1.0,0.0,0.0,0.66418165,0.66418165,0.327537596,0.327537596,,
2024-01-18,329.6900024414062,330.8699951171875,327.0700073242188,328.2699890136719,328.2699890136719,1005000.0,-0.5965362399947364,2.764375880242559,2.222984928220145,4.521037131572905,2.8940875533220627,338.0400024414063,343.58800048828124,324.6296661376953,306.2479995727539,305.32640045166016,335.35638774231404,339.4827192344288,329.32945220956447,317.65309841779646,312.1319239713915,339.4690075059319,331.7819510535654,7.687056452366505,11.88004315107961,-2.659399664452585,2.659399664452585,2.659399664452585,2.659399664452585,-2.659399664452585,-2.659399664452585,2.659399664452585,2.659399664452585,-2.659399664452585,10.3800048828125,9.690499877929692,330.8699951171875,309.96189880371094,311.8489990234375,313.73609924316406,1.0,0.9838527595870911,0.5965362399947364,-1.0,0.5965362399947364,1.0550969859774717,1.0,-0.5965362399947364,1.2435423403684,1.0,-0.5965362399947364,0.0,0.0,1.0,0.164419949,0.164419949,0.832198083,0.832198083,,
2024-01-19,329.1199951171875,338.6499938964844,328.2699890136719,337.0,337.0,898700.0,2.659399664452585,3.234152708377271,2.424746875880172,4.544122351077027,2.901478159165422,333.8820007324219,342.8720001220703,326.5539998372396,307.26566619873046,305.6475003051757,335.90425849487605,339.0313157372599,329.8243262605603,318.2874230598359,312.6243611204728,339.08916019732703,332.1684731977458,6.920686999581221,10.888171920779934,-1.1928750782409123,1.1928750782409123,1.1928750782409123,1.1928750782409123,-1.1928750782409123,-1.1928750782409123,1.1928750782409123,1.1928750782409123,-1.1928750782409123,6.610015869140568,9.694500732421876,338.6499938964844,309.5508953857422,311.48899536132814,313.4270953369141,1.0,0.9737803046429928,-2.659399664452585,-1.0,-2.659399664452585,1.0550179937303712,1.0,2.659399664452585,1.3338104445245604,1.0,2.659399664452585,1.0,0.0,0.0,0.977068961,0.977068961,0.018956086,0.018956086,,
2024-01-22,337.0899963378906,343.7000122070312,337.0899963378906,341.0199890136719,341.0199890136719,937800.0,1.1928750782409123,3.1413100987327245,2.463832099675924,4.535290637303641,2.903375158912041,332.7899963378906,342.5660003662109,328.521332804362,308.32749938964844,305.9762002563477,337.6095020011413,339.39289269660753,330.5466270833417,319.0327530911092,313.1866507817243,339.38621078445703,332.8241410359625,6.56206974849448,10.022951486322844,-0.2463187980036409,0.2463187980036409,0.2463187980036409,0.2463187980036409,-0.2463187980036409,-0.2463187980036409,0.2463187980036409,0.2463187980036409,-0.2463187980036409,5.5,9.741000366210937,343.7000122070312,317.32209228515626,319.2609924316406,321.199892578125,1.0,0.9714624217877152,-1.1928750782409123,-1.0,-1.1928750782409123,1.0554301285137355,1.0,1.1928750782409123,1.274969223408491,1.0,1.1928750782409123,2.0,0.0,0.0,0.940714896,0.8731668595,0.187390953,0.1139822245,,
2024-01-23,342.1000061035156,343.8599853515625,338.3599853515625,341.8599853515625,341.8599853515625,713200.0,0.2463187980036409,1.2089196524999462,2.4197864616654727,4.524934152213884,2.8808852123587902,335.67799072265626,341.8889984130859,330.3796661376953,309.5128326416016,306.2527001953125,339.0263297846151,339.84145499750844,331.2765211651624,319.78118693571423,313.7544395850875,339.76679148708865,333.4934628371181,6.273328649970551,9.273026919052386,0.6698584582775086,-0.6698584582775086,-0.6698584582775086,-0.6698584582775086,0.6698584582775086,0.6698584582775086,-0.6698584582775086,-0.6698584582775086,0.6698584582775086,5.970001220703068,8.246501159667963,343.8599853515625,322.2698114013671,324.21801147460934,326.1662115478515,0.0,0.9818332624937957,-0.2463187980036409,-1.0,-0.2463187980036409,1.0558464817366293,1.0,0.2463187980036409,0.4995976594016812,-1.0,0.2463187980036409,0.0,0.0,0.0,0.0,0.0,0.0,0.0,,
2024-01-24,342.5799865722656,345.2799987792969,339.3099975585938,339.5700073242188,339.5700073242188,1072500.0,-0.6698584582775086,1.3925090898244736,2.3474344237868623,1.9311323503045803,2.880552293506567,337.543994140625,340.4509979248047,332.1253326416016,310.6924992879232,306.4888003540039,339.20755563114966,339.7921008750921,331.8115847883274,320.4300007189439,314.2656389462584,339.7365170004933,333.94357724357,5.792939756923261,8.577009486626562,0.0441717151836731,-0.0441717151836731,-0.0441717151836731,-0.0441717151836731,0.0441717151836731,0.0441717151836731,-0.0441717151836731,-0.0441717151836731,0.0441717151836731,4.6199951171875,8.061500549316397,345.2799987792969,325.717682800293,327.3669830322266,329.01628326416017,0.0,0.9914613151322829,0.6698584582775086,-1.0,0.6698584582775086,1.0558315757996997,1.0,-0.6698584582775086,0.5932046815510565,-1.0,0.6698584582775086,0.0,0.0,2.0,0.001387903,0.0013514285,0.994165123,0.9941536785,,
2024-01-25,343.3999938964844,343.3999938964844,338.7799987792969,339.4200134277344,339.4200134277344,737000.0,-0.0441717151836731,1.2957274149111966,2.340149136396243,1.9159407674954083,2.8809139710438565,339.7739990234375,338.90700073242186,333.76833292643227,311.8369995117188,306.69430053710937,339.2783748966779,339.7244486119361,332.30245115216013,321.05262408644523,314.7637453716341,339.68782414314575,334.3492391831378,5.33858496000795,7.92932458130284,-2.1153800333839383,-2.1153800333839383,-2.1153800333839383,-2.1153800333839383,2.1153800333839383,2.1153800333839383,-2.1153800333839383,-2.1153800333839383,2.1153800333839383,7.8499755859375,8.210499572753898,343.3999938964844,327.5446975708008,329.15699768066406,330.76929779052733,0.0,1.0025582188893767,0.0441717151836731,1.0,0.0441717151836731,1.0557202220345245,1.0,-0.0441717151836731,0.5536943756099992,-1.0,0.0441717151836731,0.0,0.0,0.0,0.0,0.0,0.0,0.0,,
2024-01-26,338.2200012207031,339.5199890136719,331.6700134277344,332.239990234375,332.239990234375,1181800.0,-2.1153800333839383,1.227047044081047,2.351166437270161,1.9586972976820691,2.894761488888224,338.8219970703125,336.3519989013672,334.96433308919273,312.7886657714844,306.82640045166016,336.9322466759103,338.3636379978341,332.2984214155288,321.4194229765413,315.1098096263418,338.5420035417964,334.1929985202665,4.349005021529933,7.213260669348259,0.2859415587994141,0.2859415587994141,0.2859415587994141,0.2859415587994141,-0.2859415587994141,-0.2859415587994141,0.2859415587994141,0.2859415587994141,-0.2859415587994141,4.69000244140625,8.137499999999992,339.5199890136719,325.3368948364258,326.9789947509766,328.6210946655274,1.0,1.0073434918686766,2.1153800333839383,1.0,-2.1153800333839383,1.054548006009617,1.0,-2.1153800333839383,0.5218886356279052,-1.0,2.1153800333839383,0.0,0.0,0.0,0.0,0.0,0.0,0.0,,
2024-01-29,332.9299926757812,334.9700012207031,330.2799987792969,333.1900024414062,333.1900024414062,1175400.0,0.2859415587994141,1.00156754874254,2.2001829715948285,1.945106634083681,2.892954806252882,337.25599975585936,335.022998046875,336.1686665852865,313.70416564941405,306.98370056152345,335.6848319310756,337.4229769875745,332.3559427720371,321.80534361473354,315.46783324644207,337.718618757121,334.11870251442497,3.599916242696054,6.490591784017818,-0.6692910861634366,0.6692910861634366,-0.6692910861634366,-0.6692910861634366,0.6692910861634366,0.6692910861634366,-0.6692910861634366,-0.6692910861634366,0.6692910861634366,3.8900146484375,8.096501159667957,334.9700012207031,321.6174890136719,323.2449890136719,324.8724890136719,0.0,1.0066652191700343,-0.2859415587994141,1.0,0.2859415587994141,1.0535335389088691,1.0,0.2859415587994141,0.4552201165417356,-1.0,-0.2859415587994141,0.0,0.0,0.0,0.0,0.0,0.0,0.0,,
2024-01-30,331.7799987792969,334.2900085449219,330.3999938964844,330.9599914550781,330.9599914550781,1070200.0,-0.6692910861634366,0.9207119923329676,1.2899828448598487,1.939341537329843,2.8958195930705437,335.0760009765625,335.3769958496094,337.37066650390625,314.57433217366537,307.0836004638672,334.1098851057432,336.2478887089388,332.2658813967494,322.10549600294155,315.7746086565141,336.6788299414221,333.8847239174363,2.794106023985819,5.751294632011419,0.9457351231643788,0.9457351231643788,-0.9457351231643788,-0.9457351231643788,0.9457351231643788,0.9457351231643788,-0.9457351231643788,-0.9457351231643788,0.9457351231643788,3.8800048828125,7.804501342773426,334.2900085449219,317.1576986694336,318.7769989013672,320.39629913330083,0.0,0.9991025178328514,0.6692910861634366,-1.0,-0.6692910861634366,1.0522248220349275,1.0,-0.6692910861634366,0.7137397183239279,-1.0,0.6692910861634366,0.0,0.0,0.0,0.0,0.0,0.0,0.0,,
2024-01-31,328.2799987792969,330.7099914550781,326.8299865722656,327.8299865722656,327.8299865722656,985000.0,-0.9457351231643788,0.9309665806697084,1.3003596585097268,1.86873569778936,2.883003797918598,332.7279968261719,335.13599548339846,338.44933268229164,315.4906651814779,307.1771002197266,332.016585594584,334.7173610477255,331.97969463387955,322.2931842183292,316.0133290112814,335.3174694230904,333.43622485483104,1.8812445682593195,4.977284619260999,-1.47332986233065,-1.47332986233065,1.47332986233065,1.47332986233065,-1.47332986233065,-1.47332986233065,1.47332986233065,1.47332986233065,-1.47332986233065,6.720001220703068,7.733001708984358,330.7099914550781,317.12010559082034,318.68100585937503,320.2419061279297,1.0,0.9928148611618,0.9457351231643788,-1.0,0.9457351231643788,1.0505243423514838,1.0,-0.9457351231643788,0.7159300694829612,-1.0,0.9457351231643788,0.0,0.0,0.0,0.0,0.0,0.0,0.0,,
2024-02-01,328.6600036621094,334.5400085449219,327.8200073242188,332.6600036621094,332.6600036621094,853300.0,1.47332986233065,1.3502395276540309,1.3693703164487194,1.820003541216049,2.8081643088547823,331.37599487304686,335.5749969482422,339.6229990641276,316.2393320719401,307.3602001953125,332.2310582837591,334.34329606852253,332.0235855389266,322.6330799377974,316.34296613308,334.9086285367856,333.37872698870353,1.529901548082023,4.287808005025204,-0.7785716074606148,-0.7785716074606148,0.7785716074606148,0.7785716074606148,-0.7785716074606148,-0.7785716074606148,0.7785716074606148,0.7785716074606148,-0.7785716074606148,4.989990234375,7.670001220703108,334.5400085449219,313.69738769531256,315.24398803710943,316.7905883789063,1.0,0.9874871426256976,-1.47332986233065,-1.0,-1.47332986233065,1.0495684149311861,1.0,1.47332986233065,0.9860294994240114,-1.0,-1.47332986233065,0.0,0.0,0.0,0.0,0.0,0.0,0.0,,
2024-02-02,333.1000061035156,336.7999877929688,331.8099975585938,335.25,335.25,542500.0,0.7785716074606148,1.0038282361850293,1.084654299245117,1.8295196246480885,2.787233425267485,331.9779968261719,335.3999969482422,340.8499989827474,317.14466552734376,307.5627001953125,333.2373721891728,334.50815132879114,332.2317413106088,323.0467494480335,316.71736284331604,334.96114722343395,333.5173398043551,1.443807419078837,3.719007887835931,-0.6711409395973155,-0.6711409395973155,0.6711409395973155,0.6711409395973155,-0.6711409395973155,-0.6711409395973155,0.6711409395973155,0.6711409395973155,-0.6711409395973155,6.269989013671818,6.885501098632792,336.7999877929688,317.66600585937505,319.20000610351565,320.7340063476563,1.0,0.9897972565497716,-0.7785716074606148,-1.0,-0.7785716074606148,1.0489849319532505,1.0,0.7785716074606148,0.9254821899324606,-1.0,-0.7785716074606148,0.0,0.0,0.0,0.0,0.0,0.0,0.0,,
2024-02-05,337.3399963378906,340.8399963378906,334.5700073242188,337.5,337.5,591700.0,0.6711409395973155,1.0280429219228786,1.02955014129262,1.8379195350064303,2.787578085610814,332.8399963378906,335.047998046875,342.2086659749349,318.0729990641276,307.8117001342773,334.6582481261152,335.05212381446546,332.5716289679889,323.5206265153111,317.1289002127553,335.35173995829024,333.8123516706992,1.5393882875910665,3.283083967786958,0.2488878038194444,0.2488878038194444,-0.2488878038194444,-0.2488878038194444,0.2488878038194444,0.2488878038194444,-0.2488878038194444,-0.2488878038194444,0.2488878038194444,8.839996337890625,7.064500427246074,340.8399963378906,321.6518853759767,323.0289855957032,324.4060858154298,0.0,0.9934098943379585,-0.6711409395973155,-1.0,-0.6711409395973155,1.0486954318728863,1.0,0.6711409395973155,0.9985360408305621,-1.0,-0.6711409395973155,0.0,0.0,0.0,0.0,0.0,0.0,0.0,,
2024-02-06,337.8200073242188,341.1000061035156,332.260009765625,336.6600036621094,336.6600036621094,572900.0,-0.2488878038194444,0.9468603477583388,1.0229883006282707,1.8081534585153172,2.781670591625139,333.97999877929686,334.5279998779297,343.3253326416016,318.9016657511393,308.0655001831055,335.3254999714466,335.3444656049461,332.835395077287,323.9514257660258,317.5156547365049,335.55301129733937,334.0232888552481,1.5297224420912698,2.9324116626478207,-0.0801963437102537,-0.0801963437102537,0.0801963437102537,0.0801963437102537,-0.0801963437102537,-0.0801963437102537,0.0801963437102537,0.0801963437102537,-0.0801963437102537,5.699981689453182,6.77599945068358,341.1000061035156,325.2980953979493,326.7109954833985,328.1238955688477,1.0,0.998361867769416,0.2488878038194444,-1.0,0.2488878038194444,1.0482487717133047,1.0,-0.2488878038194444,0.9255827727226423,-1.0,0.2488878038194444,0.0,0.0,0.0,0.0,0.0,0.0,0.0,,
2024-02-07,339.7300109863281,342.2999877929688,336.6000061035156,336.9299926757812,336.9299926757812,465700.0,0.0801963437102537,0.6667817397878278,1.0078952632177425,1.7656567787049469,2.77752668556168,335.8,334.2639984130859,342.62366536458336,319.7768320719401,308.255,335.8603308728915,335.6327432541889,333.0995626642866,324.3769525499522,317.90009707193616,335.76485458633044,334.23860024936164,1.5262543369688046,2.651180197512017,2.4930976995471945,-2.4930976995471945,2.4930976995471945,2.4930976995471945,-2.4930976995471945,2.4930976995471945,2.4930976995471945,2.4930976995471945,-2.4930976995471945,6.209991455078125,6.79149932861327,342.2999877929688,326.1928073120117,327.5480072021485,328.9032070922852,1.0,1.0045951750538684,-0.0801963437102537,1.0,-0.0801963437102537,1.047812082262155,1.0,0.0801963437102537,0.6615585608162328,-1.0,-0.0801963437102537,0.0,0.0,0.0,0.0,0.0,0.0,0.0,,
2024-02-08,340.2900085449219,345.7099914550781,339.5,345.3299865722656,345.3299865722656,398500.0,2.4930976995471945,1.059684164946464,1.2946515253158346,1.8661225761437812,2.777577422827409,338.33399658203126,334.85499572753906,342.10533142089844,320.6739985148112,308.6010998535156,339.0168827726829,337.3958784029301,333.88862227125304,325.06393727199526,318.4432632006556,337.2364133533974,335.0601844214286,2.176228931968808,2.556189944403376,-0.883209657881967,0.883209657881967,-0.883209657881967,-0.883209657881967,0.883209657881967,-0.883209657881967,-0.883209657881967,-0.883209657881967,0.883209657881967,4.899993896484375,6.6614990234374885,345.7099914550781,327.3586892700196,328.71698913574227,330.0752890014649,0.0,1.0103895742900098,-2.4930976995471945,1.0,2.4930976995471945,1.048502703167142,1.0,2.4930976995471945,0.8185091850781625,-1.0,-2.4930976995471945,0.0,0.0,0.0,0.0,0.0,0.0,0.0,,
2024-02-09,345.3299865722656,346.7900085449219,341.8900146484375,342.2799987792969,342.2799987792969,851500.0,-0.883209657881967,1.2866631485986495,1.0951503546149448,1.8596932416340848,2.781220961757595,339.7399963378906,335.85899658203124,341.55133158365885,321.52866516113284,308.9046997070312,340.1045881082209,338.28390028954226,334.43000140080426,325.6283983050215,318.91527776656926,338.01234957276654,335.5949854849744,2.41736408779218,2.5284247730811367,-1.2854954751012206,1.2854954751012206,-1.2854954751012206,-1.2854954751012206,1.2854954751012206,-1.2854954751012206,-1.2854954751012206,-1.2854954751012206,1.2854954751012206,5.69000244140625,6.343998718261707,346.7900085449219,331.05469360351566,332.3869934082031,333.71929321289065,0.0,1.0115554437884813,0.883209657881967,1.0,-0.883209657881967,1.0486484176703226,1.0,-0.883209657881967,1.174873516843302,1.0,0.883209657881967,0.0,0.0,0.0,0.0,0.0,0.0,0.0,,
2024-02-12,341.4200134277344,343.1700134277344,337.4800109863281,337.8800048828125,337.8800048828125,533300.0,-1.2854954751012206,1.4757728552603817,1.2051691483887068,1.7466153313717678,2.775084499342185,339.8159973144531,336.3279968261719,340.7519989013672,322.1943318684896,309.19099975585937,339.3630603664181,338.210464761046,334.6525822706113,326.0300903239655,319.29081691738594,337.9919888512352,335.7642461811105,2.2277426701247123,2.468288352489852,-3.0661819934369325,3.0661819934369325,-3.0661819934369325,-3.0661819934369325,3.0661819934369325,-3.0661819934369325,-3.0661819934369325,-3.0661819934369325,3.0661819934369325,7.290008544921818,6.113998413085923,343.1700134277344,332.8332113647461,334.1020111083985,335.3708108520508,0.0,1.01037083002663,1.2854954751012206,1.0,-1.2854954751012206,1.0481121427215994,1.0,-1.2854954751012206,1.2245358730212004,1.0,-1.2854954751012206,0.0,0.0,1.0,0.002113415,0.002113415,0.996617138,0.996617138,,
2024-02-13,331.6400146484375,333.4500122070312,326.1600036621094,327.5199890136719,327.5199890136719,1125800.0,-3.0661819934369325,2.039557671293135,1.5688842844991209,1.401994481879019,2.8078241877383627,337.9879943847656,335.98399658203124,339.5733317057292,322.6768315633138,309.3640997314453,335.4153699155028,336.266741897887,334.19241496371194,326.07893946133294,319.4537708202827,336.38091195314854,335.1535604650039,1.2273514881446204,2.2201009796208058,0.7572090466284793,-0.7572090466284793,0.7572090466284793,0.7572090466284793,-0.7572090466284793,-0.7572090466284793,0.7572090466284793,0.7572090466284793,-0.7572090466284793,3.149993896484432,5.847497558593739,333.4500122070312,329.71921691894534,330.9420166015625,332.1648162841797,1.0,1.0059645632623013,3.0661819934369325,1.0,-3.0661819934369325,1.0461370172766589,1.0,-3.0661819934369325,1.300005163825247,1.0,-3.0661819934369325,0.0,0.0,0.0,0.0,0.0,0.0,0.0,,
2024-02-14,329.9100036621094,331.6000061035156,328.4500122070312,330.0,330.0,582800.0,0.7572090466284793,2.111588250335033,1.558466422996375,1.398861924239832,2.806637101255104,336.6019958496093,336.2009979248047,338.8066650390625,323.149164835612,309.65649963378905,333.6102466103352,335.12733428008937,333.9219365789564,326.2074988232564,319.66260704166325,335.3992331911257,334.771815245374,0.627417945751688,1.9015643728469824,0.2969730261600379,-0.2969730261600379,0.2969730261600379,0.2969730261600379,-0.2969730261600379,-0.2969730261600379,0.2969730261600379,0.2969730261600379,-0.2969730261600379,5.639984130859432,5.939497375488275,331.6000061035156,320.5855175781249,321.7550170898437,322.92451660156246,1.0,1.0011927327024004,-0.7572090466284793,1.0,0.7572090466284793,1.0446074367886096,1.0,0.7572090466284793,1.3549141766398805,1.0,0.7572090466284793,0.0,0.0,0.0,0.0,0.0,0.0,0.0,,
2024-02-15,334.0499877929688,334.0499877929688,328.4100036621094,330.9800109863281,330.9800109863281,383600.0,0.2969730261600379,1.499994125207585,1.483972665708441,1.39287230912855,2.804091661224082,333.73200073242185,336.0329986572266,338.39866536458334,323.6744984944661,309.93719970703125,332.7335014023329,334.37327549940545,333.7321349278191,326.36397463188166,319.88671405046847,334.7193528519261,334.49094085581504,0.2284119961110491,1.5669338974997955,0.3414118210477603,0.3414118210477603,-0.3414118210477603,-0.3414118210477603,0.3414118210477603,0.3414118210477603,-0.3414118210477603,-0.3414118210477603,0.3414118210477603,4.5,5.645497131347651,334.0499877929688,318.5331118774414,319.72101135253905,320.9089108276367,0.0,0.9931524643889159,-0.2969730261600379,-1.0,0.2969730261600379,1.0432822629675276,1.0,0.2969730261600379,1.0107963305991863,1.0,0.2969730261600379,0.0,0.0,0.0,0.0,0.0,0.0,0.0,,
2024-02-16,331.0,334.1199951171875,329.6199951171875,329.8500061035156,329.8500061035156,444300.0,-0.3414118210477603,1.5152361232663023,1.4572977989123168,1.251479513599731,2.803000167689967,331.2460021972656,335.4929992675781,337.9216654459635,324.1313318888346,310.2183996582031,331.7723363027271,333.5508628819709,333.48167500367055,326.4782707457057,320.08400696241,333.97022258293987,334.14716791120026,-0.1769453282603876,1.218158052347759,-0.6942575420790533,-0.6942575420790533,0.6942575420790533,0.6942575420790533,-0.6942575420790533,-0.6942575420790533,0.6942575420790533,0.6942575420790533,-0.6942575420790533,5.120025634765568,5.5709976196289,334.1199951171875,321.629894104004,322.7589935302736,323.88809295654306,1.0,0.9873410262521597,0.3414118210477603,-1.0,0.3414118210477603,1.041856724328104,1.0,-0.3414118210477603,1.0397573676411431,1.0,-0.3414118210477603,0.0,0.0,0.0,0.0,0.0,0.0,0.0,,
2024-02-20,328.739990234375,332.1700134277344,327.0499877929688,332.1400146484375,332.1400146484375,574100.0,0.6942575420790533,1.5898921009067657,1.458767349876607,1.2291419192393565,2.799755637653956,330.09800415039064,334.9570007324219,337.52366638183594,324.6744990030924,310.58859985351563,331.89489575129727,333.2943450213284,333.3951162710749,326.66390169333624,320.3227397878759,333.688652131478,333.9984898917363,-0.3098377602583468,0.912558889826538,1.056786177763093,1.056786177763093,-1.056786177763093,-1.056786177763093,1.056786177763093,1.056786177763093,1.056786177763093,-1.056786177763093,1.056786177763093,7.519989013671932,5.671997070312497,332.1700134277344,321.8638003540039,322.9779998779297,324.09219940185545,0.0,0.985493670616209,-0.6942575420790533,-1.0,-0.6942575420790533,1.040810017084194,1.0,0.6942575420790533,1.0898873634930548,1.0,0.6942575420790533,0.0,1.0,1.0,0.194220558,0.1017152165,0.803892314,0.432800002,,
2024-02-21,328.2999877929688,328.9700012207031,321.4500122070312,328.6300048828125,328.6300048828125,551200.0,-1.056786177763093,0.7668730782266028,1.4869309957874035,1.2429044300519494,2.803648151423633,330.32000732421875,334.1540008544922,336.85699971516925,325.17633260091145,310.93149993896486,330.8065987951357,332.44628317796185,333.08768972989674,326.7283640929912,320.4872400867855,332.91039870860635,333.60082433551975,-0.6904256269133953,0.5919619864785515,-3.563275197361798,-3.563275197361798,3.563275197361798,3.563275197361798,-3.563275197361798,-3.563275197361798,-3.563275197361798,3.563275197361798,-3.563275197361798,14.82000732421875,6.114497375488281,328.9700012207031,319.6916198730469,320.8260192871094,321.9604187011719,1.0,0.9885262677673491,1.056786177763093,-1.0,1.056786177763093,1.0393165407761604,1.0,-1.056786177763093,0.5157422102298066,-1.0,-1.056786177763093,0.0,0.0,3.0,0.050052561,0.02183471,0.997568071,0.977088213,,
2024-02-22,351.6400146484375,352.9700012207031,338.1499938964844,340.3399963378906,340.3399963378906,1275700.0,3.563275197361798,1.7683339587346414,1.9144512648189045,1.4922683688629703,2.8365137423478823,332.38800659179685,334.4950012207031,336.40333251953126,325.8836659749349,311.35630004882813,333.984397976054,333.8815037524943,333.5555804787996,327.1746471174141,320.880363972946,334.05341372849625,334.1000222616213,-0.0466085331250383,0.4642478825578335,-0.1616084845933932,-0.1616084845933932,0.1616084845933932,0.1616084845933932,-0.1616084845933932,0.1616084845933932,0.1616084845933932,0.1616084845933932,-0.1616084845933932,2.799987792968693,6.0234970092773406,352.9700012207031,315.5181069946289,316.7410064697266,317.9639059448242,1.0,0.9937009682619561,-3.563275197361798,-1.0,-3.563275197361798,1.0395013778621938,1.0,3.563275197361798,0.9236766645516646,-1.0,-3.563275197361798,0.0,0.0,5.0,0.01013715,0.0034699854,0.997538447,0.9648296832,,
2024-02-23,340.6499938964844,342.4400024414062,339.6400146484375,340.8900146484375,340.8900146484375,357400.0,0.1616084845933932,1.7757519838238698,1.7256072595556426,1.4924984352966544,2.8358347278955045,334.3700073242188,334.05100402832034,335.9376668294271,326.6113327026368,311.7897003173828,336.2862702001819,335.1557784608476,334.02876978006657,327.6243312987592,321.2765946793914,335.10519848541026,334.6029846606447,0.5022138247655334,0.4718410709993735,-1.3406104983543672,1.3406104983543672,-1.3406104983543672,-1.3406104983543672,1.3406104983543672,-1.3406104983543672,-1.3406104983543672,-1.3406104983543672,-1.3406104983543672,3.6099853515625,5.811497497558591,342.4400024414062,339.71830780029296,340.9230072021484,342.1277066040039,0.0,1.0009549538604932,-0.1616084845933932,1.0,-0.1616084845933932,1.0396922007760971,1.0,0.1616084845933932,1.0290591755398268,1.0,-0.1616084845933932,0.0,1.0,0.0,0.0,0.0,0.0,0.0,,
2024-02-26,339.6199951171875,339.6199951171875,336.010009765625,336.3200073242188,336.3200073242188,469500.0,-1.3406104983543672,1.9558619774643355,1.7540316789456276,1.4430602633105458,2.8396221194722293,335.6640075683593,333.4550048828125,335.2220001220703,327.3063329060872,312.1789004516602,336.2975159081942,335.367456436006,334.1765915571087,327.90943543074144,321.5744840386949,335.2920921529193,334.7301715246132,0.5619206283060976,0.4898569824607184,-0.1635401696505982,0.1635401696505982,-0.1635401696505982,-0.1635401696505982,0.1635401696505982,-0.1635401696505982,-0.1635401696505982,-0.1635401696505982,-0.1635401696505982,4.8699951171875,5.820497131347653,339.6199951171875,329.6547079467773,330.81700744628904,331.9793069458007,0.0,1.0066245899842563,-1.3406104983543672,1.0,-1.3406104983543672,1.0391887669697617,1.0,-1.3406104983543672,1.1150665070314072,1.0,-1.3406104983543672,0.0,0.0,0.0,0.0,0.0,0.0,0.0,,
2024-02-27,336.1499938964844,338.760009765625,333.8900146484375,335.7699890136719,335.7699890136719,420300.0,-0.1635401696505982,1.9616875329566847,1.709479759191523,1.4430350472263451,2.835857101082821,336.39000244140624,333.24400329589844,334.86499938964846,327.92149963378904,312.6627001953125,336.12167361002014,335.4406441773998,334.279391393016,328.16715849903426,321.8555831471103,335.3656147468812,334.80719504232127,0.558419704559924,0.5035695268805596,-0.7981632556422803,0.7981632556422803,-0.7981632556422803,-0.7981632556422803,0.7981632556422803,-0.7981632556422803,-0.7981632556422803,-0.7981632556422803,-0.7981632556422803,3.009979248046875,5.776495361328122,338.760009765625,326.81490142822264,327.9790008544922,329.1431002807617,0.0,1.0094405274045228,-0.1635401696505982,1.0,-0.1635401696505982,1.0386005677590722,1.0,-0.1635401696505982,1.1475348113419257,1.0,-0.1635401696505982,0.0,0.0,0.0,0.0,0.0,0.0,0.0,,
2024-02-28,333.6600036621094,335.3599853515625,332.3500061035156,333.0899963378906,333.0899963378906,483300.0,-0.7981632556422803,1.922196202851093,1.384305642468134,1.446691649092696,2.826129491433584,337.28200073242186,333.80100402832034,335.053998819987,328.5836664835612,313.08540008544924,335.1111145193103,335.0132536611254,334.20265622816925,328.328563018341,322.0780467746505,335.0155196070365,334.67999513828937,0.3355244687471099,0.4699605152538696,0.3242418270490979,-0.3242418270490979,0.3242418270490979,0.3242418270490979,-0.3242418270490979,0.3242418270490979,0.3242418270490979,0.3242418270490979,-0.3242418270490979,4.540008544921932,5.809495544433593,335.3599853515625,326.0517199707031,327.20701904296874,328.3623181152344,1.0,1.0104283589986032,-0.7981632556422803,1.0,-0.7981632556422803,1.0376449421962683,1.0,-0.7981632556422803,1.3885634385076495,1.0,-0.7981632556422803,0.0,0.0,0.0,0.0,0.0,0.0,0.0,,
2024-02-29,336.7300109863281,336.7300109863281,332.1900024414062,334.1700134277344,334.1700134277344,803400.0,0.3242418270490979,0.6950518923069726,1.3708575584092766,1.4288173528472892,2.825464458054503,336.0480041503906,334.21800537109374,335.1849995930989,329.2284998575846,313.5253002929687,334.7974141554517,334.8599372550543,334.2005502410444,328.5200859825834,322.3174916588699,334.8854417332977,334.6422187152853,0.2432230180123724,0.4246130158055702,1.6309008799294034,-1.6309008799294034,1.6309008799294034,1.6309008799294034,-1.6309008799294034,-1.6309008799294034,1.6309008799294034,1.6309008799294034,-1.6309008799294034,9.3800048828125,5.9424957275390655,336.7300109863281,322.57909515380857,323.7409942626953,324.902893371582,1.0,1.0054754643672323,-0.3242418270490979,1.0,0.3242418270490979,1.0368675572678852,1.0,0.3242418270490979,0.5070197760834473,-1.0,0.3242418270490979,0.0,0.0,0.0,0.0,0.0,0.0,0.0,,
2024-03-01,333.6199951171875,341.5,332.1199951171875,339.6199951171875,339.6199951171875,491500.0,1.6309008799294034,1.1403849514386315,1.4510345455515763,1.437166720722915,2.804510064297215,335.79400024414065,335.0820037841797,335.56333312988284,330.09649963378905,313.9564001464844,336.404941142697,335.7254023208967,334.5501918459569,328.8840174296196,322.6601154897277,335.6138345615884,335.010942893204,0.6028916683844159,0.4602687463213394,0.2532288680010941,-0.2532288680010941,0.2532288680010941,0.2532288680010941,-0.2532288680010941,0.2532288680010941,0.2532288680010941,0.2532288680010941,0.2532288680010941,3.940002441406193,5.889996337890625,341.5,323.65652038574217,324.84501953125,326.0335186767578,1.0,1.0021248424323603,-1.6309008799294034,1.0,1.6309008799294034,1.036850158372325,1.0,1.6309008799294034,0.7859116483027228,-1.0,-1.6309008799294034,0.0,0.0,0.0,0.0,0.0,0.0,0.0,,
2024-03-04,340.3699951171875,342.5,338.5599975585938,340.4800109863281,340.4800109863281,583800.0,0.2532288680010941,0.8919177339881079,1.435414288577887,1.4291471932348865,2.7731032805936398,336.6260009765625,336.14500427246094,335.67933349609376,331.1166666666667,314.35210021972654,337.7632977572407,336.5898766237024,334.93276082275503,329.2642139396756,323.01298470748213,336.36247708847145,335.41605904825025,0.9464180402212036,0.5574986051013123,-3.433388764157335,-3.433388764157335,-3.433388764157335,-3.433388764157335,3.433388764157335,-3.433388764157335,-3.433388764157335,-3.433388764157335,-3.433388764157335,11.709991455078182,6.161996459960943,342.5,328.5420080566406,329.7200073242187,330.8980065917969,0.0,1.0014309202813905,0.2532288680010941,1.0,0.2532288680010941,1.0369018481596564,1.0,0.2532288680010941,0.6213660690752637,-1.0,-0.2532288680010941,0.0,0.0,1.0,0.001560359,0.001560359,0.997058511,0.997058511,,
2024-03-05,337.25,339.0599975585938,327.3500061035156,328.7900085449219,328.7900085449219,420200.0,-3.433388764157335,1.8997148778297392,1.8512553220436785,1.6224913749403698,2.814770024167098,335.2300048828125,335.8100036621093,335.27166748046875,331.8965001424154,314.6072003173828,334.77220135313445,335.1717187911969,334.5364542241852,329.2486662218148,323.12738121911457,335.19748192792537,334.9252404924481,0.2722414354772127,0.5004471711764924,-2.15030159764562,2.15030159764562,2.15030159764562,2.15030159764562,-2.15030159764562,-2.15030159764562,2.15030159764562,2.15030159764562,-2.15030159764562,8.1199951171875,6.125996398925787,339.0599975585938,328.9436077880859,330.17600708007814,331.4084063720703,1.0,0.9982728365058464,-3.433388764157335,-1.0,-3.433388764157335,1.0353082829502898,1.0,-3.433388764157335,1.026176592287964,1.0,3.433388764157335,0.0,0.0,0.0,0.0,0.0,0.0,0.0,,
2024-03-06,331.7799987792969,338.0,329.8800048828125,335.8599853515625,335.8599853515625,439500.0,2.15030159764562,2.1834502754539744,1.9400430310937076,1.6991946481773592,2.821044637027464,335.78400268554685,336.5330017089844,335.0716674804688,332.72566680908204,314.9170001220703,335.13479601927713,335.2968581658088,334.6218433291773,329.46543078344587,323.37951199401454,335.29940553156183,334.99448085238254,0.3049246791792939,0.4613426727770527,-1.045081259665657,1.045081259665657,1.045081259665657,1.045081259665657,-1.045081259665657,-1.045081259665657,1.045081259665657,1.045081259665657,-1.045081259665657,5.470001220703125,6.114497375488284,338.0,325.58280548095706,326.8080047607422,328.0332040405274,1.0,0.9977743667942403,-2.15030159764562,-1.0,-2.15030159764562,1.0347651317358995,1.0,2.15030159764562,1.1254648687988353,1.0,2.15030159764562,0.0,0.0,0.0,0.0,0.0,0.0,0.0,,
2024-03-07,338.7099914550781,340.8800048828125,335.4100036621094,339.3699951171875,339.3699951171875,339300.0,1.045081259665657,2.218454868015676,1.592255832484106,1.7151596173346395,2.822654090873454,336.8239990234375,336.4360015869141,335.06500040690105,333.5951665242513,315.30390014648435,336.5465290519139,336.03742852060486,334.92817570259734,329.7901705976669,323.6961552241764,335.92565008319656,335.31859302014584,0.6070570630507177,0.4904855508317857,-1.2552700082262664,-1.2552700082262664,-1.2552700082262664,-1.2552700082262664,1.2552700082262664,-1.2552700082262664,-1.2552700082262664,-1.2552700082262664,-1.2552700082262664,5.959991455078125,6.101997375488284,340.8800048828125,324.5481057739258,325.77100524902346,326.9939047241211,0.0,1.0011532577806577,-1.045081259665657,1.0,-1.045081259665657,1.0346992705880063,1.0,1.045081259665657,1.3932779034350442,1.0,1.045081259665657,0.0,0.0,0.0,0.0,0.0,0.0,0.0,,
2024-03-08,339.3999938964844,340.1000061035156,334.1400146484375,335.1099853515625,335.1099853515625,366200.0,-1.2552700082262664,2.170048071088228,1.6370050090895132,1.637178064397507,2.828300375952135,335.9219970703125,335.8579986572266,334.92133280436195,334.3448328653971,315.72369995117185,336.0676811517968,335.86880248986984,334.9399053573693,329.9645907535323,323.92217166234246,335.80016320140675,335.3031406002508,0.4970226011559475,0.4917929608966181,-0.4595440585657597,-0.4595440585657597,-0.4595440585657597,-0.4595440585657597,0.4595440585657597,-0.4595440585657597,-0.4595440585657597,-0.4595440585657597,-0.4595440585657597,5.32000732421875,6.1229980468750025,340.1000061035156,327.45561065673826,328.67601013183594,329.8964096069336,0.0,1.0001905519991836,-1.2552700082262664,1.0,-1.2552700082262664,1.0340135213297834,1.0,-1.2552700082262664,1.3256209107724042,1.0,-1.2552700082262664,0.0,0.0,0.0,0.0,0.0,0.0,0.0,,
2024-03-11,335.6799926757812,335.9200134277344,330.6000061035156,333.5700073242188,333.5700073242188,263500.0,-0.4595440585657597,2.152227483992514,1.5893420711920931,1.6297435249955394,2.819092545255241,334.5399963378906,335.58299865722654,334.9656667073568,334.96499989827475,316.0876998901367,335.23512320927085,335.4508397324787,334.8515248391015,330.0828011328991,324.1132179130727,335.457062297224,335.1747603575818,0.2823019396421387,0.4498947566457222,-1.2471156191407624,1.2471156191407624,1.2471156191407624,1.2471156191407624,-1.2471156191407624,-1.2471156191407624,1.2471156191407624,1.2471156191407624,-1.2471156191407624,4.8599853515625,6.081497192382815,335.9200134277344,326.6294104003906,327.8540100097656,329.0786096191406,1.0,0.9968919691298149,-0.4595440585657597,-1.0,-0.4595440585657597,1.0331313452600654,1.0,-0.4595440585657597,1.354162532410802,1.0,-0.4595440585657597,0.0,0.0,0.0,0.0,0.0,0.0,0.0,,
2024-03-12,333.1300048828125,337.989990234375,333.1300048828125,337.7300109863281,337.7300109863281,261000.0,1.2471156191407624,1.3756925760522871,1.6419114338668923,1.6324942685043908,2.8221269953696178,336.3279968261719,335.7790008544922,335.11700032552085,335.64283345540366,316.48809997558595,336.06675246829,335.86523450590585,335.0372336227936,330.3335293248148,324.3828573798698,335.8067467109323,335.3640381819334,0.442708528998935,0.4484575111163648,-2.4753547500044504,-2.4753547500044504,2.4753547500044504,-2.4753547500044504,2.4753547500044504,-2.4753547500044504,-2.4753547500044504,-2.4753547500044504,2.4753547500044504,9.819976806640623,6.207995605468756,337.989990234375,322.5407196044921,323.75701904296875,324.9733184814453,0.0,1.0016349919747292,-1.2471156191407624,1.0,-1.2471156191407624,1.0328450656393564,1.0,1.2471156191407624,0.837860403232817,-1.0,1.2471156191407624,0.0,0.0,0.0,0.0,0.0,0.0,0.0,,
2024-03-13,336.7000122070312,338.4599914550781,328.6400146484375,329.3699951171875,329.3699951171875,412400.0,-2.4753547500044504,1.5685421085369935,1.8168408309883013,1.5783369439448227,2.8413515077189864,335.0299987792969,335.40700073242186,335.0640004475911,336.2173334757487,316.8769998168945,333.8345000179225,334.6842818897752,334.6716053321093,330.3019380393188,324.4816125825889,334.8164772349716,334.9200349919522,-0.1035577569806491,0.338054457496962,-0.2793252091487692,0.2793252091487692,-0.2793252091487692,0.2793252091487692,-0.2793252091487692,-0.2793252091487692,0.2793252091487692,0.2793252091487692,-0.2793252091487692,5.089996337890625,6.304995727539065,338.4599914550781,324.3323999023437,325.57399902343747,326.81559814453124,1.0,0.9988759866302679,2.4753547500044504,-1.0,-2.4753547500044504,1.0314039142878297,1.0,-2.4753547500044504,0.863334906274513,-1.0,2.4753547500044504,0.0,0.0,0.0,0.0,0.0,0.0,0.0,,
2024-03-14,332.2200012207031,332.3500061035156,327.260009765625,330.2900085449219,330.2900085449219,490600.0,0.2793252091487692,1.425525802494018,1.815738158414364,1.5705057461180687,2.841358781722008,333.21400146484376,335.0190002441406,335.146001180013,336.7976669311523,317.3206997680664,332.65300286025564,333.88532309980184,334.3889216684198,330.30154690835496,324.5966303244173,334.1200974365024,334.57707006995,-0.4569726334476058,0.1790490393080484,0.7296629022253929,0.7296629022253929,0.7296629022253929,-0.7296629022253929,0.7296629022253929,0.7296629022253929,0.7296629022253929,-0.7296629022253929,0.7296629022253929,3.899993896484375,6.217996215820312,332.3500061035156,324.58900085449216,325.85,327.11099914550783,0.0,0.9946122495202318,-0.2793252091487692,-1.0,-0.2793252091487692,1.0301675693127672,1.0,0.2793252091487692,0.7850943683085297,-1.0,-0.2793252091487692,0.0,0.0,0.0,0.0,0.0,0.0,0.0,,
2024-03-15,328.8500061035156,330.1099853515625,326.2099914550781,327.8800048828125,327.8800048828125,752100.0,-0.7296629022253929,1.3774956977560593,1.7161671044662947,1.5776043780008997,2.8433700374413617,331.7680053710937,333.8450012207031,334.9866678873698,337.3048334757487,317.8022998046875,331.06200353444126,332.79344706034925,333.9689915532194,330.22215208784536,324.6616476424053,333.1600831974732,334.08099116719904,-0.9209079697258744,-0.0409423624987361,-2.253868494817373,-2.253868494817373,-2.253868494817373,2.253868494817373,-2.253868494817373,-2.253868494817373,-2.253868494817373,2.253868494817373,-2.253868494817373,8.540008544921875,6.419996643066407,330.1099853515625,318.67041442871096,319.914013671875,321.15761291503907,1.0,0.993778562380701,0.7296629022253929,-1.0,0.7296629022253929,1.0286678268850085,1.0,-0.7296629022253929,0.8026582575619536,-1.0,0.7296629022253929,0.0,0.0,1.0,0.00470329,0.00470329,0.988511562,0.988511562,,
2024-03-18,330.6600036621094,337.1400146484375,328.6000061035156,335.2699890136719,335.2699890136719,613100.0,2.253868494817373,1.8239270900887632,1.8995411007212284,1.655887002685433,2.855685688508045,332.1080017089844,333.3239990234375,334.9873341878255,337.9186665852865,318.3955996704101,332.4646653608515,333.2437274154988,334.05292687324857,330.38765493787247,324.87171380817296,333.48468409227297,334.1690650817526,-0.6843809894796209,-0.169630087894913,-2.1176980750359067,-2.1176980750359067,-2.1176980750359067,2.1176980750359067,-2.1176980750359067,-2.1176980750359067,-2.1176980750359067,2.1176980750359067,-2.1176980750359067,8.959991455078182,6.611994934082037,337.1400146484375,315.9859927368164,317.2699920654297,318.5539913940429,1.0,0.996351905899318,-2.253868494817373,-1.0,-2.253868494817373,1.0282610417430704,1.0,2.253868494817373,0.9601935380057027,-1.0,-2.253868494817373,0.0,0.0,0.0,0.0,0.0,0.0,0.0,,
2024-03-19,335.2699890136719,343.6600036621094,334.7000122070312,342.3699951171875,342.3699951171875,579500.0,2.1176980750359067,1.9927537224006655,1.619968916297129,1.7126381596707352,2.863969231662242,333.03599853515624,334.68199768066404,335.14966735839846,338.6791666666667,319.04619964599607,335.7664419462968,334.90304881580585,334.58951192124465,330.780518550309,325.2182144281535,334.8516550191829,334.7765413806737,0.0751136385092081,-0.1206813426140888,-0.2774811521395541,-0.2774811521395541,-0.2774811521395541,0.2774811521395541,-0.2774811521395541,0.2774811521395541,0.2774811521395541,0.2774811521395541,0.2774811521395541,5.230010986328125,6.497496032714847,343.6600036621094,322.593625793457,323.9160247802734,325.23842376708984,1.0,0.9950819011571745,-2.1176980750359067,-1.0,-2.1176980750359067,1.0288154140123091,1.0,2.1176980750359067,1.2301184932335836,1.0,-2.1176980750359067,1.0,0.0,2.0,0.941267073,0.3153823706666667,0.979515851,0.6646576983333333,,
2024-03-20,342.9599914550781,344.3900146484375,339.1600036621094,343.3200073242188,343.3200073242188,560800.0,0.2774811521395541,1.2967422123054648,1.501273975524129,1.6883256359164611,2.853235167934524,335.8260009765625,335.42799987792966,335.3716674804688,339.3485000610352,319.7719998168945,338.2842970722708,336.43340490824454,335.15276968917846,331.19164932978146,325.57666577263,336.15447845072686,335.4093907098252,0.7450877409016812,0.0524724740890651,1.4214158157709371,1.4214158157709371,-1.4214158157709371,1.4214158157709371,-1.4214158157709371,1.4214158157709371,1.4214158157709371,1.4214158157709371,1.4214158157709371,6.130004882812386,6.062995910644529,344.3900146484375,329.3655123901367,330.6650115966797,331.96451080322265,1.0,1.0011865470347665,0.2774811521395541,1.0,-0.2774811521395541,1.0294127464381493,1.0,0.2774811521395541,0.8637612011176992,-1.0,0.2774811521395541,0.0,0.0,0.0,0.0,0.0,0.0,0.0,,
2024-03-21,345.9800109863281,351.6900024414062,345.5599975585938,348.2000122070312,348.2000122070312,366300.0,1.4214158157709371,1.2737312025333412,1.5284453906156874,1.5260579317047611,1.641002287297033,339.4080017089844,336.3110015869141,335.74733479817706,339.1855000813802,320.56609985351565,341.5895354505243,338.57278805347846,335.9945272709754,331.7493005716585,326.0246528307369,338.0076374901583,336.3568441540626,1.65079333609566,0.3721366464903841,0.2986725993350803,0.2986725993350803,-0.2986725993350803,0.2986725993350803,-0.2986725993350803,0.2986725993350803,0.2986725993350803,0.2986725993350803,0.2986725993350803,6.54998779296875,6.250495910644531,351.6900024414062,331.05142364501955,332.26402282714844,333.4766220092773,1.0,1.0092087386599213,1.4214158157709371,1.0,1.4214158157709371,1.03058012439757,1.0,1.4214158157709371,0.8333508088373753,-1.0,-1.4214158157709371,0.0,0.0,0.0,0.0,0.0,0.0,0.0,,
2024-03-22,349.8299865722656,352.5799865722656,346.0299987792969,349.239990234375,349.239990234375,558200.0,0.2986725993350803,0.953678842046871,1.432376933793731,1.5265370819005062,1.6378751207845494,343.67999877929685,337.7240020751953,335.87766825358074,338.9914998372396,321.3509997558594,344.1396870451412,340.512279359096,336.8490732686141,332.32276580650165,326.4843624822941,339.7356917584993,337.3111512711228,2.4245404873764755,0.7826174146676024,-0.4924983589504833,-0.4924983589504833,0.4924983589504833,-0.4924983589504833,0.4924983589504833,-0.4924983589504833,-0.4924983589504833,-0.4924983589504833,-0.4924983589504833,4.760009765625,6.307997131347657,352.5799865722656,337.9389114379882,339.1890106201172,340.43910980224604,0.0,1.0176356926588104,0.2986725993350803,1.0,0.2986725993350803,1.0317464233432685,1.0,0.2986725993350803,0.665801591429568,-1.0,-0.2986725993350803,0.0,0.0,0.0,0.0,0.0,0.0,0.0,,
2024-03-25,347.5799865722656,348.2300109863281,343.4700012207031,347.5199890136719,347.5199890136719,416400.0,-0.4924983589504833,1.0354868839391953,1.4346693171800122,1.4949234018212496,1.6375962825189003,346.1299987792969,339.11900024414064,336.0523345947266,338.8018330891927,322.0747994995117,345.2664543679848,341.7864083872007,337.5375194457146,332.82103541985146,326.9009095423214,340.93327595160275,338.0673614742745,2.865914477328204,1.1992768271997227,0.6675896056521451,0.6675896056521451,-0.6675896056521451,0.6675896056521451,-0.6675896056521451,0.6675896056521451,0.6675896056521451,0.6675896056521451,0.6675896056521451,4.29998779296875,6.279496765136718,348.2300109863281,338.7023928833008,339.9639923095703,341.2255917358398,1.0,1.0206741542942415,-0.4924983589504833,1.0,-0.4924983589504833,1.0325377189016849,1.0,-0.4924983589504833,0.7217599704261812,-1.0,0.4924983589504833,0.0,0.0,0.0,0.0,0.0,0.0,0.0,,
2024-03-26,347.7900085449219,352.0899963378906,347.7900085449219,349.8399963378906,349.8399963378906,682100.0,0.6675896056521451,0.6947595888797364,1.409012854873687,1.496580176394774,1.6363143202682504,347.6239990234375,340.3299987792969,336.4510009765625,338.6014999389648,322.7905993652344,346.79096835795343,343.250697105508,338.33122763230665,333.3790341384757,327.35514888480793,342.3035406264163,338.9394085012091,3.3641321252072203,1.6322478868012222,-0.5459649217079993,-0.5459649217079993,0.5459649217079993,-0.5459649217079993,0.5459649217079993,-0.5459649217079993,-0.5459649217079993,-0.5459649217079993,-0.5459649217079993,9.329986572265623,6.595497131347656,352.0899963378906,334.41511810302734,335.6710174560547,336.92691680908206,0.0,1.021432140188355,0.6675896056521451,1.0,0.6675896056521451,1.0335295741792687,1.0,0.6675896056521451,0.4930825055829736,-1.0,-0.6675896056521451,0.0,0.0,0.0,0.0,0.0,0.0,0.0,,
2024-03-27,352.8699951171875,354.3399963378906,345.010009765625,347.9299926757812,347.9299926757812,457500.0,-0.5459649217079993,0.826417021063853,1.0682272007403697,1.4886252728311926,1.6370184982270797,348.54599609375,342.1859985351563,337.13133443196614,338.35233306884766,323.4823992919922,347.1706431305627,344.10147811828494,338.9505027964018,333.8561147462562,327.7625715341341,343.16914863401087,339.6053776993255,3.563770934685351,2.018552496378048,-0.2213057310035737,-0.2213057310035737,0.2213057310035737,-0.2213057310035737,0.2213057310035737,-0.2213057310035737,-0.2213057310035737,-0.2213057310035737,-0.2213057310035737,4.819976806640625,6.609495544433591,354.3399963378906,337.5799026489258,338.8990020751953,340.21810150146484,0.0,1.0185863757892486,-0.5459649217079993,1.0,-0.5459649217079993,1.034134255201566,1.0,-0.5459649217079993,0.7736341299782272,-1.0,0.5459649217079993,0.0,0.0,0.0,0.0,0.0,0.0,0.0,,
2024-03-28,349.989990234375,349.989990234375,345.1700134277344,347.1600036621094,347.1600036621094,432900.0,-0.2213057310035737,0.5261322338383754,1.0939920399111724,1.4917785598853204,1.5993955583496116,348.33799438476564,343.872998046875,337.7033345540365,338.2549997965495,324.22549926757813,347.1670966410783,344.65757367170755,339.48014801354424,334.2923078254645,328.1466791010247,343.7831263306414,340.1649796224947,3.618146708146696,2.338471338731778,0.0921786268127283,0.0921786268127283,-0.0921786268127283,0.0921786268127283,-0.0921786268127283,0.0921786268127283,0.0921786268127283,0.0921786268127283,0.0921786268127283,4.519989013671932,6.366494750976562,349.989990234375,339.7991061401367,341.1210052490234,342.4429043579101,1.0,1.0129844342627972,-0.2213057310035737,1.0,-0.2213057310035737,1.0345378138324246,1.0,-0.2213057310035737,0.48092875875138463,-1.0,0.2213057310035737,0.0,0.0,1.0,0.011277033,0.011277033,0.948695898,0.948695898,,
2024-04-01,347.1600036621094,348.9700012207031,344.4500122070312,347.4800109863281,347.4800109863281,539200.0,0.0921786268127283,0.4984428705618819,1.01927527158649,1.453362623493865,1.5579672777568905,347.9859985351562,345.83299865722654,338.2533345540365,338.3259999593099,324.82289947509764,347.27140142282826,345.17074409254764,339.9962682053368,334.72469153565675,328.5295173561792,344.35187781613166,340.7068337975935,3.645044018538158,2.5997858746930538,-0.489240288155205,-0.489240288155205,0.489240288155205,-0.489240288155205,0.489240288155205,-0.489240288155205,-0.489240288155205,-0.489240288155205,-0.489240288155205,5.739990234375,6.4564941406250025,348.9700012207031,335.98370178222655,337.2570007324219,338.5302996826172,0.0,1.0062255478404003,0.0921786268127283,1.0,0.0921786268127283,1.0349032590478795,1.0,0.0921786268127283,0.48901693630422477,-1.0,-0.0921786268127283,0.0,0.0,0.0,0.0,0.0,0.0,0.0,,
2024-04-02,343.0,347.25,341.510009765625,345.7799987792969,345.7799987792969,303100.0,-0.489240288155205,0.497803198817216,0.8804798156090263,1.4593727963902745,1.559078692735885,347.63800048828125,346.8839996337891,338.7843343098958,338.3529998779297,325.4713995361328,346.77426720831784,345.2815176719566,340.36941211333425,335.08716062561217,328.87111104772606,344.5715887335417,341.0826237962382,3.4889649373035354,2.7776216872151505,0.2776307069429035,0.2776307069429035,0.2776307069429035,0.2776307069429035,-0.2776307069429035,0.2776307069429035,0.2776307069429035,0.2776307069429035,0.2776307069429035,5.27001953125,6.134495544433594,347.25,334.7657141113281,336.0570129394531,337.34831176757814,1.0,1.0021736397622496,-0.489240288155205,1.0,-0.489240288155205,1.0349629404327325,1.0,-0.489240288155205,0.5653771841128311,-1.0,0.489240288155205,0.0,0.0,0.0,0.0,0.0,0.0,0.0,,
2024-04-03,343.9500122070312,348.2300109863281,342.9599914550781,346.739990234375,346.739990234375,279600.0,0.2776307069429035,0.3587261290082013,0.612959227412632,1.2012510196625688,1.5594214586035748,347.01799926757815,347.3209991455078,339.2710001627604,338.39733327229817,326.12079956054686,346.76284155033693,345.5466945014872,340.7804171534014,335.4692206127847,329.2249502395409,344.9051889644392,341.5016879768409,3.4035009875982496,2.90279754729177,1.603506291511282,-1.603506291511282,-1.603506291511282,-1.603506291511282,1.603506291511282,-1.603506291511282,-1.603506291511282,-1.603506291511282,-1.603506291511282,12.04998779296875,6.330995178222656,348.2300109863281,333.7541098022461,334.9810089111328,336.20790802001954,0.0,0.9991276085273418,0.2776307069429035,-1.0,0.2776307069429035,1.035099001170637,1.0,0.2776307069429035,0.5852365262897233,-1.0,-0.2776307069429035,0.0,0.0,0.0,0.0,0.0,0.0,0.0,,
2024-04-04,352.0299987792969,352.7099914550781,340.6600036621094,341.1799926757812,341.1799926757812,537900.0,-1.603506291511282,0.7397844738618063,0.8168823535083555,1.1856456400756654,1.5639015096581748,345.6679992675781,347.10699768066405,339.6893330891927,338.273166402181,326.66319946289065,344.901891925485,344.7527487149952,340.8061962193614,335.65645904107964,329.46168375312976,344.3320818431071,341.47785869528093,2.8542231478261897,2.8930826673986543,-0.2022400070985425,0.2022400070985425,0.2022400070985425,0.2022400070985425,-0.2022400070985425,0.2022400070985425,0.2022400070985425,0.2022400070985425,-0.2022400070985425,4.179992675781307,6.266494750976565,352.7099914550781,334.3018215942383,335.5680206298828,336.83421966552737,1.0,0.9958543088364649,-1.603506291511282,-1.0,1.603506291511282,1.0344334805097768,1.0,-1.603506291511282,0.9056193596110526,-1.0,1.603506291511282,0.0,0.0,0.0,0.0,0.0,0.0,0.0,,
2024-04-05,341.3999938964844,345.1300048828125,340.9500122070312,341.8699951171875,341.8699951171875,283600.0,0.2022400070985425,0.786536902693397,0.6439825172577024,1.1645262752247822,1.5509504518683637,344.60999755859376,346.4739959716797,339.7403330485026,338.0718327840169,327.23769927978515,343.8912596560525,344.22861169721193,340.874828406318,335.8601815353782,329.7073928890517,343.9532992698887,341.50690583764435,2.446393432244349,2.8037448203677933,-0.6522979548303773,0.6522979548303773,0.6522979548303773,0.6522979548303773,-0.6522979548303773,-0.6522979548303773,0.6522979548303773,0.6522979548303773,-0.6522979548303773,5.70001220703125,6.253495788574222,345.1300048828125,338.9237030029297,340.177001953125,341.4303009033203,1.0,0.9946200914505622,-0.2022400070985425,-1.0,-0.2022400070985425,1.033870746480423,1.0,0.2022400070985425,1.2213637507470543,1.0,-0.2022400070985425,0.0,1.0,0.0,0.00486484,0.00486484,0.102988705,0.102988705,,
2024-04-08,342.0799865722656,346.8500061035156,341.1499938964844,344.1000061035156,344.1000061035156,242900.0,0.6522979548303773,0.8901571425475746,0.6818694290115458,1.13019696629126,1.5530969043066898,343.9339965820312,345.9599975585937,339.8473327636719,337.8924997965495,327.7636993408203,343.9608418052069,344.20522886199444,341.0829043867824,336.13033971794005,329.9923951309222,343.9758695519851,341.69898733882,2.276882213165152,2.698372298927265,-0.1162435017115474,0.1162435017115474,0.1162435017115474,0.1162435017115474,-0.1162435017115474,-0.1162435017115474,0.1162435017115474,0.1162435017115474,-0.1162435017115474,5.799987792968807,6.277494812011724,346.8500061035156,331.3723141479492,332.6230133056641,333.8737124633789,1.0,0.9941438287927512,-0.6522979548303773,-1.0,-0.6522979548303773,1.0336083783126582,1.0,0.6522979548303773,1.3054656869394594,1.0,0.6522979548303773,0.0,0.0,0.0,0.0,0.0,0.0,0.0,,
