Date_CDNS_L01d,Open_CDNS_L01d,High_CDNS_L01d,Low_CDNS_L01d,Close_CDNS_L01d,Adj Close_CDNS_L01d,Volume_CDNS_L01d,Daily_Return_CDNS_L01d,Vol5_CDNS_L01d,Vol10_CDNS_L01d,Vol20_CDNS_L01d,Vol60_CDNS_L01d,SMA5_CDNS_L01d,SMA10_CDNS_L01d,SMA30_CDNS_L01d,SMA60_CDNS_L01d,SMA100_CDNS_L01d,EMA5_CDNS_L01d,EMA10_CDNS_L01d,EMA30_CDNS_L01d,EMA60_CDNS_L01d,EMA100_CDNS_L01d,Short12_CDNS_L01d,Long26_CDNS_L01d,MACD_CDNS_L01d,SIGNAL9_CDNS_L01d,Ret5/10_CDNS_L01d,Ret10/30_CDNS_L01d,Ret30/60_CDNS_L01d,Ret30/100_CDNS_L01d,Emaret5/10_CDNS_L01d,Emaret10/30_CDNS_L01d,Emaret30/60_CDNS_L01d,Emaret30/100_CDNS_L01d,RetMACD_CDNS_L01d,DayRange_CDNS_L01d,average20r_CDNS_L01d,PRVHI_CDNS_L01d,HitLevel_CDNS_L01d,hitlevel_2_CDNS_L01d,hitlevel_1.8_CDNS_L01d,positive_return_dummy,sma_ratio_L01d,RetMACD_L01d,R_sma_ratio_L01d,ret_sma_ratio_L01d,ema_ratio_L01d,R_ema_ratio_L01d,ret_ema_ratio_L01d,volatility_ratio_L01d,R_vol_ratio_L01d,ret_vol_ratio_L01d,negative_L01d,neutral_L01d,positive_L01d,negative_max_L01d,negative_avg_L01d,positive_max_L01d,positive_avg_L01d,ret_best,best
2024-01-03,260.7699890136719,262.0,256.6000061035156,257.2799987792969,257.2799987792969,1326300.0,-2.1376931333822498,1.4516246791539082,1.430213331402777,1.592207334795815,1.4620337214249084,268.08599853515625,271.18999938964845,269.7336659749349,259.56483256022136,249.326199798584,265.73191356057544,268.66665079892255,267.2804503578212,260.5223063138648,252.47937050760237,269.048023492582,268.065344363908,0.9826791286739648,2.947473685532115,0.5286072049146017,-0.5286072049146017,-0.5286072049146017,-0.5286072049146017,0.5286072049146017,0.5286072049146017,-0.5286072049146017,-0.5286072049146017,0.5286072049146017,3.950012207031307,5.256500244140622,262.0,257.45421234130856,258.5220123291015,259.5898123168945,0.0,0.9885541470501191,2.1376931333822498,-1.0,2.1376931333822498,1.0051863143722093,1.0,-2.1376931333822498,1.0149707370788739,1.0,-2.1376931333822498,0.0,1.0,1.0,0.009818153,0.005954394,0.993815184,0.56612625,,1
2024-01-04,257.1099853515625,259.5700073242188,255.6199951171875,255.9199981689453,255.9199981689453,1095200.0,-0.5286072049146017,1.3765166704118867,1.395583330898074,1.5926764641762596,1.4542907415100177,264.3419952392578,269.34900054931643,269.2559992472331,259.7078325907389,249.62469970703123,262.4612750966987,266.3490775934721,266.54751795853895,260.37141096485107,252.54750174842096,267.0283272889456,267.1656890902071,-0.137361801261477,2.330506588173397,1.2542948882638911,-1.2542948882638911,-1.2542948882638911,-1.2542948882638911,1.2542948882638911,1.2542948882638911,1.2542948882638911,-1.2542948882638911,1.2542948882638911,5.480010986328182,5.214500427246096,259.5700073242188,250.43569946289065,251.48699951171875,252.53829956054688,0.0,0.98141071509511,0.5286072049146017,-1.0,0.5286072049146017,0.9992555159898442,-1.0,-0.5286072049146017,0.9863378559602617,-1.0,-0.5286072049146017,0.0,0.0,0.0,0.0,0.0,0.0,0.0,-0.5286072049146017,1
2024-01-05,255.0,257.4200134277344,251.9400024414062,252.7100067138672,252.7100067138672,1692500.0,-1.2542948882638911,1.2947561747546112,1.3938837264183987,1.571335695142765,1.4591825112170949,260.2359985351562,267.54100036621094,268.6666656494141,259.75716603597004,249.8727998352051,259.2108523024216,263.869246524453,265.6547752975924,260.1202173828516,252.55071966852884,264.82550873893354,266.0948978030708,-1.2693890641372718,1.6105274577112632,-3.640535279103116,-3.640535279103116,3.640535279103116,3.640535279103116,-3.640535279103116,-3.640535279103116,-3.640535279103116,3.640535279103116,-3.640535279103116,8.410003662109403,5.501501464843751,257.4200134277344,248.0981063842774,249.14100646972665,250.18390655517584,1.0,0.9726957669252354,1.2542948882638911,-1.0,1.2542948882638911,0.9932787627433416,-1.0,1.2542948882638911,0.9288839163661828,-1.0,1.2542948882638911,0.0,1.0,0.0,0.000643301,0.000643301,0.000842854,0.000842854,-1.2542948882638911,1
2024-01-08,254.8999938964844,262.1300048828125,253.7200012207031,261.9100036621094,261.9100036621094,1980700.0,3.640535279103116,2.689876018289034,1.8203091962772455,1.773401470879293,1.523662525307189,258.1440002441406,266.175,268.3853322347005,259.9059995015462,250.23029983520507,260.11056942231755,263.51302054948144,265.41317712756126,260.1788989002044,252.73605202483736,264.3769694963452,265.78490564448106,-1.407936148135832,1.0068347365418442,0.0610910846749466,0.0610910846749466,-0.0610910846749466,-0.0610910846749466,0.0610910846749466,0.0610910846749466,0.0610910846749466,-0.0610910846749466,0.0610910846749466,5.6400146484375,5.582502746582035,262.1300048828125,245.31671020507807,246.4170104980469,247.51731079101563,0.0,0.9698281215145698,-3.640535279103116,-1.0,-3.640535279103116,0.9928407602115151,-1.0,-3.640535279103116,1.477702812132224,1.0,-3.640535279103116,1.0,1.0,1.0,0.90348196,0.3280455976666667,0.989337802,0.4263028653333333,3.640535279103116,1
2024-01-09,259.5,264.3500061035156,258.7099914550781,261.75,261.75,1135800.0,-0.0610910846749466,2.2167750004228166,1.8155337779929424,1.773384870322953,1.522958301852896,257.9140014648437,264.76799926757815,268.0899993896484,260.06516621907554,250.61539978027344,260.65704628154504,263.1924713586666,265.1768431193315,260.23041041167306,252.9145460441475,263.97282034306136,265.4860237448899,-1.513203401828548,0.5028271088677658,-0.5768900728271251,-0.5768900728271251,0.5768900728271251,0.5768900728271251,-0.5768900728271251,-0.5768900728271251,-0.5768900728271251,0.5768900728271251,-0.5768900728271251,5.459991455078125,5.394502258300783,264.3500061035156,249.848498840332,250.96499938964843,252.08149993896484,1.0,0.9741131941107138,0.0610910846749466,-1.0,0.0610910846749466,0.9925167984605203,-1.0,0.0610910846749466,1.221004548245554,1.0,-0.0610910846749466,0.0,0.0,0.0,0.0,0.0,0.0,0.0,-0.0610910846749466,1
2024-01-10,262.6000061035156,266.2099914550781,260.75,263.260009765625,263.260009765625,1220000.0,0.5768900728271251,1.8918295762285,1.8476406349498455,1.5969654644425009,1.5202098410287863,259.11000366210936,263.59800109863284,267.8136667887369,260.28199971516926,251.04489990234376,261.5247007762384,263.2047510690226,265.05317645135045,260.3297415380321,253.11940671189956,263.8631571773019,265.32113382049994,-1.4579766431980374,0.1106663584546051,-1.3408792252342316,-1.3408792252342316,1.3408792252342316,1.3408792252342316,-1.3408792252342316,-1.3408792252342316,-1.3408792252342316,1.3408792252342316,-1.3408792252342316,7.239990234375,5.354002380371092,266.2099914550781,252.4821011352539,253.56100158691407,254.6399020385742,1.0,0.9829740839542855,-0.5768900728271251,-1.0,-0.5768900728271251,0.9930262092796798,-1.0,-0.5768900728271251,1.0239164155857905,1.0,0.5768900728271251,0.0,0.0,0.0,0.0,0.0,0.0,0.0,0.5768900728271251,1
2024-01-11,265.239990234375,268.489990234375,261.25,266.7900085449219,266.7900085449219,1535800.0,1.3408792252342316,1.8276195242801856,1.929765665967693,1.5550313332945789,1.5279900757722475,261.2840057373047,262.81300048828126,267.6826670328776,260.5381665547689,251.5072999572754,263.2798033657996,263.85661606464066,265.1652301348067,260.5415535710449,253.39011169869204,264.3134420030896,265.4299393556423,-1.1164973525527555,-0.134766383746867,-0.6409503355858239,-0.6409503355858239,0.6409503355858239,0.6409503355858239,-0.6409503355858239,-0.6409503355858239,-0.6409503355858239,0.6409503355858239,-0.6409503355858239,3.1199951171875,5.177001953125002,268.489990234375,254.43118621826173,255.50198669433595,256.5727871704101,1.0,0.994182195142037,-1.3408792252342316,-1.0,-1.3408792252342316,0.9950649107746866,-1.0,-1.3408792252342316,0.947068111175931,-1.0,1.3408792252342316,0.0,0.0,0.0,0.0,0.0,0.0,0.0,1.3408792252342316,-1
2024-01-12,267.6700134277344,268.7900085449219,265.6700134277344,268.5,268.5,1432000.0,0.6409503355858239,1.43730605547683,1.948287895722297,1.548705552797594,1.5269489202362914,264.44200439453124,262.33900146484376,267.45900065104166,260.8461664835612,251.9422999572754,265.0198689105331,264.7008676892514,265.3803765777224,260.80248624084675,253.68931740762883,264.9575278487681,265.6573512552244,-0.6998234064562894,-0.2477777882887515,3.374300766701604,-3.374300766701604,3.374300766701604,3.374300766701604,-3.374300766701604,3.374300766701604,-3.374300766701604,3.374300766701604,-3.374300766701604,10.75,5.286001586914064,268.7900085449219,257.1005859375,258.135986328125,259.17138671875,1.0,1.008016356385992,-0.6409503355858239,1.0,-0.6409503355858239,0.9974394908273408,-1.0,-0.6409503355858239,0.7377277550369277,-1.0,-0.6409503355858239,0.0,0.0,1.0,0.002270966,0.002270966,0.979317427,0.979317427,-0.6409503355858239,1
2024-01-16,268.6000061035156,278.8599853515625,268.1099853515625,277.5599975585938,277.5599975585938,2605100.0,3.374300766701604,1.3262073360352302,2.2422351049992413,1.6449713909062114,1.569926665059936,267.57200317382814,262.8580017089844,267.6020009358724,261.36283315022786,252.46279998779295,269.19991179322005,267.0388913018591,266.1661585764884,261.3519128414286,254.1620041432915,266.89636934258743,266.5390287591777,0.3573405834097229,-0.1267541139490566,-0.7818067910518037,0.7818067910518037,-0.7818067910518037,-0.7818067910518037,0.7818067910518037,-0.7818067910518037,-0.7818067910518037,-0.7818067910518037,-0.7818067910518037,10.040008544921877,5.639001464843749,278.8599853515625,257.16080505371093,258.21800537109374,259.27520568847655,0.0,1.0179336426290828,-3.374300766701604,1.0,3.374300766701604,1.003278901908636,1.0,-3.374300766701604,0.5914666722853218,-1.0,-3.374300766701604,0.0,0.0,0.0,0.0,0.0,0.0,0.0,3.374300766701604,1
2024-01-17,277.5599975585938,279.6499938964844,269.6099853515625,275.3900146484375,275.3900146484375,1883200.0,-0.7818067910518037,1.5191859480043324,1.882807487766198,1.6551676956168275,1.571617167481059,270.3000061035156,264.1070037841797,267.77000122070314,261.8683334350586,252.8809001159668,271.2632794116259,268.55727736487336,266.7612460650012,261.81217847444526,254.58236078695776,268.2030840050259,267.1946573435673,1.0084266614586,0.1002820411324747,1.3144975941879304,-1.3144975941879304,1.3144975941879304,1.3144975941879304,-1.3144975941879304,1.3144975941879304,1.3144975941879304,1.3144975941879304,1.3144975941879304,4.339996337890625,5.699999999999998,279.6499938964844,266.45418212890627,267.581982421875,268.7097827148437,1.0,1.0234488378975237,-0.7818067910518037,1.0,-0.7818067910518037,1.0067327294588904,1.0,-0.7818067910518037,0.8068726929733673,-1.0,0.7818067910518037,0.0,0.0,0.0,0.0,0.0,0.0,0.0,-0.7818067910518037,1
2024-01-18,276.9500122070312,279.6199951171875,275.2799987792969,279.010009765625,279.010009765625,1298500.0,1.3144975941879304,1.4998469101377991,1.6515997480213065,1.6722657915375647,1.5332942889331955,273.45000610351565,266.2800048828125,268.2876678466797,262.5411669413249,253.39060028076173,273.84552286295894,270.45777416501,267.55148888439635,262.3760417954676,255.0660766083175,269.865687968195,268.0698686340901,1.7958193341049196,0.4393894997269637,4.70592610417168,-4.70592610417168,4.70592610417168,4.70592610417168,-4.70592610417168,4.70592610417168,4.70592610417168,4.70592610417168,4.70592610417168,12.540008544921877,6.128500366210939,279.6199951171875,267.10999389648435,268.2499938964844,269.3899938964844,1.0,1.026926547578586,1.3144975941879304,1.0,1.3144975941879304,1.0108625270325795,1.0,1.3144975941879304,0.9081176670889455,-1.0,-1.3144975941879304,0.0,0.0,0.0,0.0,0.0,0.0,0.0,1.3144975941879304,1
2024-01-19,280.0,292.5400085449219,280.0,292.1400146484375,292.1400146484375,2622700.0,4.70592610417168,2.1883084020901635,1.9727732467285608,1.963113211369956,1.6364779902090505,278.52000732421874,269.9020065307617,269.2863352457682,263.41150054931643,253.98690048217773,279.9436867914518,274.39999970745134,269.1378453853022,263.35190975786,255.80021399525057,273.29250745746305,269.8528424129306,3.4396650445324326,1.0394446086880575,1.2288615588011254,1.2288615588011254,1.2288615588011254,1.2288615588011254,-1.2288615588011254,1.2288615588011254,1.2288615588011254,1.2288615588011254,1.2288615588011254,6.350006103515625,6.201000976562502,292.5400085449219,266.1372943115234,267.3629943847656,268.5886944580078,1.0,1.031930110132304,4.70592610417168,1.0,4.70592610417168,1.0195518928771081,1.0,4.70592610417168,1.109254905863623,1.0,-4.70592610417168,0.0,0.0,1.0,0.002786052,0.002786052,0.981788158,0.981788158,4.70592610417168,1
2024-01-22,295.9599914550781,299.9599914550781,293.6099853515625,295.7300109863281,295.7300109863281,2322600.0,1.2288615588011254,2.121835819695473,1.7525797010892787,1.934064897648108,1.6301161689393326,283.96600952148435,274.2040069580078,270.55466918945314,264.38350067138674,254.60870056152345,285.2057948564106,278.278183576338,270.85346897246524,264.4134868473179,256.59090304457885,276.7444310772884,271.76966971466373,4.97476136262469,1.8265079594753844,-0.0642486167611287,-0.0642486167611287,-0.0642486167611287,-0.0642486167611287,0.0642486167611287,-0.0642486167611287,-0.0642486167611287,-0.0642486167611287,-0.0642486167611287,5.589996337890625,6.318000793457033,299.9599914550781,278.8978063964844,280.13800659179685,281.3782067871094,0.0,1.0356012396455296,1.2288615588011254,1.0,1.2288615588011254,1.0274122928240124,1.0,1.2288615588011254,1.2106929107855644,1.0,1.2288615588011254,0.0,0.0,2.0,0.011981247,0.008576414,0.992784619,0.8779261705,1.2288615588011254,-1
2024-01-23,295.7999877929688,296.5899963378906,291.0,295.5400085449219,295.5400085449219,1385900.0,-0.0642486167611287,2.10943264862404,1.662072201087379,1.912179521183938,1.5808964753146757,287.56201171875,277.56700744628904,271.7570027669271,265.4586675008138,255.1862007141113,288.65053275258106,281.4166972069896,272.4461489448818,265.4340285423213,257.36217246042725,279.63605838000126,273.53043555394214,6.105622826059118,2.682330932792131,-0.2131707601668894,-0.2131707601668894,-0.2131707601668894,-0.2131707601668894,0.2131707601668894,-0.2131707601668894,-0.2131707601668894,-0.2131707601668894,-0.2131707601668894,7.219970703125,6.292999267578127,296.5899963378906,286.06038970947264,287.32398986816406,288.5875900268555,0.0,1.0360093383014732,-0.0642486167611287,1.0,-0.0642486167611287,1.0329259499422128,1.0,-0.0642486167611287,1.2691582515151771,1.0,-0.0642486167611287,0.0,0.0,0.0,0.0,0.0,0.0,0.0,0.0642486167611287,-1
2024-01-24,297.6400146484375,301.6099853515625,294.3900146484375,294.9100036621094,294.9100036621094,1590800.0,-0.2131707601668894,1.9819139765075997,1.6758120183867842,1.9156998587838665,1.5805986530868466,291.46600952148435,280.8830078125,272.923003133138,266.5331675211589,255.7365007019043,290.7370230557572,283.87002565337497,273.8954298943804,266.40045395608485,258.1056938703615,281.9858961157102,275.1141072656582,6.871788850051985,3.520222516244102,-1.2614021818552286,-1.2614021818552286,-1.2614021818552286,-1.2614021818552286,1.2614021818552286,-1.2614021818552286,-1.2614021818552286,-1.2614021818552286,-1.2614021818552286,8.809997558593693,6.493499755859377,301.6099853515625,282.7453979492187,284.0039978027344,285.26259765625,0.0,1.0376776145748514,-0.2131707601668894,1.0,-0.2131707601668894,1.0364175326431733,1.0,-0.2131707601668894,1.1826588870125683,1.0,-0.2131707601668894,0.0,0.0,0.0,0.0,0.0,0.0,0.0,0.2131707601668894,1
2024-01-25,298.6499938964844,298.8800048828125,290.0700073242188,291.1900024414062,291.1900024414062,1395200.0,-1.2614021818552286,2.3147161139609462,1.845495036909748,1.9445792922230127,1.5952740620864987,293.9020080566406,283.67600708007814,273.67100321451824,267.5385009765625,256.24400070190427,290.8880161843069,285.20093052392605,275.01120876838206,267.21322603757073,258.76082869355054,283.4019124735096,276.30491431571363,7.096998157795952,4.235577644554472,-0.1579695220376353,-0.1579695220376353,-0.1579695220376353,-0.1579695220376353,0.1579695220376353,-0.1579695220376353,-0.1579695220376353,-0.1579695220376353,-0.1579695220376353,6.149993896484432,6.576499938964848,298.8800048828125,287.32428588867185,288.6229858398437,289.92168579101565,0.0,1.0360481701706827,-1.2614021818552286,1.0,-1.2614021818552286,1.037052023447255,1.0,-1.2614021818552286,1.2542521478881359,1.0,-1.2614021818552286,0.0,0.0,0.0,0.0,0.0,0.0,0.0,-1.2614021818552286,-1
2024-01-26,289.0,293.3500061035156,287.2000122070312,290.7300109863281,290.7300109863281,1268900.0,-0.1579695220376353,0.8848684386974403,1.877885276060889,1.945075832500892,1.593056468451752,293.6200073242188,286.07000732421875,274.22100321451825,268.4886678059896,256.71570083618167,290.8353477849806,286.2062178807264,276.02532504050765,267.9842681670382,259.39388180825904,284.5293122447124,277.37343999501843,7.155872249693971,4.819636565582372,1.2520152696002715,1.2520152696002715,1.2520152696002715,1.2520152696002715,-1.2520152696002715,1.2520152696002715,1.2520152696002715,1.2520152696002715,1.2520152696002715,3.820007324218807,6.654000854492194,293.3500061035156,284.41170501708984,285.7270050048828,287.0423049926758,1.0,1.0263921411077648,-0.1579695220376353,1.0,-0.1579695220376353,1.036883908528048,1.0,-0.1579695220376353,0.4712047375724506,-1.0,-0.1579695220376353,0.0,0.0,0.0,0.0,0.0,0.0,0.0,0.1579695220376353,1
2024-01-29,291.0,294.8200073242188,291.0,294.3699951171875,294.3699951171875,966500.0,1.2520152696002715,0.8935374394633149,1.8792346868177163,1.946229361987868,1.5699628484439527,293.34800415039064,288.6570068359375,274.8143361409505,269.3973342895508,257.20430084228514,292.01356356238296,287.6905410146284,277.208852142229,268.8493739686824,260.08647811140617,286.0432634558624,278.6324440781421,7.4108193777203155,5.337873128009961,0.084927133929012,0.084927133929012,0.084927133929012,0.084927133929012,-0.084927133929012,0.084927133929012,0.084927133929012,0.084927133929012,0.084927133929012,2.850006103515625,6.604000854492194,294.8200073242188,278.7112042236328,280.04200439453126,281.37280456542965,1.0,1.0162511118849067,1.2520152696002715,1.0,1.2520152696002715,1.0378115229416323,1.0,1.2520152696002715,0.475479430925376,-1.0,-1.2520152696002715,0.0,1.0,0.0,0.001860021,0.001860021,0.006687142,0.006687142,1.2520152696002715,1
2024-01-30,293.9800109863281,295.2300109863281,292.3800048828125,294.6199951171875,294.6199951171875,901100.0,0.084927133929012,0.8970521976875946,1.6834180570750386,1.9405736249853027,1.5535012347483848,293.1640014648437,290.3630065917969,275.6316691080729,270.2263341267904,257.6835008239746,292.8823740806512,288.9504417605482,278.3321516890005,269.69431236699404,260.7703101313226,287.36276063452783,279.8167071180714,7.546053516456425,5.779509205699254,-2.0908301419457915,-2.0908301419457915,-2.0908301419457915,-2.0908301419457915,2.0908301419457915,-2.0908301419457915,-2.0908301419457915,-2.0908301419457915,-2.0908301419457915,4.740020751953125,6.395001220703135,295.2300109863281,280.291205444336,281.6120056152344,282.93280578613286,0.0,1.0096465279992934,0.084927133929012,1.0,0.084927133929012,1.0381497071291002,1.0,0.084927133929012,0.5328754755347194,-1.0,-0.084927133929012,0.0,0.0,1.0,0.005684414,0.005684414,0.985692859,0.985692859,0.084927133929012,1
2024-01-31,291.3999938964844,292.010009765625,287.2699890136719,288.4599914550781,288.4599914550781,1197700.0,-2.0908301419457915,1.2862546452222492,1.8467108239915508,1.8151083872679752,1.5833185157614338,291.8739990234375,291.6700042724609,276.1963358561198,270.9593340555827,258.1535006713867,291.4082465387935,288.86126897773545,278.9855607061668,270.3095805338165,261.3186206525851,287.5315653761509,280.4569504022941,7.0746149738567965,6.038530359330763,0.7141363168606186,0.7141363168606186,0.7141363168606186,0.7141363168606186,-0.7141363168606186,0.7141363168606186,0.7141363168606186,0.7141363168606186,0.7141363168606186,4.319976806640625,6.341000366210947,292.010009765625,281.16100830078125,282.44000854492185,283.71900878906246,1.0,1.0006994025713594,-2.0908301419457915,1.0,-2.0908301419457915,1.0353986358525915,1.0,-2.0908301419457915,0.696511131310797,-1.0,2.0908301419457915,0.0,0.0,0.0,0.0,0.0,0.0,0.0,-2.0908301419457915,1
2024-02-01,289.5,291.3299865722656,287.010009765625,290.5199890136719,290.5199890136719,1056000.0,0.7141363168606186,1.2721489565400392,1.826207080040867,1.707431656203028,1.5670570466934957,291.7399963378906,292.8210021972656,276.7636688232422,271.642333984375,258.6788005065918,291.1121606970863,289.1628544388148,279.7297173711671,270.97221687741825,261.8968655706264,287.99132285884644,281.2023606698036,6.78896218904282,6.188616725273175,-2.075588258064116,2.075588258064116,2.075588258064116,2.075588258064116,-2.075588258064116,2.075588258064116,2.075588258064116,2.075588258064116,2.075588258064116,7.820007324218807,6.534500122070322,291.3299865722656,278.0598089599609,279.3280090332031,280.5962091064453,1.0,0.9963083048986808,0.7141363168606186,-1.0,0.7141363168606186,1.0337223272389435,1.0,0.7141363168606186,0.6966071758475337,-1.0,-0.7141363168606186,0.0,0.0,2.0,0.020291107,0.011401754,0.994289279,0.935721278,0.7141363168606186,1
2024-02-02,290.75,298.5700073242188,290.75,296.5499877929688,296.5499877929688,1275900.0,2.075588258064116,1.5760279587427066,1.233527449587647,1.7142702350064056,1.5841600611728524,292.90399169921875,293.2619995117187,277.5043355305989,272.42200037638344,259.21190032958987,292.9247697290472,290.5059695941155,280.81489610805755,271.81083231727234,262.5830660106728,289.3080405410191,282.3392219381862,6.9688186028329255,6.344657100785126,-0.0337231858479743,0.0337231858479743,0.0337231858479743,0.0337231858479743,-0.0337231858479743,0.0337231858479743,0.0337231858479743,0.0337231858479743,0.0337231858479743,4.290008544921818,6.475000000000004,298.5700073242188,276.95408630371094,278.260986328125,279.56788635253906,1.0,0.9987792219479644,2.075588258064116,-1.0,-2.075588258064116,1.0345105392212843,1.0,2.075588258064116,1.2776594142834465,1.0,-2.075588258064116,0.0,0.0,0.0,0.0,0.0,0.0,0.0,2.075588258064116,-1
2024-02-05,295.6900024414062,298.3500061035156,294.0599975585938,296.6499938964844,296.6499938964844,1164600.0,0.0337231858479743,1.5053489599866303,1.1746055559607969,1.65815843612351,1.5754412612541668,293.3599914550781,293.3539978027344,278.3663350423177,273.13733367919923,259.81380020141603,294.16651111819294,291.6230649218189,281.8365153202142,272.62523105757435,263.257658642075,290.4375718264753,283.3992791202824,7.03829270619292,6.483384221866685,-1.297827804729038,-1.297827804729038,-1.297827804729038,-1.297827804729038,1.297827804729038,-1.297827804729038,-1.297827804729038,-1.297827804729038,-1.297827804729038,9.990020751953123,6.55400085449219,298.3500061035156,284.3250073242188,285.6200073242188,286.9150073242188,0.0,1.0000204314663805,0.0337231858479743,1.0,-0.0337231858479743,1.034724207367117,1.0,0.0337231858479743,1.2815782731040242,1.0,0.0337231858479743,0.0,1.0,2.0,0.391943902,0.1954295773333333,0.969603956,0.6304592143333333,-0.0337231858479743,-1
2024-02-06,298.239990234375,299.7300109863281,289.739990234375,292.7999877929688,292.7999877929688,1123000.0,-1.297827804729038,1.6440217251973868,1.2488799103889867,1.581593964606907,1.5849224590526487,292.9959899902344,293.0799957275391,278.9406677246094,273.74400024414064,260.3305000305176,293.71100334311825,291.8370508983916,282.543836124908,273.28669849152175,263.8426552589244,290.801020436705,284.0956279108517,6.705392525853313,6.527785882664011,-2.708341367475203,2.708341367475203,2.708341367475203,2.708341367475203,-2.708341367475203,2.708341367475203,2.708341367475203,2.708341367475203,2.708341367475203,7.560028076171875,6.650001525878909,299.7300109863281,283.9312042236328,285.24200439453125,286.5528045654297,1.0,0.9997133692557346,-1.297827804729038,-1.0,-1.297827804729038,1.0328912316790915,1.0,-1.297827804729038,1.316396966210567,1.0,-1.297827804729038,0.0,0.0,0.0,0.0,0.0,0.0,0.0,1.297827804729038,1
2024-02-07,295.2699890136719,302.4200134277344,294.8599853515625,300.7300109863281,300.7300109863281,1147800.0,2.708341367475203,1.6010448795264238,1.5266677827019377,1.6433937304763084,1.6164611025097675,295.4499938964844,293.66199645996096,279.771001180013,274.4820002237956,260.9096000671387,296.0506725575216,293.45395273256185,283.7171377288706,274.1864792290564,264.57309794659574,292.3285574443393,285.3278044349611,7.000753009378229,6.622379308006855,2.204626782504852,2.204626782504852,2.204626782504852,2.204626782504852,-2.204626782504852,2.204626782504852,2.204626782504852,2.204626782504852,2.204626782504852,5.899993896484318,6.672001647949219,302.4200134277344,285.1000076293945,286.4300079345703,287.76000823974607,1.0,1.006088623853537,2.708341367475203,1.0,-2.708341367475203,1.0343187411293993,1.0,2.708341367475203,1.0487185867594924,1.0,2.708341367475203,0.0,0.0,0.0,0.0,0.0,0.0,0.0,2.708341367475203,1
2024-02-08,303.5,308.1900024414062,302.2900085449219,307.3599853515625,307.3599853515625,1506600.0,2.204626782504852,1.705519234473022,1.5497615692885731,1.676469829673399,1.62049862571324,298.8179931640625,295.2789947509765,280.8510009765625,275.2453333536784,261.6423999023437,299.8204434888686,295.9823222996529,285.2424827367862,275.2741351674992,265.4203630437238,294.64108481468134,286.95981783619084,7.681266978490498,6.834156842103584,1.490114949284959,1.490114949284959,1.490114949284959,1.490114949284959,-1.490114949284959,1.490114949284959,1.490114949284959,1.490114949284959,1.490114949284959,4.299987792968693,6.525001525878904,308.1900024414062,287.7416098022461,289.0760101318359,290.4104104614258,1.0,1.0119852697821279,2.204626782504852,1.0,2.204626782504852,1.037651612970909,1.0,2.204626782504852,1.1005042764455375,1.0,2.204626782504852,0.0,0.0,0.0,0.0,0.0,0.0,0.0,2.204626782504852,1
2024-02-09,311.0,313.1199951171875,308.8200073242188,311.9400024414062,311.9400024414062,1580100.0,1.490114949284959,1.6446587088678404,1.5534196824271895,1.6793776772135731,1.6260299387237176,301.89599609375,297.3999938964844,282.0943339029948,276.0453333536784,262.39349990844727,303.8602964730478,298.88371868906256,286.9649033628908,276.47629475025025,266.34154402189574,297.3024567572544,288.8102018810216,8.492254876232778,7.165776448929424,-1.7182842300411203,-1.7182842300411203,-1.7182842300411203,-1.7182842300411203,1.7182842300411203,-1.7182842300411203,-1.7182842300411203,-1.7182842300411203,-1.7182842300411203,10.230010986328068,6.880502319335932,313.1199951171875,293.8349990844726,295.1399993896484,296.44499969482416,0.0,1.0151176943158597,1.490114949284959,1.0,1.490114949284959,1.0415340523753855,1.0,1.490114949284959,1.058734305656596,1.0,1.490114949284959,0.0,1.0,1.0,0.002124852,0.0017442504999999,0.993956268,0.499000043,1.490114949284959,1
2024-02-12,315.0,315.7000122070312,305.4700012207031,306.5799865722656,306.5799865722656,3285800.0,-1.7182842300411203,2.046855996558404,1.7153870637091189,1.7713328085516198,1.5978588765310562,303.8819946289062,298.62099304199216,283.20566711425784,276.611333211263,263.093699798584,304.7668598394538,300.2830401223722,288.2303926022053,277.4633010394966,267.1383448644773,298.72976903648686,290.1264822285212,8.603286807965674,7.453278520736674,-3.995694610389216,-3.995694610389216,-3.995694610389216,-3.995694610389216,3.995694610389216,-3.995694610389216,-3.995694610389216,-3.995694610389216,-3.995694610389216,14.410003662109318,7.0635025024413975,315.7000122070312,297.98289001464843,299.35899047851564,300.73509094238284,0.0,1.0176176548517948,-1.7182842300411203,1.0,-1.7182842300411203,1.0418160188152021,1.0,-1.7182842300411203,1.1932327343850677,1.0,-1.7182842300411203,0.0,0.0,3.0,0.086379521,0.034113151,0.968824208,0.92877839,-1.7182842300411203,1
2024-02-13,290.0,300.4599914550781,286.0499877929688,294.3299865722656,294.3299865722656,4063400.0,-3.995694610389216,2.882665344511494,2.216293155451281,1.9399256633608712,1.6514452251980132,304.1879943847656,298.5919921875,283.9376668294271,277.0869995117188,263.6949996948242,301.2879020837244,299.20066674962555,288.6239147938221,278.01630712253825,267.67679321512657,298.05287942660664,290.4378529206504,7.615026505956223,7.485628117780585,2.177828952041063,2.177828952041063,2.177828952041063,2.177828952041063,-2.177828952041063,2.177828952041063,2.177828952041063,2.177828952041063,2.177828952041063,5.75,6.849002075195304,300.4599914550781,300.1603067016601,301.5730072021484,302.98570770263666,1.0,1.0187413003150854,-3.995694610389216,1.0,-3.995694610389216,1.0366454455562317,1.0,-3.995694610389216,1.3006696958934236,1.0,-3.995694610389216,0.0,2.0,2.0,0.008057153,0.0035008989999999,0.998268843,0.7304602663333334,-3.995694610389216,1
2024-02-14,300.6499938964844,304.1499938964844,298.3999938964844,300.739990234375,300.739990234375,1743000.0,2.177828952041063,2.7720392582317124,2.1769256880516004,1.9648538291912527,1.6711148052392837,304.189990234375,299.8199920654297,285.1990000406901,277.6494995117188,264.4165995788574,301.105264800608,299.48054374685273,289.4055970803094,278.7613459130902,268.3315099877849,298.4662810893402,291.2009742031485,7.265306886191695,7.441563871462807,-1.68583393338859,-1.68583393338859,-1.68583393338859,-1.68583393338859,1.68583393338859,-1.68583393338859,-1.68583393338859,-1.68583393338859,1.68583393338859,8.40997314453125,7.052500915527335,304.1499938964844,285.3921868896484,286.7619873046875,288.13178771972656,0.0,1.014575406192365,2.177828952041063,1.0,2.177828952041063,1.034812549474458,1.0,2.177828952041063,1.2733733969177206,1.0,2.177828952041063,2.0,0.0,4.0,0.984549522,0.3917391038333333,0.928698957,0.5891790250000001,2.177828952041063,1
2024-02-15,302.3699951171875,303.3299865722656,294.9200134277344,295.6700134277344,295.6700134277344,2018400.0,-1.68583393338859,2.546474259432067,2.273409287539468,2.010159015541241,1.6885365241708616,301.8519958496093,300.3349945068359,286.478667195638,278.1061665852865,265.0666996765137,299.2935143429835,298.7877200524676,289.8097529736917,279.31572845455395,268.8728664915463,298.0360860644778,291.53201414571043,6.504071918767352,7.254065480923717,-1.816222609966524,-1.816222609966524,-1.816222609966524,-1.816222609966524,1.816222609966524,-1.816222609966524,-1.816222609966524,-1.816222609966524,1.816222609966524,8.799987792968807,6.865499877929682,303.3299865722656,288.63449188232426,290.0449920654297,291.4554922485352,0.0,1.0050510309172074,1.68583393338859,1.0,-1.68583393338859,1.0309788300312686,1.0,-1.68583393338859,1.1201125434778794,1.0,-1.68583393338859,0.0,0.0,0.0,0.0,0.0,0.0,0.0,-1.68583393338859,1
2024-02-16,295.7999877929688,298.2999877929688,289.5,290.2999877929688,290.2999877929688,1620900.0,-1.816222609966524,2.2301595079611545,2.24950458834419,1.7746430197647398,1.706237020800237,297.52399291992185,299.7099945068359,287.6246668497721,278.4403330485026,265.65719955444337,296.2956721596453,297.244496005286,289.84138102654833,279.6758681049938,269.2971659232576,296.84591709963024,291.44075293439624,5.405164165233998,6.884285217785774,-0.6097208424660053,0.6097208424660053,0.6097208424660053,0.6097208424660053,-0.6097208424660053,-0.6097208424660053,0.6097208424660053,0.6097208424660053,-0.6097208424660053,7.899993896484318,6.9429992675781165,298.2999877929688,288.22588684082035,289.59898681640624,290.9720867919922,1.0,0.9927062773114688,1.816222609966524,-1.0,-1.816222609966524,1.0255419531625112,1.0,-1.816222609966524,0.9914002929874994,-1.0,-1.816222609966524,0.0,0.0,0.0,0.0,0.0,0.0,0.0,-1.816222609966524,1
2024-02-20,289.9200134277344,292.6900024414062,284.7900085449219,292.0700073242188,292.0700073242188,1799200.0,0.6097208424660053,2.3866176443130303,2.2632001219791578,1.757087567965161,1.707303527330139,294.6219970703125,299.2519958496094,288.9366668701172,278.8016662597656,266.2852996826172,294.8871172145032,296.3036798814556,289.9851633683336,280.0822333252963,269.7481132777321,296.1111617495669,291.4873643706794,4.623797378887502,6.43218765000612,0.4485217672965698,-0.4485217672965698,-0.4485217672965698,-0.4485217672965698,0.4485217672965698,0.4485217672965698,-0.4485217672965698,-0.4485217672965698,0.4485217672965698,5.25,6.925999450683586,292.6900024414062,283.02538940429696,284.41398925781255,285.8025891113282,0.0,0.9845280939024256,-0.6097208424660053,-1.0,-0.6097208424660053,1.0217891027241843,1.0,0.6097208424660053,1.0545323063282377,1.0,-0.6097208424660053,0.0,1.0,4.0,0.029382927,0.00907107,0.998064935,0.7251017944,0.6097208424660053,-1
2024-02-21,288.6900024414062,290.9599914550781,285.7099914550781,290.760009765625,290.760009765625,1265100.0,-0.4485217672965698,1.672277173487511,2.2302994645780703,1.7593795950316788,1.7089000598989237,293.9080017089844,299.047998046875,289.8983337402344,279.14183298746747,266.8863998413086,293.5114147315438,295.2957398603955,290.03515345848143,280.4323243561267,270.1641904359081,295.2879075981912,291.43348625178646,3.854421346404763,5.916634389285849,-5.093546932582582,5.093546932582582,5.093546932582582,5.093546932582582,-5.093546932582582,-5.093546932582582,5.093546932582582,5.093546932582582,-5.093546932582582,4.649993896484375,6.797500610351554,290.9599914550781,277.4528036499023,278.83800354003904,280.2232034301757,1.0,0.9828121359398468,0.4485217672965698,-1.0,0.4485217672965698,1.0181377544728112,1.0,-0.4485217672965698,0.7497993879507449,-1.0,-0.4485217672965698,0.0,0.0,1.0,0.000905807,0.000905807,0.998312473,0.998312473,0.4485217672965698,1
2024-02-22,304.5,308.0,303.3500061035156,305.5700073242188,305.5700073242188,2240500.0,5.093546932582582,2.8303475132964766,2.646473324242243,2.102779319919992,1.8247943826258388,294.87400512695314,299.53199768066406,291.35900065104164,279.72450002034503,267.60199996948245,297.5309455957688,297.1637884901816,291.0374020949806,281.2565106829494,270.8652957208252,296.8697690945032,292.4806359608556,4.38913313364759,5.611134138158198,0.6676075845223326,-0.6676075845223326,-0.6676075845223326,-0.6676075845223326,0.6676075845223326,-0.6676075845223326,-0.6676075845223326,-0.6676075845223326,0.6676075845223326,7.710021972656193,6.742501831054679,308.0,276.0054901123047,277.364990234375,278.7244903564453,0.0,0.9844490986279306,-5.093546932582582,-1.0,-5.093546932582582,1.021050168641904,1.0,5.093546932582582,1.0694789504847482,1.0,-5.093546932582582,0.0,0.0,1.0,0.001114829,0.001114829,0.997881949,0.997881949,5.093546932582582,-1
2024-02-23,307.2799987792969,308.260009765625,300.5499877929688,303.5299987792969,303.5299987792969,1167700.0,-0.6676075845223326,2.679828408822322,2.558051921236059,2.0851986791983346,1.8282851960836448,296.44600219726567,299.1489990234375,292.7013336181641,280.25750020345055,268.2942999267578,299.53062999027816,298.3212812700207,291.843376074614,281.9867889811904,271.51212152396323,297.89441981524067,293.29910728074015,4.595312534500522,5.407969817426663,-0.0527142828559954,0.0527142828559954,0.0527142828559954,0.0527142828559954,-0.0527142828559954,0.0527142828559954,0.0527142828559954,0.0527142828559954,-0.0527142828559954,4.089996337890625,6.639501953124989,308.260009765625,293.1664959716797,294.51499633789064,295.8634967041016,1.0,0.9909643795065479,0.6676075845223326,-1.0,0.6676075845223326,1.022196512672436,1.0,-0.6676075845223326,1.0476051664844317,1.0,-0.6676075845223326,0.0,0.0,2.0,0.002577887,0.0018965079999999,0.995732367,0.9829209445,0.6676075845223326,-1
2024-02-26,305.0,307.0899963378906,303.0,303.6900024414062,303.6900024414062,1015400.0,0.0527142828559954,2.380125190593573,2.4987138010952785,2.0836762628848864,1.8271835053850916,299.12400512695314,298.3239990234375,293.93133341471355,280.8070002237956,268.96629989624023,300.9170874739875,299.29741239209073,292.6076745498909,282.69836975037776,272.1493072847047,298.7860479115738,294.0688032185672,4.717244693006592,5.269824792542649,-1.2117595726554118,-1.2117595726554118,-1.2117595726554118,-1.2117595726554118,1.2117595726554118,-1.2117595726554118,-1.2117595726554118,-1.2117595726554118,1.2117595726554118,5.759979248046932,6.7365005493163945,307.0899963378906,293.65310546875,294.98100585937505,296.30890625,0.0,1.0026816686090776,-0.0527142828559954,1.0,-0.0527142828559954,1.0228624825117472,1.0,0.0527142828559954,0.9525401386706538,-1.0,0.0527142828559954,0.0,0.0,2.0,0.008206015,0.005110098,0.994378626,0.91782704,-0.0527142828559954,1
2024-02-27,303.8999938964844,304.0499877929688,298.2900085449219,300.010009765625,300.010009765625,804200.0,-1.2117595726554118,2.572624515962057,2.4703869431899843,2.0934302107078246,1.826137544597783,300.7120056152344,297.66700134277346,294.98166707356773,281.2203338623047,269.67949996948244,300.6147282378667,299.4269755509152,293.0852445638092,283.26596450497607,272.7010043635348,298.974349735274,294.50889259242336,4.465457142850653,5.10895126260425,0.1899859298314428,0.1899859298314428,0.1899859298314428,0.1899859298314428,-0.1899859298314428,0.1899859298314428,0.1899859298314428,0.1899859298314428,-0.1899859298314428,4.679992675781193,6.827999877929673,304.0499877929688,292.26969512939456,293.61699523925785,294.9642953491212,1.0,1.0102295661216223,1.2117595726554118,1.0,-1.2117595726554118,1.021637837812491,1.0,-1.2117595726554118,1.0413852465719617,1.0,1.2117595726554118,0.0,0.0,0.0,0.0,0.0,0.0,0.0,-1.2117595726554118,1
2024-02-28,299.0,302.6900024414062,298.010009765625,300.5799865722656,300.5799865722656,752400.0,0.1899859298314428,2.5252302420765305,2.0770585596145628,2.0934809120645266,1.8226030964668576,302.6760009765625,298.29200134277346,295.7490000406901,281.6755004882813,270.3347998046875,300.6031476826664,299.6366139184334,293.5687763062903,283.8336373596413,273.25306341717305,299.2213707871189,294.9586032575969,4.262767529521966,4.939714515987793,1.2642286513753878,1.2642286513753878,1.2642286513753878,1.2642286513753878,-1.2642286513753878,1.2642286513753878,1.2642286513753878,1.2642286513753878,-1.2642286513753878,5.930023193359375,6.887499999999986,302.6900024414062,289.0283880615235,290.39398803710947,291.7595880126954,1.0,1.0146970070067391,-0.1899859298314428,1.0,0.1899859298314428,1.0206692199643612,1.0,0.1899859298314428,1.2157722902839747,1.0,0.1899859298314428,0.0,0.0,0.0,0.0,0.0,0.0,0.0,0.1899859298314428,1
2024-02-29,302.5,305.7900085449219,299.8599853515625,304.3800048828125,304.3800048828125,1704300.0,1.2642286513753878,0.9385449675571584,2.000515256049367,2.0406822754130265,1.820504067760533,302.43800048828126,298.6560028076172,296.7153330485026,282.24266713460287,271.030899810791,301.8621000827151,300.4990486392296,294.26627492413047,284.5072887538436,273.86943849570054,300.01500680184097,295.65648485946474,4.358521942376228,4.8234760012654805,3.5679036655984144,3.5679036655984144,3.5679036655984144,3.5679036655984144,-3.5679036655984144,3.5679036655984144,3.5679036655984144,3.5679036655984144,-3.5679036655984144,12.779998779296877,7.310501098632798,305.7900085449219,287.5375024414062,288.9150024414062,290.2925024414062,1.0,1.0126633908078528,-1.2642286513753878,1.0,1.2642286513753878,1.0211807272739837,1.0,1.2642286513753878,0.46915161717416953,-1.0,1.2642286513753878,0.0,0.0,0.0,0.0,0.0,0.0,0.0,1.2642286513753878,-1
2024-03-01,303.2300109863281,315.7799987792969,303.0,315.239990234375,315.239990234375,1839800.0,3.5679036655984144,1.7923991482641393,2.152414167920384,2.1678102129168697,1.8345821299280245,304.7799987792969,300.6130004882813,297.9229990641276,283.10533345540364,271.74379974365235,306.3213967999351,303.1792198383469,295.61941784737206,285.5149183105823,274.68865734201097,302.35731194530774,297.10711488723587,5.250197058071876,4.90882021262676,0.6566449017714393,0.6566449017714393,0.6566449017714393,0.6566449017714393,-0.6566449017714393,0.6566449017714393,0.6566449017714393,0.6566449017714393,0.6566449017714393,6.82000732421875,7.260501098632796,315.7799987792969,289.7069061279297,291.16900634765625,292.63110656738286,1.0,1.01386167026791,-3.5679036655984144,1.0,3.5679036655984144,1.0255727517699056,1.0,3.5679036655984144,0.8327389658449965,-1.0,-3.5679036655984144,0.0,0.0,0.0,0.0,0.0,0.0,0.0,-3.5679036655984144,-1
2024-03-04,315.239990234375,320.7799987792969,313.9599914550781,317.3099975585938,317.3099975585938,1593000.0,0.6566449017714393,1.7516438638439544,1.9702226686550752,2.1341228793751106,1.8319902481502848,307.5039978027344,303.3140014648437,298.7619984944661,284.0241668701172,272.44349975585936,309.984263719488,305.74845215111907,297.01881008680573,286.5573799252712,275.5326442769928,304.6577251165825,298.6036247147439,6.054100401838639,5.137876250469136,-3.028579441398802,-3.028579441398802,-3.028579441398802,-3.028579441398802,3.028579441398802,-3.028579441398802,-3.028579441398802,-3.028579441398802,-3.028579441398802,12.710021972656191,7.681501770019514,320.7799987792969,299.8068963623047,301.2589965820313,302.71109680175783,0.0,1.0138140551298496,0.6566449017714393,1.0,0.6566449017714393,1.0293908727927434,1.0,0.6566449017714393,0.8890588316292553,-1.0,-0.6566449017714393,0.0,1.0,1.0,0.03319614,0.0183117109999999,0.99192214,0.5167447515,-0.6566449017714393,1
2024-03-05,313.3800048828125,316.9500122070312,304.239990234375,307.7000122070312,307.7000122070312,1744300.0,-3.028579441398802,2.375030869642047,2.334273688311688,2.264655127096993,1.8644391166051664,309.0419982910156,304.877001953125,299.16099853515624,284.8578338623047,273.0229998779297,309.22284654866905,306.103281252194,297.70791990101384,287.2505809836896,276.1696218597657,305.12576928434385,299.27743119565406,5.848338088689786,5.279968618113267,1.6087037676562272,1.6087037676562272,1.6087037676562272,1.6087037676562272,-1.6087037676562272,1.6087037676562272,1.6087037676562272,1.6087037676562272,1.6087037676562272,8.660003662109432,7.61500091552733,316.9500122070312,303.88069488525394,305.41699523925786,306.95329559326177,1.0,1.013661234895412,-3.028579441398802,1.0,-3.028579441398802,1.0281999933155006,1.0,-3.028579441398802,1.0174603267536453,1.0,3.028579441398802,0.0,0.0,0.0,0.0,0.0,0.0,0.0,-3.028579441398802,1
2024-03-06,311.6900024414062,315.8099975585938,307.1499938964844,312.6499938964844,312.6499938964844,1206500.0,1.6087037676562272,2.4087560308861327,2.327445681569894,2.2562301646056464,1.8713310958479443,311.4559997558593,307.0660003662109,299.7313313802084,285.7441670735677,273.6196998596191,310.36522899794085,307.29359264206494,298.67192467491515,288.0833486201746,276.8920054644533,306.28334230159624,300.2679913957156,6.015350905880666,5.427045075666746,1.723977212109617,1.723977212109617,1.723977212109617,1.723977212109617,-1.723977212109617,1.723977212109617,1.723977212109617,1.723977212109617,1.723977212109617,7.17999267578125,7.595999145507799,315.8099975585938,300.19701019287106,301.7200103759765,303.243010559082,1.0,1.0142965987260486,1.6087037676562272,1.0,1.6087037676562272,1.0288666836581106,1.0,1.6087037676562272,1.0349354444488663,1.0,1.6087037676562272,0.0,0.0,0.0,0.0,0.0,0.0,0.0,1.6087037676562272,1
2024-03-07,316.010009765625,319.8299865722656,312.6499938964844,318.0400085449219,318.0400085449219,1177200.0,1.723977212109617,2.438836987725037,1.8171172769779669,2.2124481788344914,1.879848710947315,314.18800048828126,308.31300048828126,300.5023315429688,286.7126673380534,274.2780999755859,312.92348884693456,309.2474864425844,299.92147847298014,289.0655341914777,277.7068174066408,308.0920601851848,301.5844371104716,6.5076230747131945,5.643160675476036,-2.9681807910255062,-2.9681807910255062,-2.9681807910255062,-2.9681807910255062,2.9681807910255062,-2.9681807910255062,-2.9681807910255062,-2.9681807910255062,-2.9681807910255062,10.5,7.825999450683582,319.8299865722656,299.09879943847665,300.6179992675782,302.1371990966797,0.0,1.0190553106443636,1.723977212109617,1.0,1.723977212109617,1.0310948319443032,1.0,1.723977212109617,1.3421461666915893,1.0,1.723977212109617,0.0,0.0,2.0,0.051714238,0.0272711535,0.984707832,0.8210710585000001,1.723977212109617,1
2024-03-08,318.4599914550781,319.0,308.5,308.6000061035156,308.6000061035156,1311700.0,-2.9681807910255062,2.4066387282587227,2.094031314246742,2.2798202886415875,1.8849226929953788,312.86000366210936,308.82000122070315,301.0826649983724,287.3768341064453,274.8616000366211,311.4823279324616,309.12976274457185,300.4813834814018,289.706008680397,278.31856371747,308.17020571108185,302.1041088877341,6.066096823347721,5.727747905050373,-0.9267711641526256,-0.9267711641526256,-0.9267711641526256,-0.9267711641526256,0.9267711641526256,-0.9267711641526256,-0.9267711641526256,-0.9267711641526256,-0.9267711641526256,6.320007324218693,7.927000427246083,319.0,302.6127877807617,304.17798767089846,305.7431875610352,0.0,1.0130820621249819,-2.9681807910255062,1.0,-2.9681807910255062,1.0287817473514307,1.0,-2.9681807910255062,1.1492849757714492,1.0,-2.9681807910255062,0.0,0.0,1.0,0.046521492,0.046521492,0.776102483,0.776102483,-2.9681807910255062,1
2024-03-11,306.9700012207031,307.4400024414062,301.1199951171875,305.739990234375,305.739990234375,1119500.0,-0.9267711641526256,2.3357268316598585,2.123634340996355,2.2631680291283733,1.8760270709223592,310.54600219726564,309.025,301.58299763997394,287.9020004272461,275.4047999572754,309.56821536643275,308.5134404699906,300.82064843320654,290.2317129936422,278.8615622623592,307.7963264069731,302.3734334319297,5.4228929750433394,5.666776919048966,1.811999974447242,1.811999974447242,1.811999974447242,1.811999974447242,-1.811999974447242,1.811999974447242,1.811999974447242,1.811999974447242,-1.811999974447242,7.329986572265568,7.781999206542958,307.4400024414062,301.5605990600586,303.14599914550786,304.73139923095704,1.0,1.0049219389928505,-0.9267711641526256,1.0,-0.9267711641526256,1.025572686173144,1.0,-0.9267711641526256,1.0998724152124961,1.0,-0.9267711641526256,0.0,0.0,0.0,0.0,0.0,0.0,0.0,-0.9267711641526256,1
2024-03-12,308.9800109863281,312.9299926757812,305.6000061035156,311.2799987792969,311.2799987792969,1357000.0,1.811999974447242,2.1330732894144324,2.1333130337060195,2.266015968017414,1.885754660846027,311.2619995117187,310.1519989013672,302.1466644287109,288.4805002848307,276.0173999023437,310.1388098373875,309.01645107168264,301.4954452297285,290.9218207243194,279.5035115003184,308.3322760027152,303.0331790132162,5.299096989498992,5.593240933138972,-1.6287610331859057,-1.6287610331859057,-1.6287610331859057,-1.6287610331859057,1.6287610331859057,-1.6287610331859057,-1.6287610331859057,-1.6287610331859057,1.6287610331859057,8.190002441406193,7.470999145507801,312.9299926757812,290.3196041870117,291.87600402832027,293.43240386962884,0.0,1.003578892331126,-1.811999974447242,1.0,1.811999974447242,1.024945669863183,1.0,1.811999974447242,0.9998876187939607,-1.0,1.811999974447242,0.0,0.0,0.0,0.0,0.0,0.0,0.0,1.811999974447242,1
2024-03-13,311.6900024414062,311.6900024414062,303.5,306.2099914550781,306.2099914550781,1291400.0,-1.6287610331859057,2.1087370102655805,2.2276992409772047,2.0962825150580957,1.8716207934608455,309.9739990234375,310.7149993896484,302.532997639974,289.08233337402345,276.6138998413086,308.82920370995106,308.5061856868454,301.7996095023317,291.4230722236885,280.03235268754133,308.0057706876941,303.26849845335414,4.737272234339969,5.422047193379171,-0.0097967996257483,0.0097967996257483,0.0097967996257483,0.0097967996257483,-0.0097967996257483,0.0097967996257483,0.0097967996257483,0.0097967996257483,-0.0097967996257483,6.050018310546875,7.486000061035145,311.6900024414062,296.493794555664,297.9879943847656,299.4821942138672,1.0,0.9976151767128509,1.6287610331859057,-1.0,-1.6287610331859057,1.0222219511667787,1.0,-1.6287610331859057,0.9465986123605087,-1.0,1.6287610331859057,0.0,0.0,0.0,0.0,0.0,0.0,0.0,-1.6287610331859057,1
2024-03-14,310.0,310.3900146484375,304.3399963378906,306.239990234375,306.239990234375,1038600.0,0.0097967996257483,1.793353538436855,2.196724664406754,2.045074492750132,1.8714078475414124,307.61399536132814,310.9009979248047,303.12566426595055,289.6610000610352,277.2256997680664,307.96613255142574,308.0941501500326,302.0860856785926,291.9088728142028,280.5513158072806,307.73411215641426,303.488608955652,4.245503200762244,5.1867383948557855,2.54701803869548,-2.54701803869548,-2.54701803869548,-2.54701803869548,2.54701803869548,2.54701803869548,-2.54701803869548,-2.54701803869548,2.54701803869548,7.300018310546875,7.430502319335926,310.3900146484375,295.22080230712885,296.7180023193359,298.2152023315429,0.0,0.9894274943296529,-0.0097967996257483,-1.0,-0.0097967996257483,1.0198885839377332,1.0,0.0097967996257483,0.816376110986657,-1.0,-0.0097967996257483,0.0,0.0,1.0,0.004843416,0.004843416,0.991210997,0.991210997,0.0097967996257483,-1
2024-03-15,304.25,305.4100036621094,298.1099853515625,298.4400024414062,298.4400024414062,2605500.0,-2.54701803869548,1.6680706978734197,1.9567437077876015,2.0933793997923944,1.90375275652138,305.5819946289063,309.2209991455078,303.38966471354166,290.076666768392,277.823699798584,304.79075584808595,306.338850566646,301.85085450199995,292.12300821181606,280.9055472257781,306.3042491233361,303.11463810274495,3.189611020591144,4.787312920002857,-0.8343352814654493,0.8343352814654493,0.8343352814654493,0.8343352814654493,-0.8343352814654493,-0.8343352814654493,0.8343352814654493,0.8343352814654493,-0.8343352814654493,3.720001220703125,7.176502990722642,305.4100036621094,294.04290954589845,295.52901000976567,297.01511047363283,1.0,0.9882317031292912,2.54701803869548,-1.0,2.54701803869548,1.0148682569477911,1.0,-2.54701803869548,0.8524727542164574,-1.0,2.54701803869548,0.0,0.0,0.0,0.0,0.0,0.0,0.0,2.54701803869548,1
2024-03-18,300.8500061035156,303.9800109863281,300.260009765625,300.9299926757812,300.9299926757812,1244100.0,0.8343352814654493,1.7788938436839568,1.9694703436186711,2.0513406979131585,1.905647991244653,304.6199951171875,307.58299865722654,303.53566487630206,290.52000020345054,278.43379974365234,303.503834790651,305.355421859216,301.7914440615988,292.4117618007985,281.30207089805543,305.4774404390969,302.9528125155624,2.5246279235344677,4.33477592070918,-3.628755422693789,3.628755422693789,3.628755422693789,3.628755422693789,-3.628755422693789,-3.628755422693789,3.628755422693789,3.628755422693789,-3.628755422693789,9.350006103515682,7.24900360107421,303.9800109863281,289.6216970825196,291.0569976806641,292.4922982788086,1.0,0.9903668162643117,-0.8343352814654493,-1.0,-0.8343352814654493,1.0118094063557672,1.0,0.8343352814654493,0.9032346434907202,-1.0,-0.8343352814654493,0.0,0.0,1.0,0.007478436,0.007478436,0.942983091,0.942983091,0.8343352814654493,1
2024-03-19,303.75,312.7900085449219,303.4400024414062,311.8500061035156,311.8500061035156,1997300.0,3.628755422693789,2.3972164047866986,2.1415814818871914,2.189518547001108,1.947027707892437,304.73399658203124,307.997998046875,304.0423319498698,291.20433349609374,279.1781997680664,306.28589189493925,306.5362553581795,302.44038354817405,293.04908128613346,281.9069805060843,306.45783515669973,303.61186389244784,2.845971264251886,4.037014989417721,-1.60653492063228,1.60653492063228,1.60653492063228,1.60653492063228,-1.60653492063228,-1.60653492063228,1.60653492063228,1.60653492063228,-1.60653492063228,5.3800048828125,7.255503845214835,312.7900085449219,288.03220306396486,289.4820037841797,290.93180450439456,1.0,0.9894025237646284,-3.628755422693789,-1.0,-3.628755422693789,1.0135427410914952,1.0,3.628755422693789,1.1193673577501417,1.0,-3.628755422693789,0.0,0.0,3.0,0.00294253,0.001959625,0.997542858,0.9932359656666666,3.628755422693789,-1
2024-03-20,314.1700134277344,317.1000061035156,311.7200012207031,316.8599853515625,316.8599853515625,1297700.0,1.60653492063228,2.2603515461487595,2.1414179708148957,2.1982379850932365,1.9450472708346624,306.86399536132814,308.4189971923828,304.8443318684896,291.8924997965495,280.03649963378905,309.81058971381367,308.4132971751582,303.3706804387152,293.82976666532784,282.59911921589577,308.0581659559094,304.59320622275266,3.464959733156718,3.922603938165521,-1.8746458107721475,1.8746458107721475,1.8746458107721475,1.8746458107721475,-1.8746458107721475,1.8746458107721475,1.8746458107721475,1.8746458107721475,-1.8746458107721475,6.709991455078125,7.358503723144523,317.1000061035156,296.82790008544924,298.2790008544922,299.7301016235352,1.0,0.9949581515885525,-1.60653492063228,-1.0,-1.60653492063228,1.0166219646840977,1.0,1.60653492063228,1.0555396363319978,1.0,1.60653492063228,0.0,0.0,0.0,0.0,0.0,0.0,0.0,-1.60653492063228,1
2024-03-21,320.8699951171875,327.3599853515625,320.6499938964844,322.7999877929688,322.7999877929688,1907500.0,1.8746458107721475,2.2704880912550096,2.1541799446833485,1.943741008962789,1.9561512614481955,310.1759948730469,308.8949951171875,305.5799977620443,292.6754994710287,280.96009948730466,314.14038907353205,311.0290591056692,304.6241841389897,294.7796099809882,283.3951760194022,310.3261385462262,305.94185670943534,4.384281836790876,4.014939517890592,-0.0185866049760469,-0.0185866049760469,-0.0185866049760469,-0.0185866049760469,0.0185866049760469,-0.0185866049760469,-0.0185866049760469,-0.0185866049760469,-0.0185866049760469,5.660003662109318,7.256002807617179,327.3599853515625,300.91129791259766,302.3829986572266,303.8546994018555,0.0,1.004147039531584,-1.8746458107721475,1.0,-1.8746458107721475,1.021025497318221,1.0,1.8746458107721475,1.0539918435591775,1.0,1.8746458107721475,0.0,0.0,0.0,0.0,0.0,0.0,0.0,1.8746458107721475,1
2024-03-22,322.75,324.2300109863281,318.5700073242188,322.739990234375,322.739990234375,1751900.0,-0.0185866049760469,1.359805326306613,1.8584505922554904,1.9322506572423368,1.9550106056441643,315.03599243164064,310.3089935302734,306.09266459147136,293.4718327840169,281.87879943847656,317.00692279381303,313.15831931088843,305.79294582256296,295.69634375978774,284.17428125138184,312.2359618828645,307.18616289646786,5.049798986396638,4.221911411591801,-2.023300172549044,-2.023300172549044,-2.023300172549044,-2.023300172549044,2.023300172549044,-2.023300172549044,-2.023300172549044,-2.023300172549044,-2.023300172549044,5.44000244140625,7.32350311279296,324.2300109863281,311.3967791748047,312.84797973632817,314.2991802978516,0.0,1.0152331998102595,-0.0185866049760469,1.0,-0.0185866049760469,1.0240861458347676,1.0,-0.0185866049760469,0.731687639140462,-1.0,-0.0185866049760469,0.0,0.0,0.0,0.0,0.0,0.0,0.0,-0.0185866049760469,-1
2024-03-25,318.6099853515625,318.6499938964844,313.2099914550781,316.2099914550781,316.2099914550781,1305800.0,-2.023300172549044,2.134255223621989,1.978153152231244,2.002147007604287,1.9770403558201968,318.0919921875,311.3559936523437,306.23499755859376,294.1646657307943,282.7036993408203,316.74127901423475,313.71316879165016,306.46501328272524,296.36892237274805,284.8086517504649,312.84735104782044,307.8545946415501,4.99275640627036,4.376080410527512,-0.0632433176867325,-0.0632433176867325,-0.0632433176867325,-0.0632433176867325,0.0632433176867325,-0.0632433176867325,-0.0632433176867325,-0.0632433176867325,-0.0632433176867325,6.350006103515625,7.353004455566395,318.6499938964844,308.1183041381836,309.5830047607422,311.0477053833008,0.0,1.0216343949449633,-2.023300172549044,1.0,-2.023300172549044,1.0236508416777683,1.0,-2.023300172549044,1.0789130362402277,1.0,2.023300172549044,0.0,0.0,0.0,0.0,0.0,0.0,0.0,2.023300172549044,1
2024-03-26,317.0,321.3500061035156,315.0,316.010009765625,316.010009765625,1266800.0,-0.0632433176867325,1.5664160577363269,1.9124630615828704,1.9751719011603368,1.974954751706898,318.9239929199219,311.82899475097656,306.54933166503906,294.87749938964845,283.4652993774414,316.49752259803154,314.13077624146376,307.0808195074285,297.012892451203,285.4265004240324,313.3339139274827,308.45869946555564,4.875214461927044,4.475907220807419,-1.4778055388808669,-1.4778055388808669,-1.4778055388808669,-1.4778055388808669,1.4778055388808669,-1.4778055388808669,-1.4778055388808669,-1.4778055388808669,-1.4778055388808669,10.059997558593691,7.62200469970702,321.3500061035156,302.4733840942383,303.9439849853516,305.41458587646486,0.0,1.0227528494411218,-0.0632433176867325,1.0,-0.0632433176867325,1.0229579846287493,1.0,-0.0632433176867325,0.8190568953733757,-1.0,-0.0632433176867325,0.0,0.0,0.0,0.0,0.0,0.0,0.0,-0.0632433176867325,-1
2024-03-27,319.239990234375,319.3699951171875,309.3099975585938,311.3399963378906,311.3399963378906,1075900.0,-1.4778055388808669,1.5176168875785134,1.8972461943515015,2.0139381038620567,1.9863662753955549,317.8199951171875,312.3419952392578,307.1163319905599,295.5269994099935,284.12989929199216,314.7783471779846,313.6233617135414,307.35560510939376,297.4826335622419,285.93963895698005,313.0271573752378,308.6721288635064,4.355028511731405,4.451731478992216,-0.0192707520072801,-0.0192707520072801,-0.0192707520072801,-0.0192707520072801,0.0192707520072801,-0.0192707520072801,-0.0192707520072801,-0.0192707520072801,0.0192707520072801,3.6199951171875,7.506503295898426,319.3699951171875,304.58159576416017,306.1059967041016,307.630397644043,0.0,1.0175384673256425,-1.4778055388808669,1.0,-1.4778055388808669,1.020392524164044,1.0,-1.4778055388808669,0.7999050898595955,-1.0,1.4778055388808669,0.0,0.0,0.0,0.0,0.0,0.0,0.0,1.4778055388808669,-1
2024-03-28,312.1600036621094,313.010009765625,309.3900146484375,311.2799987792969,311.2799987792969,1331700.0,-0.0192707520072801,0.9601030114487148,1.897562281191932,1.9984725519202,1.9258690811056856,315.5159973144531,312.84599609375,307.467665608724,296.33333282470704,284.7978993225097,313.6122310450887,313.19729572549693,307.60879179777464,297.9350061923093,286.4414282603923,312.75836374509305,308.8653044128242,3.893059332268877,4.339997049647549,0.2730680117093854,0.2730680117093854,0.2730680117093854,0.2730680117093854,-0.2730680117093854,0.2730680117093854,0.2730680117093854,0.2730680117093854,-0.2730680117093854,5.32000732421875,7.13350372314452,313.010009765625,302.855687866211,304.35698852539065,305.8582891845703,1.0,1.0085345545541295,0.0192707520072801,1.0,-0.0192707520072801,1.0181675689276015,1.0,-0.0192707520072801,0.5059665345190342,-1.0,0.0192707520072801,0.0,0.0,0.0,0.0,0.0,0.0,0.0,0.0192707520072801,-1
2024-04-01,310.4599914550781,313.9700012207031,308.6499938964844,312.1300048828125,312.1300048828125,901100.0,0.2730680117093854,1.020372409162836,1.639316348307469,1.8288567678203216,1.899110338214261,313.3940002441406,314.2149963378906,308.0163319905599,297.2474995930989,285.4237994384766,313.1181556576633,313.00324284500886,307.9004829645513,298.40041598544053,286.9501129459848,312.66169315089604,309.10713407726774,3.554559073628297,4.182909454443698,1.8485949575454377,-1.8485949575454377,-1.8485949575454377,-1.8485949575454377,1.8485949575454377,-1.8485949575454377,-1.8485949575454377,-1.8485949575454377,1.8485949575454377,3.739990234375,6.979502868652332,313.9700012207031,297.31630157470704,298.743002319336,300.16970306396485,0.0,0.9973871517804097,-0.2730680117093854,-1.0,0.2730680117093854,1.0165727569873446,1.0,0.2730680117093854,0.6224377681686216,-1.0,-0.2730680117093854,0.0,1.0,0.0,0.013276872,0.013276872,0.314123064,0.314123064,-0.2730680117093854,1
2024-04-02,307.0,307.2699890136719,303.5299987792969,306.3599853515625,306.3599853515625,1214900.0,-1.8485949575454377,0.9635147927485432,1.7846261764256817,1.864534901228811,1.9169079584482616,311.4239990234375,314.75799560546875,308.551665242513,298.0881660461426,285.9896992492676,310.8654322222964,311.79537784620044,307.8010960217778,298.6613854728543,287.3344668550061,311.69219964330625,308.90364157906737,2.7885580642388845,3.904039176402736,-1.37746488525924,1.37746488525924,1.37746488525924,1.37746488525924,-1.37746488525924,-1.37746488525924,1.37746488525924,1.37746488525924,-1.37746488525924,8.170013427734375,6.752502441406241,307.2699890136719,298.615094909668,300.01099548339846,301.4068960571289,1.0,0.9894077461777644,1.8485949575454377,-1.0,1.8485949575454377,1.012976827815259,1.0,-1.8485949575454377,0.5398972655877479,-1.0,1.8485949575454377,0.0,0.0,1.0,0.001637415,0.001637415,0.995579064,0.995579064,-1.8485949575454377,-1
2024-04-03,304.0,312.1700134277344,304.0,310.5799865722656,310.5799865722656,1114800.0,1.37746488525924,1.3227680005118068,1.4046240294209134,1.7652812956231525,1.910414451459021,310.33799438476564,314.63099365234376,309.1686645507813,299.0526657104492,286.55819915771485,310.7702836722861,311.5743976145759,307.98037928309964,299.0521592793924,287.79477417614,311.5210899400692,309.0278152822672,2.493274657801976,3.621886272682584,1.3201029567896898,-1.3201029567896898,-1.3201029567896898,-1.3201029567896898,1.3201029567896898,1.3201029567896898,-1.3201029567896898,-1.3201029567896898,1.3201029567896898,11.04998779296875,6.872001647949207,312.1700134277344,292.41448364257815,293.7649841308594,295.11548461914066,0.0,0.9863554470023963,-1.37746488525924,-1.0,-1.37746488525924,1.01166963408462,1.0,1.37746488525924,0.9417238868233989,-1.0,-1.37746488525924,0.0,0.0,0.0,0.0,0.0,0.0,0.0,-1.37746488525924,1
2024-04-04,314.8999938964844,317.0899963378906,306.0400085449219,306.4800109863281,306.4800109863281,1138100.0,-1.3201029567896898,1.2903081410676096,1.3281207933789752,1.7515943973867394,1.8731050119732031,309.3659973144531,313.59299621582034,309.6926645914713,299.79549916585285,287.05899932861325,309.34019277696683,310.648145500349,307.88358132846923,299.29569540093127,288.16477886545067,310.7455393318013,308.8390890381236,1.9064502936777783,3.278799076881623,-0.5024725829223647,0.5024725829223647,0.5024725829223647,0.5024725829223647,-0.5024725829223647,-0.5024725829223647,0.5024725829223647,0.5024725829223647,-0.5024725829223647,3.679992675781307,6.69700164794921,317.0899963378906,297.0516098022461,298.42601013183594,299.8004104614258,1.0,0.9865207483828557,1.3201029567896898,-1.0,1.3201029567896898,1.008979251702709,1.0,-1.3201029567896898,0.9715292069065771,-1.0,1.3201029567896898,0.0,0.0,0.0,0.0,0.0,0.0,0.0,-1.3201029567896898,1
2024-04-05,309.1199951171875,310.7999877929688,307.1199951171875,308.0199890136719,308.0199890136719,1075800.0,0.5024725829223647,1.3395991242755918,1.132072821942236,1.7058964060584754,1.872781548507046,308.7139953613281,312.1149963378906,309.7743306477865,300.56666564941406,287.5746990966797,308.9001248558685,310.17029886640773,307.89238182428875,299.58173781446374,288.55795134363325,310.326223898243,308.77841496223823,1.547808936004742,2.932601048706247,-0.996690940107294,0.996690940107294,0.996690940107294,0.996690940107294,-0.996690940107294,-0.996690940107294,0.996690940107294,0.996690940107294,-0.996690940107294,6.0,6.47200164794921,310.7999877929688,302.35659271240235,303.6959930419922,305.035393371582,1.0,0.9891033721017345,-0.5024725829223647,-1.0,-0.5024725829223647,1.0073984196316328,1.0,0.5024725829223647,1.1833153294655676,1.0,-0.5024725829223647,0.0,2.0,0.0,0.007748662,0.0042105235,0.041116275,0.020978681,0.5024725829223647,1
2024-04-08,309.0499877929688,312.2000122070312,306.2000122070312,311.0899963378906,311.0899963378906,785900.0,0.996690940107294,1.4392876059979958,1.218467078024577,1.586913784803872,1.8746592887381763,308.50599365234376,310.9499969482422,310.0263305664063,301.3638320922852,288.06999908447267,309.6300820165426,310.33751658849553,308.0986795348437,299.9590577660515,289.00413045243045,310.4437273504965,308.94964321228656,1.494084138209928,2.644897666606983,-0.1028664785064878,0.1028664785064878,0.1028664785064878,0.1028664785064878,-0.1028664785064878,-0.1028664785064878,0.1028664785064878,0.1028664785064878,-0.1028664785064878,8.410003662109318,6.576501464843742,312.2000122070312,296.56158416748053,297.8559844970704,299.15038482666023,1.0,0.9921402047921383,-0.996690940107294,-1.0,-0.996690940107294,1.0072666233332512,1.0,0.996690940107294,1.1812281447369273,1.0,0.996690940107294,0.0,1.0,0.0,0.122154213,0.122154213,0.035858866,0.035858866,0.996690940107294,1
