Date_CTSH_L01d,Open_CTSH_L01d,High_CTSH_L01d,Low_CTSH_L01d,Close_CTSH_L01d,Adj Close_CTSH_L01d,Volume_CTSH_L01d,Daily_Return_CTSH_L01d,Vol5_CTSH_L01d,Vol10_CTSH_L01d,Vol20_CTSH_L01d,Vol60_CTSH_L01d,SMA5_CTSH_L01d,SMA10_CTSH_L01d,SMA30_CTSH_L01d,SMA60_CTSH_L01d,SMA100_CTSH_L01d,EMA5_CTSH_L01d,EMA10_CTSH_L01d,EMA30_CTSH_L01d,EMA60_CTSH_L01d,EMA100_CTSH_L01d,Short12_CTSH_L01d,Long26_CTSH_L01d,MACD_CTSH_L01d,SIGNAL9_CTSH_L01d,Ret5/10_CTSH_L01d,Ret10/30_CTSH_L01d,Ret30/60_CTSH_L01d,Ret30/100_CTSH_L01d,Emaret5/10_CTSH_L01d,Emaret10/30_CTSH_L01d,Emaret30/60_CTSH_L01d,Emaret30/100_CTSH_L01d,RetMACD_CTSH_L01d,DayRange_CTSH_L01d,average20r_CTSH_L01d,PRVHI_CTSH_L01d,HitLevel_CTSH_L01d,hitlevel_2_CTSH_L01d,hitlevel_1.8_CTSH_L01d,positive_return_dummy,sma_ratio_L01d,RetMACD_L01d,R_sma_ratio_L01d,ret_sma_ratio_L01d,ema_ratio_L01d,R_ema_ratio_L01d,ret_ema_ratio_L01d,volatility_ratio_L01d,R_vol_ratio_L01d,ret_vol_ratio_L01d,negative_L01d,neutral_L01d,positive_L01d,negative_max_L01d,negative_avg_L01d,positive_max_L01d,positive_avg_L01d,ret_best,best
2024-01-03,73.9800033569336,74.29000091552734,73.41999816894531,73.66999816894531,73.66999816894531,3282400.0,-0.9811872875831504,0.7664971145850022,0.9695092527396156,1.162736560783892,1.2832404022186268,75.00799865722657,74.9279998779297,72.68633346557617,69.32649962107341,69.5009997177124,74.61691945503594,74.60850620763831,72.73652085295755,70.9129302803267,69.5734407748764,74.47188215569336,73.10196889533351,1.3699132603598514,1.60696341291343,-0.1085948595671491,-0.1085948595671491,-0.1085948595671491,0.1085948595671491,0.1085948595671491,-0.1085948595671491,-0.1085948595671491,-0.1085948595671491,0.1085948595671491,0.779998779296875,1.0219993591308594,74.29000091552734,73.07090171813965,73.27900161743165,73.48710151672363,0.0,1.0308402736178068,0.9811872875831504,1.0,-0.9811872875831504,1.0001127652572779,1.0,-0.9811872875831504,0.9060941026900394,-1.0,0.9811872875831504,0.0,1.0,1.0,0.066900447,0.0342353465,0.992652893,0.525821615,,1
2024-01-04,73.77999877929688,74.29000091552734,73.51000213623047,73.58999633789062,73.58999633789062,2100900.0,-0.1085948595671491,0.7154056666836595,0.9638790221006928,1.101017475493809,1.282790934101543,74.60599822998047,74.74399948120117,72.81266657511394,69.41666622161866,69.53609966278076,74.27461174932084,74.42332259495691,72.79158378746936,71.00070293795176,69.65297652859945,74.33620741449295,73.13811907626366,1.198088338229283,1.5251883979766008,1.0191602627024916,-1.0191602627024916,-1.0191602627024916,1.0191602627024916,1.0191602627024916,1.0191602627024916,-1.0191602627024916,-1.0191602627024916,1.0191602627024916,0.779998779296875,1.0174991607666015,74.29000091552734,72.04160232543946,72.24600219726562,72.4504020690918,0.0,1.0265246830933579,0.1085948595671491,1.0,-0.1085948595671491,0.9980018246908241,-1.0,-0.1085948595671491,0.8582984539604289,-1.0,0.1085948595671491,0.0,0.0,0.0,0.0,0.0,0.0,0.0,-0.1085948595671491,-1
2024-01-05,72.80000305175781,73.47000122070312,72.69000244140625,72.83999633789062,72.83999633789062,2590200.0,-1.0191602627024916,0.5469186993906558,0.8360747319271027,1.1359349050941234,1.2891323769635217,74.00599822998046,74.62499923706055,72.89899978637695,69.49966615041097,69.55349964141845,73.79640661217744,74.13544509367213,72.79470717781913,71.06100763958909,69.71608583175374,74.10602109501566,73.11603591045825,0.989985184557412,1.4181477552927633,-1.1669496790919804,1.1669496790919804,1.1669496790919804,-1.1669496790919804,-1.1669496790919804,-1.1669496790919804,1.1669496790919804,1.1669496790919804,-1.1669496790919804,0.9800033569335938,1.0359992980957031,73.47000122070312,72.05150276184082,72.25500259399413,72.45850242614746,1.0,1.023676586177334,1.0191602627024916,1.0,-1.0191602627024916,0.9954267694614052,-1.0,1.0191602627024916,0.8811623425126858,-1.0,1.0191602627024916,0.0,0.0,1.0,0.001259995,0.001259995,0.996953845,0.996953845,1.0191602627024916,-1
2024-01-08,73.0,73.72000122070312,72.73999786376953,73.69000244140625,73.69000244140625,2863200.0,1.1669496790919804,1.051714987547592,0.9332521385437964,1.155705328701284,1.2940001718169578,73.63799896240235,74.57799911499023,72.99266662597657,69.5888329188029,69.59659969329834,73.76093855525372,74.05445552053287,72.8524681625667,71.14720419046834,69.79477724976667,74.0420182252296,73.15855194978774,0.8834662754418616,1.311211459322583,0.7192275230528014,-0.7192275230528014,-0.7192275230528014,0.7192275230528014,0.7192275230528014,0.7192275230528014,-0.7192275230528014,-0.7192275230528014,0.7192275230528014,0.5900039672851562,1.034499740600586,73.72000122070312,71.19080276489258,71.39800262451172,71.60520248413086,0.0,1.0217190652471584,-1.1669496790919804,1.0,1.1669496790919804,0.9960364712262617,-1.0,-1.1669496790919804,0.8931261014274144,-1.0,-1.1669496790919804,0.0,0.0,0.0,0.0,0.0,0.0,0.0,-1.1669496790919804,1
2024-01-09,73.0999984741211,73.36000061035156,72.7699966430664,73.16000366210938,73.16000366210938,2632500.0,-0.7192275230528014,0.9138296087105672,0.8101347763782039,1.172876476265688,1.209519321734876,73.38999938964844,74.37899932861328,73.05900014241537,69.70883299509684,69.6358996963501,73.56062692420561,73.8918279099104,72.87230916253719,71.21319761576805,69.86141539654572,73.90632367705726,73.15865948403378,0.747664193023482,1.1985020060627627,-0.2596976524074722,0.2596976524074722,0.2596976524074722,0.2596976524074722,-0.2596976524074722,-0.2596976524074722,0.2596976524074722,0.2596976524074722,-0.2596976524074722,0.9000015258789062,1.006999969482422,73.36000061035156,71.44410179138184,71.65100173950195,71.85790168762207,1.0,1.018067578034531,0.7192275230528014,1.0,-0.7192275230528014,0.9955177589312231,-1.0,0.7192275230528014,0.9697046216536422,-1.0,0.7192275230528014,0.0,0.0,0.0,0.0,0.0,0.0,0.0,-0.7192275230528014,-1
2024-01-10,72.97000122070312,73.63999938964844,72.73999786376953,73.3499984741211,73.3499984741211,2562500.0,0.2596976524074722,0.860471786798147,0.7959739346254743,1.1016582194536462,1.208092956836681,73.3259994506836,74.16699905395508,73.14500020345052,69.83499965667724,69.67859966278075,73.49041744084411,73.79331346703961,72.90312782780067,71.28325666030422,69.93049624956701,73.82073518429785,73.17283274255877,0.6479024417390775,1.0883820931980257,-2.0858879497273337,2.0858879497273337,2.0858879497273337,2.0858879497273337,-2.0858879497273337,-2.0858879497273337,2.0858879497273337,2.0858879497273337,-2.0858879497273337,1.3600006103515625,1.0370002746582032,73.63999938964844,71.14460067749023,71.34600067138672,71.5474006652832,1.0,1.013972231152668,-0.2596976524074722,1.0,0.2596976524074722,0.9958953459064989,-1.0,-0.2596976524074722,0.9118985531860663,-1.0,-0.2596976524074722,0.0,0.0,0.0,0.0,0.0,0.0,0.0,-0.2596976524074722,-1
2024-01-11,73.87000274658203,74.91999816894531,73.55999755859375,74.87999725341797,74.87999725341797,4454600.0,2.0858879497273337,1.2948551045259322,1.092155892898141,1.1841245372615703,1.2210767317985185,73.58399963378906,74.09499893188476,73.26433334350585,69.97016633351645,69.73939960479737,73.95361071170207,73.99089233729022,73.03066779074372,71.40118258138992,70.02850617043535,73.9836985795471,73.29928937299277,0.6844092065543208,1.0075875158692849,-4.12660801365629,4.12660801365629,4.12660801365629,4.12660801365629,-4.12660801365629,-4.12660801365629,4.12660801365629,4.12660801365629,-4.12660801365629,3.3199996948242188,1.1285003662109374,74.91999816894531,71.35859878540039,71.56599884033203,71.77339889526367,1.0,1.011337925979402,-2.0858879497273337,1.0,2.0858879497273337,0.999496132234516,-1.0,-2.0858879497273337,0.9697380241759898,-1.0,-2.0858879497273337,0.0,0.0,0.0,0.0,0.0,0.0,0.0,-2.0858879497273337,1
2024-01-12,75.31999969482422,78.41999816894531,75.0999984741211,77.97000122070312,77.97000122070312,6351700.0,4.12660801365629,1.854000946160791,1.728851251573038,1.4484524629404525,1.321482633180354,74.61000061035156,74.30799942016601,73.5259999593099,70.15016638437906,69.83149959564209,75.29240754803575,74.71436667972893,73.34933446364433,71.61655368431822,70.18576349816342,74.59697590895571,73.64526802837872,0.95170788057699,0.9964115888108258,-2.27010933019064,-2.27010933019064,-2.27010933019064,-2.27010933019064,2.27010933019064,-2.27010933019064,-2.27010933019064,-2.27010933019064,2.27010933019064,2.040000915527344,1.1580005645751954,78.41999816894531,72.43729736328125,72.66299743652344,72.88869750976562,0.0,1.010635686169367,-4.12660801365629,1.0,4.12660801365629,1.007736676277866,1.0,-4.12660801365629,1.0960813457340153,1.0,-4.12660801365629,0.0,0.0,0.0,0.0,0.0,0.0,0.0,4.12660801365629,-1
2024-01-16,77.66000366210938,77.80999755859375,75.7699966430664,76.19999694824219,76.19999694824219,3942500.0,-2.27010933019064,2.484546812957367,1.9038575561550075,1.4992903552704897,1.337813806006246,75.11199951171875,74.37499923706055,73.71999994913737,70.31966635386149,69.89759960174561,75.59493734810457,74.98448127400405,73.53324817232806,71.76683051264358,70.30485722984815,74.8435945303844,73.83450720762788,1.009087322756514,0.9989467355999636,-0.6561680052817039,-0.6561680052817039,-0.6561680052817039,-0.6561680052817039,0.6561680052817039,-0.6561680052817039,-0.6561680052817039,-0.6561680052817039,-0.6561680052817039,1.0200042724609375,1.1270008087158203,77.80999755859375,75.87239692687989,76.10399703979492,76.33559715270997,0.0,1.008884960504274,2.27010933019064,1.0,-2.27010933019064,1.0081410988477713,1.0,-2.27010933019064,1.1207018110736178,1.0,-2.27010933019064,0.0,0.0,1.0,0.003281595,0.003281595,0.957662344,0.957662344,2.27010933019064,-1
2024-01-17,75.75,76.26000213623047,75.23999786376953,75.69999694824219,75.69999694824219,5570100.0,-0.6561680052817039,2.475707650179238,1.842952907704796,1.4400019253489391,1.334729104282668,75.61999816894532,74.50499877929687,73.8826665242513,70.49066626230875,69.9499995803833,75.62995721481711,75.11457503295644,73.67303841593542,71.89578678922058,70.41169167971734,74.97534874851637,73.97269163285857,1.0026571156577972,0.9996888116115304,-0.052831291605146,-0.052831291605146,-0.052831291605146,-0.052831291605146,0.052831291605146,-0.052831291605146,-0.052831291605146,-0.052831291605146,-0.052831291605146,1.4800033569335938,1.141501235961914,76.26000213623047,75.33059577941894,75.55599594116211,75.78139610290528,0.0,1.0084232511402562,-0.6561680052817039,1.0,-0.6561680052817039,1.0068612806720207,1.0,-0.6561680052817039,1.078872050312298,1.0,-0.6561680052817039,1.0,0.0,0.0,0.967238367,0.967238367,0.011307352,0.011307352,0.6561680052817039,1
2024-01-18,75.8499984741211,76.68000030517578,75.19999694824219,75.66000366210938,75.66000366210938,4693500.0,-0.052831291605146,2.4937726175124544,1.8003772189716465,1.437905721569495,1.3350190674674414,76.08199920654297,74.70399932861328,74.0326665242513,70.65599969228109,70.00629962921143,75.63997269724787,75.2137438746206,73.80122972214019,72.01920373587268,70.5156186496657,75.08068027368452,74.09767770909937,0.9830025645851492,0.9963515622062542,1.6124683217793288,1.6124683217793288,1.6124683217793288,1.6124683217793288,-1.6124683217793288,1.6124683217793288,1.6124683217793288,1.6124683217793288,-1.6124683217793288,1.5699996948242188,1.1695011138916016,76.68000030517578,73.74869941711425,73.97699966430665,74.20529991149903,1.0,1.009068061922936,-0.052831291605146,1.0,-0.052831291605146,1.0056669007640118,1.0,-0.052831291605146,1.0770675540217054,1.0,-0.052831291605146,0.0,0.0,0.0,0.0,0.0,0.0,0.0,-0.052831291605146,1
2024-01-19,75.70999908447266,77.16999816894531,75.5999984741211,76.87999725341797,76.87999725341797,7178000.0,1.6124683217793288,2.4337320828526336,1.8407724984819072,1.473962091744952,1.3347733093944985,76.48199920654297,75.03299942016602,74.2576665242513,70.85366636912028,70.07449962615966,76.05331421597124,75.51669903440194,73.99985988544844,72.17857401513645,70.64164594874991,75.3574982705666,74.30377545312297,1.053722817443628,1.007825813253729,0.5072833033056576,0.5072833033056576,0.5072833033056576,0.5072833033056576,-0.5072833033056576,0.5072833033056576,0.5072833033056576,0.5072833033056576,0.5072833033056576,0.6299972534179688,1.1260009765625,77.16999816894531,74.10709785461425,74.34099807739258,74.5748983001709,1.0,1.0104411158093893,-1.6124683217793288,1.0,1.6124683217793288,1.0071059141677372,1.0,1.6124683217793288,1.1042789673503395,1.0,1.6124683217793288,0.0,0.0,0.0,0.0,0.0,0.0,0.0,1.6124683217793288,-1
2024-01-22,77.18000030517578,77.70999908447266,77.08000183105469,77.2699966430664,77.2699966430664,2452800.0,0.5072833033056576,1.4401766831474592,1.7669000486458053,1.401379136609628,1.335018057430685,76.34199829101563,75.47599945068359,74.49599965413411,71.05566628774007,70.14099956512452,76.45887502500297,75.83548041779548,74.21083645045607,72.34550590457677,70.7729004179443,75.65172878941272,74.52349554126693,1.12823324814579,1.0319073002321413,-0.207061006426484,-0.207061006426484,-0.207061006426484,-0.207061006426484,0.207061006426484,-0.207061006426484,-0.207061006426484,-0.207061006426484,-0.207061006426484,0.8199996948242188,1.110000991821289,77.70999908447266,74.69279602050781,74.91799621582031,75.1431964111328,0.0,1.0131550660585718,0.5072833033056576,1.0,0.5072833033056576,1.008220355482329,1.0,0.5072833033056576,1.0497080011836384,1.0,0.5072833033056576,0.0,0.0,1.0,0.027113149,0.027113149,0.704049408,0.704049408,-0.5072833033056576,-1
2024-01-23,77.5199966430664,77.6500015258789,76.83000183105469,77.11000061035156,77.11000061035156,2263100.0,-0.207061006426484,0.8723298882652213,1.7718536655652295,1.404677955532655,1.312797464493393,76.5239990234375,75.81799926757813,74.71899973551432,71.27266635894776,70.19809955596924,76.67591688678584,76.06721136189658,74.39787929948159,72.5017188457497,70.89838755046722,75.87607830032638,74.71508850934727,1.1609897909791158,1.0577237983815362,-0.2075005328010533,-0.2075005328010533,-0.2075005328010533,-0.2075005328010533,0.2075005328010533,-0.2075005328010533,-0.2075005328010533,-0.2075005328010533,-0.2075005328010533,0.8199996948242188,1.0995010375976562,77.6500015258789,75.26799690246582,75.48999710083008,75.71199729919434,0.0,1.0147084347482431,-0.207061006426484,1.0,-0.207061006426484,1.0080022063907836,1.0,-0.207061006426484,1.0699883215227861,1.0,-0.207061006426484,0.0,0.0,1.0,0.015161121,0.015161121,0.809798181,0.809798181,0.207061006426484,1
2024-01-24,77.55000305175781,77.55000305175781,76.7300033569336,76.94999694824219,76.94999694824219,3473400.0,-0.2075005328010533,0.7746054477012309,1.7408530434614693,1.3814977469478993,1.3024738454675069,76.7739990234375,76.1969985961914,74.93966623942057,71.4981663386027,70.25269954681397,76.7672769072713,76.22771783214124,74.56253205101453,72.64756402943799,71.01822139992811,76.0412965538519,74.88063728259874,1.1606592712531525,1.0783108929558596,1.7543939662839247,1.7543939662839247,1.7543939662839247,1.7543939662839247,-1.7543939662839247,1.7543939662839247,1.7543939662839247,1.7543939662839247,1.7543939662839247,0.8899993896484375,1.1025009155273438,77.55000305175781,75.23109924316407,75.4509994506836,75.67089965820313,1.0,1.0167779284305036,-0.2075005328010533,1.0,-0.2075005328010533,1.0070782530354405,1.0,-0.2075005328010533,1.0606721599480777,1.0,-0.2075005328010533,0.0,0.0,0.0,0.0,0.0,0.0,0.0,-0.2075005328010533,1
2024-01-25,77.79000091552734,78.68000030517578,77.79000091552734,78.30000305175781,78.30000305175781,5396700.0,1.7543939662839247,0.9522965657053571,1.7797689913475978,1.4277700994138407,1.3134375806434206,77.30199890136718,76.69199905395507,75.16033299763997,71.74816640218098,70.31959957122803,77.27818562210014,76.6044969629806,74.80365921235281,72.83288989902223,71.16241509600394,76.38878986122204,75.13392363586978,1.2548662253522591,1.1136219594351395,-1.3026873980920473,-1.3026873980920473,-1.3026873980920473,-1.3026873980920473,1.3026873980920473,-1.3026873980920473,-1.3026873980920473,-1.3026873980920473,-1.3026873980920473,1.8499984741210935,1.1740009307861328,78.68000030517578,75.12450103759765,75.34500122070312,75.5655014038086,0.0,1.0203786491521158,1.7543939662839247,1.0,1.7543939662839247,1.0087943748190802,1.0,1.7543939662839247,1.0870483077805733,1.0,1.7543939662839247,0.0,0.0,0.0,0.0,0.0,0.0,0.0,1.7543939662839247,-1
2024-01-26,78.55999755859375,78.88999938964844,77.04000091552734,77.27999877929688,77.27999877929688,2481200.0,-1.3026873980920473,1.1245976264417177,1.8025274897801435,1.466508672612307,1.330030059002296,77.38199920654297,76.93199920654297,75.33466618855795,71.97366638183594,70.37509952545166,77.27879000783238,76.7273154750381,74.96342305538147,72.97869674755583,71.28355536696023,76.52589892554124,75.29289216501252,1.233006760528724,1.1374989196538563,0.7634627026459231,0.7634627026459231,0.7634627026459231,0.7634627026459231,-0.7634627026459231,0.7634627026459231,0.7634627026459231,0.7634627026459231,0.7634627026459231,1.2099990844726562,1.204500961303711,78.88999938964844,76.0971982574463,76.33199844360351,76.56679862976074,1.0,1.0212031604943599,-1.3026873980920473,1.0,-1.3026873980920473,1.0071874602855577,1.0,-1.3026873980920473,1.1026131798197016,1.0,-1.3026873980920473,0.0,0.0,0.0,0.0,0.0,0.0,0.0,1.3026873980920473,1
2024-01-29,76.91999816894531,78.12999725341797,76.91999816894531,77.87000274658203,77.87000274658203,3223500.0,0.7634627026459231,1.1527688545329595,1.2421973333274248,1.4730447062704313,1.3271375804334606,77.50200042724609,76.92199935913087,75.49099960327149,72.19699974060059,70.44409954071045,77.47586092074894,76.93507679713699,75.15094432578151,73.13906743604849,71.4139800675468,76.73268412877829,75.48378924512878,1.2488948836495126,1.1597781124529878,-0.3467372068030251,-0.3467372068030251,-0.3467372068030251,-0.3467372068030251,0.3467372068030251,-0.3467372068030251,-0.3467372068030251,-0.3467372068030251,-0.3467372068030251,0.7400054931640625,1.2010009765625,78.12999725341797,76.24009727478027,76.48099746704102,76.72189765930176,0.0,1.0189558988936394,0.7634627026459231,1.0,0.7634627026459231,1.0070290970793192,1.0,0.7634627026459231,1.1099412208561794,1.0,0.7634627026459231,0.0,0.0,0.0,0.0,0.0,0.0,0.0,0.7634627026459231,1
2024-01-30,77.30000305175781,77.94000244140625,77.19999694824219,77.5999984741211,77.5999984741211,3377900.0,-0.3467372068030251,1.16551329982879,0.9722243432903352,1.4718883604781832,1.328662524255742,77.6,77.06199951171875,75.58833287556966,72.40766639709473,70.50709949493408,77.51724010520633,77.05597164749773,75.30894781922278,73.28532747008366,71.53647548153837,76.86611710498487,75.64054548431339,1.2255716206714735,1.172936814096685,-0.6185512074451094,-0.6185512074451094,-0.6185512074451094,-0.6185512074451094,0.6185512074451094,-0.6185512074451094,-0.6185512074451094,-0.6185512074451094,-0.6185512074451094,1.7299957275390625,1.2190006256103516,77.94000244140625,75.48779510498046,75.72799530029297,75.96819549560547,0.0,1.0194959536754828,-0.3467372068030251,1.0,-0.3467372068030251,1.0059861480926973,1.0,-0.3467372068030251,1.107797001576958,1.0,-0.3467372068030251,0.0,0.0,0.0,0.0,0.0,0.0,0.0,-0.3467372068030251,-1
2024-01-31,77.6500015258789,78.69999694824219,76.97000122070312,77.12000274658203,77.12000274658203,3316000.0,-0.6185512074451094,1.2091435132696258,0.9686680992031618,1.432942411646686,1.299182887672032,77.63400115966797,77.20400009155273,75.61999969482422,72.63216641743978,70.5657995223999,77.38482765233157,77.06761366551305,75.42579007260079,73.41105452832952,71.64704037787587,76.90517643446135,75.75013491114811,1.155041523313244,1.1693577559399968,0.9854700204476076,0.9854700204476076,0.9854700204476076,0.9854700204476076,-0.9854700204476076,0.9854700204476076,0.9854700204476076,0.9854700204476076,-0.9854700204476076,1.4099960327148438,1.2460002899169922,78.69999694824219,75.25820106506347,75.50200119018555,75.74580131530762,1.0,1.0209468447913381,-0.6185512074451094,1.0,-0.6185512074451094,1.004116047866686,1.0,-0.6185512074451094,1.1029566547126664,1.0,-0.6185512074451094,0.0,0.0,0.0,0.0,0.0,0.0,0.0,0.6185512074451094,1
2024-02-01,77.3499984741211,77.94999694824219,76.54000091552734,77.87999725341797,77.87999725341797,2530500.0,0.9854700204476076,0.961765571461502,0.9950094609840816,1.4157651881924704,1.203856608387259,77.55,77.42599945068359,75.68599955240886,72.8256664276123,70.63119953155518,77.54988418602704,77.21531977240485,75.5841260197503,73.5575772406275,71.77046526650047,77.05514886814699,75.90790249205699,1.1472463760899956,1.1649354799699967,0.0128430105074634,0.0128430105074634,0.0128430105074634,0.0128430105074634,-0.0128430105074634,0.0128430105074634,0.0128430105074634,0.0128430105074634,-0.0128430105074634,1.0499954223632812,1.2595001220703126,77.94999694824219,75.9587963104248,76.2079963684082,76.4571964263916,1.0,1.022989719480019,-0.9854700204476076,1.0,0.9854700204476076,1.004332876100343,1.0,0.9854700204476076,1.1760247676748594,1.0,0.9854700204476076,0.0,0.0,1.0,0.007559703,0.007559703,0.959831178,0.959831178,0.9854700204476076,-1
2024-02-02,77.4800033569336,78.19999694824219,77.1500015258789,77.88999938964844,77.88999938964844,4500600.0,0.0128430105074634,0.6946483425602313,0.8816258930822081,1.4142357919179418,1.2038649241079378,77.67200012207032,77.52699966430664,75.76799952189127,73.01916643778483,70.69679950714111,77.66325592056751,77.33798879372186,75.7328920436147,73.69962386846424,71.89164416002815,77.18358740991644,76.05472448447117,1.1288629254452758,1.1577209690650525,-0.3851624779928844,-0.3851624779928844,-0.3851624779928844,-0.3851624779928844,0.3851624779928844,-0.3851624779928844,-0.3851624779928844,-0.3851624779928844,0.3851624779928844,1.1200027465820312,1.2765003204345704,78.19999694824219,75.1790966796875,75.43099670410156,75.68289672851563,0.0,1.0232156075587973,-0.0128430105074634,1.0,0.0128430105074634,1.004205787245298,1.0,0.0128430105074634,1.174746239048279,1.0,0.0128430105074634,0.0,0.0,1.0,0.089556761,0.089556761,0.891472757,0.891472757,-0.0128430105074634,-1
2024-02-05,77.2699966430664,77.75,76.62999725341797,77.58999633789062,77.58999633789062,2472300.0,-0.3851624779928844,0.6320004570244946,0.8848154031482608,1.3901587150352146,1.199219212241655,77.61599884033203,77.55899963378906,75.88666610717773,73.21616643269857,70.77139949798584,77.63883605967521,77.3838083472071,75.85270522389058,73.82717706418315,72.00448281701551,77.24611186037401,76.16844832546519,1.0776635349088224,1.1417094822338063,1.4692706184421522,1.4692706184421522,1.4692706184421522,1.4692706184421522,-1.4692706184421522,1.4692706184421522,1.4692706184421522,1.4692706184421522,-1.4692706184421522,1.1699981689453125,1.2860000610351563,77.75,75.39169624328613,75.64699630737304,75.90229637145995,1.0,1.0220372512379108,0.3851624779928844,1.0,-0.3851624779928844,1.003295621111381,1.0,-0.3851624779928844,1.15921984975261,1.0,-0.3851624779928844,0.0,0.0,0.0,0.0,0.0,0.0,0.0,0.3851624779928844,-1
2024-02-06,77.83000183105469,78.93000030517578,77.76000213623047,78.7300033569336,78.7300033569336,6513100.0,1.4692706184421522,0.8989500724103523,0.9849196781538562,1.401388727405215,1.205639952279467,77.84199981689453,77.72099990844727,76.03899943033854,73.43633321126302,70.85169956207275,78.00255849209468,77.62857107624828,76.03833736150627,73.98792546722414,72.13766144156835,77.47440285984472,76.358193142611,1.1162097172337155,1.1366095292337883,-0.9272238356500768,-0.9272238356500768,-0.9272238356500768,-0.9272238356500768,0.9272238356500768,-0.9272238356500768,-0.9272238356500768,-0.9272238356500768,0.9272238356500768,3.459999084472656,1.4294998168945312,78.93000030517578,74.92079986572266,75.1779998779297,75.43519989013672,0.0,1.0221202342312468,-1.4692706184421522,1.0,1.4692706184421522,1.0048176516798057,1.0,1.4692706184421522,1.1623608895472084,1.0,1.4692706184421522,0.0,0.0,0.0,0.0,0.0,0.0,0.0,-1.4692706184421522,1
2024-02-07,75.63999938964844,78.87999725341797,75.41999816894531,78.0,78.0,5302300.0,-0.9272238356500768,0.9837771919090468,1.043569844798482,1.4104102275296206,1.1974768368879536,78.01799926757812,77.82600021362305,76.13399937947591,73.65883318583171,70.92199954986572,78.00170566139646,77.6961036078395,76.1648962414091,74.11946889452827,72.2537473536165,77.55526395833014,76.47980846538054,1.075455492949601,1.124378721976951,0.3846192971254006,0.3846192971254006,0.3846192971254006,0.3846192971254006,-0.3846192971254006,0.3846192971254006,0.3846192971254006,0.3846192971254006,-0.3846192971254006,1.3000030517578125,1.4494998931884766,78.87999725341797,75.78510070800782,76.07100067138671,76.35690063476562,1.0,1.0222239846578094,0.9272238356500768,1.0,-0.9272238356500768,1.0039332996040502,1.0,-0.9272238356500768,1.1778183795145851,1.0,-0.9272238356500768,0.0,0.0,0.0,0.0,0.0,0.0,0.0,-0.9272238356500768,-1
2024-02-08,78.12999725341797,78.66000366210938,77.36000061035156,78.30000305175781,78.30000305175781,3173800.0,0.3846192971254006,0.9018712823022192,0.8862327160093302,1.410358332138114,1.176791868488687,78.1020004272461,77.82600021362305,76.2283327738444,73.8646666208903,71.00329959869384,78.10113812485025,77.80590350673374,76.30264506788322,74.25653558820792,72.37347518922326,77.66983920347286,76.61463769400108,1.055201509471786,1.110543279475918,-1.5325728363554374,-1.5325728363554374,-1.5325728363554374,-1.5325728363554374,1.5325728363554374,-1.5325728363554374,-1.5325728363554374,-1.5325728363554374,1.5325728363554374,1.7099990844726562,1.4669998168945313,78.66000366210938,75.69109748840332,75.98099746704102,76.27089744567871,0.0,1.0209589713121319,-0.3846192971254006,1.0,0.3846192971254006,1.0037945015070862,1.0,0.3846192971254006,1.1984772922924665,1.0,0.3846192971254006,0.0,0.0,1.0,0.008192445,0.008192445,0.957719088,0.957719088,-0.3846192971254006,-1
2024-02-09,78.56999969482422,78.58000183105469,76.87000274658203,77.0999984741211,77.0999984741211,5330000.0,-1.5325728363554374,1.169093471780311,0.9259709202070356,1.406205978119201,1.1969199437142035,77.94400024414062,77.80800018310546,76.2783327738444,74.05499992370605,71.07209957122802,77.76742490794054,77.67755713716781,76.35408722312438,74.34976387954934,72.46706970971628,77.5821713989572,76.65059034438033,0.931581054576867,1.074750834496108,-0.7392992297082098,-0.7392992297082098,-0.7392992297082098,-0.7392992297082098,0.7392992297082098,-0.7392992297082098,-0.7392992297082098,-0.7392992297082098,0.7392992297082098,1.339996337890625,1.3679996490478517,78.58000183105469,75.4326040649414,75.72600402832032,76.01940399169922,0.0,1.0200537604013493,1.5325728363554374,1.0,-1.5325728363554374,1.0011569335350496,1.0,-1.5325728363554374,1.1748538283651242,1.0,-1.5325728363554374,0.0,0.0,0.0,0.0,0.0,0.0,0.0,1.5325728363554374,1
2024-02-12,76.73999786376953,76.87999725341797,75.54000091552734,76.52999877929688,76.52999877929688,5249600.0,-0.7392992297082098,1.1937188965670755,0.9065303792705268,1.0617243546675934,1.1645487791354705,77.73200073242188,77.67399978637695,76.30133285522462,74.20749994913737,71.13649959564209,77.35494953172599,77.46891016300945,76.36543635578067,74.42124699101647,72.54752375069808,77.42029868824022,76.64165763585564,0.7786410523845859,1.0155288780738037,-1.345875860088885,-1.345875860088885,-1.345875860088885,-1.345875860088885,1.345875860088885,1.345875860088885,-1.345875860088885,-1.345875860088885,1.345875860088885,1.279998779296875,1.3299995422363282,76.87999725341797,75.57040260314942,75.84400253295898,76.11760246276856,0.0,1.0179900780207451,0.7392992297082098,1.0,-0.7392992297082098,0.9985289501163284,-1.0,-0.7392992297082098,0.9117044933538884,-1.0,-0.7392992297082098,0.0,0.0,1.0,0.007200546,0.007200546,0.987515926,0.987515926,-0.7392992297082098,-1
2024-02-13,75.54000091552734,76.06999969482422,74.79000091552734,75.5,75.5,3214900.0,-1.345875860088885,0.750448898926741,0.980267929532276,0.9785997673526502,1.1688807841219455,77.08600006103515,77.46399993896485,76.3003328959147,74.32566655476889,71.19639957427978,76.73663302115067,77.11092649700774,76.30960175218193,74.4566159421307,72.60598862692189,77.12486812081865,76.55709040357004,0.5677777172486032,0.9259786459087636,-1.6423812765159356,1.6423812765159356,1.6423812765159356,1.6423812765159356,-1.6423812765159356,-1.6423812765159356,1.6423812765159356,1.6423812765159356,-1.6423812765159356,1.0400009155273438,1.3309993743896484,76.06999969482422,73.95399826049805,74.21999816894531,74.48599807739258,1.0,1.0152511397904065,1.345875860088885,1.0,-1.345875860088885,0.9951460384038883,-1.0,1.345875860088885,0.8372109291605534,-1.0,1.345875860088885,0.0,0.0,0.0,0.0,0.0,0.0,0.0,1.345875860088885,1
2024-02-14,75.91000366210938,76.83000183105469,75.79000091552734,76.73999786376953,76.73999786376953,2729600.0,1.6423812765159356,1.327213011710891,1.138774633357272,1.0359179248738344,1.184152708272895,76.83399963378906,77.42599945068359,76.3783327738444,74.46333312988281,71.27169956207275,76.73775463535696,77.04348492732805,76.33736924325211,74.53148092316803,72.68785019596837,77.06565731204186,76.57063910432556,0.4950182077162992,0.8397865582702708,-1.667968223779672,1.667968223779672,1.667968223779672,1.667968223779672,-1.667968223779672,-1.667968223779672,1.667968223779672,1.667968223779672,-1.667968223779672,0.9500045776367188,1.3044994354248047,76.83000183105469,73.141801071167,73.40800094604492,73.67420082092285,1.0,1.0137168047375598,-1.6423812765159356,1.0,1.6423812765159356,0.9960317177726388,-1.0,-1.6423812765159356,0.8748178487762246,-1.0,-1.6423812765159356,0.0,0.0,0.0,0.0,0.0,0.0,0.0,1.6423812765159356,1
2024-02-15,77.13999938964844,78.04000091552734,77.08999633789062,78.0199966430664,78.0199966430664,4396200.0,1.667968223779672,1.594314913614674,1.2245229395593673,1.0946827085321544,1.1868535827768936,76.77799835205079,77.43999938964843,76.52333272298178,74.60483309427897,71.3557995223999,77.16516863792678,77.22103251200775,76.44592584969176,74.64585848775486,72.79343725432675,77.2124787475841,76.67799892201008,0.5344798255740244,0.7787252117310216,1.3073528415193194,-1.3073528415193194,-1.3073528415193194,-1.3073528415193194,1.3073528415193194,1.3073528415193194,-1.3073528415193194,-1.3073528415193194,1.3073528415193194,0.9199981689453124,1.2719993591308594,78.04000091552734,73.96010307312012,74.22100296020508,74.48190284729004,0.0,1.0119789172014375,-1.667968223779672,1.0,1.667968223779672,0.999276571780204,-1.0,-1.667968223779672,0.922340147443389,-1.0,-1.667968223779672,0.0,0.0,3.0,0.01844359,0.0088632706666666,0.977606893,0.9088516636666668,1.667968223779672,1
2024-02-16,77.5199966430664,77.77999877929688,76.86000061035156,77.0,77.0,2125900.0,-1.3073528415193194,1.5447734646324045,1.295077289002874,1.0853525700428002,1.2023584405822365,76.75799865722657,77.35099945068359,76.63699951171876,74.72483304341634,71.42849948883057,77.11011242528453,77.18084478255179,76.48167256906649,74.72304345536945,72.87673552651829,77.17978970949423,76.70185085371304,0.4779388557811899,0.7185679405410553,0.3376651119876217,-0.3376651119876217,-0.3376651119876217,-0.3376651119876217,0.3376651119876217,0.3376651119876217,-0.3376651119876217,-0.3376651119876217,0.3376651119876217,1.029998779296875,1.2919994354248048,77.77999877929688,75.24160232543946,75.49600219726562,75.75040206909179,0.0,1.0093166478791442,1.3073528415193194,1.0,-1.3073528415193194,0.9990835503619254,-1.0,1.3073528415193194,0.9026863649056459,-1.0,1.3073528415193194,0.0,0.0,0.0,0.0,0.0,0.0,0.0,-1.3073528415193194,1
2024-02-20,76.91000366210938,77.38999938964844,76.36000061035156,76.73999786376953,76.73999786376953,4622000.0,-0.3376651119876217,1.5077876903503449,1.2940317676539133,1.081553825595898,1.2024847586019496,76.7999984741211,77.26599960327148,76.76699956258138,74.83299967447917,71.50949947357178,76.98674090477954,77.10069079731865,76.49833871711186,74.78917310810387,72.9532357708203,77.11212942553658,76.70467655816167,0.4074528673749142,0.6563449259078272,-0.9512684092453472,0.9512684092453472,0.9512684092453472,0.9512684092453472,-0.9512684092453472,-0.9512684092453472,0.9512684092453472,0.9512684092453472,-0.9512684092453472,1.4099960327148438,1.3214992523193358,77.38999938964844,74.9376000213623,75.19599990844726,75.45439979553223,1.0,1.0065001894503292,0.3376651119876217,1.0,-0.3376651119876217,0.9985220639223757,-1.0,0.3376651119876217,0.8994324608765519,-1.0,0.3376651119876217,0.0,0.0,0.0,0.0,0.0,0.0,0.0,-0.3376651119876217,-1
2024-02-21,76.25,77.52999877929688,76.12000274658203,77.47000122070312,77.47000122070312,3507500.0,0.9512684092453472,1.307508695335887,1.2330503533187571,1.1023237164248456,1.2030751743260315,77.19399871826172,77.13999938964844,76.89299952189127,74.94283307393393,71.60219951629638,77.14782767675408,77.16783814702491,76.56102662056936,74.87706911179565,73.04267667081798,77.16718662479298,76.76136727390548,0.4058193508874979,0.6062398109037614,2.568733487043916,2.568733487043916,2.568733487043916,2.568733487043916,-2.568733487043916,-2.568733487043916,2.568733487043916,2.568733487043916,-2.568733487043916,1.55999755859375,1.3584991455078126,77.52999877929688,74.4827010345459,74.74700088500977,75.01130073547364,1.0,1.003212254292237,-0.9512684092453472,1.0,0.9512684092453472,0.9997406889871308,-1.0,-0.9512684092453472,0.916255060322704,-1.0,-0.9512684092453472,0.0,0.0,0.0,0.0,0.0,0.0,0.0,-0.9512684092453472,1
2024-02-22,78.4000015258789,79.68000030517578,78.12000274658203,79.45999908447266,79.45999908447266,3771500.0,2.568733487043916,1.5490407094877032,1.4636170213865782,1.237482219614876,1.242456856325174,77.73799896240234,77.2859992980957,77.10299936930339,75.08099975585938,71.7183995437622,77.91855147932694,77.58459468110632,76.74805710211152,75.02732911089981,73.16975236217749,77.51992700320524,76.9612659265401,0.5586610766651461,0.5967240640560384,0.4530589158059914,0.4530589158059914,0.4530589158059914,0.4530589158059914,-0.4530589158059914,0.4530589158059914,0.4530589158059914,0.4530589158059914,-0.4530589158059914,0.6599960327148438,1.3469989776611329,79.68000030517578,74.54130065917968,74.81300048828125,75.08470031738281,1.0,1.002373447599824,-2.568733487043916,1.0,2.568733487043916,1.0043044215103947,1.0,-2.568733487043916,0.9959961292136843,-1.0,-2.568733487043916,0.0,0.0,0.0,0.0,0.0,0.0,0.0,2.568733487043916,1
2024-02-23,79.5999984741211,80.08999633789062,79.43000030517578,79.81999969482422,79.81999969482422,3858300.0,0.4530589158059914,1.4532548094602773,1.464760633321295,1.1826702210861106,1.238930415853145,78.0979995727539,77.43799896240235,77.31866607666015,75.23183314005534,71.83919956207275,78.55236755115936,77.99103195632776,76.94624694680266,75.18446585135635,73.3014404281705,77.87378434037738,77.17302398345004,0.7007603569273471,0.6175313226303001,-0.3883707839876767,-0.3883707839876767,-0.3883707839876767,-0.3883707839876767,0.3883707839876767,-0.3883707839876767,-0.3883707839876767,-0.3883707839876767,-0.3883707839876767,0.9900054931640624,1.3039993286132812,80.08999633789062,76.71660255432128,76.98600234985352,77.25540214538574,0.0,1.001543390384204,-0.4530589158059914,1.0,0.4530589158059914,1.0071974377149662,1.0,0.4530589158059914,0.9545897057275063,-1.0,-0.4530589158059914,0.0,1.0,0.0,0.119927958,0.119927958,0.04032794,0.04032794,0.4530589158059914,-1
2024-02-26,79.58000183105469,79.94000244140625,78.94999694824219,79.51000213623047,79.51000213623047,3442500.0,-0.3883707839876767,1.2108655094196383,1.3547628266559448,1.1424702717039044,1.2392185450840274,78.6,77.67899932861329,77.4729995727539,75.36866645812988,71.95669956207276,78.87157907951641,78.2672083526737,77.11165050741091,75.3262867131555,73.42438224417168,78.125510155124,77.3461334762486,0.7793766788754084,0.6499003938793217,-0.4653537122890245,-0.4653537122890245,-0.4653537122890245,-0.4653537122890245,0.4653537122890245,-0.4653537122890245,-0.4653537122890245,-0.4653537122890245,-0.4653537122890245,1.0400009155273438,1.2954994201660155,79.94000244140625,77.2211978149414,77.48199768066407,77.74279754638673,0.0,1.0026589877376044,-0.3883707839876767,1.0,-0.3883707839876767,1.0077218894037896,1.0,-0.3883707839876767,0.9219279974755681,-1.0,0.3883707839876767,0.0,0.0,0.0,0.0,0.0,0.0,0.0,0.3883707839876767,1
2024-02-27,79.5999984741211,79.79000091552734,78.75,79.13999938964844,79.13999938964844,1779700.0,-0.4653537122890245,1.2379317255244484,1.3336469572258252,1.140699194376666,1.218554822352529,79.08000030517579,77.93999938964843,77.51199951171876,75.51899973551433,72.07509952545166,78.96105251622708,78.42589763212365,77.24251172561979,75.45132647304051,73.53756278170587,78.28158542197392,77.47901243279674,0.8025729891771789,0.6804349129388931,-0.8339601185303669,-0.8339601185303669,-0.8339601185303669,-0.8339601185303669,0.8339601185303669,-0.8339601185303669,-0.8339601185303669,-0.8339601185303669,-0.8339601185303669,0.8499984741210938,1.300999069213867,79.79000091552734,77.08990371704101,77.34900360107422,77.60810348510742,0.0,1.0055217241282102,-0.4653537122890245,1.0,-0.4653537122890245,1.0068237011020735,1.0,-0.4653537122890245,0.9361082271000694,-1.0,0.4653537122890245,0.0,0.0,0.0,0.0,0.0,0.0,0.0,-0.4653537122890245,-1
2024-02-28,78.94000244140625,79.08000183105469,78.2300033569336,78.4800033569336,78.4800033569336,3095800.0,-0.8339601185303669,1.3702701205715195,1.2698799323355132,1.155557263913601,1.2257506860233147,79.28200073242188,78.2379997253418,77.5879997253418,75.65399983723958,72.18449954986572,78.80070279646259,78.43573503663454,77.32234989538199,75.55062735447962,73.63543289210642,78.31211125812155,77.55315990865873,0.7589513494628193,0.6961382002436783,0.6880648101872244,0.6880648101872244,0.6880648101872244,0.6880648101872244,-0.6880648101872244,0.6880648101872244,0.6880648101872244,0.6880648101872244,0.6880648101872244,1.2599945068359375,1.277499008178711,79.08000183105469,76.92780296325684,77.18800277709961,77.44820259094239,1.0,1.0083775841921556,-0.8339601185303669,1.0,-0.8339601185303669,1.0046530801255014,1.0,-0.8339601185303669,0.9427343399354389,-1.0,0.8339601185303669,0.0,0.0,0.0,0.0,0.0,0.0,0.0,0.8339601185303669,1
2024-02-29,79.37999725341797,79.69999694824219,78.44000244140625,79.0199966430664,79.0199966430664,6272400.0,0.6880648101872244,0.6484260223550267,1.199645568374179,1.1519440193389934,1.2261567196624514,79.19400024414062,78.46599960327148,77.69866638183593,75.79066645304361,72.29769954681396,78.87380074533053,78.54196441962215,77.4318754920068,75.66437716722017,73.7420579168779,78.42101670195922,77.66181448157782,0.7592022203813968,0.7087510042712221,-0.5188509872593354,-0.5188509872593354,-0.5188509872593354,-0.5188509872593354,0.5188509872593354,-0.5188509872593354,-0.5188509872593354,-0.5188509872593354,-0.5188509872593354,0.9899978637695312,1.2564990997314454,79.69999694824219,76.26950401306152,76.52500381469727,76.78050361633301,0.0,1.009875757939842,0.6880648101872244,1.0,0.6880648101872244,1.0042249557693197,1.0,0.6880648101872244,0.9394753548764239,-1.0,-0.6880648101872244,0.0,0.0,0.0,0.0,0.0,0.0,0.0,0.6880648101872244,-1
2024-03-01,78.9000015258789,79.5199966430664,78.52999877929688,78.61000061035156,78.61000061035156,4516500.0,-0.5188509872593354,0.5797336120011273,1.1191131972700763,1.1420817622547954,1.2289313454873845,78.95200042724609,78.525,77.79699961344402,75.91483306884766,72.40539958953858,78.78586736700422,78.5543346361184,77.50788356415808,75.76095498502775,73.83845282169915,78.4500911494042,77.73205049111661,0.7180406582875918,0.7106089350744961,0.5978898575930478,0.5978898575930478,0.5978898575930478,0.5978898575930478,-0.5978898575930478,0.5978898575930478,0.5978898575930478,0.5978898575930478,0.5978898575930478,1.1999969482421875,1.2639991760253906,79.5199966430664,76.935698928833,77.1869987487793,77.43829856872559,1.0,1.0093576923296947,-0.5188509872593354,1.0,-0.5188509872593354,1.002947421449858,1.0,-0.5188509872593354,0.9293291821780775,-1.0,0.5188509872593354,0.0,0.0,0.0,0.0,0.0,0.0,0.0,0.5188509872593354,1
2024-03-04,78.51000213623047,79.68000030517578,78.4800033569336,79.08000183105469,79.08000183105469,7360000.0,0.5978898575930478,0.6991970108336459,1.0137142231619654,1.1484783123710915,1.2114504328658708,78.86600036621094,78.73300018310547,77.87033309936524,76.06399981180827,72.51439960479736,78.88391218835437,78.64991048974318,77.60931054911914,75.86977619309421,73.94224587138936,78.54700048504274,77.83189873851943,0.7151017465233167,0.7115074973642602,-1.643908727436703,-1.643908727436703,-1.643908727436703,-1.643908727436703,1.643908727436703,-1.643908727436703,-1.643908727436703,-1.643908727436703,-1.643908727436703,1.44000244140625,1.2799991607666017,79.68000030517578,76.73919845581055,76.99199829101562,77.2447981262207,0.0,1.0110782508486182,0.5978898575930478,1.0,0.5978898575930478,1.0029752315947227,1.0,0.5978898575930478,0.9480192348061578,-1.0,-0.5978898575930478,0.0,0.0,0.0,0.0,0.0,0.0,0.0,0.5978898575930478,1
2024-03-05,78.62999725341797,78.9800033569336,77.54000091552734,77.77999877929688,77.77999877929688,4556100.0,-1.643908727436703,0.989026504320228,1.1726314929897743,1.208359948823477,1.234555857748313,78.59400024414063,78.83700027465821,77.88733317057292,76.19166641235351,72.61359958648681,78.51594105200188,78.49174472420748,77.62032269300158,75.93240644182215,74.01824097847664,78.4290002226203,77.82805429709553,0.6009459255247691,0.689395182996362,1.4013838454581655,-1.4013838454581655,-1.4013838454581655,-1.4013838454581655,1.4013838454581655,-1.4013838454581655,-1.4013838454581655,-1.4013838454581655,1.4013838454581655,2.5699996948242188,1.349999237060547,78.9800033569336,76.86400215148926,77.12000198364258,77.3760018157959,0.0,1.0121928311758412,-1.643908727436703,1.0,-1.643908727436703,1.0003082658931766,1.0,-1.643908727436703,0.9787811067758294,-1.0,1.643908727436703,0.0,0.0,0.0,0.0,0.0,0.0,0.0,-1.643908727436703,1
2024-03-06,78.55000305175781,78.94999694824219,76.37999725341797,76.69000244140625,76.69000244140625,6748900.0,-1.4013838454581655,1.0872437022578112,1.2267312037577496,1.1974869270902628,1.2508205934653136,78.23600006103516,78.75900039672851,77.87333323160807,76.2961664835612,72.69709964752197,77.90729484847,78.16415521824361,77.56030203160833,75.95724565492327,74.0711471460594,78.16146210243352,77.74375415963708,0.4177079427964401,0.6350577349563777,-1.00403783877137,1.00403783877137,1.00403783877137,1.00403783877137,-1.00403783877137,-1.00403783877137,1.00403783877137,1.00403783877137,-1.00403783877137,0.9099960327148438,1.2224990844726562,78.94999694824219,76.0100050354004,76.2800048828125,76.55000473022461,1.0,1.0113731765209835,1.4013838454581655,1.0,-1.4013838454581655,0.9967138342497732,-1.0,-1.4013838454581655,0.9573610582895078,-1.0,1.4013838454581655,0.0,0.0,0.0,0.0,0.0,0.0,0.0,-1.4013838454581655,1
2024-03-07,77.05000305175781,77.95999908447266,77.05000305175781,77.45999908447266,77.45999908447266,4783700.0,1.00403783877137,1.1759065627962668,0.9075766330910132,1.2071682610431649,1.255088983261926,77.9240005493164,78.55900039672852,77.89033330281576,76.41499977111816,72.81209964752198,77.7581962604709,78.03612683028526,77.55383087372861,76.00651625917078,74.13825312503788,78.05354471505493,77.72273526518046,0.3308094498744651,0.5742080779399953,0.8907855016287566,-0.8907855016287566,-0.8907855016287566,-0.8907855016287566,0.8907855016287566,0.8907855016287566,-0.8907855016287566,-0.8907855016287566,0.8907855016287566,0.94000244140625,1.2044990539550782,77.95999908447266,76.26049896240234,76.50499877929687,76.7494985961914,0.0,1.0085847250301674,-1.00403783877137,1.0,1.00403783877137,0.9964384371559238,-1.0,-1.00403783877137,0.9618188647515515,-1.0,-1.00403783877137,0.0,1.0,0.0,0.006094339,0.006094339,0.418005228,0.418005228,1.00403783877137,1
2024-03-08,77.19000244140625,77.52999877929688,76.58999633789062,76.7699966430664,76.7699966430664,5061500.0,-0.8907855016287566,1.197468586465929,0.8911055321324634,1.2178734158350706,1.2410051991510338,77.55599975585938,78.25400009155274,77.8393330891927,76.49983304341634,72.92199962615967,77.42879638800274,77.8059213417,77.50326092336331,76.03154840290506,74.19036685806815,77.85607578090284,77.65216203391276,0.2039137469900822,0.5001492117500127,-0.2474957010740084,0.2474957010740084,0.2474957010740084,0.2474957010740084,-0.2474957010740084,-0.2474957010740084,0.2474957010740084,0.2474957010740084,-0.2474957010740084,0.8499984741210938,1.1614990234375,77.52999877929688,75.31010116577148,75.5510009765625,75.79190078735351,1.0,1.0053272167926322,0.8907855016287566,1.0,-0.8907855016287566,0.9951530044604054,-1.0,0.8907855016287566,0.9813604460869402,-1.0,0.8907855016287566,0.0,0.0,1.0,0.005707326,0.005707326,0.957295239,0.957295239,-0.8907855016287566,1
2024-03-11,76.8499984741211,77.30999755859375,76.45999908447266,76.95999908447266,76.95999908447266,3015600.0,0.2474957010740084,1.1278077881853696,0.9132701802022272,1.1711722494895629,1.2400428152200038,77.13199920654297,77.99899978637696,77.82866643269857,76.58166631062825,73.02389965057372,77.27253062015939,77.65211729493139,77.46821177246714,76.06198940885808,74.24521106057121,77.7182178276059,77.6008907043246,0.1173271232812993,0.4235847940562701,-0.1689153520847648,0.1689153520847648,0.1689153520847648,0.1689153520847648,-0.1689153520847648,-0.1689153520847648,0.1689153520847648,0.1689153520847648,-0.1689153520847648,0.6899948120117188,1.1289989471435546,77.30999755859375,74.97470092773438,75.20700073242188,75.43930053710938,1.0,1.002188568319177,-0.2474957010740084,1.0,0.2474957010740084,0.9951117021918374,-1.0,-0.2474957010740084,0.9444611388533208,-1.0,-0.2474957010740084,0.0,0.0,0.0,0.0,0.0,0.0,0.0,0.2474957010740084,1
2024-03-12,76.9000015258789,77.41999816894531,76.7300033569336,77.08999633789062,77.08999633789062,2575700.0,0.1689153520847648,0.9621947154474612,0.9241433263850424,1.1586445133660654,1.2253644247979243,76.99399871826172,77.79399948120117,77.80266621907552,76.6468329111735,73.12309963226318,77.21168585940313,77.54991348456034,77.44381077668801,76.09569455407225,74.3015434423003,77.6215683676497,77.56304667718133,0.0585216904683676,0.3505721733386896,0.0908025660260838,0.0908025660260838,-0.0908025660260838,-0.0908025660260838,0.0908025660260838,0.0908025660260838,-0.0908025660260838,-0.0908025660260838,0.0908025660260838,0.6100006103515625,1.095499038696289,77.41999816894531,74.82619987487793,75.05199966430663,75.27779945373535,0.0,0.9998886061584323,-0.1689153520847648,-1.0,0.1689153520847648,0.9956385815282109,-1.0,-0.1689153520847648,0.9455509642016401,-1.0,-0.1689153520847648,0.0,0.0,0.0,0.0,0.0,0.0,0.0,0.1689153520847648,-1
2024-03-13,77.13999938964844,77.37000274658203,76.76000213623047,77.0199966430664,77.0199966430664,4120900.0,-0.0908025660260838,0.6821111806730842,0.9023262553514032,1.1125436752661166,1.198324888804633,77.05999755859375,77.64799880981445,77.78333282470703,76.68583285013834,73.23299961090088,77.14778945395756,77.45356496792508,77.4164679293576,76.12599954059664,74.35537419875111,77.52901887155997,77.52282074872838,0.0061981228315914,0.28169736323727,0.8699015815987159,0.8699015815987159,-0.8699015815987159,-0.8699015815987159,0.8699015815987159,0.8699015815987159,-0.8699015815987159,-0.8699015815987159,0.8699015815987159,1.2600021362304688,1.1064990997314452,77.37000274658203,75.00990028381348,75.22900009155273,75.44809989929199,0.0,0.9982601155031815,0.0908025660260838,-1.0,0.0908025660260838,0.9960521440931203,-1.0,0.0908025660260838,0.9284157290398217,-1.0,0.0908025660260838,0.0,0.0,0.0,0.0,0.0,0.0,0.0,0.0908025660260838,-1
2024-03-14,76.94999694824219,77.13999938964844,75.87999725341797,76.3499984741211,76.3499984741211,3635500.0,-0.8699015815987159,0.555960673160212,0.8689189597816128,1.070943698482553,1.1767312674314436,76.83799743652344,77.38099899291993,77.757666015625,76.6888328552246,73.34209957122803,76.88185912734541,77.25291651450617,77.3476634483746,76.13334376792531,74.39487170915447,77.34763111810783,77.43594502468339,-0.0883139065755642,0.2076951092747032,1.3359484786527338,1.3359484786527338,-1.3359484786527338,-1.3359484786527338,1.3359484786527338,1.3359484786527338,1.3359484786527338,-1.3359484786527338,1.3359484786527338,1.44000244140625,1.1309989929199218,77.13999938964844,74.93570472717285,75.15700454711914,75.37830436706543,0.0,0.9951558856894008,0.8699015815987159,-1.0,0.8699015815987159,0.9951968494666336,-1.0,0.8699015815987159,0.9101004860865111,-1.0,0.8699015815987159,0.0,0.0,0.0,0.0,0.0,0.0,0.0,0.8699015815987159,-1
2024-03-15,76.25,76.56999969482422,75.12999725341797,75.33000183105469,75.33000183105469,6883400.0,-1.3359484786527338,0.6950642144511965,0.9242885811658846,1.0316701913045438,1.1886550771460684,76.5499984741211,77.05299911499023,77.67266616821288,76.67933286031088,73.43799961090087,76.36457336191518,76.90329566296953,77.21749173112816,76.10700468802791,74.41338913731092,77.03722661240734,77.27994923256274,-0.2427226201554049,0.1176115633886815,0.3186054524495187,0.3186054524495187,-0.3186054524495187,-0.3186054524495187,0.3186054524495187,0.3186054524495187,0.3186054524495187,-0.3186054524495187,0.3186054524495187,1.05999755859375,1.1379989624023437,76.56999969482422,74.6518016052246,74.8780014038086,75.10420120239257,0.0,0.9920220705198832,1.3359484786527338,-1.0,1.3359484786527338,0.9929948086566366,-1.0,1.3359484786527338,0.8679306647825529,-1.0,1.3359484786527338,0.0,0.0,0.0,0.0,0.0,0.0,0.0,1.3359484786527338,-1
2024-03-18,75.87000274658203,76.06999969482422,75.01000213623047,75.08999633789062,75.08999633789062,11544200.0,-0.3186054524495187,0.6088627695426905,0.8548119433888656,0.9974343898260354,1.1866567681026972,76.17599792480469,76.65399856567383,77.5793327331543,76.6736661275228,73.53869960784913,75.939714353907,76.57360487659155,77.08023396382252,76.07366015195784,74.42678729969863,76.73765272402015,77.11773049962407,-0.3800777756039224,0.0180736955901607,0.585956630004117,0.585956630004117,-0.585956630004117,-0.585956630004117,0.585956630004117,0.585956630004117,0.585956630004117,-0.585956630004117,0.585956630004117,0.8400039672851562,1.1284992218017578,76.06999969482422,74.06640197753906,74.29400177001953,74.5216015625,0.0,0.9880724139422119,0.3186054524495187,-1.0,0.3186054524495187,0.9917218142765232,-1.0,0.3186054524495187,0.8405416095344885,-1.0,0.3186054524495187,0.0,0.0,0.0,0.0,0.0,0.0,0.0,0.3186054524495187,-1
2024-03-19,74.83000183105469,75.37000274658203,74.52999877929688,74.6500015258789,74.6500015258789,7622500.0,-0.585956630004117,0.4860637019919328,0.7594559982177377,1.001811198146079,1.1641128907600782,75.68799896240235,76.34099884033203,77.48133290608725,76.68399950663249,73.63369960784912,75.50981007789764,76.22385881282561,76.92344477427778,76.02698281995525,74.43120738338537,76.4164756166138,76.93493576082813,-0.5184601442143304,-0.0892330723707374,-0.6697923506761954,-0.6697923506761954,0.6697923506761954,0.6697923506761954,-0.6697923506761954,-0.6697923506761954,-0.6697923506761954,0.6697923506761954,-0.6697923506761954,1.470001220703125,1.1314994812011718,75.37000274658203,73.58730140686035,73.8130012512207,74.03870109558106,1.0,0.9852824671054978,0.585956630004117,-1.0,0.585956630004117,0.9906322148202785,-1.0,0.585956630004117,0.8605790779380269,-1.0,0.585956630004117,0.0,0.0,2.0,0.00316512,0.0026229935,0.987074733,0.983406544,0.585956630004117,1
2024-03-20,74.47000122070312,75.4000015258789,73.93000030517578,75.1500015258789,75.1500015258789,6438600.0,0.6697923506761954,0.7489390003589347,0.7404114485427554,0.987651151864169,1.1669734970726997,75.31399993896484,76.1869987487793,77.36199951171875,76.70049947102865,73.74429965972901,75.3898738938914,76.02861203338075,76.8090290808327,75.99822933490357,74.44544093076148,76.22163344880843,76.80271841009115,-0.5810849612827127,-0.1876034501531325,3.4198265371148464,3.4198265371148464,-3.4198265371148464,-3.4198265371148464,3.4198265371148464,3.4198265371148464,3.4198265371148464,-3.4198265371148464,3.4198265371148464,3.2899932861328125,1.217999267578125,75.4000015258789,72.88070388793945,73.10700378417968,73.33330368041992,0.0,0.9848116546837513,-0.6697923506761954,-1.0,-0.6697923506761954,0.9915987136631021,-1.0,-0.6697923506761954,0.8463355460442309,-1.0,-0.6697923506761954,0.0,0.0,0.0,0.0,0.0,0.0,0.0,0.6697923506761954,-1
2024-03-21,73.4800033569336,75.69999694824219,72.41000366210938,72.58000183105469,72.58000183105469,7625100.0,-3.4198265371148464,1.5323463141307454,1.14953342909848,1.0278538296350963,1.236161302016355,74.56000061035157,75.6989990234375,77.18133290608723,76.65766614278158,73.8358996963501,74.45324987294583,75.40159199659419,76.5361886131051,75.8861563019905,74.40850154264848,75.66138243069247,76.48992458942178,-0.8285421587293058,-0.3157911918683672,0.936897613696161,0.936897613696161,-0.936897613696161,-0.936897613696161,0.936897613696161,0.936897613696161,0.936897613696161,-0.936897613696161,0.936897613696161,1.0200042724609375,1.2359996795654298,75.69999694824219,72.72040313720703,72.96400299072266,73.20760284423828,0.0,0.9807941398932121,3.4198265371148464,-1.0,3.4198265371148464,0.987422783809509,-1.0,3.4198265371148464,0.8314884375999478,-1.0,3.4198265371148464,0.0,0.0,0.0,0.0,0.0,0.0,0.0,3.4198265371148464,-1
2024-03-22,72.61000061035156,72.62000274658203,71.5999984741211,71.9000015258789,71.9000015258789,5802200.0,-0.936897613696161,1.5206991703929928,1.1507316428515697,1.01066053000741,1.2397750925118114,73.8740005493164,75.21199951171874,76.96799952189127,76.59816614786784,73.92189971923828,73.6021670905902,74.76493918373686,76.23707976876793,75.75546270277373,74.35882827498968,75.08270844533654,76.1499302884186,-1.0672218430820664,-0.4660773221111071,-0.1529911098986139,-0.1529911098986139,0.1529911098986139,0.1529911098986139,0.1529911098986139,-0.1529911098986139,-0.1529911098986139,0.1529911098986139,-0.1529911098986139,0.7699966430664062,1.224999237060547,72.62000274658203,72.98079765319824,73.22799758911133,73.47519752502441,1.0,0.9771853234970322,0.936897613696161,-1.0,0.936897613696161,0.9844476287168626,-1.0,0.936897613696161,0.815196672454348,-1.0,0.936897613696161,0.0,0.0,0.0,0.0,0.0,0.0,0.0,0.936897613696161,-1
2024-03-25,72.0,72.55999755859375,71.79000091552734,72.01000213623047,72.01000213623047,4257400.0,0.1529911098986139,1.580636987231568,1.1429293323120802,1.021456687796368,1.239712958021858,73.25800170898438,74.71699981689453,76.79833297729492,76.53833287556967,74.00449974060058,73.07144543913697,74.26404153873568,75.96436508279778,75.63266071698543,74.31231686630137,74.60998439778176,75.84326894381208,-1.233284546030319,-0.6195187668949496,-0.5415905819730794,-0.5415905819730794,0.5415905819730794,0.5415905819730794,0.5415905819730794,-0.5415905819730794,-0.5415905819730794,0.5415905819730794,-0.5415905819730794,0.6399993896484375,1.2049991607666015,72.55999755859375,69.92500442504883,70.17000427246094,70.41500411987305,1.0,0.9728987195462208,-0.1529911098986139,-1.0,-0.1529911098986139,0.9839411365865852,-1.0,-0.1529911098986139,0.8239461249370583,-1.0,-0.1529911098986139,0.0,0.0,0.0,0.0,0.0,0.0,0.0,-0.1529911098986139,-1
2024-03-26,72.25,72.55000305175781,71.91000366210938,72.4000015258789,72.4000015258789,5329800.0,0.5415905819730794,1.6990811693113956,1.1783652240542402,1.0471832908680672,1.2412477756503757,72.80800170898438,74.24800033569336,76.660666402181,76.4809996287028,74.08379974365235,72.84763080138428,73.92512517276172,75.73440614364173,75.52667189104751,74.27444923579796,74.26998703287363,75.58821209803925,-1.3182250651656204,-0.7592600265490838,-1.6850845234679224,-1.6850845234679224,1.6850845234679224,1.6850845234679224,1.6850845234679224,-1.6850845234679224,-1.6850845234679224,1.6850845234679224,-1.6850845234679224,0.7399978637695312,1.1994991302490234,72.55000305175781,69.90899940490722,70.14999923706054,70.39099906921386,1.0,0.968527979474765,-0.5415905819730794,-1.0,-0.5415905819730794,0.9854245174579095,-1.0,-0.5415905819730794,0.8436537099286041,-1.0,-0.5415905819730794,0.0,0.0,0.0,0.0,0.0,0.0,0.0,-0.5415905819730794,-1
2024-03-27,72.91000366210938,73.6500015258789,72.91000366210938,73.62000274658203,73.62000274658203,2880900.0,1.6850845234679224,1.933098261592221,1.3829358071550188,1.144155202220093,1.2608355717742732,72.502001953125,73.90800094604492,76.59799982706706,76.44916636149088,74.17039978027344,73.1050881164502,73.86964836800178,75.59799302125079,75.46415814860602,74.26148989937785,74.16998945036723,75.44241881274613,-1.272429362378901,-0.8618938937150473,0.4482502292082684,0.4482502292082684,-0.4482502292082684,-0.4482502292082684,-0.4482502292082684,0.4482502292082684,0.4482502292082684,-0.4482502292082684,0.4482502292082684,0.9300003051757812,1.1829994201660157,73.6500015258789,69.91110496520996,70.15100479125977,70.39090461730957,0.0,0.9648816041268015,-1.6850845234679224,-1.0,-1.6850845234679224,0.9896498728714301,-1.0,-1.6850845234679224,0.907457901596173,-1.0,-1.6850845234679224,0.0,0.0,0.0,0.0,0.0,0.0,0.0,-1.6850845234679224,1
2024-03-28,73.4000015258789,74.06999969482422,73.13999938964844,73.29000091552734,73.29000091552734,11104800.0,-0.4482502292082684,1.0046303471095306,1.3748360507537176,1.1197902275683935,1.2474389580452256,72.64400177001953,73.60200119018555,76.48299992879232,76.43066635131837,74.26679977416993,73.1667257161426,73.76425792209733,75.44909030475252,75.39287430489851,74.24225249375704,74.0346065988534,75.28298044998918,-1.2483738511357814,-0.9391898851991942,2.101242865725052,2.101242865725052,-2.101242865725052,-2.101242865725052,-2.101242865725052,2.101242865725052,2.101242865725052,-2.101242865725052,2.101242865725052,1.1800003051757812,1.192499542236328,74.06999969482422,71.04740280151367,71.28400268554688,71.52060256958008,0.0,0.9623315149603302,0.4482502292082684,-1.0,0.4482502292082684,0.9918994344580028,-1.0,0.4482502292082684,0.8976713612689622,-1.0,0.4482502292082684,0.0,1.0,1.0,0.016990736,0.00939194,0.99365896,0.571512878,-0.4482502292082684,1
2024-04-01,72.7300033569336,72.73999786376953,71.55999755859375,71.75,71.75,5095300.0,-2.101242865725052,1.3934326413896234,1.451889033111815,1.184895662026739,1.270277442395756,72.61400146484375,73.24400100708007,76.2740000406901,76.39866638183594,74.32159980773926,72.69448381076174,73.39802920898872,75.21043931734913,75.27343580309855,74.19290095922719,73.68312866056826,75.02127819443443,-1.3381495338661722,-1.0189818149325898,0.0975605502776568,0.0975605502776568,0.0975605502776568,-0.0975605502776568,-0.0975605502776568,0.0975605502776568,0.0975605502776568,0.0975605502776568,0.0975605502776568,0.649993896484375,1.1649993896484374,72.73999786376953,71.4465007019043,71.68500061035157,71.92350051879883,0.0,0.9602748114430395,2.101242865725052,-1.0,2.101242865725052,0.9904146554640623,-1.0,2.101242865725052,0.932784935385465,-1.0,2.101242865725052,0.0,0.0,1.0,0.000905073,0.000905073,0.997537494,0.997537494,-2.101242865725052,1
2024-04-02,71.5199966430664,72.05999755859375,71.41000366210938,71.68000030517578,71.68000030517578,5553100.0,-0.0975605502776568,1.3895282019528608,1.456229971094028,1.1625567055060098,1.2702675667488177,72.54800109863281,72.90300140380859,76.0966667175293,76.36683311462403,74.37559982299804,72.3563226422331,73.08566031738636,74.98266905849924,75.15561824578961,74.14314055023607,73.37495506743096,74.77377612856343,-1.398821061132466,-1.0949496641725651,-0.2232087500469652,-0.2232087500469652,-0.2232087500469652,0.2232087500469652,0.2232087500469652,-0.2232087500469652,-0.2232087500469652,-0.2232087500469652,-0.2232087500469652,1.1299972534179688,1.1494991302490234,72.05999755859375,70.17699920654297,70.40999908447266,70.64299896240234,1.0,0.9580314690316779,0.0975605502776568,-1.0,0.0975605502776568,0.9900207828459647,-1.0,0.0975605502776568,0.9152061628098652,-1.0,0.0975605502776568,0.0,0.0,0.0,0.0,0.0,0.0,0.0,-0.0975605502776568,1
2024-04-03,71.41000366210938,72.38999938964844,71.26000213623047,71.83999633789062,71.83999633789062,3748500.0,0.2232087500469652,1.3606842515520554,1.47049577729559,1.1392061733871557,1.2640789311231106,72.43600006103516,72.62200088500977,75.93333333333334,76.35016644795736,74.43629981994629,72.18421387411894,72.85917595747803,74.7799159797503,75.04690933077653,74.09753373415002,73.13880757057859,74.55645910703211,-1.4176515364535192,-1.159490038628756,0.3201499711348894,0.3201499711348894,0.3201499711348894,-0.3201499711348894,-0.3201499711348894,0.3201499711348894,0.3201499711348894,0.3201499711348894,0.3201499711348894,1.5,1.0959991455078124,72.38999938964844,69.5310994720459,69.7609992980957,69.99089912414551,0.0,0.9563915832090838,-0.2232087500469652,-1.0,-0.2232087500469652,0.9907360730547788,-1.0,-0.2232087500469652,0.9012144300000255,-1.0,-0.2232087500469652,0.0,0.0,0.0,0.0,0.0,0.0,0.0,0.2232087500469652,-1
2024-04-04,72.37000274658203,72.80999755859375,71.30999755859375,71.61000061035156,71.61000061035156,3655200.0,-0.3201499711348894,0.9044452021234382,1.425107375137693,1.1140724072195505,1.2550540959650316,72.03399963378907,72.26800079345703,75.73799997965494,76.31549975077311,74.49719985961914,71.99280945286316,72.6320531670914,74.57540531075684,74.93422379895931,74.04827565249064,72.90360649977444,74.3382029220928,-1.4345964223183645,-1.2145113153666778,0.6703021265778443,0.6703021265778443,0.6703021265778443,-0.6703021265778443,-0.6703021265778443,0.6703021265778443,0.6703021265778443,0.6703021265778443,0.6703021265778443,0.6800003051757812,1.0844993591308594,72.80999755859375,69.97880126953125,70.19800109863282,70.41720092773437,0.0,0.9541841719199077,0.3201499711348894,-1.0,0.3201499711348894,0.9911988758908185,-1.0,0.3201499711348894,0.887668834993859,-1.0,0.3201499711348894,0.0,0.0,0.0,0.0,0.0,0.0,0.0,0.3201499711348894,-1
2024-04-05,71.5,71.75,71.06999969482422,71.12999725341797,71.12999725341797,5175800.0,-0.6703021265778443,0.9037250759892688,0.9928976790157004,1.070105854152553,1.254621125493023,71.60199890136718,72.12300033569336,75.46033325195313,76.28166631062825,74.56199981689453,71.70520538638144,72.35895209187804,74.35312091996079,74.80949505976122,73.99048796141989,72.63074353879652,74.10055805774653,-1.4698145189500025,-1.2655719560833427,0.0984109342431544,0.0984109342431544,0.0984109342431544,-0.0984109342431544,-0.0984109342431544,0.0984109342431544,0.0984109342431544,0.0984109342431544,0.0984109342431544,0.7400054931640625,1.07449951171875,71.75,70.42409896850586,70.64099884033203,70.8578987121582,0.0,0.955773679065042,0.6703021265778443,-1.0,0.6703021265778443,0.9909652270161886,-1.0,0.6703021265778443,0.8529314805950188,-1.0,0.6703021265778443,0.0,0.0,1.0,0.006165542,0.006165542,0.948250532,0.948250532,0.6703021265778443,1
2024-04-08,71.12999725341797,71.55000305175781,70.80999755859375,71.05999755859375,71.05999755859375,4595800.0,-0.0984109342431544,0.3298747115838924,0.9582874684713136,1.0664147070138557,1.2540268977821447,71.46399841308593,72.03899993896485,75.16833318074545,76.24349962870279,74.61309982299805,71.49013611045221,72.1227785403718,74.1406613482597,74.68656071546064,73.93245844849264,72.38909031107302,73.87533135410557,-1.4862410430325497,-1.3097057734731845,-0.7036307587651074,-0.7036307587651074,-0.7036307587651074,0.7036307587651074,0.7036307587651074,-0.7036307587651074,-0.7036307587651074,-0.7036307587651074,-0.7036307587651074,0.75,1.0694995880126954,71.55000305175781,69.38610107421874,69.6010009765625,69.81590087890625,1.0,0.9583689951690696,0.0984109342431544,-1.0,0.0984109342431544,0.9912282576639022,-1.0,0.0984109342431544,0.8503922116024006,-1.0,0.0984109342431544,0.0,0.0,0.0,0.0,0.0,0.0,0.0,-0.0984109342431544,-1
