Date_ENPH_L01d,Open_ENPH_L01d,High_ENPH_L01d,Low_ENPH_L01d,Close_ENPH_L01d,Adj Close_ENPH_L01d,Volume_ENPH_L01d,Daily_Return_ENPH_L01d,Vol5_ENPH_L01d,Vol10_ENPH_L01d,Vol20_ENPH_L01d,Vol60_ENPH_L01d,SMA5_ENPH_L01d,SMA10_ENPH_L01d,SMA30_ENPH_L01d,SMA60_ENPH_L01d,SMA100_ENPH_L01d,EMA5_ENPH_L01d,EMA10_ENPH_L01d,EMA30_ENPH_L01d,EMA60_ENPH_L01d,EMA100_ENPH_L01d,Short12_ENPH_L01d,Long26_ENPH_L01d,MACD_ENPH_L01d,SIGNAL9_ENPH_L01d,Ret5/10_ENPH_L01d,Ret10/30_ENPH_L01d,Ret30/60_ENPH_L01d,Ret30/100_ENPH_L01d,Emaret5/10_ENPH_L01d,Emaret10/30_ENPH_L01d,Emaret30/60_ENPH_L01d,Emaret30/100_ENPH_L01d,RetMACD_ENPH_L01d,DayRange_ENPH_L01d,average20r_ENPH_L01d,PRVHI_ENPH_L01d,HitLevel_ENPH_L01d,hitlevel_2_ENPH_L01d,hitlevel_1.8_ENPH_L01d,positive_return_dummy,sma_ratio_L01d,RetMACD_L01d,R_sma_ratio_L01d,ret_sma_ratio_L01d,ema_ratio_L01d,R_ema_ratio_L01d,ret_ema_ratio_L01d,volatility_ratio_L01d,R_vol_ratio_L01d,ret_vol_ratio_L01d,negative_L01d,neutral_L01d,positive_L01d,negative_max_L01d,negative_avg_L01d,positive_max_L01d,positive_avg_L01d,ret_best,best
2024-01-03,126.8199996948242,127.3000030517578,119.5199966430664,122.629997253418,122.629997253418,6025500.0,-6.56050585139191,2.4892350276170347,4.578189317580958,4.72784357556096,4.921160885068487,131.28600006103517,132.49400100708007,114.75166676839191,105.87016677856444,113.21150009155274,129.30068167049774,128.65276815480394,118.04123359516268,114.6408971662186,120.78937896355384,127.58530934207222,119.63913059829832,7.946178743773899,8.388397308165066,3.718500905753461,-3.718500905753461,-3.718500905753461,3.718500905753461,3.718500905753461,-3.718500905753461,-3.718500905753461,-3.718500905753461,3.718500905753461,3.919998168945313,6.202500152587896,127.3000030517578,121.90989349365236,123.15899353027343,124.40809356689456,0.0,0.9908825989338162,-6.56050585139191,-1.0,-6.56050585139191,1.005036141273806,1.0,-6.56050585139191,0.9607171328021239,-1.0,6.56050585139191,0.0,0.0,0.0,0.0,0.0,0.0,0.0,,
2024-01-04,120.2200012207031,121.5199966430664,117.5999984741211,118.0699996948242,118.0699996948242,3928200.0,-3.718500905753461,2.494208503326233,3.377175467782818,4.828513504047965,4.946408175516284,127.7739990234375,130.7690002441406,115.40400009155272,105.84216677347818,113.04020011901856,125.5571210119399,126.72862843480762,118.04308947256018,114.7533267573204,120.73552986912354,126.12141555018792,119.52289867952248,6.598516870665449,8.030421220665144,2.2698401898050413,-2.2698401898050413,-2.2698401898050413,2.2698401898050413,2.2698401898050413,2.2698401898050413,-2.2698401898050413,-2.2698401898050413,2.2698401898050413,5.350006103515597,6.235500335693366,121.5199966430664,113.65450271606444,114.895002746582,116.1355027770996,0.0,0.9770970091144571,3.718500905753461,-1.0,3.718500905753461,0.9907557792005113,-1.0,-3.718500905753461,0.9761655999090666,-1.0,3.718500905753461,0.0,0.0,0.0,0.0,0.0,0.0,0.0,,
2024-01-05,115.1800003051758,119.870002746582,114.5199966430664,115.3899993896484,115.3899993896484,4182400.0,-2.2698401898050413,2.2452927701860497,3.086366315709183,4.806069526640854,4.91302739993503,123.89400024414064,129.50800018310548,115.9730000813802,105.669500096639,112.80820014953612,122.16808047117608,124.66705951750592,117.87192237043683,114.77420126985577,120.62967778042106,124.47042844856644,119.21675799138366,5.253670457182793,7.475071067968674,-0.5286425284497644,0.5286425284497644,0.5286425284497644,-0.5286425284497644,-0.5286425284497644,-0.5286425284497644,0.5286425284497644,0.5286425284497644,-0.5286425284497644,4.25,6.319000625610356,119.870002746582,107.801895904541,109.04899597167967,110.29609603881836,1.0,0.9566513270915507,2.2698401898050413,-1.0,2.2698401898050413,0.9799547766988206,-1.0,2.2698401898050413,0.978229742155399,-1.0,2.2698401898050413,0.0,0.0,2.0,0.00692817,0.0046017415,0.993406415,0.980647266,,
2024-01-08,119.4400024414062,119.6500015258789,115.4000015258789,116.0,116.0,4657600.0,0.5286425284497644,2.761269028836535,2.4811629309688827,4.805988887277255,4.904347402498231,120.66600036621094,127.72200012207033,116.49966684977214,105.4593334197998,112.6226001739502,120.11205364745072,123.09123051432304,117.75115318524738,114.81439139215556,120.53800099268994,123.16728561032544,118.97847962165154,4.188805988673906,6.817818052109721,-0.9137909987877646,0.9137909987877646,0.9137909987877646,-0.9137909987877646,-0.9137909987877646,-0.9137909987877646,0.9137909987877646,0.9137909987877646,-0.9137909987877646,5.080001831054702,6.232000732421875,119.6500015258789,105.9682013702392,107.23200149536127,108.49580162048336,1.0,0.9447550167620643,-0.5286425284497644,-1.0,-0.5286425284497644,0.97579700150511,-1.0,-0.5286425284497644,0.9799446272564475,-1.0,-0.5286425284497644,2.0,1.0,2.0,0.886479437,0.3086352992,0.995272577,0.4934786707999999,,
2024-01-09,114.2200012207031,118.2099990844727,113.129997253418,117.0599975585938,117.0599975585938,2788900.0,0.9137909987877646,3.1009536275929133,2.548210291081284,4.694025538802588,4.889070146001403,117.82999877929689,126.02899932861328,117.06100006103516,105.3340000152588,112.464400100708,119.09470161783176,121.99464270419044,117.70656249965684,114.88801782384203,120.46912963755932,122.22770283313596,118.83636983920285,3.3913329939331334,6.132521040474403,-0.4100490064449479,0.4100490064449479,0.4100490064449479,-0.4100490064449479,-0.4100490064449479,-0.4100490064449479,0.4100490064449479,0.4100490064449479,-0.4100490064449479,3.6299972534178977,6.158500671386715,118.2099990844727,105.93959991455078,107.18600006103516,108.43240020751954,1.0,0.9349435400344807,-0.9137909987877646,-1.0,-0.9137909987877646,0.9762289472547546,-1.0,-0.9137909987877646,0.9601059912469583,-1.0,-0.9137909987877646,0.0,0.0,1.0,0.012409889,0.012409889,0.986616015,0.986616015,,
2024-01-10,117.0100021362305,117.6399993896484,114.0100021362305,117.5400009155273,117.5400009155273,2771000.0,0.4100490064449479,2.051887872461154,2.271494651048647,4.694375122188754,4.888617525840536,116.81199951171877,124.04899978637695,117.71899998982748,105.22950007120768,112.32540008544922,118.57646805039695,121.1847078335244,117.69581659100332,114.9749680891432,120.4111270886082,121.50651792273464,118.74034251152317,2.766175411211464,5.459251914621816,2.7650161431729816,-2.7650161431729816,-2.7650161431729816,2.7650161431729816,2.7650161431729816,2.7650161431729816,-2.7650161431729816,-2.7650161431729816,2.7650161431729816,5.669998168945298,6.144500732421873,117.6399993896484,104.66129760742191,105.89299774169928,107.1246978759766,0.0,0.9416601481098523,-0.4100490064449479,-1.0,-0.4100490064449479,0.9784771541743496,-1.0,-0.4100490064449479,0.9602663937963966,-1.0,-0.4100490064449479,0.0,0.0,1.0,0.10164129,0.10164129,0.896145642,0.896145642,,
2024-01-11,116.1800003051758,116.4899978637695,110.8199996948242,114.2900009155273,114.2900009155273,4056800.0,-2.7650161431729816,1.735987129820568,2.30164808707256,4.6572322325705455,4.889297174297737,116.05599975585936,121.91499938964844,118.22533340454102,105.01583340962728,112.16490013122558,117.14764567210707,119.93112475752494,117.47608654742422,114.95251014902465,120.28991666933926,120.39628453701044,118.41068757848645,1.985596958523999,4.7645209234022525,3.561116162587465,-3.561116162587465,-3.561116162587465,3.561116162587465,3.561116162587465,3.561116162587465,-3.561116162587465,-3.561116162587465,3.561116162587465,7.550003051757798,5.868000793457027,116.4899978637695,104.12209777832028,105.35099792480464,106.57989807128902,0.0,0.9519419295154706,2.7650161431729816,-1.0,2.7650161431729816,0.9767910199204296,-1.0,2.7650161431729816,0.9525361348565351,-1.0,2.7650161431729816,0.0,0.0,0.0,0.0,0.0,0.0,0.0,,
2024-01-12,115.0,117.2300033569336,109.6800003051758,110.2200012207031,110.2200012207031,3757900.0,-3.561116162587465,2.09802116521998,2.339727251834693,4.443436929997671,4.904524335920144,115.0220001220703,119.45800018310548,118.53400014241537,104.6988333384196,111.96550010681152,114.83843085497244,118.16546593264825,117.0079520102164,114.79734592186657,120.09051240302963,118.83070248834775,117.80397007050249,1.026732417845281,4.016963222290858,1.3336973366200435,-1.3336973366200435,-1.3336973366200435,1.3336973366200435,1.3336973366200435,1.3336973366200435,-1.3336973366200435,-1.3336973366200435,1.3336973366200435,2.6199951171875,5.4830005645751925,117.2300033569336,103.58039611816405,104.75399627685545,105.92759643554686,0.0,0.9628656092163298,3.561116162587465,-1.0,3.561116162587465,0.9718442689544157,-1.0,3.561116162587465,0.9059873344810374,-1.0,3.561116162587465,0.0,1.0,1.0,0.008788972,0.005861044,0.994257689,0.601316825,,
2024-01-16,109.7799987792969,109.9199981689453,107.3000030517578,108.75,108.75,3917400.0,-1.3336973366200435,1.9416367079026065,2.3482842680783103,3.528749939030221,4.878567963583717,113.57200012207028,117.11900024414062,118.79166692097982,104.44733339945476,111.76980003356934,112.80895390331496,116.45356303580309,116.47518091278307,114.59907228508406,119.86594780098945,117.2798251824481,117.13330562083564,0.1465195616124646,3.24287449015518,2.9425259294181165,2.9425259294181165,-2.9425259294181165,2.9425259294181165,2.9425259294181165,2.9425259294181165,2.9425259294181165,-2.9425259294181165,2.9425259294181165,3.229995727539091,5.370500564575192,109.9199981689453,105.16740211486815,106.2640022277832,107.36060234069824,0.0,0.9697145628405601,1.3336973366200435,-1.0,1.3336973366200435,0.9687033265665936,-1.0,1.3336973366200435,0.723316753065803,-1.0,1.3336973366200435,0.0,0.0,0.0,0.0,0.0,0.0,0.0,,
2024-01-17,105.5100021362305,107.0999984741211,103.870002746582,105.5500030517578,105.5500030517578,4015900.0,-2.9425259294181165,1.5933916334120783,2.326246388157819,3.469006949537384,4.822724268608791,111.27000122070312,114.55,118.75933380126952,104.27483342488608,111.5217000579834,110.38930361946257,114.47109758415849,115.77033072820082,114.30238149054875,119.5824637465492,115.4752371623419,116.27528320831136,-0.8000460459694523,2.4342903829302536,-1.0516348443943693,-1.0516348443943693,1.0516348443943693,-1.0516348443943693,1.0516348443943693,-1.0516348443943693,-1.0516348443943693,1.0516348443943693,-1.0516348443943693,3.75,5.297000503540037,107.0999984741211,98.10489692687987,99.17899703979492,100.25309715270996,1.0,0.9713662262828732,2.9425259294181165,-1.0,2.9425259294181165,0.964342143555538,-1.0,2.9425259294181165,0.7193044338274157,-1.0,2.9425259294181165,0.0,0.0,0.0,0.0,0.0,0.0,0.0,,
2024-01-18,107.2200012207031,107.4400024414062,103.6900024414062,106.6600036621094,106.6600036621094,2908600.0,1.0516348443943693,1.8457215790731272,1.926418703236204,3.487783226736185,4.424770404492468,109.09400177001952,112.95300064086912,118.68566716512044,104.40433349609376,111.36490013122558,109.14620363367818,113.05089868924046,115.1825676916788,114.05181172568189,119.32657344784742,114.11904739307536,115.56304027896306,-1.4439928858876954,1.658633729166664,2.878311662115024,2.878311662115024,-2.878311662115024,2.878311662115024,-2.878311662115024,2.878311662115024,2.878311662115024,-2.878311662115024,2.878311662115024,5.180000305175796,5.021000671386718,107.4400024414062,95.446597366333,96.50599746704104,97.56539756774905,0.0,0.9658353576358791,-1.0516348443943693,-1.0,-1.0516348443943693,0.9654607340513437,-1.0,-1.0516348443943693,0.7882404979013239,-1.0,-1.0516348443943693,0.0,0.0,0.0,0.0,0.0,0.0,0.0,,
2024-01-19,106.25,106.75,101.5699996948242,103.5899963378906,103.5899963378906,5160000.0,-2.878311662115024,1.859484311760237,1.828372128530409,2.6431233063163724,4.42760639951261,106.9540008544922,111.50500030517576,118.47200037638346,104.52600008646648,111.15990013122558,107.29413453508232,111.33073462535864,114.43465986240216,113.70880138509855,119.01495805953144,112.4991933845854,114.6761481351799,-2.17695475059449,0.8915160332144334,-3.436630286554176,-3.436630286554176,3.436630286554176,-3.436630286554176,3.436630286554176,-3.436630286554176,-3.436630286554176,3.436630286554176,-3.436630286554176,9.3400039672852,5.079000854492187,106.75,96.39380096435542,97.39800109863276,98.4022012329101,1.0,0.9591856917785927,2.878311662115024,-1.0,2.878311662115024,0.9637422666448761,-1.0,2.878311662115024,0.5969643793557005,-1.0,2.878311662115024,0.0,0.0,0.0,0.0,0.0,0.0,0.0,,
2024-01-22,106.7300033569336,115.0800018310547,105.7399978637695,107.1500015258789,107.1500015258789,5937500.0,3.436630286554176,2.7484745815352456,2.3130039049201483,2.6582300829288408,4.440967279263189,106.34000091552734,110.68100051879884,118.48466720581057,104.7311668395996,110.9784001159668,107.2460901986812,110.57060133454414,113.96468190520712,113.4937587667635,118.78000842520169,111.67624079093824,114.1186557937502,-2.442415002811956,0.2247298260091556,-3.8730764972285914,-3.8730764972285914,3.8730764972285914,-3.8730764972285914,3.8730764972285914,-3.8730764972285914,-3.8730764972285914,3.8730764972285914,-3.8730764972285914,6.640007019042997,5.150500869750977,115.0800018310547,95.57619812011718,96.59199829101564,97.60779846191406,1.0,0.9607791799593084,-3.436630286554176,-1.0,-3.436630286554176,0.9699331368760107,-1.0,-3.436630286554176,0.5985700672331623,-1.0,-3.436630286554176,0.0,1.0,1.0,0.034680702,0.0244821735,0.706529856,0.4394030645,,
2024-01-23,113.25,115.1600036621094,108.5199966430664,111.3000030517578,111.3000030517578,4962900.0,3.8730764972285914,3.300355656717724,2.718831780569261,2.586135642104846,4.4633989631640905,106.85000152587892,110.2110008239746,118.62233403523764,105.01366691589357,110.8009001159668,108.59739448304006,110.70321982858296,113.79276714046846,113.42183234987806,118.63188950691568,111.61835806183356,113.90986670175076,-2.291508639917197,-0.2785178671761149,2.902069423512546,2.902069423512546,-2.902069423512546,2.902069423512546,-2.902069423512546,2.902069423512546,2.902069423512546,-2.902069423512546,2.902069423512546,6.589996337890597,5.228000259399414,115.1600036621094,103.74889991760256,104.77900009155276,105.80910026550296,0.0,0.9695039581079229,-3.8730764972285914,-1.0,-3.8730764972285914,0.9809777407666765,-1.0,-3.8730764972285914,0.579409473239547,-1.0,-3.8730764972285914,0.0,0.0,0.0,0.0,0.0,0.0,0.0,,
2024-01-24,114.379997253418,114.6399993896484,108.0500030517578,108.0699996948242,108.0699996948242,3906200.0,-2.902069423512546,3.289813772256134,2.78413604143985,2.612914616987106,4.478328546744356,107.35400085449218,109.31200103759764,118.79100062052407,105.21183357238768,110.60050010681152,108.42159622030144,110.22445253153592,113.42355633752368,113.24636242676154,118.42274317400296,111.07245677460136,113.47728396049692,-2.4048271858955843,-0.7037797309200089,1.1474024866022925,1.1474024866022925,-1.1474024866022925,1.1474024866022925,-1.1474024866022925,1.1474024866022925,1.1474024866022925,-1.1474024866022925,1.1474024866022925,6.379997253417997,5.262500762939452,114.6399993896484,103.6584030914307,104.70400314331056,105.74960319519046,0.0,0.9820879668790254,2.902069423512546,-1.0,2.902069423512546,0.9836437716874241,-1.0,2.902069423512546,0.5834575533513806,-1.0,2.902069423512546,0.0,0.0,0.0,0.0,0.0,0.0,0.0,,
2024-01-25,109.1800003051758,110.0999984741211,103.7200012207031,106.8300018310547,106.8300018310547,3888000.0,-1.1474024866022925,3.3468340876624083,2.754747171157278,2.476823224328865,4.031774193468029,107.38800048828124,108.2410011291504,118.90033391316732,105.62416699727376,110.4035001373291,107.8910647572192,109.60727967690296,112.9981657242031,113.03598994821375,118.19318393948916,110.4197713986711,112.98489269164936,-2.5651212929782616,-1.0760480433316597,1.3666564255812714,1.3666564255812714,-1.3666564255812714,1.3666564255812714,-1.3666564255812714,1.3666564255812714,1.3666564255812714,1.3666564255812714,1.3666564255812714,4.479995727539105,5.311000061035157,110.0999984741211,103.0624977111816,104.11499786376947,105.16749801635738,0.0,0.9921194313432912,1.1474024866022925,-1.0,1.1474024866022925,0.9843421447485717,-1.0,1.1474024866022925,0.6143258787512514,-1.0,1.1474024866022925,0.0,0.0,0.0,0.0,0.0,0.0,0.0,,
2024-01-26,107.6999969482422,109.4499969482422,104.9700012207031,105.370002746582,105.370002746582,2581900.0,-1.3666564255812714,3.0700289332009723,2.685120269136988,2.477040210752363,3.992425385389143,107.74400177001954,107.34900131225588,119.08533401489258,106.06933364868163,110.16990020751952,107.05071075367348,108.83686568957188,112.5060261772598,112.7846461055373,117.93925955943158,109.64288391373432,112.42082676979253,-2.777942856058204,-1.4164270058769683,3.6063351269928288,-3.6063351269928288,3.6063351269928288,-3.6063351269928288,3.6063351269928288,-3.6063351269928288,-3.6063351269928288,-3.6063351269928288,-3.6063351269928288,6.0,5.423999786376958,109.4499969482422,98.41579833984376,99.47799835205078,100.5401983642578,1.0,1.0036795913602836,1.3666564255812714,1.0,1.3666564255812714,0.983588695571288,-1.0,1.3666564255812714,0.620434941581488,-1.0,1.3666564255812714,0.0,0.0,0.0,0.0,0.0,0.0,0.0,,
2024-01-29,105.2300033569336,109.4400024414062,103.4400024414062,109.1699981689453,109.1699981689453,3232200.0,3.6063351269928288,3.112926123704008,2.812957193398091,2.701464150028286,4.011043538766282,108.14800109863282,107.24400100708009,119.13733393351237,106.56250025431316,109.98390022277832,107.75713989209744,108.89743523127612,112.29079856382018,112.66613305843592,117.7656108190259,109.57013226068986,112.18002465121126,-2.609892390521395,-1.655120082805854,-2.5831269965399586,2.5831269965399586,-2.5831269965399586,2.5831269965399586,-2.5831269965399586,2.5831269965399586,2.5831269965399586,2.5831269965399586,2.5831269965399586,4.699996948242202,5.455999755859379,109.4400024414062,97.5171974182129,98.60199737548828,99.68679733276367,0.0,1.0084293767769168,-3.6063351269928288,1.0,3.6063351269928288,0.9895287218036226,-1.0,-3.6063351269928288,0.6735065635461047,-1.0,-3.6063351269928288,0.0,0.0,0.0,0.0,0.0,0.0,0.0,,
2024-01-30,107.7399978637695,110.9599990844727,106.2600021362305,106.3499984741211,106.3499984741211,3030500.0,-2.5831269965399586,2.6184412220460103,2.902136468733047,2.716397595542232,3.9954286708275335,107.15800018310549,107.0040008544922,118.6750005086263,107.0561668395996,109.81710021972656,107.288092752772,108.43426491179338,111.9075211386783,112.45904667862231,117.53955908942382,109.0747270627562,111.7481708603157,-2.6734437975595,-1.858784825756583,-2.0874482863705026,2.0874482863705026,-2.0874482863705026,2.0874482863705026,-2.0874482863705026,2.0874482863705026,2.0874482863705026,2.0874482863705026,2.0874482863705026,7.879997253417997,5.500999832153324,110.9599990844727,97.43680297851556,98.52800292968745,99.6192028808593,0.0,1.0014391922487338,2.5831269965399586,1.0,-2.5831269965399586,0.9894297973066564,-1.0,2.5831269965399586,0.6798763835720315,-1.0,2.5831269965399586,0.0,0.0,0.0,0.0,0.0,0.0,0.0,,
2024-01-31,105.4599990844727,111.9300003051758,104.0500030517578,104.129997253418,104.129997253418,5027800.0,-2.0874482863705026,2.482895279930066,2.823398708492222,2.724685662102119,3.999543918751338,106.36999969482422,106.8620002746582,118.01533381144206,107.47633349100748,109.6361001586914,106.23539425298732,107.65167079208877,111.4057454041454,112.1859630909107,117.27402321148313,108.3139993997811,111.1838617042492,-2.8698623044681,-2.0610003214988866,-1.258047846481813,-1.258047846481813,1.258047846481813,-1.258047846481813,1.258047846481813,-1.258047846481813,-1.258047846481813,-1.258047846481813,-1.258047846481813,7.150001525878906,5.4694995880127,111.9300003051758,98.85779945373538,99.95799942016605,101.05819938659673,1.0,0.9953959257868145,2.0874482863705026,-1.0,-2.0874482863705026,0.9868438963493957,-1.0,2.0874482863705026,0.6812490917596346,-1.0,2.0874482863705026,0.0,0.0,0.0,0.0,0.0,0.0,0.0,,
2024-02-01,106.5899963378906,109.9100036621094,102.7600021362305,105.4400024414062,105.4400024414062,3998800.0,1.258047846481813,2.6082061754815773,2.8334878984746634,2.449195125806542,3.993289263080072,106.09199981689451,106.7400001525879,117.3956672668457,107.8868335723877,109.48820014953613,105.97026364912696,107.24954927378285,111.02085876138804,111.96478405322205,117.0396861665311,107.87184602156958,110.7583906477423,-2.886544626172721,-2.2261091824336536,3.490136779179894,3.490136779179894,-3.490136779179894,3.490136779179894,-3.490136779179894,3.490136779179894,3.490136779179894,3.490136779179894,3.490136779179894,4.090003967285128,5.47799987792969,109.9100036621094,99.89710121154786,100.9910011291504,102.08490104675292,0.0,0.9939291705568011,-1.258047846481813,-1.0,-1.258047846481813,0.988071878778808,-1.0,-1.258047846481813,0.6133277517485544,-1.0,-1.258047846481813,0.0,0.0,0.0,0.0,0.0,0.0,0.0,,
2024-02-02,102.9700012207031,102.9700012207031,98.87999725341795,101.7600021362305,101.7600021362305,4306600.0,-3.490136779179894,2.9843852175128966,2.906315826165001,2.434990446733105,3.997177194188859,105.36999969482422,106.55700073242188,116.2770004272461,108.27983360290528,109.28390014648436,104.56684314482814,106.25144979422784,110.42338414041016,111.63020103955016,116.73711816593108,106.93156234690204,110.09184335059328,-3.160281003691253,-2.412943546685174,3.891508452575761,3.891508452575761,-3.891508452575761,3.891508452575761,-3.891508452575761,3.891508452575761,3.891508452575761,3.891508452575761,3.891508452575761,5.530006408691406,5.4869998931884805,102.9700012207031,97.85840393066408,98.95400390625002,100.04960388183596,0.0,0.9888604124605723,3.490136779179894,-1.0,3.490136779179894,0.9841450949360014,-1.0,3.490136779179894,0.6091775091364781,-1.0,3.490136779179894,0.0,0.0,0.0,0.0,0.0,0.0,0.0,,
2024-02-05,98.80999755859376,99.0500030517578,93.5199966430664,97.8000030517578,97.8000030517578,6693000.0,-3.891508452575761,2.0392847930279143,2.827000441039305,2.5152568799144963,4.037158487433741,103.09600067138672,105.62200088500975,115.27033386230468,108.596000289917,109.02840019226076,102.31122978047136,104.71482311377876,109.60897245727128,111.17675192519631,116.3621257874326,105.526707070726,109.18133666179064,-3.654629591064662,-2.661280755561072,-2.770960122607048,-2.770960122607048,2.770960122607048,-2.770960122607048,2.770960122607048,-2.770960122607048,-2.770960122607048,-2.770960122607048,-2.770960122607048,5.5,5.5494998931884805,99.0500030517578,90.89860145568844,91.99600143432612,93.09340141296384,1.0,0.9760845260224422,3.891508452575761,-1.0,3.891508452575761,0.9770462933342708,-1.0,3.891508452575761,0.6230265390233277,-1.0,3.891508452575761,0.0,1.0,1.0,0.059599683,0.038052399,0.937436581,0.701635659,,
2024-02-06,97.1500015258789,101.0999984741211,95.5999984741211,100.5100021362305,100.5100021362305,7429100.0,2.770960122607048,2.9590679001617657,2.636473330670572,2.624880181222297,4.030158886104817,101.9280014038086,104.54300079345704,114.15866724650066,108.98950030008952,108.83750022888184,101.71082056572442,103.95031020876996,109.02194211397834,110.82702242391872,116.04822234879494,104.75490631157284,108.53901558582324,-3.784109274250397,-2.885846459298937,-16.913739566892385,-16.913739566892385,16.913739566892385,16.913739566892385,16.913739566892385,-16.913739566892385,-16.913739566892385,-16.913739566892385,-16.913739566892385,9.400001525878892,5.76549987792969,101.0999984741211,86.84110328674315,87.95100326538085,89.06090324401855,1.0,0.9749863752733209,-2.770960122607048,-1.0,-2.770960122607048,0.9784561523813846,-1.0,-2.770960122607048,0.6513093541478872,-1.0,-2.770960122607048,0.0,0.0,0.0,0.0,0.0,0.0,0.0,,
2024-02-07,119.5400009155273,124.0999984741211,114.6999969482422,117.5100021362305,117.5100021362305,16861300.0,16.913739566892385,8.453988469274359,6.145591626696173,4.730389401249035,4.539795190116176,104.6040023803711,105.48700103759764,113.60933380126951,109.68866704305012,108.7895002746582,106.97721442255978,106.41570874103552,109.56955888960752,111.046136512847,116.0771684831996,106.71722874613556,109.20353310807562,-2.4863043619400718,-2.805938039827164,0.5361287306268017,0.5361287306268017,-0.5361287306268017,-0.5361287306268017,-0.5361287306268017,-0.5361287306268017,0.5361287306268017,0.5361287306268017,-0.5361287306268017,6.640007019042997,5.9160003662109455,124.0999984741211,88.41589874267578,89.56899871826171,90.72209869384766,0.0,0.9916293131045424,-16.913739566892385,-1.0,-16.913739566892385,1.0052765300176754,1.0,-16.913739566892385,1.0419829977237325,1.0,-16.913739566892385,0.0,1.0,0.0,0.0,0.0,0.0,0.0,,
2024-02-08,117.8499984741211,120.9800033569336,114.3399963378906,116.879997253418,116.879997253418,7157500.0,-0.5361287306268017,8.568445376990775,6.12488329904487,4.732052003296309,4.532397170391376,106.89200134277344,106.49200057983398,112.92733383178712,110.3370002746582,108.7553002166748,110.27814203284586,108.3183066523778,110.0412000743695,111.23741063548866,116.09306608260984,108.28073159340975,109.77216008180469,-1.4914284883949165,-2.543036129540715,4.782686600483837,-4.782686600483837,4.782686600483837,4.782686600483837,-4.782686600483837,4.782686600483837,-4.782686600483837,-4.782686600483837,4.782686600483837,7.25,5.99500045776368,120.9800033569336,111.084797668457,112.2679977416992,113.4511978149414,1.0,1.0037561578406031,-0.5361287306268017,1.0,0.5361287306268017,1.0180932978093693,1.0,-0.5361287306268017,1.0440506039958746,1.0,-0.5361287306268017,0.0,0.0,0.0,0.0,0.0,0.0,0.0,,
2024-02-09,117.8499984741211,124.5500030517578,117.3000030517578,122.4700012207031,122.4700012207031,5449100.0,4.782686600483837,7.933156062625953,6.162821643768553,4.794506914474248,4.561854007214085,111.034001159668,108.20200042724608,112.48866704305011,111.06900024414062,108.80840019226076,114.34209509546494,110.89134202843694,110.84305821284264,111.60569229402029,116.21934202593845,110.4636961514549,110.71274090690828,-0.249044755453383,-2.0842378547232485,5.250259338361419,-5.250259338361419,5.250259338361419,5.250259338361419,-5.250259338361419,5.250259338361419,5.250259338361419,-5.250259338361419,5.250259338361419,10.080001831054702,6.121500396728526,124.5500030517578,107.7910023498535,108.99000244140623,110.18900253295897,1.0,1.0261732751819697,4.782686600483837,1.0,4.782686600483837,1.031118327219298,1.0,4.782686600483837,1.0509996389389593,1.0,4.782686600483837,0.0,2.0,0.0,0.004030488,0.0028510799999999,0.026096739,0.0140889805,,
2024-02-12,123.5,132.8800048828125,122.8000030517578,128.8999938964844,128.8999938964844,6861900.0,5.250259338361419,6.598624263846272,6.241506888893283,4.811465805876554,4.126756788696309,117.2539993286133,110.175,112.29233373006186,111.69416681925456,108.87650016784669,119.1947280291381,114.16564236808192,112.00802180533567,112.17271857606828,116.47044404317695,113.3000496506902,112.05994483206209,1.2401048186281258,-1.4193693200529738,-4.142743670088132,4.142743670088132,-4.142743670088132,-4.142743670088132,4.142743670088132,-4.142743670088132,-4.142743670088132,4.142743670088132,-4.142743670088132,6.25,6.303000640869151,132.8800048828125,111.08270217895505,112.30700225830074,113.53130233764644,0.0,1.0642523197514255,5.250259338361419,1.0,5.250259338361419,1.044050780574088,1.0,5.250259338361419,1.1659194016608265,1.0,5.250259338361419,1.0,1.0,1.0,0.988262117,0.3577076546666666,0.994582236,0.3375158216666666,,
2024-02-13,119.9300003051758,125.4499969482422,119.1999969482422,123.5599975585938,123.5599975585938,6110400.0,-4.142743670088132,7.981111442195481,6.382177054060712,4.9195560816597945,4.17102433412283,121.86399841308594,111.89599990844728,112.00633366902667,112.20666681925456,108.8724001312256,120.64981787229,115.873706948175,112.7533105636104,112.5460719853314,116.61083124150204,114.87850317498308,112.91180058958294,1.966702585400128,-0.7421549389623534,6.523144802403816,-6.523144802403816,-6.523144802403816,6.523144802403816,-6.523144802403816,6.523144802403816,6.523144802403816,6.523144802403816,6.523144802403816,7.389991760253906,6.511000442504892,125.4499969482422,119.01340347290036,120.2740036010742,121.53460372924803,1.0,1.0890827063773005,-4.142743670088132,1.0,-4.142743670088132,1.0412182457082446,1.0,-4.142743670088132,1.1794599329985405,1.0,-4.142743670088132,1.0,1.0,1.0,0.991426468,0.411182082,0.719299018,0.2437709496666666,,
2024-02-14,126.6100006103516,131.7899932861328,124.4000015258789,131.6199951171875,131.6199951171875,4056500.0,6.523144802403816,4.533950495476917,6.397830005873992,5.0004025377386405,4.223605536804391,124.68599700927734,114.64499969482422,112.01899998982748,112.88916676839192,108.94010009765626,124.3065436205892,118.73666843345,113.97051601867987,113.17144651424472,116.9080424073572,117.45411731993758,114.2975927768129,3.156524543124675,0.0375809574550523,3.6240726708840474,3.6240726708840474,-3.6240726708840474,3.6240726708840474,-3.6240726708840474,3.6240726708840474,3.6240726708840474,3.6240726708840474,3.6240726708840474,4.930007934570284,6.570000839233406,131.7899932861328,111.12579597473145,112.4279960632324,113.7301961517334,1.0,1.087583386464141,6.523144802403816,1.0,6.523144802403816,1.0469094784334547,1.0,6.523144802403816,1.183917980541805,1.0,6.523144802403816,0.0,0.0,0.0,0.0,0.0,0.0,0.0,,
2024-02-15,135.3899993896484,138.2100067138672,133.2799987792969,136.3899993896484,136.3899993896484,5227200.0,3.6240726708840474,4.2381361998826765,6.388739489846142,5.028792308802662,4.2347578598546205,128.58799743652344,117.73999938964846,112.47766672770182,113.61466674804689,109.10480010986328,128.3343622102756,121.9463649709406,115.41693430067784,113.93271054294648,117.2938237337392,120.36732994604694,115.93406734072666,4.43326260532028,0.916717287028098,-3.3140291023448483,-3.3140291023448483,3.3140291023448483,-3.3140291023448483,3.3140291023448483,-3.3140291023448483,-3.3140291023448483,-3.3140291023448483,-3.3140291023448483,5.710006713867188,6.596501159667975,138.2100067138672,117.33599143981932,118.649991607666,119.96399177551268,0.0,1.0921351970707478,3.6240726708840474,1.0,3.6240726708840474,1.0523836626114869,1.0,3.6240726708840474,1.1875040970997337,1.0,3.6240726708840474,0.0,0.0,0.0,0.0,0.0,0.0,0.0,,
2024-02-16,134.4900054931641,137.5,131.7899932861328,131.8699951171875,131.8699951171875,3218900.0,-3.3140291023448483,4.969524671349024,6.3697483941867095,5.04898077165334,4.207221503791595,130.46799621582034,120.75099868774416,112.93766657511392,114.17083333333332,109.21250007629396,129.51290651257958,123.7506613611673,116.47842209529138,114.5208182339052,117.5824607908372,122.13697074160704,117.11450643527932,5.02246430632772,1.7378666908880225,-3.2759476949936186,-3.2759476949936186,3.2759476949936186,-3.2759476949936186,3.2759476949936186,-3.2759476949936186,-3.2759476949936186,-3.2759476949936186,-3.2759476949936186,6.090003967285114,6.434001159667972,137.5,123.69770416259765,125.01700439453124,126.33630462646484,0.0,1.0804713636630354,-3.3140291023448483,1.0,-3.3140291023448483,1.046563348333106,1.0,-3.3140291023448483,1.2000748634468479,1.0,-3.3140291023448483,0.0,0.0,0.0,0.0,0.0,0.0,0.0,,
2024-02-20,129.6000061035156,131.8000030517578,125.7099990844727,127.5500030517578,127.5500030517578,4047500.0,-3.2759476949936186,4.86039364129402,6.300516922525106,5.124044918954297,4.235471782753986,130.197998046875,123.72599868774417,113.34300003051756,114.65800005594888,109.29650009155272,128.85860535897234,124.44145075945649,117.19271764086989,114.9480046213758,117.77983786531084,122.96974494316868,117.88750618464807,5.082238758520603,2.4067411044145386,-1.02705225922787,-1.02705225922787,1.02705225922787,-1.02705225922787,1.02705225922787,-1.02705225922787,-1.02705225922787,-1.02705225922787,-1.02705225922787,6.069999694824304,6.405500793457037,131.8000030517578,123.34519744873046,124.63199768066406,125.91879791259764,0.0,1.0523091300759242,-3.2759476949936186,1.0,-3.2759476949936186,1.0354958462197146,1.0,-3.2759476949936186,1.2097931899389363,1.0,-3.2759476949936186,1.0,0.0,1.0,0.977504015,0.4912808789999999,0.914443493,0.4663773685,,
2024-02-21,122.4300003051758,126.6100006103516,120.5400009155273,126.2399978637695,126.2399978637695,4157400.0,-1.02705225922787,4.392448311786431,6.4197988107231385,5.096173016092817,4.23608938606389,130.73399810791017,126.29899826049804,113.68433329264325,115.09200007120768,109.35780006408692,127.98573619390471,124.768459323877,117.77641313912147,115.31823390801163,117.9473657860724,123.47286077710729,118.50620927199044,4.966651505116857,2.9187231845550023,-2.217993876540535,-2.217993876540535,2.217993876540535,-2.217993876540535,2.217993876540535,-2.217993876540535,-2.217993876540535,-2.217993876540535,-2.217993876540535,5.749992370605497,6.363500595092781,126.6100006103516,117.70790130615234,118.98900146484374,120.27010162353514,0.0,1.0351150833220761,-1.02705225922787,1.0,-1.02705225922787,1.0257859789842898,1.0,-1.02705225922787,1.2030371768968038,1.0,-1.02705225922787,1.0,0.0,0.0,0.994296491,0.994296491,0.004842559,0.004842559,,
2024-02-22,128.1499938964844,128.4799957275391,122.7300033569336,123.4400024414062,123.4400024414062,4007400.0,-2.217993876540535,2.876963566981969,4.0558968070491614,5.072625096132641,4.249954198893713,129.0979995727539,126.89199829101562,113.89700012207032,115.47900009155272,109.39200012207031,126.47049160973856,124.5269217088823,118.1418059973334,115.58452140090982,118.05613086835623,123.46780564853788,118.87167543268788,4.596130215849996,3.2542045908140014,-4.253078334547214,-4.253078334547214,4.253078334547214,-4.253078334547214,4.253078334547214,-4.253078334547214,-4.253078334547214,-4.253078334547214,-4.253078334547214,6.440002441406293,6.366500854492196,128.4799957275391,112.61029930114748,113.88299942016604,115.1556995391846,0.0,1.017384873053059,-2.217993876540535,1.0,-2.217993876540535,1.0156076282476485,1.0,-2.217993876540535,1.1935717089499633,1.0,-2.217993876540535,0.0,0.0,0.0,0.0,0.0,0.0,0.0,,
2024-02-23,123.3600006103516,124.2099990844727,117.7699966430664,118.1900024414062,118.1900024414062,3660300.0,-4.253078334547214,1.233157656723032,4.329287940308999,5.18118538542499,4.277372781711955,125.45800018310544,127.02299880981444,113.9186668395996,115.81883341471354,109.3724001312256,123.7103285536278,123.37475456934118,118.14491544533809,115.66994700879494,118.05878179059484,122.65583592436376,118.8211811370374,3.834654787326386,3.3702946301164785,-1.3960520030468766,1.3960520030468766,-1.3960520030468766,1.3960520030468766,-1.3960520030468766,1.3960520030468766,1.3960520030468766,1.3960520030468766,1.3960520030468766,4.620002746581989,6.37350120544434,124.2099990844727,114.47369384765624,115.7469940185547,117.02029418945314,1.0,0.9876794073406171,-4.253078334547214,-1.0,-4.253078334547214,1.0027199566512452,1.0,-4.253078334547214,1.2113008731848938,1.0,-4.253078334547214,0.0,0.0,2.0,0.039936688,0.021830578,0.98772186,0.953423768,,
2024-02-26,118.75,122.4400024414062,117.8199996948242,119.8399963378906,119.8399963378906,2594600.0,1.3960520030468766,2.188284177280033,4.054255284340302,5.1620230991313525,4.277626793691709,123.05200042724604,126.7599983215332,114.10366668701172,116.16450004577636,109.4024001312256,122.42021781504872,122.73207125453196,118.25427550292213,115.80666993761774,118.09405336578882,122.22262983413714,118.8966489296932,3.325980904443952,3.361431884981973,-1.0597499259597882,1.0597499259597882,-1.0597499259597882,1.0597499259597882,-1.0597499259597882,-1.0597499259597882,1.0597499259597882,1.0597499259597882,-1.0597499259597882,3.400001525878892,6.2435012817382844,122.4400024414062,110.18829643249516,111.46299667358402,112.73769691467288,1.0,0.9707478862150059,1.3960520030468766,-1.0,-1.3960520030468766,0.9974590713226333,-1.0,1.3960520030468766,1.2067492906917165,1.0,1.3960520030468766,0.0,0.0,1.0,0.009367798,0.009367798,0.549040794,0.549040794,,
2024-02-27,121.7399978637695,122.4300003051758,119.0299987792969,121.1100006103516,121.1100006103516,2678800.0,1.0597499259597882,2.3478733078051603,3.629050468387702,5.119488866642786,4.274156456872194,121.76399993896482,125.98099899291992,114.46666666666668,116.500333404541,109.47130012512208,121.98347874681636,122.43714931922644,118.43851583243372,115.98054963180572,118.15377509340392,122.0514561074009,119.06060090603825,2.990855201362649,3.287316548258109,1.6596500091658912,-1.6596500091658912,1.6596500091658912,-1.6596500091658912,1.6596500091658912,1.6596500091658912,-1.6596500091658912,-1.6596500091658912,1.6596500091658912,4.019996643066392,6.209501266479494,122.4300003051758,108.70429962158197,109.95299987792964,111.20170013427727,0.0,0.9665267057122471,-1.0597499259597882,-1.0,-1.0597499259597882,0.9962946656718769,-1.0,-1.0597499259597882,1.1977776008670495,1.0,1.0597499259597882,0.0,0.0,0.0,0.0,0.0,0.0,0.0,,
2024-02-28,121.0,122.0999984741211,118.0800018310547,119.0999984741211,119.0999984741211,2912200.0,-1.6596500091658912,2.3660989702182897,3.4367375829296813,5.093003969610376,4.28216502833561,120.33600006103516,125.53499908447266,114.81166661580404,116.80166676839193,109.49050010681152,121.02231865591796,121.83039462011637,118.48119213189742,116.08282664302918,118.17251219005178,121.59738570228092,119.06351924441476,2.533866457866168,3.1366265301797207,-6.641480909698035,6.641480909698035,-6.641480909698035,6.641480909698035,-6.641480909698035,-6.641480909698035,6.641480909698035,6.641480909698035,-6.641480909698035,6.580001831054702,6.14450149536133,122.0999984741211,108.76909751892092,110.0109977722168,111.2528980255127,1.0,0.9585852625853043,1.6596500091658912,-1.0,1.6596500091658912,0.9933672055588583,-1.0,1.6596500091658912,1.1893525671965806,1.0,-1.6596500091658912,0.0,0.0,0.0,0.0,0.0,0.0,0.0,,
2024-02-29,123.6900024414062,129.6600036621094,123.0800018310547,127.0100021362305,127.0100021362305,5269900.0,6.641480909698035,4.061900287460028,3.4630006931741493,5.215530589577882,4.308952311470551,121.05,125.07399978637696,115.5269999186198,117.14316685994466,109.60050010681152,123.01821314935547,122.77214144122804,119.0314379386286,116.4410946919866,118.3475119909662,122.43009592288855,119.65214760677148,2.7779483161170617,3.064890887367189,-2.0864510521277877,2.0864510521277877,-2.0864510521277877,2.0864510521277877,-2.0864510521277877,2.0864510521277877,2.0864510521277877,2.0864510521277877,-2.0864510521277877,7.489997863769517,6.16150131225586,129.6600036621094,108.58209518432616,109.81099548339844,111.0398957824707,1.0,0.9678270480415606,-6.641480909698035,-1.0,-6.641480909698035,1.0020042959684403,1.0,-6.641480909698035,1.210394131235566,1.0,6.641480909698035,0.0,0.0,0.0,0.0,0.0,0.0,0.0,,
2024-03-01,127.3300018310547,130.9199981689453,123.4300003051758,129.6600036621094,129.6600036621094,2641500.0,2.0864510521277877,3.00613460957388,3.299555881586864,5.219967217378593,4.308120690313394,123.34400024414064,124.40100021362304,116.29366658528646,117.48966687520344,109.70550010681151,125.23214332027344,124.02448002684282,119.71715185627252,116.87450154346602,118.57152172702844,123.5423894212302,120.39347027753726,3.1489191436929502,3.0816965386323414,4.388402190882475,-4.388402190882475,4.388402190882475,-4.388402190882475,4.388402190882475,-4.388402190882475,-4.388402190882475,-4.388402190882475,-4.388402190882475,8.019996643066392,6.358000946044923,130.9199981689453,116.10470077514653,117.33700103759767,118.56930130004886,0.0,0.9915032839955684,-2.0864510521277877,-1.0,-2.0864510521277877,1.0097372977751589,1.0,2.0864510521277877,1.2116576095733445,1.0,2.0864510521277877,1.0,0.0,0.0,0.977137506,0.977137506,0.015776051,0.015776051,,
2024-03-04,130.3500061035156,131.0899963378906,123.0699996948242,123.9700012207031,123.9700012207031,2793200.0,-4.388402190882475,4.1473233076879135,3.4182969573039625,5.2657651543825255,4.350807440831364,124.17000122070314,123.6110008239746,116.9730000813802,117.72250022888184,109.74770011901856,124.81142928708334,124.01457478936288,119.99152923462287,117.10714087714592,118.6784223110616,123.60817585191836,120.65839849554952,2.9497773563688128,3.055312702179636,0.9034404341043596,0.9034404341043596,-0.9034404341043596,0.9034404341043596,-0.9034404341043596,0.9034404341043596,0.9034404341043596,0.9034404341043596,-0.9034404341043596,6.059997558593693,6.384500503540037,131.0899963378906,116.93239608764648,118.20399627685546,119.47559646606445,1.0,1.0045222544353036,-4.388402190882475,1.0,4.388402190882475,1.006425490706023,1.0,-4.388402190882475,1.2102960717048716,1.0,-4.388402190882475,0.0,0.0,0.0,0.0,0.0,0.0,0.0,,
2024-03-05,122.1399993896484,126.4199981689453,120.3600006103516,125.0899963378906,125.0899963378906,3076700.0,0.9034404341043596,4.144973657980435,3.303423040194448,5.13321103746561,4.330755215324558,124.96600036621092,123.36500015258788,117.57099990844726,118.0278335571289,109.74110008239748,124.90428497068577,124.21010598000429,120.32046259612405,117.36887384307197,118.805384172979,123.8361482343756,120.9866650023896,2.8494832319859995,3.014146808140908,0.2158480137225989,0.2158480137225989,-0.2158480137225989,0.2158480137225989,-0.2158480137225989,0.2158480137225989,0.2158480137225989,0.2158480137225989,-0.2158480137225989,8.559997558593707,6.537500381469724,126.4199981689453,117.04409523010251,118.32099533081052,119.59789543151852,1.0,1.012977750671931,-0.9034404341043596,1.0,0.9034404341043596,1.005588748074921,1.0,0.9034404341043596,1.1852923525443158,1.0,0.9034404341043596,0.0,0.0,0.0,0.0,0.0,0.0,0.0,,
2024-03-06,127.3199996948242,129.7599945068359,121.1999969482422,125.3600006103516,125.3600006103516,2858900.0,0.2158480137225989,3.9567561262237794,3.2899406755552096,5.1279574609278935,4.330790268284671,126.21800079345704,123.2770004272461,118.03966649373372,118.33100026448568,109.70860008239748,125.05619018390772,124.41917773097651,120.6455940809129,117.6308779993762,118.93517855787746,124.07058706144883,121.31061578816458,2.7599712732842647,2.96331170116958,3.4540537731116108,3.4540537731116108,-3.4540537731116108,3.4540537731116108,-3.4540537731116108,3.4540537731116108,3.4540537731116108,3.4540537731116108,-3.4540537731116108,5.180000305175781,6.326500320434567,129.7599945068359,112.0374973297119,113.34499740600585,114.6524974822998,1.0,1.0238568456080064,-0.2158480137225989,1.0,0.2158480137225989,1.0051198895905626,1.0,0.2158480137225989,1.1840696831894753,1.0,0.2158480137225989,0.0,0.0,0.0,0.0,0.0,0.0,0.0,,
2024-03-07,127.0699996948242,131.1999969482422,126.0199966430664,129.6900024414062,129.6900024414062,2711400.0,3.4540537731116108,2.9737514498849595,3.357451302959369,3.62380445060524,4.312801798999698,126.7540008544922,123.9020004272461,118.76033325195311,118.7756669362386,109.75970008850098,126.60079426974056,125.37750949650918,121.22910429771892,118.02625912862308,119.14814536745229,124.9351125045192,121.9313110958121,3.0038014087071048,2.971409642677085,0.4549281569774586,0.4549281569774586,-0.4549281569774586,0.4549281569774586,-0.4549281569774586,0.4549281569774586,0.4549281569774586,0.4549281569774586,0.4549281569774586,6.019989013671903,6.295499420166013,131.1999969482422,115.84169380187986,117.10699386596676,118.37229393005369,1.0,1.0230181951656283,-3.4540537731116108,1.0,3.4540537731116108,1.0097568118727502,1.0,3.4540537731116108,0.8402436790500638,-1.0,3.4540537731116108,0.0,0.0,0.0,0.0,0.0,0.0,0.0,,
2024-03-08,132.0,135.3999938964844,129.3800048828125,130.2799987792969,130.2799987792969,3277100.0,0.4549281569774586,2.836213567776002,2.9100733022943053,3.614847718332332,4.312797015611885,126.87799987792968,125.11100006103516,119.54199981689452,119.22116686503092,109.824400100708,127.82719577292602,126.26887118428876,121.81303297394976,118.42802108438288,119.36857810828089,125.75740270063883,122.54973240569988,3.2076702949389784,3.018661773129464,-1.2204454657573889,-1.2204454657573889,-1.2204454657573889,-1.2204454657573889,1.2204454657573889,-1.2204454657573889,-1.2204454657573889,-1.2204454657573889,-1.2204454657573889,5.449996948242216,6.205499267578124,135.3999938964844,117.34989822387696,118.60899810791015,119.86809799194336,0.0,1.014123456898534,0.4549281569774586,1.0,0.4549281569774586,1.0123413203430234,1.0,0.4549281569774586,0.8381678305858014,-1.0,-0.4549281569774586,0.0,0.0,1.0,0.01593345,0.01593345,0.96546334,0.96546334,,
2024-03-11,130.2799987792969,133.6600036621094,128.2100067138672,128.6900024414062,128.6900024414062,2539100.0,-1.2204454657573889,1.702191462579688,2.9887093207221995,3.4970711736398177,4.285543073431361,127.8220001220703,125.99600067138672,120.31933314005532,119.70233357747396,109.84020011901856,128.11479799575275,126.70907686740102,122.25670842346312,118.76447948953118,119.55316076834276,126.20857189152612,123.0045672231596,3.2040046683665366,3.0557303521768784,-5.975602063499475,-5.975602063499475,-5.975602063499475,-5.975602063499475,5.975602063499475,-5.975602063499475,-5.975602063499475,-5.975602063499475,-5.975602063499475,8.879997253417997,6.145499038696288,133.6600036621094,121.74789550781252,122.98899536132816,124.2300952148438,0.0,1.014492519135159,-1.2204454657573889,1.0,-1.2204454657573889,1.011094083889687,1.0,-1.2204454657573889,0.8160158733020907,-1.0,1.2204454657573889,0.0,0.0,1.0,0.016655762,0.016655762,0.840193152,0.840193152,,
2024-03-12,127.4599990844727,127.9300003051758,119.0500030517578,121.0,121.0,4504500.0,-5.975602063499475,3.445826066610982,3.6613049121114143,3.5619434711067246,4.25722356337887,127.0040008544922,125.98500061035156,120.71366653442382,119.9255002339681,109.75780006408692,125.74319866383516,125.67106289150992,122.17563046065904,118.8377752439728,119.58181105015775,125.40725313898363,122.85608076218482,2.5511723767988315,2.954818757101269,-2.33884448847496,-2.33884448847496,-2.33884448847496,-2.33884448847496,2.33884448847496,-2.33884448847496,-2.33884448847496,-2.33884448847496,2.33884448847496,5.279998779296903,6.0969989776611335,127.9300003051758,120.13990577697756,121.36900558471685,122.59810539245608,0.0,1.0080882663745998,-5.975602063499475,1.0,-5.975602063499475,1.0005740046329321,1.0,-5.975602063499475,0.8366822691077289,-1.0,5.975602063499475,0.0,0.0,0.0,0.0,0.0,0.0,0.0,,
2024-03-13,119.0999984741211,121.629997253418,116.3499984741211,118.1699981689453,118.1699981689453,4057400.0,-2.33884448847496,3.481191424288745,3.702635266679113,3.4802402759455573,3.995942889070476,125.56600036621091,125.892000579834,121.1076665242513,119.8913335164388,109.70110008239746,123.21879849887188,124.30723294195272,121.91720257087108,118.81588091364402,119.55385435944068,124.29382929743927,122.50896353305596,1.7848657643833263,2.720828158557681,6.566805980433024,-6.566805980433024,-6.566805980433024,-6.566805980433024,6.566805980433024,6.566805980433024,-6.566805980433024,-6.566805980433024,6.566805980433024,8.389999389648395,6.146999359130858,121.629997253418,114.5166025543213,115.73600234985352,116.95540214538576,0.0,0.9974104771381692,2.33884448847496,-1.0,-2.33884448847496,0.9912439974945858,-1.0,-2.33884448847496,0.8709434475313836,-1.0,2.33884448847496,0.0,0.0,0.0,0.0,0.0,0.0,0.0,,
2024-03-14,116.5899963378906,117.6999969482422,109.3099975585938,110.4100036621094,110.4100036621094,4212300.0,-6.566805980433024,3.04274217678315,3.407703032964103,3.3857160970323554,4.065348820426617,121.71000061035156,124.23200073242188,121.31700007120769,119.66616694132487,109.64620010375975,118.94920021995108,121.7804639819812,121.17480264127354,118.54027838080682,119.37278800899848,122.15785612277315,121.61274428335622,0.5451118394169328,2.285684894729531,2.4273165621635915,-2.4273165621635915,-2.4273165621635915,-2.4273165621635915,2.4273165621635915,2.4273165621635915,-2.4273165621635915,-2.4273165621635915,2.4273165621635915,4.360000610351591,6.118498992919923,117.6999969482422,108.1065986633301,109.33599853515628,110.56539840698244,0.0,0.9796992714662758,6.566805980433024,-1.0,6.566805980433024,0.976751084127508,-1.0,6.566805980433024,0.8328230237023202,-1.0,6.566805980433024,0.0,0.0,0.0,0.0,0.0,0.0,0.0,,
2024-03-15,109.0800018310547,110.879997253418,106.5199966430664,107.7300033569336,107.7300033569336,4743500.0,-2.4273165621635915,2.3988242463594838,3.1961516311903484,3.234680831191653,4.076188860264376,117.2000015258789,122.0390007019043,121.3933334350586,119.39450035095214,109.73460014343262,115.2094679322786,119.22583477742708,120.30739623583226,118.18584313412244,119.14223781786848,119.93818646649017,120.58439310362122,-0.6462066371310726,1.6993065883574106,-3.211732086379733,3.211732086379733,3.211732086379733,3.211732086379733,-3.211732086379733,-3.211732086379733,-3.211732086379733,3.211732086379733,-3.211732086379733,6.360000610351591,6.150998687744144,110.879997253418,104.23929916381836,105.46299896240237,106.68669876098636,1.0,0.9603487479560303,2.4273165621635915,-1.0,2.4273165621635915,0.9663129484255967,-1.0,2.4273165621635915,0.7935551914004926,-1.0,2.4273165621635915,0.0,0.0,0.0,0.0,0.0,0.0,0.0,,
2024-03-18,108.8499984741211,112.8499984741211,106.4899978637695,111.1900024414062,111.1900024414062,3419400.0,3.211732086379733,3.8975595026808807,3.4060631438178954,3.32973522042958,3.9172593617860394,113.7000015258789,120.7610008239746,121.70766677856446,118.99233360290528,109.8836001586914,113.8696461019878,117.764774352696,119.71917728135315,117.95647130813175,118.98476781041376,118.5923120010926,119.88851231382752,-1.2962003127349109,1.1002052081389464,1.825702612396774,1.825702612396774,-1.825702612396774,-1.825702612396774,1.825702612396774,1.825702612396774,1.825702612396774,-1.825702612396774,1.825702612396774,2.759994506836009,5.984498214721688,112.8499984741211,97.34780014038088,98.57799987792971,99.80819961547854,0.0,0.9415291422734393,-3.211732086379733,-1.0,-3.211732086379733,0.9669245046142355,-1.0,-3.211732086379733,0.8500165327095974,-1.0,-3.211732086379733,0.0,1.0,2.0,0.185129002,0.0627526063333333,0.995761573,0.6025488376666667,,
2024-03-19,109.3499984741211,111.0599975585938,108.3000030517578,109.1600036621094,109.1600036621094,2406100.0,-1.825702612396774,3.4765320252208167,3.342778640056008,3.288429924827052,3.8642779833760814,111.33200225830078,119.16800155639648,122.0863334655762,118.67833366394044,110.0268002319336,112.299765288695,116.20027059077115,119.03794027366004,117.66806253285232,118.79021802529884,117.14118764124903,119.0938079692558,-1.952620328006759,0.4896401009098053,-4.159026322668289,-4.159026322668289,4.159026322668289,4.159026322668289,-4.159026322668289,-4.159026322668289,-4.159026322668289,4.159026322668289,-4.159026322668289,7.129997253417997,6.037498092651373,111.0599975585938,99.68410240173338,100.88100204467771,102.07790168762206,1.0,0.9342440991226382,1.825702612396774,-1.0,1.825702612396774,0.966432906892164,-1.0,1.825702612396774,0.850981719993671,-1.0,1.825702612396774,0.0,0.0,0.0,0.0,0.0,0.0,0.0,,
2024-03-20,109.370002746582,115.3499984741211,108.2200012207031,113.6999969482422,113.6999969482422,3435600.0,4.159026322668289,4.404018255248513,3.749520662606886,3.4630950313993223,3.8558755257053017,110.43800201416016,118.00200119018552,122.5259999593099,118.34233360290528,110.2203002166748,112.76650917521071,115.74567538303862,118.6935568333105,117.5379620218815,118.68942156832742,116.61177368847876,118.69426641214368,-2.0824927236649278,-0.0247864640051412,-1.4775728674298512,-1.4775728674298512,1.4775728674298512,1.4775728674298512,-1.4775728674298512,-1.4775728674298512,-1.4775728674298512,1.4775728674298512,-1.4775728674298512,4.5,5.974998474121098,115.3499984741211,97.77750175476078,98.98500137329106,100.19250099182132,1.0,0.9358993991649823,-4.159026322668289,-1.0,-4.159026322668289,0.9742611013502759,-1.0,-4.159026322668289,0.8981345503278056,-1.0,-4.159026322668289,0.0,0.0,0.0,0.0,0.0,0.0,0.0,,
2024-03-21,114.629997253418,118.5599975585938,114.0599975585938,115.379997253418,115.379997253418,3261200.0,1.4775728674298512,2.949475444250803,3.5403221689807878,3.4632047906669605,3.861798067600207,111.43200073242188,116.57100067138671,122.45499979654949,118.0321667989095,110.41230018615722,113.6376718679465,115.67918845038032,118.47977879589808,117.46720907865318,118.62388841357674,116.42226962154632,118.44876499297882,-2.026495371432489,-0.4251282454906108,0.6673571341618157,0.6673571341618157,-0.6673571341618157,-0.6673571341618157,0.6673571341618157,0.6673571341618157,0.6673571341618157,-0.6673571341618157,0.6673571341618157,2.8300018310546875,5.794498443603517,118.5599975585938,102.20500183105467,103.40000152587888,104.59500122070312,0.0,0.9559152798777832,-1.4775728674298512,-1.0,-1.4775728674298512,0.9823519112661347,-1.0,-1.4775728674298512,0.8967855724313053,-1.0,-1.4775728674298512,0.0,0.0,0.0,0.0,0.0,0.0,0.0,,
2024-03-22,114.6500015258789,115.2300033569336,112.4000015258789,114.6100006103516,114.6100006103516,2236200.0,-0.6673571341618157,2.5247081442971906,3.5029639091194453,3.3372079101588867,3.846185976377389,112.80800018310546,115.0040008544922,122.3793332417806,117.65333353678383,110.73750022888184,113.9617814487482,115.48479066128418,118.23011568715316,117.37353011247936,118.5444054867802,116.14345900443944,118.16441207574718,-2.02095307130773,-0.7442932106540346,3.106184049939065,3.106184049939065,-3.106184049939065,-3.106184049939065,3.106184049939065,3.106184049939065,3.106184049939065,-3.106184049939065,3.106184049939065,5.360000610351605,5.831498336791999,115.2300033569336,105.81210098266608,106.97100067138678,108.12990036010748,0.0,0.980905006303518,0.6673571341618157,-1.0,0.6673571341618157,0.9868120364264853,-1.0,0.6673571341618157,0.8676668082758978,-1.0,0.6673571341618157,0.0,0.0,0.0,0.0,0.0,0.0,0.0,,
2024-03-25,114.0100021362305,116.3099975585938,110.9499969482422,111.0500030517578,111.0500030517578,2802700.0,-3.106184049939065,2.86824760836871,3.5535396619972905,3.3824876584151164,3.861977396494913,112.7800003051758,113.24000091552736,121.99866663614908,117.2436668395996,111.06140022277832,112.99118864975142,114.67846564137028,117.76688261390186,117.16620135639012,118.3960014781659,115.3598503963346,117.63741881471094,-2.2775684183763474,-1.0509482521984972,1.5308460431508248,1.5308460431508248,-1.5308460431508248,-1.5308460431508248,1.5308460431508248,1.5308460431508248,1.5308460431508248,-1.5308460431508248,1.5308460431508248,4.199996948242202,5.871498107910164,116.3099975585938,102.4007070159912,103.5670066833496,104.733306350708,0.0,0.9959378257980173,3.106184049939065,-1.0,3.106184049939065,0.9852868890233026,-1.0,3.106184049939065,0.8758434633731994,-1.0,3.106184049939065,0.0,0.0,0.0,0.0,0.0,0.0,0.0,,
2024-03-26,112.7300033569336,113.4499969482422,109.25,109.3499984741211,109.3499984741211,2551300.0,-1.5308460431508248,2.8238220144869253,3.176424864054729,3.3762412116238654,3.865199374925023,112.81799926757814,112.07500076293944,121.34700012207033,116.81966692606608,111.359100189209,111.777458591208,113.70965342914316,117.2238578306902,116.90993240943048,118.21687270580858,114.43525779291711,117.0235358265191,-2.5882780336019664,-1.358414208479191,9.556474369873737,-9.556474369873737,9.556474369873737,9.556474369873737,-9.556474369873737,-9.556474369873737,-9.556474369873737,9.556474369873737,-9.556474369873737,9.3800048828125,6.13949851989747,113.4499969482422,103.39270172119144,104.56700134277348,105.74130096435552,1.0,1.0066294757937169,1.5308460431508248,1.0,1.5308460431508248,0.9830076446487529,-1.0,1.5308460431508248,0.8734972983610599,-1.0,1.5308460431508248,0.0,0.0,0.0,0.0,0.0,0.0,0.0,,
2024-03-27,110.6999969482422,120.0800018310547,110.6999969482422,119.8000030517578,119.8000030517578,4947100.0,9.556474369873737,4.984497409441198,4.5385664324429165,4.03323297735786,4.061134926839385,114.03800048828126,112.23800125122072,121.22166697184244,116.61400032043456,111.78980018615722,114.45164007805792,114.816989724164,117.39006074817844,117.004688823933,118.24822182156996,115.26060321735416,117.22920006542566,-1.968596848071499,-1.480450736397653,0.984975187910466,-0.984975187910466,0.984975187910466,0.984975187910466,-0.984975187910466,-0.984975187910466,-0.984975187910466,0.984975187910466,-0.984975187910466,5.0,6.060498428344735,120.0800018310547,99.94310020446775,101.17099990844726,102.39889961242676,1.0,1.0160373422280713,-9.556474369873737,1.0,9.556474369873737,0.9968179827133267,-1.0,-9.556474369873737,0.9931295192146596,-1.0,-9.556474369873737,0.0,0.0,0.0,0.0,0.0,0.0,0.0,,
2024-03-28,119.6999969482422,124.4000015258789,119.4000015258789,120.9800033569336,120.9800033569336,2968700.0,0.984975187910466,4.981170761892214,3.859865492145003,3.738343318797018,4.062684840302756,115.15800170898436,113.29500122070311,120.86700057983398,116.44300028483072,112.21040023803712,116.62776117101647,115.93753765739484,117.6216699487433,117.13502700534283,118.30231650543854,116.1405109311356,117.5070373462781,-1.3665264151424878,-1.4576658721466198,-2.2235099741813023,2.2235099741813023,-2.2235099741813023,-2.2235099741813023,2.2235099741813023,-2.2235099741813023,2.2235099741813023,-2.2235099741813023,-2.2235099741813023,5.620002746581989,5.966998672485358,124.4000015258789,106.74690528869628,107.95900497436524,109.17110466003416,0.0,1.0164438012993358,-0.984975187910466,1.0,0.984975187910466,1.0059534084263657,1.0,-0.984975187910466,0.9201657194059956,-1.0,-0.984975187910466,0.0,0.0,0.0,0.0,0.0,0.0,0.0,,
2024-04-01,121.3300018310547,123.1399993896484,117.5199966430664,118.2900009155273,118.2900009155273,2084200.0,-2.2235099741813023,5.16048508215539,3.8403450542293904,3.7251910157190617,3.982812215270709,115.89400177001951,114.3510009765625,120.26366729736328,116.37066701253256,112.58520027160644,117.18184108585343,116.36525824978254,117.6647880756326,117.17289500239808,118.30207263237098,116.4712016979651,117.56503464770395,-1.093832949738868,-1.3848992876650694,-4.007099355045578,4.007099355045578,-4.007099355045578,-4.007099355045578,4.007099355045578,-4.007099355045578,4.007099355045578,-4.007099355045578,-4.007099355045578,3.420005798339801,5.736999130249028,123.1399993896484,111.27260444641112,112.4660041809082,113.65940391540526,0.0,1.0134935486377883,-2.2235099741813023,1.0,-2.2235099741813023,1.0070174109382206,1.0,-2.2235099741813023,0.9353167597096624,-1.0,2.2235099741813023,2.0,0.0,1.0,0.989825904,0.6190479823333334,0.962516546,0.3663017386666667,,
2024-04-02,115.4499969482422,115.8000030517578,112.379997253418,113.5500030517578,113.5500030517578,2504200.0,-4.007099355045578,5.340763906572613,4.051811947880414,3.704583587820261,3.987569150932482,116.39400177001951,114.58700103759766,119.65300089518227,116.2953337351481,112.93890029907226,115.97122840782156,115.85339366832348,117.39931807409228,117.05411165975414,118.20797224463604,116.02178652162551,117.2676248998561,-1.245838378230573,-1.3570871057781702,4.447375857895337,-4.447375857895337,4.447375857895337,4.447375857895337,-4.447375857895337,4.447375857895337,-4.447375857895337,4.447375857895337,4.447375857895337,7.490005493164105,5.808499526977549,115.8000030517578,110.51860130310052,111.66600112915036,112.81340095520014,1.0,1.0157696834375562,-4.007099355045578,1.0,-4.007099355045578,1.001017102182051,1.0,-4.007099355045578,0.9290330644056553,-1.0,4.007099355045578,0.0,0.0,0.0,0.0,0.0,0.0,0.0,,
2024-04-03,112.0599975585938,118.6600036621094,111.1699981689453,118.5999984741211,118.5999984741211,2917400.0,4.447375857895337,5.42529037396465,4.173071613125182,3.8507534058434456,4.01665518326961,118.24400177001954,115.53100051879883,119.35466740926108,116.34883371988931,113.33660026550292,116.84748509658807,116.3527763602867,117.47678132570708,117.10479647333996,118.21573514026944,116.41843451431716,117.36631923869056,-0.9478847243733952,-1.2752466294972151,1.838111579446177,-1.838111579446177,1.838111579446177,1.838111579446177,-1.838111579446177,1.838111579446177,-1.838111579446177,1.838111579446177,1.838111579446177,7.669998168945298,5.763999557495128,118.6600036621094,103.0213040924072,104.1830039978027,105.3447039031982,1.0,1.0234828854509854,4.447375857895337,1.0,4.447375857895337,1.0042518000152356,1.0,4.447375857895337,0.9586965348389407,-1.0,-4.447375857895337,0.0,0.0,0.0,0.0,0.0,0.0,0.0,,
2024-04-04,120.5899963378906,127.6699981689453,120.0,120.7799987792969,120.7799987792969,5141900.0,1.838111579446177,3.350841878980685,4.034474378433402,3.87689099377908,4.022453734444981,118.44000091552736,116.2390007019043,119.17266743977864,116.42850036621094,113.77540023803712,118.15832299082436,117.15772589101582,117.68989212916448,117.22529490960083,118.26651263807196,117.08944440123712,117.61918438984658,-0.5297399886094638,-1.126145301319665,-7.045870361185341,7.045870361185341,-7.045870361185341,-7.045870361185341,7.045870361185341,-7.045870361185341,7.045870361185341,-7.045870361185341,-7.045870361185341,5.330001831054702,5.771499633789075,127.6699981689453,105.97920463562012,107.13200454711917,108.28480445861815,0.0,1.0189351267675428,1.838111579446177,1.0,1.838111579446177,1.0085405985153666,1.0,1.838111579446177,0.9638124512360647,-1.0,-1.838111579446177,0.0,0.0,0.0,0.0,0.0,0.0,0.0,,
2024-04-05,113.5800018310547,117.5800018310547,112.25,112.2699966430664,112.2699966430664,6268500.0,-7.045870361185341,4.583343284560572,4.693126453572328,4.074025901654735,4.126548476449504,116.6979995727539,115.92800064086914,118.80033391316732,116.3486670176188,114.14250022888184,116.19554754157171,116.2690478459341,117.34022145264204,117.06282611397675,118.14776974708174,116.34799089998008,117.22294826045544,-0.8749573604753778,-1.0759077131508077,2.64540955687872,-2.64540955687872,2.64540955687872,2.64540955687872,-2.64540955687872,-2.64540955687872,-2.64540955687872,2.64540955687872,2.64540955687872,4.089996337890597,5.67500000000001,117.5800018310547,114.97269897460932,116.12699890136714,117.28129882812496,1.0,1.0066420444381692,-7.045870361185341,1.0,-7.045870361185341,0.9993678428977953,-1.0,-7.045870361185341,0.9872720325243919,-1.0,7.045870361185341,0.0,0.0,0.0,0.0,0.0,0.0,0.0,,
2024-04-08,112.7900009155273,116.4499969482422,112.3600006103516,115.2399978637695,115.2399978637695,2624200.0,2.64540955687872,4.872281133715656,4.770818461954416,4.134020420507837,4.140275973223369,116.08799896240234,115.99100036621094,118.70200042724608,116.31033363342286,114.5151001739502,115.87703098230432,116.08194784917688,117.20472315658574,117.0030612533142,118.09019010582804,116.17753043287075,117.07606304588612,-0.8985326130153624,-1.0404326931237184,5.848668533586543,-5.848668533586543,5.848668533586543,5.848668533586543,-5.848668533586543,-5.848668533586543,-5.848668533586543,5.848668533586543,5.848668533586543,6.699996948242202,5.737500000000009,116.4499969482422,105.09500183105467,106.23000183105468,107.36500183105468,1.0,1.0008362596743294,2.64540955687872,1.0,2.64540955687872,0.9982347223606308,-1.0,-2.64540955687872,0.9984890976456668,-1.0,-2.64540955687872,1.0,0.0,0.0,0.99031949,0.99031949,0.007279078,0.007279078,,
