Date_FFIV_L01d,Open_FFIV_L01d,High_FFIV_L01d,Low_FFIV_L01d,Close_FFIV_L01d,Adj Close_FFIV_L01d,Volume_FFIV_L01d,Daily_Return_FFIV_L01d,Vol5_FFIV_L01d,Vol10_FFIV_L01d,Vol20_FFIV_L01d,Vol60_FFIV_L01d,SMA5_FFIV_L01d,SMA10_FFIV_L01d,SMA30_FFIV_L01d,SMA60_FFIV_L01d,SMA100_FFIV_L01d,EMA5_FFIV_L01d,EMA10_FFIV_L01d,EMA30_FFIV_L01d,EMA60_FFIV_L01d,EMA100_FFIV_L01d,Short12_FFIV_L01d,Long26_FFIV_L01d,MACD_FFIV_L01d,SIGNAL9_FFIV_L01d,Ret5/10_FFIV_L01d,Ret10/30_FFIV_L01d,Ret30/60_FFIV_L01d,Ret30/100_FFIV_L01d,Emaret5/10_FFIV_L01d,Emaret10/30_FFIV_L01d,Emaret30/60_FFIV_L01d,Emaret30/100_FFIV_L01d,RetMACD_FFIV_L01d,DayRange_FFIV_L01d,average20r_FFIV_L01d,PRVHI_FFIV_L01d,HitLevel_FFIV_L01d,hitlevel_2_FFIV_L01d,hitlevel_1.8_FFIV_L01d,positive_return_dummy,sma_ratio_L01d,RetMACD_L01d,R_sma_ratio_L01d,ret_sma_ratio_L01d,ema_ratio_L01d,R_ema_ratio_L01d,ret_ema_ratio_L01d,volatility_ratio_L01d,R_vol_ratio_L01d,ret_vol_ratio_L01d,negative_L01d,neutral_L01d,positive_L01d,negative_max_L01d,negative_avg_L01d,positive_max_L01d,positive_avg_L01d,ret_best,best
2024-01-03,175.4100036621094,175.9499969482422,173.2599945068359,174.0899963378906,174.0899963378906,451100.0,-1.2199325285182698,0.6462729818146011,0.802284127862715,1.037117484219243,1.1972216822348178,177.7699981689453,178.19699859619138,173.55433400472006,163.9803332010905,162.03320053100586,176.84233177381913,177.2057581439313,173.08417626578853,167.76094747014525,163.42807614629166,176.9982264129529,174.00993834853315,2.9882880644197485,3.827778080199206,1.3268985049033075,-1.3268985049033075,-1.3268985049033075,-1.3268985049033075,1.3268985049033075,1.3268985049033075,-1.3268985049033075,-1.3268985049033075,1.3268985049033075,1.8500061035157105,2.459497833251957,175.9499969482422,172.55979980468751,173.06799926757816,173.57619873046878,0.0,0.9976037731801887,1.2199325285182698,-1.0,-1.2199325285182698,1.031731036787275,1.0,-1.2199325285182698,0.8662702151228057,-1.0,1.2199325285182698,0.0,0.0,0.0,0.0,0.0,0.0,0.0,,1
2024-01-04,173.0299987792969,173.2799987792969,171.4299926757812,171.7799987792969,171.7799987792969,429100.0,-1.3268985049033075,0.6338886573253809,0.8642198962616021,0.9998389944040552,1.21204407627238,176.15799865722656,177.48099822998046,173.8066670735677,164.24366658528646,162.18000045776367,175.15488744231175,176.2192564412705,173.00003578278907,167.89271964421576,163.59346075288582,176.19542216162122,173.84475763970084,2.350664521920379,3.532355368543441,0.1921072496214781,-0.1921072496214781,-0.1921072496214781,-0.1921072496214781,0.1921072496214781,0.1921072496214781,-0.1921072496214781,-0.1921072496214781,0.1921072496214781,1.5599975585937784,2.4179977416992218,173.2799987792969,170.5391017150879,171.03100128173827,171.52290084838867,0.0,0.9925456832790654,1.3268985049033075,-1.0,1.3268985049033075,1.0304201167828855,1.0,-1.3268985049033075,0.8249196658582271,-1.0,1.3268985049033075,0.0,0.0,0.0,0.0,0.0,0.0,0.0,-1.3268985049033075,1
2024-01-05,171.7799987792969,172.6100006103516,171.0500030517578,171.4499969482422,171.4499969482422,447200.0,-0.1921072496214781,0.5973386601937073,0.8237636981783435,0.980154474442104,1.2048941901559125,174.50799865722655,176.93899841308593,173.9903335571289,164.46966654459635,162.31500045776366,173.91992394428857,175.35211835162897,172.90003327733444,168.00935168697072,163.7490357270513,175.46535674417828,173.66736795885203,1.7979887853262255,3.185482051899998,-1.883928716845697,1.883928716845697,1.883928716845697,1.883928716845697,-1.883928716845697,-1.883928716845697,1.883928716845697,1.883928716845697,-1.883928716845697,3.300003051757784,2.468498229980466,172.6100006103516,167.96040374755862,168.44400329589843,168.9276028442383,1.0,0.9862608030018125,0.1921072496214781,-1.0,0.1921072496214781,1.0291095795636178,1.0,-0.1921072496214781,0.8134776335134231,-1.0,0.1921072496214781,0.0,0.0,0.0,0.0,0.0,0.0,0.0,-0.1921072496214781,1
2024-01-08,171.5299987792969,174.8300018310547,171.5299987792969,174.6799926757812,174.6799926757812,365300.0,1.883928716845697,1.4177546017628104,1.042055721709964,1.0593334821381342,1.2236868161410204,173.647998046875,176.597998046875,174.24399973551434,164.75883305867512,162.5063003540039,174.17328018811946,175.229913683293,173.01486936755683,168.22806122758746,163.96549032009543,175.34453150288644,173.7423771971431,1.6021543057433405,2.8688165026686665,0.3434800033682921,-0.3434800033682921,-0.3434800033682921,-0.3434800033682921,0.3434800033682921,0.3434800033682921,-0.3434800033682921,-0.3434800033682921,0.3434800033682921,1.810012817382784,2.4649993896484306,174.8300018310547,167.17930450439457,167.67300415039065,168.16670379638674,0.0,0.9832953938740745,-1.883928716845697,-1.0,-1.883928716845697,1.028454278703798,1.0,1.883928716845697,0.8656900345456155,-1.0,-1.883928716845697,0.0,0.0,2.0,0.001713588,0.001576266,0.997298419,0.9969207045,1.883928716845697,1
2024-01-09,173.8200073242188,175.1000061035156,173.2899932861328,174.0800018310547,174.0800018310547,288900.0,-0.3434800033682921,1.2908999462590975,1.0134555486579333,1.0455156413941056,1.2063246593108057,173.21599731445312,176.10699768066405,174.44366658528645,165.07666651407877,162.69110031127929,174.1421874024312,175.02083880106784,173.0835875910083,168.41992813261916,164.16577767674812,175.1499884764508,173.7673864292847,1.3826020471661025,2.571573611568154,-0.942095227710323,0.942095227710323,0.942095227710323,0.942095227710323,-0.942095227710323,-0.942095227710323,0.942095227710323,0.942095227710323,-0.942095227710323,2.5500030517578125,2.452500152587885,175.1000061035156,169.40700317382814,169.90000305175784,170.3930029296875,1.0,0.9835838416173944,0.3434800033682921,-1.0,0.3434800033682921,1.0276906629167828,1.0,-0.3434800033682921,0.8666950752639235,-1.0,0.3434800033682921,0.0,0.0,0.0,0.0,0.0,0.0,0.0,-0.3434800033682921,1
2024-01-10,173.8600006103516,175.7799987792969,173.2299957275391,175.7200012207031,175.7200012207031,205500.0,0.942095227710323,1.2416312869753787,1.042509371300641,1.006954037495749,1.1388959504160427,173.54199829101563,175.65599822998047,174.71499989827473,165.49683329264323,162.8963003540039,174.66812534185516,175.14795924100153,173.2536787929241,168.65927479124483,164.394574182569,175.23768274479733,173.91202456198235,1.3256581828149765,2.3223905258175184,-0.3129996858280307,0.3129996858280307,0.3129996858280307,0.3129996858280307,-0.3129996858280307,-0.3129996858280307,0.3129996858280307,0.3129996858280307,-0.3129996858280307,1.8699951171875,2.389499664306635,175.7799987792969,169.70450576782224,170.19500579833982,170.6855058288574,1.0,0.9879651138573871,-0.942095227710323,-1.0,-0.942095227710323,1.027240743252133,1.0,0.942095227710323,0.884149282581877,-1.0,-0.942095227710323,0.0,0.0,0.0,0.0,0.0,0.0,0.0,0.942095227710323,1
2024-01-11,176.0599975585938,176.8899993896484,175.0200042724609,176.2700042724609,176.2700042724609,231500.0,0.3129996858280307,0.9129631900303984,1.0576367900967425,0.9814130087612648,1.1078237156452548,174.43999938964845,175.2989990234375,174.95733337402345,165.86899998982747,163.1058003234863,175.2020849853904,175.35196742853958,173.44828043676517,168.90880690538307,164.629731214052,175.39650144136095,174.0866897257215,1.309811715639455,2.119874763781905,0.06808326605076,-0.06808326605076,-0.06808326605076,-0.06808326605076,0.06808326605076,0.06808326605076,-0.06808326605076,-0.06808326605076,0.06808326605076,1.4700012207032105,2.1824996948242203,176.8899993896484,170.52309951782232,171.00099945068362,171.47889938354496,0.0,0.9950998029733519,-0.3129996858280307,-1.0,-0.3129996858280307,1.0268752921446243,1.0,0.3129996858280307,0.8858927597425897,-1.0,-0.3129996858280307,0.0,0.0,0.0,0.0,0.0,0.0,0.0,0.3129996858280307,1
2024-01-12,176.8000030517578,177.5700073242188,176.1000061035156,176.1499938964844,176.1499938964844,206600.0,-0.06808326605076,0.8901552492770352,1.0577617408270752,0.962367661905042,1.1028615820240044,175.37999877929684,174.94399871826172,175.160666402181,166.25516662597656,163.30560028076172,175.51805462242174,175.4970631499841,173.62258453094063,169.1462228723044,164.8578552275655,175.5124233575338,174.23952707170392,1.2728962858298871,1.950479068191502,0.0056825239692499,-0.0056825239692499,0.0056825239692499,0.0056825239692499,-0.0056825239692499,0.0056825239692499,0.0056825239692499,0.0056825239692499,-0.0056825239692499,2.1000061035155966,2.066500091552736,177.5700073242188,172.08850006103512,172.52499999999998,172.9614999389648,1.0,1.0024922264509186,0.06808326605076,1.0,0.06808326605076,1.0264644494131898,1.0,-0.06808326605076,0.8726096525539281,-1.0,0.06808326605076,0.0,0.0,1.0,0.001391849,0.001391849,0.997084677,0.997084677,-0.06808326605076,1
2024-01-16,175.4400024414062,176.7100067138672,174.6100006103516,176.1600036621094,176.1600036621094,319900.0,0.0056825239692499,0.4908985169195429,1.0567578912986475,0.8827022566621501,1.0846455380684945,175.6760009765625,174.66199951171876,175.32633310953776,166.67466659545897,163.5063003540039,175.73203763565098,175.6175977885523,173.78628899101605,169.37618289819966,165.08166014706143,175.61205109669928,174.38178459691915,1.2302664997801287,1.806436554509228,0.7095821832506382,-0.7095821832506382,0.7095821832506382,0.7095821832506382,-0.7095821832506382,0.7095821832506382,0.7095821832506382,0.7095821832506382,-0.7095821832506382,2.5399932861328125,2.066500091552736,176.7100067138672,173.0237071228028,173.43700714111333,173.8503071594239,1.0,1.005805507023156,-0.0056825239692499,1.0,0.0056825239692499,1.0260373449050213,1.0,0.0056825239692499,0.8138163350895637,-1.0,-0.0056825239692499,0.0,0.0,0.0,0.0,0.0,0.0,0.0,0.0056825239692499,1
2024-01-17,175.6100006103516,178.1499938964844,175.6100006103516,177.4100036621094,177.4100036621094,498500.0,0.7095821832506382,0.4387355845064075,0.96592622614365,0.8931707834871431,1.056753311045033,176.34200134277344,174.77899932861328,175.48666636149088,167.15633341471354,163.69760040283202,176.29135964447045,175.94348976556267,174.0200770343124,169.6395868576721,165.32578576122077,175.88865918368543,174.60609712026655,1.2825620634188797,1.701661656291158,1.5669909936936277,-1.5669909936936277,1.5669909936936277,1.5669909936936277,-1.5669909936936277,1.5669909936936277,1.5669909936936277,1.5669909936936277,-1.5669909936936277,2.489990234375,2.0519996643066465,178.1499938964844,172.16370651245117,172.5770065307617,172.99030654907227,1.0,1.008942733510114,-0.7095821832506382,1.0,0.7095821832506382,1.0258223346200173,1.0,0.7095821832506382,0.8452027300523699,-1.0,-0.7095821832506382,0.0,0.0,1.0,0.001646658,0.001646658,0.996902227,0.996902227,0.7095821832506382,1
2024-01-18,178.8399963378906,180.2899932861328,177.8000030517578,180.1900024414062,180.1900024414062,420200.0,1.5669909936936277,0.6678855233323255,0.9542520286856704,0.9232676121436836,1.0678465852822066,177.23600158691406,175.38899993896484,175.7213333129883,167.68683344523112,163.94150039672851,177.59090724344904,176.7155829793524,174.4181367379959,169.98550212271255,165.62012668558089,176.55040430025784,175.01971973664726,1.5306845636105777,1.667466237755042,-0.0555003619294119,0.0555003619294119,-0.0555003619294119,-0.0555003619294119,0.0555003619294119,-0.0555003619294119,-0.0555003619294119,-0.0555003619294119,0.0555003619294119,2.2699890136717897,2.0504989624023464,180.2899932861328,173.6355946350098,174.0459945678711,174.45639450073244,0.0,1.0105308864785818,-1.5669909936936277,1.0,1.5669909936936277,1.0260765451166738,1.0,1.5669909936936277,0.8646069808798291,-1.0,-1.5669909936936277,0.0,0.0,1.0,0.00198741,0.00198741,0.996214807,0.996214807,1.5669909936936277,1
2024-01-19,180.5,181.6799926757812,179.4100036621094,180.0899963378906,180.0899963378906,699700.0,-0.0555003619294119,0.7132220092264948,0.7737736685903919,0.9172504894488326,1.0473370303695686,178.0,176.21999969482422,176.05533294677736,168.2480000813802,164.1695004272461,178.42393694159625,177.3291126809048,174.78406316379557,170.31679701501346,165.90665875790384,177.09495692143213,175.3952957811838,1.699661140248338,1.6739052182537013,0.99950196477354,0.99950196477354,0.99950196477354,0.99950196477354,-0.99950196477354,0.99950196477354,0.99950196477354,0.99950196477354,0.99950196477354,2.370010375976591,2.049499511718756,181.6799926757812,175.77889556884764,176.18899536132812,176.59909515380858,1.0,1.0101010118502916,0.0555003619294119,1.0,-0.0555003619294119,1.0262291578228089,1.0,-0.0555003619294119,0.8757930473681113,-1.0,0.0555003619294119,0.0,0.0,0.0,0.0,0.0,0.0,0.0,-0.0555003619294119,1
2024-01-22,180.1199951171875,182.4600067138672,180.0899963378906,181.8899993896484,181.8899993896484,482600.0,0.99950196477354,0.6854445947581943,0.7508308346394733,0.896147787364829,1.0442890369888418,179.14800109863282,177.26399993896484,176.49633280436197,168.80883331298827,164.40020034790038,179.57929109094698,178.15836480976725,175.2425106622377,170.69624627319823,166.22316055259185,177.83265576269616,175.87638493736634,1.956270825329824,1.730378339668926,-0.610259285324225,-0.610259285324225,-0.610259285324225,-0.610259285324225,0.610259285324225,-0.610259285324225,-0.610259285324225,-0.610259285324225,-0.610259285324225,2.449996948242216,2.072499847412117,182.4600067138672,177.17109374999993,177.5809936523437,177.99089355468743,0.0,1.0106282220886174,0.99950196477354,1.0,0.99950196477354,1.026633651813076,1.0,0.99950196477354,0.8581415255960447,-1.0,-0.99950196477354,0.0,1.0,1.0,0.034096826,0.017837868,0.996671259,0.5105605205,0.99950196477354,1
2024-01-23,181.6900024414062,182.3999938964844,179.9499969482422,180.7799987792969,180.7799987792969,318800.0,-0.610259285324225,0.8617887090320687,0.6867631259023141,0.9015970428383522,1.0186344244442396,180.0720001220703,177.8740005493164,176.8856658935547,169.29383341471353,164.5961003112793,179.97952698706365,178.63502553149988,175.5997679601125,171.02686110946374,166.51141477490285,178.2860931498655,176.23961559232416,2.046477557541351,1.7935981832434114,0.3042388845401247,0.3042388845401247,0.3042388845401247,0.3042388845401247,-0.3042388845401247,0.3042388845401247,0.3042388845401247,0.3042388845401247,0.3042388845401247,1.949996948242216,2.068999481201182,182.3999938964844,177.90050704956053,178.31500701904295,178.72950698852537,1.0,1.0123570593002122,-0.610259285324225,1.0,-0.610259285324225,1.0267379452618377,1.0,-0.610259285324225,0.885103645824907,-1.0,0.610259285324225,0.0,0.0,0.0,0.0,0.0,0.0,0.0,-0.610259285324225,1
2024-01-24,181.6000061035156,182.7899932861328,180.8399963378906,181.3300018310547,181.3300018310547,401600.0,0.3042388845401247,0.8587989373914479,0.6437097852920041,0.8977024703844294,1.0172105197977068,180.85599975585936,178.5990005493164,177.23599904378256,169.79083353678385,164.7820002746582,180.429685268394,179.125021222328,175.9694604679152,171.3646690019749,166.8048521423514,178.75438679312538,176.61668123963753,2.137705553487848,1.8624196572922989,1.8253998374067455,1.8253998374067455,1.8253998374067455,1.8253998374067455,-1.8253998374067455,1.8253998374067455,1.8253998374067455,1.8253998374067455,1.8253998374067455,2.3099975585937784,2.114499664306652,182.7899932861328,177.8481950378418,178.26199493408205,178.67579483032227,1.0,1.012637244327242,0.3042388845401247,1.0,0.3042388845401247,1.0268713002088385,1.0,0.3042388845401247,0.8825139466341303,-1.0,-0.3042388845401247,0.0,0.0,0.0,0.0,0.0,0.0,0.0,0.3042388845401247,1
2024-01-25,183.4600067138672,184.9499969482422,182.6399993896484,184.6399993896484,184.6399993896484,605400.0,1.8253998374067455,0.9467704974325628,0.7724555879751821,0.9718055959624856,1.0176434962946015,181.74599914550785,179.49100036621093,177.6066655476888,170.37200012207032,164.99180023193358,181.83312330881213,180.12774452547717,176.528850075769,171.79992573599696,167.15802337497112,179.6598656541289,177.2110011026013,2.448864551527606,1.9797086361393603,-0.5470074253545156,-0.5470074253545156,-0.5470074253545156,-0.5470074253545156,0.5470074253545156,-0.5470074253545156,-0.5470074253545156,-0.5470074253545156,-0.5470074253545156,2.9500122070312784,2.2085006713867315,184.9499969482422,178.1380940246582,178.5609939575195,178.98389389038084,0.0,1.012563297183124,1.8253998374067455,1.0,1.8253998374067455,1.0275257647493918,1.0,1.8253998374067455,0.954956818867296,-1.0,-1.8253998374067455,0.0,0.0,0.0,0.0,0.0,0.0,0.0,1.8253998374067455,-1
2024-01-26,184.6999969482422,185.2400054931641,182.2899932861328,183.6300048828125,183.6300048828125,645800.0,-0.5470074253545156,1.0389449174639016,0.8403609050598334,0.9806972340809968,1.0200663679853026,182.4540008544922,180.22700042724608,177.88199920654296,170.94550018310548,165.1820002746582,182.4320838334789,180.76451913590176,176.98698909557825,172.18779718343353,167.48420122661153,180.2706563046956,177.68648286409842,2.5841734405971977,2.100601597030928,0.9475522453345316,0.9475522453345316,0.9475522453345316,0.9475522453345316,-0.9475522453345316,0.9475522453345316,0.9475522453345316,0.9475522453345316,0.9475522453345316,2.589996337890625,2.2695007324218937,185.2400054931641,180.0912954711914,180.53299560546876,180.97469573974607,1.0,1.01235664146863,-0.5470074253545156,1.0,-0.5470074253545156,1.0278718468477304,1.0,-0.5470074253545156,0.9614053211242889,-1.0,0.5470074253545156,0.0,0.0,0.0,0.0,0.0,0.0,0.0,0.5470074253545156,1
2024-01-29,183.7899932861328,185.9199981689453,183.3300018310547,185.3699951171875,185.3699951171875,1156600.0,0.9475522453345316,1.031614367315672,0.837118110898621,0.9970876428064892,1.0102063731888946,183.15,181.1490005493164,178.26199900309246,171.5085001627604,165.38980026245116,183.41138759471517,181.60187840522644,177.5278281937466,172.6200003943763,167.8383753630586,181.0551699681559,178.2556319198828,2.7995380482730923,2.240388887279361,0.7930092568507587,0.7930092568507587,0.7930092568507587,0.7930092568507587,-0.7930092568507587,0.7930092568507587,0.7930092568507587,0.7930092568507587,0.7930092568507587,12.820007324218778,2.820500946044937,185.9199981689453,180.24710388183595,180.7010040283203,181.15490417480467,1.0,1.0110461523089598,0.9475522453345316,1.0,0.9475522453345316,1.0284313972202388,1.0,0.9475522453345316,0.9870138115036893,-1.0,-0.9475522453345316,1.0,0.0,0.0,0.987584174,0.987584174,0.010691378,0.010691378,0.9475522453345316,1
2024-01-30,195.0099945068359,199.4900054931641,186.6699981689453,186.8399963378906,186.8399963378906,1780100.0,0.7930092568507587,0.8720464225291784,0.8207989585590723,0.9974764115364804,1.011746777000717,184.36199951171875,182.2169998168945,178.59266560872396,172.09050013224285,165.6200001525879,184.5542571757736,182.55426348389267,178.12861323530427,173.08622976957346,168.21464508533248,181.94514325580735,178.89151076566117,3.0536324901462137,2.403037607852732,-1.6805820226895534,-1.6805820226895534,-1.6805820226895534,-1.6805820226895534,1.6805820226895534,-1.6805820226895534,-1.6805820226895534,-1.6805820226895534,-1.6805820226895534,4.300003051757784,2.9120010375976664,199.4900054931641,179.71489608764645,180.27899627685545,180.8430964660644,0.0,1.0117716771595389,0.7930092568507587,1.0,0.7930092568507587,1.029132204638368,1.0,0.7930092568507587,0.9858953190772295,-1.0,-0.7930092568507587,0.0,0.0,0.0,0.0,0.0,0.0,0.0,0.7930092568507587,1
2024-01-31,186.4199981689453,186.4700012207031,182.1699981689453,183.6999969482422,183.6999969482422,653900.0,-1.6805820226895534,1.380591241086335,1.0877791221894313,1.011763606695139,1.0443968862999755,184.83599853515625,182.8459991455078,178.7953323364258,172.60433349609374,165.8425001525879,184.26950376659647,182.7625786592289,178.48805734581643,173.4342221360872,168.52128571628117,182.2151207469512,179.24769492733384,2.967425819617347,2.5159152502056545,1.1758321709270296,1.1758321709270296,1.1758321709270296,1.1758321709270296,-1.1758321709270296,1.1758321709270296,1.1758321709270296,1.1758321709270296,1.1758321709270296,2.5800018310546875,2.9065010070800867,186.4700012207031,193.0836032104492,193.6660034179688,194.2484036254883,1.0,1.0108834724245994,-1.6805820226895534,1.0,-1.6805820226895534,1.0291397807623208,1.0,-1.6805820226895534,0.9687539478210744,-1.0,1.6805820226895534,0.0,0.0,0.0,0.0,0.0,0.0,0.0,-1.6805820226895534,1
2024-02-01,184.0099945068359,186.0800018310547,183.5,185.8600006103516,185.8600006103516,436600.0,1.1758321709270296,1.2183988509066304,1.045540414534102,0.9743957694334016,1.0485576794300708,185.0799987792969,183.4129989624024,178.99966583251953,173.13400014241537,166.09560012817383,184.7996693811815,183.32574628670577,178.96366658868968,173.84162470901387,168.86462660527266,182.77587149516663,179.73749534829813,3.038376146868501,2.620407429538224,-0.3389674382565408,-0.3389674382565408,-0.3389674382565408,-0.3389674382565408,0.3389674382565408,-0.3389674382565408,-0.3389674382565408,-0.3389674382565408,-0.3389674382565408,2.9900054931640057,2.9635009765625013,186.0800018310547,180.0756990051269,180.6569992065429,181.23829940795892,0.0,1.0090887768387462,1.1758321709270296,1.0,1.1758321709270296,1.02946384036763,1.0,1.1758321709270296,0.9292724554389998,-1.0,-1.1758321709270296,0.0,0.0,0.0,0.0,0.0,0.0,0.0,1.1758321709270296,1
2024-02-02,185.5899963378906,186.1000061035156,183.1100006103516,185.2299957275391,185.2299957275391,619800.0,-0.3389674382565408,1.192443833507765,1.0604445739458563,0.9086908395502976,1.0519855068730168,185.39999694824215,183.9269989013672,179.20933227539064,173.6456667582194,166.34130004882812,184.94311149663403,183.6719734577664,179.36794588797028,174.215013922736,169.18869332056505,183.15342906937775,180.14434722824188,3.0090818411358957,2.698142311857758,-0.367107213445873,-0.367107213445873,-0.367107213445873,-0.367107213445873,0.367107213445873,-0.367107213445873,-0.367107213445873,-0.367107213445873,-0.367107213445873,1.6000061035157105,2.965501403808598,186.1000061035156,179.56029968261717,180.1529998779297,180.74570007324215,0.0,1.0080086015412282,-0.3389674382565408,1.0,-0.3389674382565408,1.0295780016268838,1.0,-0.3389674382565408,0.8637864624688065,-1.0,0.3389674382565408,0.0,0.0,0.0,0.0,0.0,0.0,0.0,-0.3389674382565408,1
2024-02-05,183.9700012207031,184.8200073242188,183.2200012207031,184.5500030517578,184.5500030517578,450400.0,-0.367107213445873,1.1236718409890425,1.0463677404784255,0.91532371310802,1.0512832186766254,185.23599853515623,184.19299926757813,179.4653325398763,174.1196667989095,166.58460006713867,184.812075348342,183.83161520212843,179.70227215660177,174.5538660253269,169.49287767167775,183.36828660512856,180.47069210405783,2.8975945010706994,2.7380327497003463,-1.1270668093521357,-1.1270668093521357,-1.1270668093521357,-1.1270668093521357,1.1270668093521357,-1.1270668093521357,-1.1270668093521357,-1.1270668093521357,-1.1270668093521357,4.080001831054716,3.0045013427734446,184.8200073242188,179.57590301513667,180.1690032958984,180.7621035766601,0.0,1.005662534796249,-0.367107213445873,1.0,-0.367107213445873,1.0294946554236035,1.0,-0.367107213445873,0.870672809045926,-1.0,0.367107213445873,0.0,0.0,0.0,0.0,0.0,0.0,0.0,-0.367107213445873,1
2024-02-06,185.6900024414062,185.8099975585938,181.7299957275391,182.4700012207031,182.4700012207031,489700.0,-1.1270668093521357,1.0763057528149904,1.0995142098121409,0.9012058019410945,1.06544428923926,184.36199951171875,184.36199951171875,179.61133270263673,174.56350021362306,166.80570007324218,184.0313839724624,183.58404902368744,179.88083532202765,174.81341144156872,169.74985041522282,183.23008885367847,180.61878907566123,2.6112997780172407,2.712686155363725,0.0,0.4493845892168928,0.4493845892168928,0.4493845892168928,-0.4493845892168928,0.4493845892168928,0.4493845892168928,0.4493845892168928,-0.4493845892168928,2.8999938964844034,3.0590003967285258,185.8099975585938,178.21010437011722,178.81100463867193,179.4119049072266,1.0,1.0,-1.1270668093521357,-1.0,-1.1270668093521357,1.0289876150729587,1.0,-1.1270668093521357,0.8458497652510449,-1.0,1.1270668093521357,0.0,0.0,1.0,0.002116686,0.002116686,0.994556189,0.994556189,-1.1270668093521357,1
2024-02-07,183.3999938964844,183.8399963378906,180.9400024414062,183.2899932861328,183.2899932861328,438400.0,0.4493845892168928,0.8797481869927684,1.103482341655542,0.8924061917685163,1.065306292411965,184.27999877929688,184.55799865722656,179.75466562906902,175.0196667989095,167.03139999389649,183.78425374368587,183.530584344132,180.1007809971312,175.0913321577839,170.01797205623092,183.23930492020992,180.81665605421463,2.4226488659952565,2.654678697490032,-1.0584333637776686,1.0584333637776686,1.0584333637776686,1.0584333637776686,-1.0584333637776686,1.0584333637776686,1.0584333637776686,1.0584333637776686,-1.0584333637776686,2.9100036621094034,3.077000427246105,183.8399963378906,179.08019668579104,179.69199676513676,180.3037968444825,1.0,0.9984936991083978,-0.4493845892168928,-1.0,-0.4493845892168928,1.0286104901802509,1.0,0.4493845892168928,0.8376991651368315,-1.0,-0.4493845892168928,0.0,0.0,0.0,0.0,0.0,0.0,0.0,0.4493845892168928,1
2024-02-08,183.0599975585938,185.3200073242188,182.4100036621094,185.2299957275391,185.2299957275391,357700.0,1.0584333637776686,0.8397926590399344,0.9922945007619588,0.8974382862358299,1.0460260664550238,184.1539978027344,184.6169982910156,179.92133229573568,175.45600001017252,167.29899993896484,184.2661677383036,183.83956823202425,180.4316980765124,175.42374735679226,170.31920024774195,183.5455650444144,181.14357010409051,2.401994940323874,2.6041419460568003,-0.7450223584966199,0.7450223584966199,0.7450223584966199,0.7450223584966199,-0.7450223584966199,0.7450223584966199,0.7450223584966199,0.7450223584966199,-0.7450223584966199,2.7700042724609943,3.12200088500978,185.3200073242188,177.07059539794918,177.6859954833984,178.3013955688476,1.0,0.9974921026093635,-1.0584333637776686,-1.0,-1.0584333637776686,1.02854773538462,1.0,1.0584333637776686,0.8579502127296339,-1.0,-1.0584333637776686,0.0,0.0,0.0,0.0,0.0,0.0,0.0,1.0584333637776686,1
2024-02-09,185.75,187.2100067138672,184.4400024414062,186.6100006103516,186.6100006103516,384000.0,0.7450223584966199,0.8898340295569892,0.9920134911026398,0.9037630396166518,1.0455194916685429,184.42999877929688,184.91499786376957,180.1469991048177,175.92250010172526,167.55699996948243,185.0474453623196,184.34328320990195,180.8302982399859,175.79050975854832,170.64179035393224,184.0170166699432,181.5484908823321,2.468525787611128,2.577018714367666,0.2411429970367972,-0.2411429970367972,-0.2411429970367972,-0.2411429970367972,0.2411429970367972,-0.2411429970367972,-0.2411429970367972,-0.2411429970367972,0.2411429970367972,2.1199951171875,3.1545005798339942,187.2100067138672,178.4516053771973,179.07600555419924,179.70040573120122,0.0,0.9973771782166095,-0.7450223584966199,-1.0,-0.7450223584966199,1.0286692864612532,1.0,0.7450223584966199,0.8644152948065443,-1.0,-0.7450223584966199,0.0,1.0,1.0,0.092950381,0.0772046555,0.69577235,0.3804235645,0.7450223584966199,1
2024-02-12,186.6100006103516,187.6499938964844,185.5299987792969,186.1600036621094,186.1600036621094,420700.0,-0.2411429970367972,0.8730981217616398,0.9585516527807312,0.9081825539053608,0.9477642647288992,184.7519989013672,184.9939987182617,180.36233266194665,176.2845001220703,167.80589996337892,185.4182981289162,184.67359601939415,181.17415020270357,176.13049316522245,170.94908170656942,184.34670697643037,181.89008442157484,2.4566225548555,2.5529394824652334,1.697466480418094,-1.697466480418094,-1.697466480418094,-1.697466480418094,1.697466480418094,-1.697466480418094,-1.697466480418094,-1.697466480418094,1.697466480418094,3.6300048828126137,3.231000518798845,187.6499938964844,180.2701054382324,180.9010055541992,181.531905670166,0.0,0.998691850446116,0.2411429970367972,-1.0,0.2411429970367972,1.0286359104936464,1.0,-0.2411429970367972,0.9582367553867834,-1.0,0.2411429970367972,0.0,0.0,0.0,0.0,0.0,0.0,0.0,-0.2411429970367972,-1
2024-02-13,182.9299926757812,184.8200073242188,181.1900024414062,183.0,183.0,510800.0,-1.697466480418094,1.0951118896024123,1.061141507232651,1.0095183010258264,0.9792867300054212,184.85799865722657,184.60999908447263,180.496332804362,176.588666788737,168.0286999511719,184.6121987526108,184.36930583404975,181.29194696381947,176.35572289751022,171.1877137519839,184.13952128774875,181.97230039034707,2.167220897401677,2.4757957654525224,0.6885215884349231,0.6885215884349231,0.6885215884349231,0.6885215884349231,-0.6885215884349231,0.6885215884349231,0.6885215884349231,0.6885215884349231,-0.6885215884349231,1.5199890136719034,3.1800003051758,184.8200073242188,180.54179275512692,181.1879928588867,181.83419296264648,1.0,1.0013433702073768,1.697466480418094,1.0,1.697466480418094,1.0279901552680428,1.0,-1.697466480418094,1.0308710105979255,1.0,1.697466480418094,0.0,0.0,0.0,0.0,0.0,0.0,0.0,1.697466480418094,-1
2024-02-14,184.3099975585938,185.0399932861328,183.5200042724609,184.2599945068359,184.2599945068359,486200.0,0.6885215884349231,1.121126741647135,0.9534431641670026,1.0089646621425976,0.9280175799492288,185.0519989013672,184.66599884033204,180.7636657714844,176.97549997965496,168.29619995117187,184.4947973373525,184.34943104728364,181.4834339020786,176.6148793437176,171.4465707966344,184.1580556291468,182.1417592137907,2.016296415356095,2.383895895433237,-0.3907528721197183,-0.3907528721197183,-0.3907528721197183,-0.3907528721197183,0.3907528721197183,-0.3907528721197183,-0.3907528721197183,-0.3907528721197183,0.3907528721197183,2.7100067138671875,3.191001129150409,185.0399932861328,177.82400665283205,178.46000671386722,179.09600677490238,0.0,1.0020902605972901,-0.6885215884349231,1.0,0.6885215884349231,1.027565936553319,1.0,0.6885215884349231,1.0872258068621905,1.0,0.6885215884349231,0.0,0.0,0.0,0.0,0.0,0.0,0.0,-0.6885215884349231,-1
2024-02-15,184.2599945068359,185.2400054931641,182.5299987792969,183.5399932861328,183.5399932861328,512900.0,-0.3907528721197183,0.9950945149244254,0.8701472198372653,0.9627017358678313,0.9213666864380629,184.71399841308596,184.43399810791016,181.07866566975912,177.31649983723958,168.5449998474121,184.1765293202793,184.20226054525625,181.61611515266276,176.84193225986238,171.68604450929774,184.06296911483696,182.24533210803827,1.817637006798691,2.270644117706328,-0.6483530708002506,-0.6483530708002506,-0.6483530708002506,-0.6483530708002506,0.6483530708002506,0.6483530708002506,-0.6483530708002506,-0.6483530708002506,0.6483530708002506,2.860000610351591,3.2205017089843992,185.2400054931641,178.01979080200192,178.657991027832,179.29619125366207,0.0,1.0015181599273904,0.3907528721197183,1.0,-0.3907528721197183,1.026996893959431,1.0,-0.3907528721197183,1.0448627566398854,1.0,-0.3907528721197183,0.0,0.0,0.0,0.0,0.0,0.0,0.0,0.3907528721197183,-1
2024-02-16,183.1399993896484,184.4499969482422,181.5899963378906,182.3500061035156,182.3500061035156,464800.0,-0.6483530708002506,0.8571132081515521,0.8841025417196597,0.9766561679759383,0.9255000420986518,183.86199951171875,184.1459991455078,181.43099924723307,177.61883316040038,168.78329986572265,183.56768824802475,183.86548701039428,181.6634629559436,177.02252484490018,171.8972120656189,183.79943634386444,182.2530857373329,1.546350606531547,2.125785415471372,-0.4332290977190057,0.4332290977190057,0.4332290977190057,0.4332290977190057,-0.4332290977190057,-0.4332290977190057,0.4332290977190057,0.4332290977190057,-0.4332290977190057,2.2900085449219034,3.216501617431665,184.4499969482422,178.15490173339842,178.7990020751953,179.44310241699216,1.0,0.9984577474661036,0.6483530708002506,-1.0,-0.6483530708002506,1.0262166530226005,1.0,-0.6483530708002506,1.0552740394925164,1.0,-0.6483530708002506,0.0,0.0,0.0,0.0,0.0,0.0,0.0,0.6483530708002506,-1
2024-02-20,182.3099975585938,183.5500030517578,181.2599945068359,183.1399993896484,183.1399993896484,549700.0,0.4332290977190057,0.9479796337347935,0.8986773624453555,0.9561908053727498,0.9190073322019224,183.25799865722652,184.00499877929687,181.82066599527997,177.90549977620444,169.05859985351563,183.42512529523265,183.73358017025868,181.7587233710213,177.22309778079358,172.11984151757989,183.6979845047543,182.31878304491184,1.379201459842449,1.9764686243455876,1.119363906623276,-1.119363906623276,-1.119363906623276,-1.119363906623276,1.119363906623276,1.119363906623276,-1.119363906623276,-1.119363906623276,1.119363906623276,2.540008544921875,3.221002197265648,183.5500030517578,177.37369338989254,178.01699371337887,178.6602940368652,0.0,0.9959403270181463,-0.4332290977190057,-1.0,-0.4332290977190057,1.0255927452291675,1.0,0.4332290977190057,1.0404604749798203,1.0,0.4332290977190057,0.0,0.0,0.0,0.0,0.0,0.0,0.0,-0.4332290977190057,-1
2024-02-21,181.1600036621094,181.9600067138672,179.4199981689453,181.0899963378906,181.0899963378906,437500.0,-1.119363906623276,0.7537932692457014,0.8976762571333943,0.9808324805856172,0.9313051404394672,182.8759979248047,183.8669982910156,182.03433278401693,178.13916625976563,169.29359985351562,182.64674897611863,183.25292856437355,181.7155796914645,177.34988134004266,172.29746834570486,183.296755556006,182.2277618073547,1.0689937486513088,1.794973649206732,-2.153630368403443,2.153630368403443,2.153630368403443,2.153630368403443,-2.153630368403443,-2.153630368403443,2.153630368403443,2.153630368403443,-2.153630368403443,3.270004272460909,3.2870025634765825,181.9600067138672,176.4637982177734,177.10799865722652,177.75219909667965,1.0,0.9946102325299161,1.119363906623276,-1.0,1.119363906623276,1.0246163026354174,1.0,-1.119363906623276,1.0531805720762788,1.0,-1.119363906623276,0.0,0.0,0.0,0.0,0.0,0.0,0.0,1.119363906623276,-1
2024-02-22,182.7400054931641,185.1399993896484,181.8699951171875,184.9900054931641,184.9900054931641,504000.0,2.153630368403443,1.2859950183649862,1.1374628388483177,1.0907399787809258,0.9652452543571162,183.02200012207032,184.0369995117188,182.39799957275392,178.42083307902018,169.53079986572266,183.4278344818005,183.56876073324452,181.92683296899352,177.6003772139155,172.54880571496147,183.55725554633804,182.432372450748,1.1248830955900644,1.6609555384833985,-0.4540766057340524,0.4540766057340524,0.4540766057340524,0.4540766057340524,-0.4540766057340524,-0.4540766057340524,0.4540766057340524,0.4540766057340524,-0.4540766057340524,1.9299926757811927,3.2680023193359533,185.1399993896484,174.72860107421872,175.38600158691403,176.04340209960935,1.0,0.9944848079878424,-2.153630368403443,-1.0,-2.153630368403443,1.024360622555812,1.0,2.153630368403443,1.1300133037249616,1.0,2.153630368403443,0.0,0.0,0.0,0.0,0.0,0.0,0.0,-2.153630368403443,-1
2024-02-23,185.5500030517578,186.75,184.8200073242188,185.8300018310547,185.8300018310547,390200.0,0.4540766057340524,1.263043612279107,1.096075899996545,1.017589682623286,0.963976137132428,183.48000183105464,184.0970001220703,182.73499959309896,178.72499974568686,169.77769989013672,184.22855693155188,183.97989547830093,182.17865031493295,177.8702009718545,172.81179969745838,183.90690882090985,182.68404870114105,1.222860119768768,1.5733364547404725,-0.5650341933012578,0.5650341933012578,0.5650341933012578,0.5650341933012578,-0.5650341933012578,0.5650341933012578,0.5650341933012578,0.5650341933012578,-0.5650341933012578,1.8999938964844036,3.2155014038086094,186.75,177.9503942871093,178.6039947509765,179.2575952148437,1.0,0.9966485152359541,-0.4540766057340524,-1.0,-0.4540766057340524,1.0242224347841165,1.0,0.4540766057340524,1.0556170878361615,1.0,0.4540766057340524,0.0,0.0,0.0,0.0,0.0,0.0,0.0,-0.4540766057340524,-1
2024-02-26,186.1399993896484,187.6699981689453,185.7700042724609,186.8800048828125,186.8800048828125,364600.0,0.5650341933012578,1.1584033987869502,1.0845886414043278,1.014373337102484,0.9613339576515084,184.3860015869141,184.1240005493164,183.0886662801107,179.02299982706705,170.02689987182617,185.11237291530543,184.507188097303,182.4819635128607,178.16560437877115,173.09037801796043,184.3643082150487,182.9948602701537,1.369447944894972,1.5325587527713729,-0.7705492314757239,-0.7705492314757239,-0.7705492314757239,-0.7705492314757239,0.7705492314757239,-0.7705492314757239,-0.7705492314757239,-0.7705492314757239,0.7705492314757239,2.4700012207030966,3.209501647949233,187.6699981689453,179.67589691162107,180.3189971923828,180.9620974731445,0.0,1.0014229597272275,-0.5650341933012578,1.0,-0.5650341933012578,1.0242266690539952,1.0,0.5650341933012578,1.0551726889795385,1.0,0.5650341933012578,0.0,0.0,0.0,0.0,0.0,0.0,0.0,-0.5650341933012578,-1
2024-02-27,186.8800048828125,186.8800048828125,184.4100036621094,185.4400024414062,185.4400024414062,249500.0,-0.7705492314757239,1.292397490150662,1.1113287367950495,1.0109078847803623,0.9670913531339758,184.8460021972656,184.0520004272461,183.3983332316081,179.27949981689454,170.28619995117188,185.22158275733904,184.67679070532176,182.6728047340572,178.40410923328375,173.3349250362465,184.5297996344883,183.17598191246876,1.3538177220195848,1.496810546621015,0.1509915744233098,0.1509915744233098,0.1509915744233098,0.1509915744233098,-0.1509915744233098,0.1509915744233098,0.1509915744233098,0.1509915744233098,-0.1509915744233098,2.580001831054716,2.69750137329103,186.8800048828125,180.609094543457,181.25099487304684,181.89289520263668,1.0,1.004314007824834,0.7705492314757239,1.0,-0.7705492314757239,1.023927114230265,1.0,-0.7705492314757239,1.0453075415309978,1.0,-0.7705492314757239,0.0,0.0,0.0,0.0,0.0,0.0,0.0,0.7705492314757239,-1
2024-02-28,184.75,186.6600036621094,184.0800018310547,185.7200012207031,185.7200012207031,336300.0,0.1509915744233098,1.0578714871520345,0.9450411881133176,0.9946896236231562,0.9646676463400105,185.77200317382807,184.3240005493164,183.7169998168945,179.52166646321615,170.58519989013672,185.3877222451271,184.866465344482,182.8693980557763,178.6439745443467,173.58017406960204,184.71290757082903,183.36442778715275,1.3484797836762823,1.4671443940320683,0.8076674510773091,0.8076674510773091,0.8076674510773091,0.8076674510773091,-0.8076674510773091,0.8076674510773091,0.8076674510773091,0.8076674510773091,-0.8076674510773091,1.8300018310546875,2.574001312255875,186.6600036621094,180.94550186157224,181.48500213623043,182.02450241088863,1.0,1.0078557465126428,-0.1509915744233098,1.0,0.1509915744233098,1.0236527625530447,1.0,0.1509915744233098,1.0311215758059786,1.0,0.1509915744233098,0.0,0.0,0.0,0.0,0.0,0.0,0.0,-0.1509915744233098,-1
2024-02-29,187.0,188.25,186.4199981689453,187.2200012207031,187.2200012207031,634800.0,0.8076674510773091,0.6129527258723161,0.953277078447936,0.9302898827978878,0.9644780003844168,186.21800231933597,184.62000122070316,184.04399973551432,179.7653330485026,170.9015998840332,185.9984819036524,185.29438095834035,183.15008213093287,178.92515574685018,173.85026965675257,185.09861428619428,183.6500258192676,1.4485884669266795,1.463433208610991,1.468860154935145,1.468860154935145,1.468860154935145,1.468860154935145,-1.468860154935145,1.468860154935145,1.468860154935145,1.468860154935145,-1.468860154935145,3.299987792968693,2.6100006103515754,188.25,180.99720077514647,181.51200103759768,182.0268013000488,1.0,1.0086556228364578,-0.8076674510773091,1.0,0.8076674510773091,1.0236128137848892,1.0,0.8076674510773091,0.9645527242996704,-1.0,0.8076674510773091,0.0,0.0,0.0,0.0,0.0,0.0,0.0,-0.8076674510773091,1
2024-03-01,187.4199981689453,190.1799926757812,186.8800048828125,189.9700012207031,189.9700012207031,343200.0,1.468860154935145,0.8303951766952292,1.01266208966978,0.9502346313738904,0.9794010033832296,187.0460021972656,185.26300201416012,184.36999969482423,180.04566650390626,171.23809982299804,187.32232167600267,186.1444937333154,183.59007691091807,179.2872818279601,174.1694722619793,185.84805842996485,184.11817214529984,1.7298862846650138,1.5167238238217955,1.7529093065520334,1.7529093065520334,1.7529093065520334,1.7529093065520334,-1.7529093065520334,1.7529093065520334,1.7529093065520334,1.7529093065520334,1.7529093065520334,4.5,2.685500335693375,190.1799926757812,182.50799865722647,183.02999877929685,183.5519989013672,1.0,1.0096241568134,-1.468860154935145,1.0,1.468860154935145,1.0239994440157045,1.0,1.468860154935145,0.9702201938648345,-1.0,-1.468860154935145,0.0,0.0,0.0,0.0,0.0,0.0,0.0,1.468860154935145,1
2024-03-04,189.9900054931641,194.1799926757812,189.6799926757812,193.3000030517578,193.3000030517578,487300.0,1.7529093065520334,1.021476525614134,1.0342197376141893,1.0109728548452133,0.9669936362129145,188.33000183105463,186.3580017089844,184.81033325195312,180.43283309936524,171.61129989624024,189.3148821345877,187.44549542757764,184.2165237587142,179.74671531070757,174.54829465385612,186.9945114487022,184.79830776800043,2.1962036807017853,1.652619795197794,-3.021208611324705,-3.021208611324705,-3.021208611324705,-3.021208611324705,3.021208611324705,-3.021208611324705,-3.021208611324705,-3.021208611324705,-3.021208611324705,6.489990234375,2.9299995422363394,194.1799926757812,184.27189193725576,184.80899200439444,185.34609207153312,0.0,1.0105817840070517,1.7529093065520334,1.0,1.7529093065520334,1.024867260802403,1.0,1.7529093065520334,1.0454803599375657,1.0,-1.7529093065520334,0.0,0.0,0.0,0.0,0.0,0.0,0.0,1.7529093065520334,-1
2024-03-05,193.0599975585938,193.0599975585938,186.5700073242188,187.4600067138672,187.4600067138672,424900.0,-3.021208611324705,1.9212176925029512,1.5436969577284956,1.2400922450576468,1.045461957754899,188.73400268554684,186.79000244140624,184.9960001627604,180.7461664835612,171.90699996948243,188.6965903276809,187.44813384326665,184.4257807235628,179.99961011081115,174.803972120391,187.06612610488145,184.99547065287945,2.0706554520020006,1.7362269265586352,1.6750236195399275,1.6750236195399275,1.6750236195399275,1.6750236195399275,-1.6750236195399275,1.6750236195399275,1.6750236195399275,1.6750236195399275,1.6750236195399275,2.8399963378905966,2.8679992675781336,193.0599975585938,187.73399368286124,188.3199935913085,188.9059934997558,1.0,1.0104074105612286,-3.021208611324705,1.0,-3.021208611324705,1.0245898900004662,1.0,-3.021208611324705,1.186166780970884,1.0,-3.021208611324705,0.0,0.0,0.0,0.0,0.0,0.0,0.0,3.021208611324705,1
2024-03-06,189.0,191.1199951171875,188.2799987792969,190.6000061035156,190.6000061035156,271900.0,1.6750236195399275,2.023363865470577,1.5222083899104322,1.254086121939766,1.0630699800934242,189.7100036621094,187.7410034179688,185.3233337402344,181.10449981689453,172.23970001220704,189.3310622529592,188.02120152694823,184.8241178448501,180.34716407778507,175.1167648725321,187.6097999508252,185.41062142700065,2.1991785238245143,1.828817246011811,1.2696737100999893,1.2696737100999893,1.2696737100999893,1.2696737100999893,-1.2696737100999893,1.2696737100999893,1.2696737100999893,1.2696737100999893,1.2696737100999893,3.1299896240233807,2.879499053955082,191.1199951171875,186.7503991699219,187.32399902343755,187.8975988769532,1.0,1.0104878540558184,1.6750236195399275,1.0,1.6750236195399275,1.0248240874202716,1.0,1.6750236195399275,1.1796835066582871,1.0,1.6750236195399275,0.0,0.0,0.0,0.0,0.0,0.0,0.0,1.6750236195399275,1
2024-03-07,190.6300048828125,193.1999969482422,190.0700073242188,193.0200042724609,193.0200042724609,349800.0,1.2696737100999893,2.049218650944081,1.4405103826571748,1.2750255923667215,1.0668320527483115,190.87000427246093,188.54400329589845,185.71300048828124,181.4744997660319,172.6198001098633,190.56070959279307,188.9300747534051,185.3528847111476,180.76266703498757,175.47128446460988,188.44213907723065,185.97427941555327,2.46785966167738,1.9566257291449247,-0.0466332994960762,-0.0466332994960762,-0.0466332994960762,-0.0466332994960762,0.0466332994960762,-0.0466332994960762,-0.0466332994960762,-0.0466332994960762,-0.0466332994960762,1.9199981689453125,2.829998779296878,193.1999969482422,184.7850971984863,185.36099700927733,185.93689682006837,0.0,1.0123366478694742,1.2696737100999893,1.0,1.2696737100999893,1.0253936155703631,1.0,1.2696737100999893,1.1951511853080097,1.0,1.2696737100999893,0.0,0.0,0.0,0.0,0.0,0.0,0.0,1.2696737100999893,1
2024-03-08,193.4600067138672,194.5099945068359,192.5899963378906,192.9299926757812,192.9299926757812,686900.0,-0.0466332994960762,2.005562017171499,1.4484633761906556,1.2627959473355603,1.051964039971563,191.46200256347657,189.2540023803711,185.989333597819,181.7979995727539,173.04400009155273,191.35047062045575,189.65733255747347,185.84173038628523,181.16159574452175,175.81700145889047,189.1325780923923,186.48951743482945,2.6430606575628417,2.0939127148285084,0.3731929964425864,0.3731929964425864,0.3731929964425864,0.3731929964425864,-0.3731929964425864,0.3731929964425864,0.3731929964425864,0.3731929964425864,0.3731929964425864,2.789993286132784,2.8309982299804672,194.5099945068359,186.97399963378905,187.53999938964844,188.1059991455078,1.0,1.0116668612305897,-0.0466332994960762,1.0,-0.0466332994960762,1.0258340329942972,1.0,-0.0466332994960762,1.2004174091062052,1.0,-0.0466332994960762,1.0,0.0,1.0,0.513279378,0.2571998515,0.997971356,0.61222627,-0.0466332994960762,1
2024-03-11,192.5599975585938,193.8600006103516,191.0700073242188,193.6499938964844,193.6499938964844,524800.0,0.3731929964425864,1.8489469816965391,1.4470863457276095,1.2572520844594433,1.045882562467729,191.53200073242184,189.93100128173828,186.32333323160807,182.10266621907556,173.4411000061035,192.116978379132,190.38327098274817,186.34548932242717,181.5710514216353,176.17013002201116,189.82756513917568,187.0199230986557,2.8076420405199656,2.2366585799668,0.1962328400669258,0.1962328400669258,0.1962328400669258,0.1962328400669258,-0.1962328400669258,0.1962328400669258,0.1962328400669258,0.1962328400669258,0.1962328400669258,2.540008544921875,2.8519989013671863,193.8600006103516,188.28179840087887,188.84799804687495,189.41419769287103,1.0,1.0084293740351986,0.3731929964425864,1.0,0.3731929964425864,1.0262951492730243,1.0,0.3731929964425864,1.202096802812157,1.0,0.3731929964425864,0.0,0.0,0.0,0.0,0.0,0.0,0.0,0.3731929964425864,1
2024-03-12,195.0,195.4600067138672,192.9199981689453,194.0299987792969,194.0299987792969,337800.0,0.1962328400669258,0.7404446748075431,1.3940410478923604,1.2531025714149753,1.038115812126217,192.8459991455078,190.7900009155273,186.61200002034505,182.43699951171877,173.8516000366211,192.75465184585363,191.0463124003025,186.84126412609615,181.97954149893567,176.52379078948215,190.474093391502,187.5391879638884,2.9349054276136144,2.376307949496163,-0.1288460555444146,-0.1288460555444146,-0.1288460555444146,-0.1288460555444146,0.1288460555444146,-0.1288460555444146,-0.1288460555444146,-0.1288460555444146,-0.1288460555444146,1.5099945068358809,2.7459983825683496,195.4600067138672,187.58560302734375,188.15600280761723,188.72640258789065,0.0,1.0107762368054645,0.1962328400669258,1.0,0.1962328400669258,1.0267157647893563,1.0,0.1962328400669258,1.2070932325444819,1.0,0.1962328400669258,0.0,0.0,0.0,0.0,0.0,0.0,0.0,0.1962328400669258,1
2024-03-13,194.0,194.4299926757812,192.9199981689453,193.7799987792969,193.7799987792969,307000.0,-0.1288460555444146,0.5601564987852998,1.40376760609183,1.173693169314144,1.0197440483384814,193.48199768066405,191.59600067138672,186.84333343505855,182.71799952189127,174.27949996948243,193.0964341570014,191.5433462873924,187.28892442630269,182.366441737636,176.86549787838936,190.9826942203935,188.00147024651125,2.981223973882265,2.497291154373384,-1.429458298023757,-1.429458298023757,-1.429458298023757,-1.429458298023757,1.429458298023757,-1.429458298023757,-1.429458298023757,-1.429458298023757,-1.429458298023757,3.7099914550780966,2.855498504638659,194.4299926757812,189.41881027221683,189.9680099487305,190.51720962524416,0.0,1.0098436136593063,-0.1288460555444146,1.0,-0.1288460555444146,1.0269922615244558,1.0,-0.1288460555444146,1.1509683937126176,1.0,-0.1288460555444146,0.0,0.0,0.0,0.0,0.0,0.0,0.0,-0.1288460555444146,-1
2024-03-14,193.7799987792969,194.2799987792969,190.5700073242188,191.0099945068359,191.0099945068359,446200.0,-1.429458298023757,0.7115915949668481,1.511824596155335,1.2303272443395354,1.0395319489314934,193.07999572753903,191.975,187.08700002034504,182.94116617838543,174.7044999694824,192.4009542736129,191.4463732363821,187.52899346375645,182.64983691039663,177.1455869205368,190.9868942644616,188.2243238954242,2.762570369037377,2.5503469973061828,-1.628187372279205,-1.628187372279205,-1.628187372279205,-1.628187372279205,1.628187372279205,-1.628187372279205,-1.628187372279205,-1.628187372279205,-1.628187372279205,4.360000610351591,2.9379981994628794,194.2799987792969,188.1478959655761,188.71899566650387,189.2900953674316,0.0,1.0057559355517074,-1.429458298023757,1.0,-1.429458298023757,1.0267131722419955,1.0,-1.429458298023757,1.1835396166555106,1.0,-1.429458298023757,0.0,0.0,0.0,0.0,0.0,0.0,0.0,1.429458298023757,1
2024-03-15,190.3000030517578,191.2799987792969,186.9199981689453,187.8999938964844,187.8999938964844,875100.0,-1.628187372279205,0.937939232753802,1.5424220874701584,1.290565051360257,1.0542669134439526,192.0739959716797,191.7679992675781,187.15499979654948,183.0773328145345,175.09989990234374,190.90063414790345,190.80157699276432,187.55292897554537,182.8219732050225,177.35854547451595,190.511986515542,188.20029945105827,2.3116870644837206,2.5026150107416902,-0.2927024006567022,-0.2927024006567022,-0.2927024006567022,-0.2927024006567022,0.2927024006567022,-0.2927024006567022,-0.2927024006567022,-0.2927024006567022,0.2927024006567022,1.669998168945284,2.878498077392564,191.2799987792969,187.81640274047857,188.40400238037117,188.9916020202637,0.0,1.00159566093024,-1.628187372279205,1.0,-1.628187372279205,1.0258773914731651,1.0,-1.628187372279205,1.2241350220736738,1.0,-1.628187372279205,0.0,0.0,0.0,0.0,0.0,0.0,0.0,-1.628187372279205,1
2024-03-18,187.9100036621094,188.8300018310547,187.1600036621094,187.3500061035156,187.3500061035156,300900.0,-0.2927024006567022,0.8184683121981119,1.3984990776630062,1.281762747741308,1.0532112792820805,190.81399841308595,191.1729995727539,187.22566680908204,183.21749954223637,175.50919998168945,189.7170914664408,190.17401864926453,187.5398371773499,182.97043330005505,177.5563961800407,190.02552799061485,188.1373147586477,1.8882132319671427,2.3797346549867813,-0.8860359483538672,0.8860359483538672,0.8860359483538672,0.8860359483538672,-0.8860359483538672,-0.8860359483538672,0.8860359483538672,0.8860359483538672,-0.8860359483538672,3.3100128173828978,2.929498291015613,188.8300018310547,184.94730300903325,185.52300262451175,186.0987022399903,1.0,0.9981221136851425,0.2927024006567022,-1.0,-0.2927024006567022,1.024973454972375,1.0,-0.2927024006567022,1.2170043873960592,1.0,-0.2927024006567022,0.0,0.0,0.0,0.0,0.0,0.0,0.0,-0.2927024006567022,1
2024-03-19,187.3000030517578,189.0700073242188,185.7599945068359,189.0099945068359,189.0099945068359,342200.0,0.8860359483538672,1.0291728451542848,1.0595054254443113,1.2911205883872046,1.0454751597716956,189.80999755859372,191.3279983520508,187.374333190918,183.41983286539715,175.91689987182616,189.48139247990585,189.9623778960957,187.63468603731675,183.16845170027736,177.783200107304,189.86929207003348,188.20195770295797,1.66733436707554,2.237254597404533,-0.2751199870767613,0.2751199870767613,0.2751199870767613,0.2751199870767613,-0.2751199870767613,-0.2751199870767613,0.2751199870767613,0.2751199870767613,-0.2751199870767613,2.180007934570284,2.911498260498034,189.0700073242188,182.38510559082036,182.97100524902345,183.5569049072266,1.0,0.9920659767178251,-0.8860359483538672,-1.0,-0.8860359483538672,1.0243832073459223,1.0,0.8860359483538672,1.2349605596264492,1.0,0.8860359483538672,0.0,0.0,0.0,0.0,0.0,0.0,0.0,0.8860359483538672,1
2024-03-20,189.1199951171875,190.1900024414062,188.0099945068359,189.5299987792969,189.5299987792969,201600.0,0.2751199870767613,1.0819263038905025,0.9080978657189704,1.2552181084090923,1.0429861812501169,188.95999755859376,191.2209976196289,187.6096664428711,183.6104995727539,176.29539993286133,189.49759457970288,189.88376351122315,187.75696427873484,183.37702701434355,178.01580998199694,189.81709310222783,188.3003311160201,1.516761986207797,2.093156075165186,-0.8125407876539935,0.8125407876539935,0.8125407876539935,0.8125407876539935,-0.8125407876539935,-0.8125407876539935,0.8125407876539935,0.8125407876539935,-0.8125407876539935,3.0700073242187216,2.9014984130859247,190.1900024414062,182.66471115112316,183.24701080322276,183.82931045532237,1.0,0.9881759843888449,-0.2751199870767613,-1.0,-0.2751199870767613,1.0238848744344007,1.0,0.2751199870767613,1.2034848888454068,1.0,0.2751199870767613,0.0,0.0,0.0,0.0,0.0,0.0,0.0,0.2751199870767613,1
2024-03-21,190.0,192.3000030517578,189.2299957275391,191.0700073242188,191.0700073242188,278000.0,0.8125407876539935,1.0316351511640007,0.843338505015396,1.1809857433182558,1.0457141923305815,188.9720001220703,191.0259979248047,187.86900024414064,183.8118329366048,176.69100006103517,190.0217321612082,190.0994442044951,187.9707089913467,183.6292558769624,178.27430893926865,190.0098491363803,188.5054923166274,1.5043568197528998,1.975396224082729,0.2616841894769861,-0.2616841894769861,-0.2616841894769861,-0.2616841894769861,0.2616841894769861,0.2616841894769861,-0.2616841894769861,-0.2616841894769861,0.2616841894769861,1.5500030517578125,2.882498931884756,192.3000030517578,183.80670593261715,184.38700561523436,184.96730529785157,0.0,0.9892475483701285,-0.8125407876539935,-1.0,-0.8125407876539935,1.0236424914627613,1.0,0.8125407876539935,1.129358052113833,1.0,0.8125407876539935,0.0,0.0,0.0,0.0,0.0,0.0,0.0,0.8125407876539935,-1
2024-03-22,191.2799987792969,191.2799987792969,189.7299957275391,190.5700073242188,190.5700073242188,240000.0,-0.2616841894769861,0.5639677074839504,0.8446163795228622,1.1827196974712757,1.0440234729421312,189.5060028076172,190.78999938964844,188.0470006306966,183.98416646321616,177.09900009155274,190.20449054887845,190.18500113535396,188.1384056579836,183.85682149818396,178.51778811520825,190.0960273191247,188.6584193542268,1.4376079648979214,1.8678385722457675,1.070477234883669,-1.070477234883669,-1.070477234883669,-1.070477234883669,1.070477234883669,-1.070477234883669,-1.070477234883669,-1.070477234883669,1.070477234883669,2.400009155273409,2.907499694824206,191.2799987792969,185.95850540161132,186.5350051879883,187.1115049743653,0.0,0.9932701054240849,0.2616841894769861,-1.0,0.2616841894769861,1.0232876002364804,1.0,-0.2616841894769861,1.1328478028739037,1.0,-0.2616841894769861,0.0,0.0,0.0,0.0,0.0,0.0,0.0,0.2616841894769861,-1
2024-03-25,190.0800018310547,190.5500030517578,188.1499938964844,188.5299987792969,188.5299987792969,237400.0,-1.070477234883669,0.8144108082212671,0.8738668036805852,1.2075349322518747,1.0541613916567414,189.74200134277345,190.2779998779297,188.11100056966143,184.1289998372396,177.4921000671387,189.6463266256846,189.88409161607083,188.16366973032643,184.01004042543357,178.7160497125169,189.85509985145887,188.6489067190468,1.2061931324120962,1.7355094842790335,0.8221519449391858,-0.8221519449391858,-0.8221519449391858,-0.8221519449391858,0.8221519449391858,0.8221519449391858,-0.8221519449391858,-0.8221519449391858,0.8221519449391858,2.9199981689453125,2.9299995422363168,190.5500030517578,184.88349945068364,185.46499938964848,186.0464993286133,0.0,0.9971830766799099,1.070477234883669,-1.0,1.070477234883669,1.0225728405650563,1.0,-1.070477234883669,1.1454934147740778,1.0,-1.070477234883669,0.0,0.0,0.0,0.0,0.0,0.0,0.0,1.070477234883669,-1
2024-03-26,188.4799957275391,189.7799987792969,186.8600006103516,186.9799957275391,186.9799957275391,382800.0,-0.8221519449391858,0.7743865206381106,0.8735945438796276,1.2094361875869262,1.0604606407752506,189.3360015869141,189.5729995727539,188.13833363850912,184.25033315022787,177.84600006103517,188.7575496596361,189.35607418179237,188.0873036656305,184.10741600910916,178.8796922078639,189.4127761400866,188.5252836826388,0.8874924574477916,1.5659060789127852,-0.994759146888545,0.994759146888545,0.994759146888545,0.994759146888545,-0.994759146888545,-0.994759146888545,0.994759146888545,0.994759146888545,-0.994759146888545,1.75,2.888499450683581,189.7799987792969,184.10400405883792,184.6900039672852,185.27600387573244,1.0,0.9987498325902215,0.8221519449391858,-1.0,0.8221519449391858,1.0216172044711356,1.0,-0.8221519449391858,1.1404819199162044,1.0,-0.8221519449391858,0.0,0.0,0.0,0.0,0.0,0.0,0.0,0.8221519449391858,-1
2024-03-27,187.8999938964844,188.9900054931641,187.2400054931641,188.8399963378906,188.8399963378906,163400.0,0.994759146888545,0.9375524749491472,0.9739746128274508,1.2277825168370986,1.0652154142277277,189.19800109863283,189.0789993286133,188.33300018310547,184.41466649373373,178.2152000427246,188.78503188572097,189.26224184653745,188.1358644831957,184.2625825772659,179.07692595301293,189.324656170518,188.548595731176,0.7760604393419896,1.4079369509986264,0.3971616260032266,0.3971616260032266,0.3971616260032266,0.3971616260032266,-0.3971616260032266,-0.3971616260032266,0.3971616260032266,0.3971616260032266,-0.3971616260032266,1.7100067138671875,2.882499694824206,188.9900054931641,183.42529998779304,184.0029998779297,184.58069976806647,1.0,1.0006293759245717,-0.994759146888545,1.0,-0.994759146888545,1.0210204472973,1.0,0.994759146888545,1.1526142979513967,1.0,0.994759146888545,0.0,0.0,0.0,0.0,0.0,0.0,0.0,-0.994759146888545,-1
2024-03-28,189.25,190.5,188.7899932861328,189.5899963378906,189.5899963378906,273600.0,0.3971616260032266,0.854600574723374,0.8972122218794916,1.2185595913265173,1.0442104374914811,188.9019989013672,188.93699951171877,188.5106669108073,184.63716634114584,178.58240005493164,189.05335336977757,189.321833572238,188.22967944156304,184.43725188089292,179.2851055645947,189.36547773472915,188.62573651685852,0.739741217870602,1.2742978043730215,-0.1318634974571367,0.1318634974571367,0.1318634974571367,0.1318634974571367,-0.1318634974571367,-0.1318634974571367,0.1318634974571367,0.1318634974571367,-0.1318634974571367,2.6100006103515057,2.8480003356933468,190.5,182.64850616455084,183.22500610351568,183.80150604248053,1.0,0.9998147498349078,-0.3971616260032266,-1.0,0.3971616260032266,1.0205621560828677,1.0,0.3971616260032266,1.1669674498311635,1.0,0.3971616260032266,0.0,0.0,1.0,0.00150104,0.00150104,0.997008979,0.997008979,-0.3971616260032266,-1
2024-04-01,189.8000030517578,191.7700042724609,189.1600036621094,189.8399963378906,189.8399963378906,323700.0,0.1318634974571367,0.8601332915560361,0.7111262790567469,1.1736251288572297,1.029127615984998,188.7559967041016,189.13099975585936,188.72066701253252,184.89966634114583,178.94,189.31556769248192,189.4160449841748,188.33357085422935,184.61439104341744,179.49411330267975,189.438480596754,188.71568168878684,0.7227989079671602,1.1639980250918494,0.163294123774601,-0.163294123774601,-0.163294123774601,-0.163294123774601,0.163294123774601,0.163294123774601,-0.163294123774601,-0.163294123774601,0.163294123774601,1.819992065429716,2.7139999389648324,191.7700042724609,184.23439926147464,184.8039993286133,185.373599395752,0.0,0.9980172311665362,-0.1318634974571367,-1.0,-0.1318634974571367,1.0201456657294785,1.0,0.1318634974571367,1.1404077692871262,1.0,0.1318634974571367,0.0,0.0,0.0,0.0,0.0,0.0,0.0,-0.1318634974571367,-1
2024-04-02,188.9900054931641,189.6699981689453,187.8500061035156,189.5299987792969,189.5299987792969,307800.0,-0.163294123774601,0.6725526535164802,0.7042279546727798,1.0991146818166002,1.0116461109948636,188.95599670410155,189.3489990234375,188.96000010172529,185.1954996744792,179.29,189.38704472142027,189.4367638560152,188.4107597526209,184.7755585101676,179.6928437081573,189.4525603171452,188.77600147326905,0.6765588438761654,1.0665101888487123,-1.0235859515122347,1.0235859515122347,1.0235859515122347,1.0235859515122347,-1.0235859515122347,-1.0235859515122347,1.0235859515122347,1.0235859515122347,-1.0235859515122347,3.189987182617216,2.548999786376944,189.6699981689453,185.79920440673828,186.34200439453124,186.8848043823242,1.0,0.9979244552579478,0.163294123774601,-1.0,0.163294123774601,1.0196736044083086,1.0,-0.163294123774601,1.0864616290925284,1.0,-0.163294123774601,0.0,1.0,0.0,0.006199393,0.006199393,0.447010696,0.447010696,0.163294123774601,-1
2024-04-03,188.8500061035156,192.0399932861328,188.8500061035156,191.4700012207031,191.4700012207031,404400.0,1.0235859515122347,0.524952498362612,0.7220150265106269,0.8827151153745765,1.0164526090227202,189.85399780273437,189.59499969482425,189.23766682942707,185.5291664123535,179.64360000610353,190.08136355451452,189.80644337686752,188.6081301699165,184.99504843510317,179.9260547480097,189.7629358407695,188.975557010116,0.7873788306534948,1.010683917209669,-1.56160519877863,-1.56160519877863,-1.56160519877863,-1.56160519877863,1.56160519877863,-1.56160519877863,-1.56160519877863,-1.56160519877863,1.56160519877863,5.779998779296875,2.695999908447257,192.0399932861328,184.06219863891604,184.57199859619143,185.08179855346685,0.0,1.0013660598028797,-1.0235859515122347,1.0,-1.0235859515122347,1.019530694282776,1.0,1.0235859515122347,0.8684272218291347,-1.0,1.0235859515122347,0.0,0.0,1.0,0.02839314,0.02839314,0.734869659,0.734869659,-1.0235859515122347,1
2024-04-04,192.8600006103516,193.8300018310547,188.0500030517578,188.4799957275391,188.4799957275391,313700.0,-1.56160519877863,0.9594520127298238,0.8945057059107323,0.8772877368248148,1.0164209765216925,189.7819976806641,189.48999938964843,189.48400014241537,185.75916646321613,179.97,189.54757427885608,189.56527107698963,188.59986343169865,185.10930900206827,180.09543971790137,189.56556043873405,188.93884876696217,0.6267116717718864,0.9338894681221126,2.0904088129871186,2.0904088129871186,2.0904088129871186,2.0904088129871186,-2.0904088129871186,-2.0904088129871186,2.0904088129871186,2.0904088129871186,-2.0904088129871186,3.4300079345703125,2.7110008239746035,193.8300018310547,186.10879348754884,186.6479934692383,187.1871934509277,1.0,1.001540969401848,1.56160519877863,1.0,-1.56160519877863,1.0188567201101235,1.0,-1.56160519877863,0.8631145530142369,-1.0,1.56160519877863,0.0,0.0,0.0,0.0,0.0,0.0,0.0,-1.56160519877863,1
2024-04-05,189.4299926757812,192.6600036621094,189.2299957275391,192.4199981689453,192.4199981689453,323600.0,2.0904088129871186,1.3635924735923368,1.0995087655165705,0.9578719699812336,1.0452850767092698,190.347998046875,189.6249984741211,189.7316665649414,186.0648330688477,180.335,190.50504890888584,190.0843123664361,188.84632373732745,185.34900372885116,180.3394903802983,190.0047047049204,189.1967116856276,0.8079930192928373,0.9087101783562576,-0.3793762262164564,0.3793762262164564,-0.3793762262164564,-0.3793762262164564,0.3793762262164564,-0.3793762262164564,-0.3793762262164564,-0.3793762262164564,0.3793762262164564,3.3699951171875,2.783500671386713,192.6600036621094,187.86580001831052,188.4080001831055,188.9502003479004,0.0,1.0038127861757244,-2.0904088129871186,1.0,2.0904088129871186,1.0188688362932479,1.0,2.0904088129871186,0.9163739072950059,-1.0,-2.0904088129871186,0.0,0.0,1.0,0.027160311,0.027160311,0.970804036,0.970804036,2.0904088129871186,1
2024-04-08,191.8200073242188,194.5800018310547,191.2100067138672,191.6900024414062,191.6900024414062,507900.0,-0.3793762262164564,1.3984663667170076,1.1041433953299422,0.9614028461588396,1.0427125737954197,190.7179992675781,189.73699798583985,189.9269999186198,186.33099975585935,180.66139999389648,190.900033419726,190.37625601643063,189.02978687952609,185.55690532598408,180.5642529953697,190.2639812797644,189.3813998897593,0.8825813900050719,0.9034844206860206,2.2849417429328103,-2.2849417429328103,2.2849417429328103,2.2849417429328103,-2.2849417429328103,2.2849417429328103,2.2849417429328103,2.2849417429328103,-2.2849417429328103,3.440002441406193,2.816001129150384,194.5800018310547,186.53630218505864,187.093002319336,187.6497024536133,1.0,1.0051703215089947,0.3793762262164564,1.0,-0.3793762262164564,1.0187159919887696,1.0,-0.3793762262164564,0.9220209579514163,-1.0,0.3793762262164564,0.0,0.0,0.0,0.0,0.0,0.0,0.0,-0.3793762262164564,1
