Date_FTNT_L01d,Open_FTNT_L01d,High_FTNT_L01d,Low_FTNT_L01d,Close_FTNT_L01d,Adj Close_FTNT_L01d,Volume_FTNT_L01d,Daily_Return_FTNT_L01d,Vol5_FTNT_L01d,Vol10_FTNT_L01d,Vol20_FTNT_L01d,Vol60_FTNT_L01d,SMA5_FTNT_L01d,SMA10_FTNT_L01d,SMA30_FTNT_L01d,SMA60_FTNT_L01d,SMA100_FTNT_L01d,EMA5_FTNT_L01d,EMA10_FTNT_L01d,EMA30_FTNT_L01d,EMA60_FTNT_L01d,EMA100_FTNT_L01d,Short12_FTNT_L01d,Long26_FTNT_L01d,MACD_FTNT_L01d,SIGNAL9_FTNT_L01d,Ret5/10_FTNT_L01d,Ret10/30_FTNT_L01d,Ret30/60_FTNT_L01d,Ret30/100_FTNT_L01d,Emaret5/10_FTNT_L01d,Emaret10/30_FTNT_L01d,Emaret30/60_FTNT_L01d,Emaret30/100_FTNT_L01d,RetMACD_FTNT_L01d,DayRange_FTNT_L01d,average20r_FTNT_L01d,PRVHI_FTNT_L01d,HitLevel_FTNT_L01d,hitlevel_2_FTNT_L01d,hitlevel_1.8_FTNT_L01d,positive_return_dummy,sma_ratio_L01d,RetMACD_L01d,R_sma_ratio_L01d,ret_sma_ratio_L01d,ema_ratio_L01d,R_ema_ratio_L01d,ret_ema_ratio_L01d,volatility_ratio_L01d,R_vol_ratio_L01d,ret_vol_ratio_L01d,negative_L01d,neutral_L01d,positive_L01d,negative_max_L01d,negative_avg_L01d,positive_max_L01d,positive_avg_L01d,ret_best,best
2024-01-03,57.27999877929688,58.22000122070312,56.93999862670898,57.84999847412109,57.84999847412109,5329500.0,0.1211486609606611,0.7474964702020677,1.423558458794982,1.696874289815325,2.1966216870723336,58.57999954223633,58.568999481201175,55.22866681416829,55.08716659545898,56.991399917602536,58.28870511531558,58.03272344517955,56.263704396293896,56.405279312900696,57.8009509447496,57.80876916066887,56.46425873071906,1.344510429949807,1.269336505748772,0.933450181107468,0.933450181107468,0.933450181107468,-0.933450181107468,-0.933450181107468,0.933450181107468,0.933450181107468,-0.933450181107468,0.933450181107468,0.950000762939446,1.3124998092651392,58.22000122070312,55.86160102844238,56.126000976562494,56.39040092468261,1.0,1.0604818631286599,0.1211486609606611,1.0,0.1211486609606611,1.0314415673099935,1.0,0.1211486609606611,0.5250901117435042,-1.0,-0.1211486609606611,0.0,0.0,2.0,0.015723057,0.010351223,0.983668864,0.980443627,,1
2024-01-04,58.0,58.72999954223633,57.77999877929688,58.38999938964844,58.38999938964844,5365400.0,0.933450181107468,1.0219556094193112,1.121699916807326,1.6993370717659264,2.198345174457829,58.38999938964844,58.6319995880127,55.4446667989095,55.06849994659424,56.97849990844727,58.322469873426535,58.09768270781025,56.40088471844581,56.47035210230226,57.81261527039115,57.89818919589649,56.60690618693605,1.2912830089604412,1.273725806391106,0.0856297954841405,-0.0856297954841405,-0.0856297954841405,0.0856297954841405,0.0856297954841405,-0.0856297954841405,-0.0856297954841405,0.0856297954841405,-0.0856297954841405,0.8499984741210938,1.2949996948242208,58.72999954223633,55.33250164031981,55.59500160217284,55.85750156402587,0.0,1.057486733587258,0.933450181107468,1.0,0.933450181107468,1.030084598811435,1.0,0.933450181107468,0.9110775476636254,-1.0,-0.933450181107468,0.0,0.0,1.0,0.012622647,0.012622647,0.98643738,0.98643738,0.933450181107468,-1
2024-01-05,58.2599983215332,58.93000030517578,58.08000183105469,58.34000015258789,58.34000015258789,4913900.0,-0.0856297954841405,1.0060954849821806,1.1015048230806903,1.6501164568300268,2.1982462993496914,58.17799911499024,58.720999526977536,55.63666674296061,55.050833257039386,56.965299911499024,58.32831329981366,58.14174042504254,56.525988940003366,56.5316520383772,57.82305853538514,57.96616011231055,56.73528351772507,1.2308765945854745,1.2651559640299797,-5.005139117771814,5.005139117771814,5.005139117771814,-5.005139117771814,-5.005139117771814,5.005139117771814,5.005139117771814,-5.005139117771814,-5.005139117771814,2.8499984741210938,1.374499702453616,58.93000030517578,55.88100021362304,56.14000015258789,56.39900009155273,1.0,1.0554370519403407,-0.0856297954841405,1.0,-0.0856297954841405,1.0285842232102145,1.0,-0.0856297954841405,0.9133827323318761,-1.0,0.0856297954841405,0.0,0.0,0.0,0.0,0.0,0.0,0.0,0.0856297954841405,1
2024-01-08,58.54999923706055,61.29999923706055,58.45000076293945,61.2599983215332,61.2599983215332,6054500.0,5.005139117771814,2.4074059920051667,1.842748835025136,1.8745219610378605,2.289046083478807,58.7239990234375,58.99599952697754,55.91299997965495,55.08899987538656,56.986199913024905,59.30554164038685,58.70869640622266,56.83140890010207,56.68667978536592,57.89111674897223,58.47290445219095,57.070447577266414,1.402456874924539,1.2926161462088916,3.036233833849929,-3.036233833849929,-3.036233833849929,3.036233833849929,3.036233833849929,-3.036233833849929,-3.036233833849929,-3.036233833849929,-3.036233833849929,1.8899993896484304,1.399499702453615,61.29999923706055,55.906100959777824,56.18100090026855,56.45590084075927,0.0,1.0551392260913277,-5.005139117771814,1.0,5.005139117771814,1.0330325702363015,1.0,5.005139117771814,1.3064211173262408,1.0,-5.005139117771814,0.0,1.0,0.0,0.008755924,0.008755924,0.011050674,0.011050674,5.005139117771814,1
2024-01-09,60.31000137329102,61.20000076293945,59.31000137329102,59.40000152587891,59.40000152587891,9085900.0,-3.036233833849929,2.8912476141897794,2.116987656263707,2.0605985983182453,2.313835734696638,59.04799957275391,59.00899963378906,56.11200002034505,55.1123332341512,56.998399925231936,59.33702826888421,58.83438824616016,56.997124553378,56.77564115390732,57.92099565544563,58.61553477121987,57.24300712901548,1.372527642204389,1.3085984454079913,3.316493864310065,3.316493864310065,3.316493864310065,-3.316493864310065,-3.316493864310065,3.316493864310065,3.316493864310065,3.316493864310065,3.316493864310065,2.46999740600586,1.4454996109008806,61.20000076293945,58.22109989166259,58.50099983215332,58.78089977264404,1.0,1.0516288781792418,-3.036233833849929,1.0,-3.036233833849929,1.0322343224711548,1.0,-3.036233833849929,1.365736642646548,1.0,-3.036233833849929,0.0,0.0,0.0,0.0,0.0,0.0,0.0,-3.036233833849929,1
2024-01-10,59.38000106811523,61.59999847412109,59.13000106811523,61.36999893188477,61.36999893188477,6296100.0,3.316493864310065,3.1074366593086973,2.351005387315467,2.08967437851626,2.3505185112731617,59.75199966430664,59.16599960327149,56.36633326212565,55.1724999109904,57.03799991607666,60.01468515655107,59.29540837083736,57.27924548102361,56.92627583515248,57.98929275002858,59.03929848824525,57.54871022552432,1.4905882627209266,1.3449964088705784,1.433927136110838,1.433927136110838,1.433927136110838,-1.433927136110838,-1.433927136110838,1.433927136110838,1.433927136110838,1.433927136110838,1.433927136110838,1.370002746582024,1.4019998550415056,61.59999847412109,58.01990161895752,58.30900154113769,58.59810146331787,1.0,1.0496691230228918,3.316493864310065,1.0,3.316493864310065,1.03519883812858,1.0,3.316493864310065,1.3217479960167056,1.0,3.316493864310065,0.0,0.0,0.0,0.0,0.0,0.0,0.0,3.316493864310065,1
2024-01-11,62.0,62.33000183105469,60.95999908447266,62.25,62.25,5072200.0,1.433927136110838,3.103689687547772,2.3445586170368364,2.049133783233996,2.338154592789761,60.52399978637696,59.45699958801269,56.68166656494141,55.22433325449626,57.08889991760254,60.75979010436738,59.83260684886693,57.59993932095757,57.100824168426165,58.07366319062207,59.53325256697674,57.89695391252252,1.6362986544542224,1.4032568579873073,0.3052186774441401,0.3052186774441401,0.3052186774441401,-0.3052186774441401,-0.3052186774441401,0.3052186774441401,0.3052186774441401,0.3052186774441401,0.3052186774441401,1.2800025939941335,1.4229999542236338,62.33000183105469,58.515598793029774,58.79599876403808,59.076398735046375,1.0,1.0489635042733179,1.433927136110838,1.0,1.433927136110838,1.03876162985986,1.0,1.433927136110838,1.3237842146469179,1.0,1.433927136110838,0.0,0.0,0.0,0.0,0.0,0.0,0.0,1.433927136110838,1
2024-01-12,62.63000106811523,63.04000091552734,61.7599983215332,62.43999862670898,62.43999862670898,4792300.0,0.3052186774441401,3.063891484810352,2.3415448392652625,2.050435684367506,2.334992330359068,61.34399948120117,59.760999298095705,56.97633323669434,55.28749987284343,57.129399909973145,61.319859611814586,60.30667808120184,57.912201211651215,57.27587906869773,58.16012527846537,59.98044426847401,58.233475743203,1.746968525271008,1.4719991914440471,-0.7046743055512592,-0.7046743055512592,-0.7046743055512592,0.7046743055512592,0.7046743055512592,-0.7046743055512592,-0.7046743055512592,-0.7046743055512592,-0.7046743055512592,1.3800010681152344,1.4045000076293956,63.04000091552734,59.19940193176269,59.48400192260742,59.768601913452144,0.0,1.0488740833818342,0.3052186774441401,1.0,0.3052186774441401,1.0413466734030632,1.0,0.3052186774441401,1.3084914853784093,1.0,0.3052186774441401,0.0,0.0,1.0,0.003479169,0.003479169,0.984768987,0.984768987,0.3052186774441401,1
2024-01-16,61.09000015258789,62.38999938964844,61.0099983215332,62.0,62.0,6578200.0,-0.7046743055512592,2.3726575285855613,2.281361824565167,1.9860899846768796,2.32565817920137,61.49199981689453,60.10799942016602,57.29099985758464,55.35966657002767,57.1661999130249,61.54657307454306,60.61455479371059,58.17593016573824,57.430768279560105,58.23616240166408,60.29114515024724,58.512477540002784,1.7786676102444543,1.5333328752041289,-2.2258081743793987,-2.2258081743793987,-2.2258081743793987,2.2258081743793987,2.2258081743793987,-2.2258081743793987,-2.2258081743793987,-2.2258081743793987,-2.2258081743793987,1.8899993896484448,1.417500114440919,62.38999938964844,59.95010089874267,60.23100090026855,60.51190090179443,0.0,1.0491700191929614,-0.7046743055512592,1.0,-0.7046743055512592,1.0419181029168751,1.0,-0.7046743055512592,1.0400180729936583,1.0,-0.7046743055512592,0.0,0.0,0.0,0.0,0.0,0.0,0.0,-0.7046743055512592,-1
2024-01-17,61.20000076293945,61.61999893188477,59.72999954223633,60.61999893188477,60.61999893188477,5407700.0,-2.2258081743793987,2.103328689696045,2.385122132619064,2.0585560603491437,2.3457599381509904,61.735999298095706,60.39199943542481,57.5619997660319,55.40716654459636,57.18049991607666,61.2377150269903,60.615544637014985,58.333612021618656,57.53533321898058,58.28336708543082,60.34173803972993,58.66859023569775,1.6731478040321832,1.5612958609697398,1.303201797174255,1.303201797174255,1.303201797174255,-1.303201797174255,-1.303201797174255,1.303201797174255,1.303201797174255,1.303201797174255,1.303201797174255,1.2000007629394602,1.3910001754760752,61.61999893188477,59.271499137878415,59.5549991607666,59.83849918365478,1.0,1.0491643737343352,-2.2258081743793987,1.0,-2.2258081743793987,1.0391186579454506,1.0,-2.2258081743793987,0.8818536631440393,-1.0,-2.2258081743793987,0.0,0.0,0.0,0.0,0.0,0.0,0.0,2.2258081743793987,1
2024-01-18,61.0,61.4900016784668,60.29000091552734,61.40999984741211,61.40999984741211,4429100.0,1.303201797174255,1.5244610147060642,2.393190496959098,1.923047942321781,2.326518553216693,61.74399948120117,60.74799957275391,57.86733309427897,55.491333198547366,57.21309989929199,61.29514330046424,60.75999103890537,58.53208865554082,57.66237146909309,58.34528060547005,60.506086010142575,58.871657614343256,1.6344283957993184,1.5759223679356558,-0.830480903436589,-0.830480903436589,-0.830480903436589,0.830480903436589,0.830480903436589,-0.830480903436589,-0.830480903436589,-0.830480903436589,-0.830480903436589,2.019996643066399,1.3914999008178714,61.4900016784668,58.55979854583741,58.83799858093262,59.11619861602784,0.0,1.0497805294358682,1.303201797174255,1.0,1.303201797174255,1.0380629229972584,1.0,1.303201797174255,0.6369994434806243,-1.0,-1.303201797174255,0.0,0.0,0.0,0.0,0.0,0.0,0.0,1.303201797174255,1
2024-01-19,61.54999923706055,62.09999847412109,60.08000183105469,60.90000152587891,60.90000152587891,9170200.0,-0.830480903436589,1.3233755709764632,2.432571812095121,1.85157200682802,2.3287057182523245,61.47399978637695,60.99899978637696,58.14666646321614,55.57133324941,57.23399990081787,61.16342937560247,60.78544749108237,58.6848572278207,57.76852327423361,58.395869138547454,60.566688397178936,59.021905311494045,1.544783085684891,1.569694511485503,2.8899807511257625,2.8899807511257625,2.8899807511257625,-2.8899807511257625,-2.8899807511257625,2.8899807511257625,2.8899807511257625,2.8899807511257625,-2.8899807511257625,1.3999977111816335,1.37649974822998,62.09999847412109,58.42870189666748,58.70700187683106,58.98530185699463,1.0,1.0490541160251246,-0.830480903436589,1.0,-0.830480903436589,1.0357944172055658,1.0,-0.830480903436589,0.5440232285831959,-1.0,0.830480903436589,0.0,0.0,0.0,0.0,0.0,0.0,0.0,-0.830480903436589,1
2024-01-22,61.88000106811523,62.79999923706055,61.40000152587891,62.65999984741211,62.65999984741211,8398000.0,2.8899807511257625,2.009567579215722,2.539664183524624,1.9288397794279375,2.3347212173538856,61.51800003051758,61.430999755859375,58.50766639709472,55.6566665649414,57.2735998916626,61.66228619953903,61.12627519223322,58.94131804198789,57.92889955532142,58.48030737040616,60.88873631259943,59.291393795636125,1.5973425169633018,1.5752241125810629,2.792856397955356,2.792856397955356,2.792856397955356,-2.792856397955356,-2.792856397955356,2.792856397955356,2.792856397955356,2.792856397955356,2.792856397955356,1.0099983215332031,1.3709997177124016,62.79999923706055,59.07169902801513,59.34699897766113,59.62229892730712,1.0,1.0499649625217289,-2.8899807511257625,1.0,2.8899807511257625,1.0370700422526833,1.0,2.8899807511257625,0.7912729534291351,-1.0,-2.8899807511257625,2.0,1.0,1.0,0.939522803,0.43140761375,0.978764415,0.3319937345,2.8899807511257625,-1
2024-01-23,64.26000213623047,64.77999877929688,63.77000045776367,64.41000366210938,64.41000366210938,8220600.0,2.792856397955356,2.2586336732659267,2.2012004643544625,1.975922625933164,2.3261922933597665,62.00000076293945,61.74600028991699,58.9439998626709,55.79783331553141,57.311399917602536,62.57819202039581,61.72331673221071,59.29413646909251,58.14139477193742,58.59772709895474,61.43046975098557,59.67055008204155,1.759919668944022,1.6121632238536547,2.6393368290432946,2.6393368290432946,2.6393368290432946,-2.6393368290432946,-2.6393368290432946,2.6393368290432946,2.6393368290432946,2.6393368290432946,2.6393368290432946,1.9500045776367188,1.4200000762939446,64.77999877929688,59.78379985809326,60.05799980163575,60.33219974517822,1.0,1.047536652310231,2.792856397955356,1.0,2.792856397955356,1.0409683049247953,1.0,2.792856397955356,1.0260917666707414,1.0,-2.792856397955356,0.0,0.0,1.0,0.006269108,0.006269108,0.788143694,0.788143694,-2.792856397955356,1
2024-01-24,65.05999755859375,66.72000122070312,64.7699966430664,66.11000061035156,66.11000061035156,7735400.0,2.6393368290432946,1.5839928024088197,1.8909327258679849,2.026535846132299,2.344566123685531,63.098001098632814,62.417000198364256,59.408999888102215,55.97099997202555,57.36029991149903,63.75546155038106,62.520895619145406,59.73386963949632,58.402660537131325,58.74648499026953,62.15039757550342,60.14754641747192,2.002851158031497,1.6903008106892232,-0.8470693592855074,-0.8470693592855074,-0.8470693592855074,0.8470693592855074,0.8470693592855074,-0.8470693592855074,-0.8470693592855074,-0.8470693592855074,-0.8470693592855074,2.340003967285156,1.5000003814697251,66.72000122070312,61.655998611450194,61.93999862670898,62.223998641967775,0.0,1.050632064433464,2.6393368290432946,1.0,2.6393368290432946,1.0466573820927598,1.0,2.6393368290432946,0.8376780309208133,-1.0,2.6393368290432946,0.0,0.0,0.0,0.0,0.0,0.0,0.0,2.6393368290432946,-1
2024-01-25,67.2699966430664,67.36000061035156,65.0199966430664,65.55000305175781,65.55000305175781,6800400.0,-0.8470693592855074,1.98085553897664,1.8030459930993223,2.0490135411037924,2.347679956334653,63.92600173950196,62.83500061035157,59.806000010172525,56.12583338419597,57.41369995117188,64.35364205083998,63.07164242507493,60.10910405319061,58.63699963597154,58.88120812019999,62.67341380261948,60.54772839038199,2.1256854122374875,1.7773777309988763,0.8695647113458577,0.8695647113458577,0.8695647113458577,-0.8695647113458577,-0.8695647113458577,0.8695647113458577,0.8695647113458577,0.8695647113458577,0.8695647113458577,1.4199981689453125,1.53050022125244,67.36000061035156,63.42000038146973,63.72000045776368,64.02000053405762,1.0,1.0506471022918074,-0.8470693592855074,1.0,-0.8470693592855074,1.049286017792958,1.0,-0.8470693592855074,1.0986162008943956,1.0,0.8470693592855074,0.0,0.0,0.0,0.0,0.0,0.0,0.0,0.8470693592855074,1
2024-01-26,65.45999908447266,66.7699966430664,65.3499984741211,66.12000274658203,66.12000274658203,6691500.0,0.8695647113458577,1.632873428901872,1.7854206048375365,2.0291055753841327,2.3487732142725912,64.97000198364258,63.22200088500976,60.17533340454101,56.28916676839193,57.466199989318845,64.94242894942067,63.62588975625804,60.49690396889329,58.88234400025385,59.02455058804913,63.2036582555368,60.960489453804215,2.24316880173258,1.8705359451456167,0.4990837688330476,0.4990837688330476,0.4990837688330476,-0.4990837688330476,-0.4990837688330476,0.4990837688330476,0.4990837688330476,0.4990837688330476,0.4990837688330476,0.9799957275390624,1.55349998474121,66.7699966430664,63.99290012359619,64.29900016784669,64.60510021209717,1.0,1.0506298396385594,0.8695647113458577,1.0,0.8695647113458577,1.0517214201403369,1.0,0.8695647113458577,0.9145595298260012,-1.0,0.8695647113458577,0.0,0.0,0.0,0.0,0.0,0.0,0.0,0.8695647113458577,1
2024-01-29,65.80999755859375,66.63999938964844,65.66000366210938,66.44999694824219,66.44999694824219,4443400.0,0.4990837688330476,1.532923564435834,1.782682778366956,2.0262997492777064,2.343543481853666,65.72800140380859,63.62300071716309,60.54533335367839,56.443833414713545,57.511599960327146,65.44495161569452,64.13936379116424,60.88097448369,59.130463769040354,59.171589129835134,63.70309497749147,61.3671196385774,2.335975338914068,1.9636238238993076,0.3912748655699473,0.3912748655699473,0.3912748655699473,-0.3912748655699473,-0.3912748655699473,0.3912748655699473,0.3912748655699473,0.3912748655699473,0.3912748655699473,1.1199951171875,1.5534997940063466,66.63999938964844,63.35229667663575,63.66299667358399,63.97369667053223,1.0,1.0508324455909155,0.4990837688330476,1.0,0.4990837688330476,1.0535206496792715,1.0,0.4990837688330476,0.8598969951569755,-1.0,-0.4990837688330476,0.0,0.0,2.0,0.248190045,0.2071196065,0.828749955,0.690015316,0.4990837688330476,-1
2024-01-30,66.19000244140625,66.91999816894531,65.80000305175781,66.70999908447266,66.70999908447266,5830000.0,0.3912748655699473,1.256815111162747,1.7236362164033787,1.9693508017840375,2.3435834672493185,66.18800048828125,64.09400062561035,60.86733334859212,56.60050004323323,57.55639995574951,65.86663410528723,64.60675202631123,61.2570405869663,59.37897312364469,59.32086457448142,64.16569560933473,61.76288848642149,2.402807122913245,2.051460483702095,-3.3278387815475923,-3.3278387815475923,-3.3278387815475923,3.3278387815475923,3.3278387815475923,-3.3278387815475923,-3.3278387815475923,-3.3278387815475923,-3.3278387815475923,1.6899986267089844,1.5669996261596666,66.91999816894531,63.22229984283448,63.53299980163575,63.84369976043701,0.0,1.053011477577617,0.3912748655699473,1.0,0.3912748655699473,1.0546828806492758,1.0,0.3912748655699473,0.7291649474535161,-1.0,-0.3912748655699473,0.0,0.0,0.0,0.0,0.0,0.0,0.0,-0.3912748655699473,1
2024-01-31,64.87000274658203,65.27999877929688,63.59000015258789,64.48999786376953,64.48999786376953,9668100.0,-3.3278387815475923,1.716386506535772,1.954658355096749,2.123455231821888,2.38921509734844,65.86399993896484,64.48100051879882,61.08933321634928,56.71550000508626,57.56959995269776,65.40775535811467,64.58552399675818,61.46561847579232,59.54654770528813,59.42322364951683,64.21558826386317,61.96489658844728,2.2506916754158937,2.091306722044855,3.039229569541951,3.039229569541951,3.039229569541951,-3.039229569541951,-3.039229569541951,3.039229569541951,3.039229569541951,3.039229569541951,3.039229569541951,2.100006103515625,1.6079998016357409,65.27999877929688,63.47259899139405,63.78599891662598,64.09939884185792,1.0,1.0555197957463027,-3.3278387815475923,1.0,-3.3278387815475923,1.0507585475967287,1.0,-3.3278387815475923,0.8781005141181394,-1.0,3.3278387815475923,0.0,0.0,0.0,0.0,0.0,0.0,0.0,-3.3278387815475923,1
2024-02-01,64.70999908447266,66.69000244140625,64.58999633789062,66.44999694824219,66.44999694824219,9622500.0,3.039229569541951,2.293294447529427,2.0925334342270783,2.1900434618943505,1.7609593868791062,66.04399871826172,64.98500022888183,61.43399976094564,56.9816666285197,57.593399925231935,65.75516922149052,64.92451907884617,61.7871912804665,59.77289030341777,59.56236767523416,64.55934344607533,62.297126244728375,2.2622172013469566,2.1254888179052758,-0.0150406430322671,-0.0150406430322671,-0.0150406430322671,0.0150406430322671,0.0150406430322671,-0.0150406430322671,-0.0150406430322671,-0.0150406430322671,-0.0150406430322671,1.089996337890625,1.6149995803832995,66.69000244140625,61.74239921569824,62.06399917602539,62.38559913635254,0.0,1.0578018765138846,3.039229569541951,1.0,3.039229569541951,1.0507763459280517,1.0,3.039229569541951,1.095941603617198,1.0,-3.039229569541951,2.0,0.0,0.0,0.97124207,0.9118671415,0.140726939,0.080306412,3.039229569541951,1
2024-02-02,66.33999633789062,66.98999786376953,65.9000015258789,66.44000244140625,66.44000244140625,8319500.0,-0.0150406430322671,2.2718378432271367,2.0365735514376477,2.1953966429884884,1.7548108313046735,66.10799865722656,65.53900032043457,61.72333323160807,57.25400002797445,57.60709995269775,65.98344696146243,65.20006150840254,62.087372645688426,59.99148414400755,59.69855846268312,64.84867559920316,62.60400596300081,2.244669636202353,2.149324981564691,-0.526800256854742,-0.526800256854742,-0.526800256854742,0.526800256854742,0.526800256854742,-0.526800256854742,-0.526800256854742,-0.526800256854742,-0.526800256854742,1.5800018310546875,1.6514997482299794,66.98999786376953,63.13700336456299,63.46000328063965,63.78300319671631,0.0,1.0618188760887028,-0.0150406430322671,1.0,-0.0150406430322671,1.050134008415482,1.0,-0.0150406430322671,1.1155196637133054,1.0,-0.0150406430322671,1.0,0.0,0.0,0.636546791,0.636546791,0.051608376,0.051608376,-0.0150406430322671,1
2024-02-05,66.41000366210938,66.44000244140625,64.86000061035156,66.08999633789062,66.08999633789062,9137500.0,-0.526800256854742,2.275065554272317,1.9490764085357024,2.2055878526593733,1.7466623776451604,66.03599853515625,65.88199996948242,62.01133308410645,57.53016662597656,57.63299991607666,66.01896342027183,65.36186784103673,62.34560643228212,60.19143536347912,59.82512158892485,65.0396480205397,62.8622274722519,2.177420548287799,2.1549440949093124,2.1032033531011893,2.1032033531011893,2.1032033531011893,-2.1032033531011893,-2.1032033531011893,2.1032033531011893,2.1032033531011893,2.1032033531011893,2.1032033531011893,1.6699981689453125,1.5924997329711903,66.44000244140625,63.35669841766358,63.68699836730957,64.01729831695557,1.0,1.0624187014352064,-0.526800256854742,1.0,-0.526800256854742,1.0483796947589368,1.0,-0.526800256854742,1.1672531381063316,1.0,-0.526800256854742,0.0,0.0,0.0,0.0,0.0,0.0,0.0,-0.526800256854742,1
2024-02-06,66.5,67.55999755859375,65.88999938964844,67.4800033569336,67.4800033569336,13315800.0,2.1032033531011893,2.4843840406532403,1.8716177407054515,1.98869077064587,1.7546829690509376,66.18999938964843,66.18899993896484,62.310333251953125,57.81749998728434,57.68159996032715,66.50597673249243,65.74698338938161,62.67685784677576,60.43040480588747,59.97670340611314,65.41508730306184,63.20428494519128,2.210802357870556,2.166115747501561,3.778890479413808,3.778890479413808,3.778890479413808,3.778890479413808,-3.778890479413808,3.778890479413808,3.778890479413808,3.778890479413808,3.778890479413808,6.69000244140625,1.8324998855590813,67.55999755859375,62.93650302886963,63.25500297546387,63.57350292205811,1.0,1.062247567691995,2.1032033531011893,1.0,2.1032033531011893,1.048983399105796,1.0,2.1032033531011893,1.327399279575553,1.0,2.1032033531011893,0.0,0.0,0.0,0.0,0.0,0.0,0.0,2.1032033531011893,1
2024-02-07,73.83000183105469,73.91000366210938,67.22000122070312,70.02999877929688,70.02999877929688,25551100.0,3.778890479413808,1.882484615276388,2.0442596130365325,1.933356658431764,1.791005833515334,67.29799957275391,66.58099975585938,62.6689998626709,58.1568333307902,57.750899963378906,67.68065074809391,66.52571346027528,63.15125403597067,60.745145591900894,60.17577856201777,66.12507368402107,63.70989337734725,2.4151803066738253,2.215928659336014,-3.1129520822157426,-3.1129520822157426,-3.1129520822157426,-3.1129520822157426,3.1129520822157426,-3.1129520822157426,-3.1129520822157426,-3.1129520822157426,-3.1129520822157426,2.8799972534179688,1.8529998779296868,73.91000366210938,63.528497810363774,63.89499778747559,64.2614977645874,0.0,1.0624232060789385,3.778890479413808,1.0,3.778890479413808,1.0534345592311205,1.0,3.778890479413808,0.9208637705658897,-1.0,3.778890479413808,0.0,0.0,1.0,0.002406954,0.002406954,0.996070027,0.996070027,3.778890479413808,-1
2024-02-08,69.79000091552734,70.63999938964844,67.76000213623047,67.8499984741211,67.8499984741211,8370900.0,-3.1129520822157426,2.630566440046105,2.327933477138577,2.0326256259840667,1.8388330946092488,67.57799987792968,66.81099929809571,62.93733317057292,58.440666643778485,57.81919994354248,67.73709999010298,66.7664925537018,63.45439883843199,60.97809158803926,60.32774331275248,66.39044672865185,64.01656782896012,2.373878899691732,2.2475187074071576,3.817249853399803,3.817249853399803,3.817249853399803,3.817249853399803,-3.817249853399803,3.817249853399803,3.817249853399803,3.817249853399803,3.817249853399803,2.660003662109375,1.9174999237060544,70.63999938964844,69.83340393066406,70.20400390625,70.57460388183594,1.0,1.0615479864236441,-3.1129520822157426,1.0,-3.1129520822157426,1.0521964398985653,1.0,-3.1129520822157426,1.130000691978327,1.0,3.1129520822157426,0.0,0.0,0.0,0.0,0.0,0.0,0.0,3.1129520822157426,1
2024-02-09,68.25,70.86000061035156,68.19999694824219,70.44000244140625,70.44000244140625,7522400.0,3.817249853399803,2.995794292079509,2.572058554397456,2.15503353470737,1.8766920474937785,68.37799987792968,67.24299926757813,63.30733324686686,58.77633336385091,57.919099960327145,68.63806747387073,67.43440344237533,63.90508294184969,61.28831817339555,60.52798606777533,67.01345529984484,64.49237780025243,2.5210774995924083,2.302230465844208,-0.255537051301936,-0.255537051301936,-0.255537051301936,-0.255537051301936,0.255537051301936,-0.255537051301936,-0.255537051301936,-0.255537051301936,-0.255537051301936,0.9599990844726562,1.9014997482299805,70.86000061035156,66.42149955749511,66.80499954223633,67.18849952697754,0.0,1.0621676165913376,3.817249853399803,1.0,3.817249853399803,1.0552275396268107,1.0,3.817249853399803,1.1647457585899788,1.0,3.817249853399803,0.0,1.0,0.0,0.013898438,0.013898438,0.039416451,0.039416451,3.817249853399803,1
2024-02-12,70.66000366210938,71.08999633789062,70.12999725341797,70.26000213623047,70.26000213623047,4790800.0,-0.255537051301936,2.9586610156124324,2.5884728117328226,2.163276774955585,1.8699756912050016,69.21200103759766,67.62399978637696,63.66933326721191,59.092000071207686,58.01729999542236,69.17871236132399,67.9481486594399,64.31507772858394,61.58247174594752,60.72069925724968,67.51292404390416,64.9196092325471,2.593314811357061,2.3604473349467785,-1.2240258813030866,-1.2240258813030866,-1.2240258813030866,-1.2240258813030866,1.2240258813030866,-1.2240258813030866,-1.2240258813030866,-1.2240258813030866,-1.2240258813030866,1.30999755859375,1.8979995727539063,71.08999633789062,66.6767011642456,67.0570011138916,67.4373010635376,0.0,1.062112579419794,-0.255537051301936,1.0,-0.255537051301936,1.0564886346897981,1.0,-0.255537051301936,1.1430141364443351,1.0,-0.255537051301936,0.0,0.0,0.0,0.0,0.0,0.0,0.0,-0.255537051301936,-1
2024-02-13,68.5199966430664,69.55999755859375,68.25,69.4000015258789,69.4000015258789,5427300.0,-1.2240258813030866,3.0943927472675,2.6518193745635608,2.1829650483381315,1.879065847498348,69.59600067138672,67.89300003051758,64.03166669209799,59.39766674041748,58.10979999542237,69.25247541617563,68.21212190788334,64.64313732840942,61.83878419774854,60.892566628905705,67.80324365651566,65.25149014316428,2.551753513351386,2.3987085706277003,2.132558638326801,2.132558638326801,2.132558638326801,2.132558638326801,-2.132558638326801,2.132558638326801,2.132558638326801,2.132558638326801,2.132558638326801,1.0100021362304688,1.8539997100830077,69.55999755859375,66.91439727783202,67.29399719238282,67.6735971069336,1.0,1.0603034957216897,-1.2240258813030866,1.0,-1.2240258813030866,1.05521057187157,1.0,-1.2240258813030866,1.1668942375748266,1.0,-1.2240258813030866,0.0,0.0,2.0,0.005404227,0.0053434035,0.992929637,0.984871864,1.2240258813030866,-1
2024-02-14,70.08000183105469,70.94000244140625,69.93000030517578,70.87999725341797,70.87999725341797,3703400.0,2.132558638326801,2.738830173703368,2.3359716051169794,2.1033870062086635,1.875436684097332,69.76600036621093,68.53199996948243,64.46833330790201,59.73866672515869,58.230799980163575,69.79498269525641,68.697190152526,65.0455153880874,62.13521741268851,61.0903375323614,68.2765903637314,65.66841659577565,2.608173767955748,2.4406016100933097,-0.8747109780081187,-0.8747109780081187,-0.8747109780081187,-0.8747109780081187,0.8747109780081187,-0.8747109780081187,-0.8747109780081187,-0.8747109780081187,-0.8747109780081187,1.4499969482421875,1.866499519348144,70.94000244140625,65.48119819641113,65.85199813842773,66.22279808044433,0.0,1.0630335306199443,2.132558638326801,1.0,2.132558638326801,1.0561403002597685,1.0,2.132558638326801,1.1724586753126283,1.0,2.132558638326801,0.0,0.0,2.0,0.006992309,0.005494183,0.983863115,0.9534484145,-2.132558638326801,1
2024-02-15,71.44999694824219,71.48999786376953,70.04000091552734,70.26000213623047,70.26000213623047,3186000.0,-0.8747109780081187,2.171536716367141,2.2786207421326057,2.1324583524457936,1.8793285636711503,70.24800109863281,68.91300048828126,64.882000096639,60.05533345540365,58.35099998474121,69.9499891755811,68.98133778592681,65.38193388796759,62.40160379706694,61.27191504926969,68.58173063642357,66.00853404321676,2.5731965932068164,2.467120606716011,-2.5334453816917777,-2.5334453816917777,-2.5334453816917777,-2.5334453816917777,2.5334453816917777,-2.5334453816917777,-2.5334453816917777,-2.5334453816917777,-2.5334453816917777,2.180000305175781,1.874499702453613,71.48999786376953,66.83370349884034,67.20700340270996,67.5803033065796,0.0,1.062128177085143,-0.8747109780081187,1.0,-0.8747109780081187,1.0550519644176757,1.0,-0.8747109780081187,0.9530048929225305,-1.0,-0.8747109780081187,0.0,0.0,1.0,0.191911146,0.191911146,0.79969722,0.79969722,-0.8747109780081187,-1
2024-02-16,70.08000183105469,70.08000183105469,67.9000015258789,68.4800033569336,68.4800033569336,4527800.0,-2.5334453816917777,1.7158545713293738,2.482063359501808,2.228494417650353,1.9181883802565336,69.85600128173829,69.11700057983398,65.21833356221516,60.33150018056234,58.45470001220704,69.4599939026986,68.8901860715644,65.5818093375783,62.60089558591503,61.41464947120362,68.5660802857328,66.19160584423281,2.3744744414999843,2.448591373672806,-0.8323593266391193,-0.8323593266391193,-0.8323593266391193,-0.8323593266391193,0.8323593266391193,-0.8323593266391193,-0.8323593266391193,-0.8323593266391193,0.8323593266391193,1.5999984741210938,1.884499740600586,70.08000183105469,67.36609851837159,67.74099845886231,68.11589839935303,0.0,1.0597786972569558,-2.5334453816917777,1.0,-2.5334453816917777,1.0504465608284217,1.0,-2.5334453816917777,0.6913016804187363,-1.0,2.5334453816917777,0.0,0.0,0.0,0.0,0.0,0.0,0.0,2.5334453816917777,1
2024-02-20,68.16000366210938,68.36000061035156,66.76000213623047,67.91000366210938,67.91000366210938,3271400.0,-0.8323593266391193,1.7104027670010058,2.4956329266780446,2.183191612168633,1.9225716735966696,69.38600158691406,69.29900131225585,65.53733367919922,60.58700021107992,58.55950004577637,68.94333048916886,68.71197108802711,65.73201542303192,62.7749647031673,61.543270346271065,68.46514542055996,66.31889457148293,2.1462508490770347,2.388123268753652,-3.784431137724551,-3.784431137724551,-3.784431137724551,-3.784431137724551,3.784431137724551,-3.784431137724551,-3.784431137724551,-3.784431137724551,3.784431137724551,4.519996643066406,2.0599996566772463,68.36000061035156,65.9341024017334,66.31100234985351,66.68790229797364,0.0,1.0573973248815665,0.8323593266391193,1.0,-0.8323593266391193,1.0453349200662276,1.0,-0.8323593266391193,0.6853583107984296,-1.0,0.8323593266391193,0.0,0.0,0.0,0.0,0.0,0.0,0.0,-0.8323593266391193,1
2024-02-21,62.02999877929688,65.5199966430664,61.0,65.33999633789062,65.33999633789062,12820100.0,-3.784431137724551,2.224969916735157,2.7083602264249724,2.3000981269280367,1.9980621418293465,68.57400054931641,69.08500061035156,65.6733336130778,60.79316679636637,58.63150001525879,67.74221910540945,68.09888476982047,65.70672386915184,62.85906410102708,61.618453039174426,67.98435325399545,66.24638359121683,1.7379696627786243,2.258092547558646,-2.4793431854580508,2.4793431854580508,2.4793431854580508,2.4793431854580508,-2.4793431854580508,-2.4793431854580508,2.4793431854580508,2.4793431854580508,-2.4793431854580508,1.4600067138671875,2.0354997634887697,65.5199966430664,63.82800136566162,64.24000129699706,64.65200122833252,1.0,1.0519490455193579,3.784431137724551,1.0,-3.784431137724551,1.0364066378569166,1.0,-3.784431137724551,0.8215191963855232,-1.0,3.784431137724551,1.0,0.0,0.0,0.989052594,0.989052594,0.009654259,0.009654259,-3.784431137724551,1
2024-02-22,66.94999694824219,67.2300033569336,65.7699966430664,66.95999908447266,66.95999908447266,7627600.0,2.4793431854580508,2.3555575014134083,2.5158247225235324,2.291050299025128,2.0156197354562564,67.79000091552734,68.77800064086914,65.92533353169759,61.01866677602132,58.7151000213623,67.48147909843053,67.89181464521178,65.78758033465641,62.99352098573021,61.72422622819023,67.82676030483809,66.29924399812467,1.527516306713423,2.111977299389601,-1.015532130336403,1.015532130336403,1.015532130336403,1.015532130336403,-1.015532130336403,-1.015532130336403,1.015532130336403,1.015532130336403,-1.015532130336403,0.6999969482421875,1.9534994125366207,67.2300033569336,61.04189716339111,61.44899711608887,61.85609706878662,1.0,1.0432711820532536,-2.4793431854580508,1.0,2.4793431854580508,1.0319852820220974,1.0,2.4793431854580508,0.9362963485988142,-1.0,-2.4793431854580508,0.0,0.0,1.0,0.002011108,0.002011108,0.99707979,0.99707979,2.4793431854580508,1
2024-02-23,67.5,67.88999938964844,67.19000244140625,67.63999938964844,67.63999938964844,3772600.0,1.015532130336403,2.54652717463522,2.3584137192038463,2.288860895921113,2.0170740386752715,67.26600036621093,68.75700073242187,66.13433354695638,61.25033340454102,58.80470001220703,67.53431919550317,67.84603005329117,65.9070912414301,63.14586453995703,61.8413702511894,67.79802785634737,66.39855921231161,1.399468644035764,1.969475568318834,-1.123598673992269,1.123598673992269,1.123598673992269,1.123598673992269,-1.123598673992269,-1.123598673992269,1.123598673992269,1.123598673992269,-1.123598673992269,1.7100067138671875,1.9679998397827148,67.88999938964844,62.93230464935303,63.32300453186035,63.71370441436768,1.0,1.0396566661339885,-1.015532130336403,1.0,1.015532130336403,1.029419274547535,1.0,1.015532130336403,1.0797627040156792,1.0,-1.015532130336403,0.0,0.0,0.0,0.0,0.0,0.0,0.0,1.015532130336403,1
2024-02-26,68.0,69.4800033569336,67.7699966430664,68.4000015258789,68.4000015258789,5205000.0,1.123598673992269,2.421552324294829,1.9997863569210528,2.293577609292955,1.9987629741630937,67.25,68.55300064086914,66.339333597819,61.51050008138021,58.90240001678467,67.82287997229508,67.94675213921622,66.06792416300743,63.3181313263807,61.97124413781692,67.89063919012146,66.54681419850178,1.3438249916196838,1.844345452979004,-2.2660751283416944,2.2660751283416944,2.2660751283416944,2.2660751283416944,-2.2660751283416944,-2.2660751283416944,2.2660751283416944,2.2660751283416944,-2.2660751283416944,1.4099960327148438,1.989499855041504,69.4800033569336,63.560399742126464,63.95399971008301,64.34759967803956,1.0,1.0333688465499284,-1.123598673992269,1.0,1.123598673992269,1.0284378236490859,1.0,1.123598673992269,1.2109055129384636,1.0,1.123598673992269,0.0,0.0,1.0,0.025949119,0.025949119,0.745213747,0.745213747,1.123598673992269,1
2024-02-27,69.31999969482422,70.27999877929688,68.87000274658203,69.94999694824219,69.94999694824219,4991500.0,2.2660751283416944,2.548322553377189,2.155481231572279,2.3394950787093705,2.00768935258068,67.65799865722656,68.52200012207031,66.58966687520345,61.7830000559489,59.025799980163576,68.53191896427745,68.31097846813003,66.31838047173227,63.53556954349092,62.12923924297385,68.20746346060157,66.79890180959366,1.4085616510079149,1.7571886925847864,0.6290133398251357,-0.6290133398251357,-0.6290133398251357,-0.6290133398251357,0.6290133398251357,-0.6290133398251357,-0.6290133398251357,-0.6290133398251357,0.6290133398251357,1.2700042724609375,1.997000312805176,70.27999877929688,65.10310367584228,65.50100364685059,65.89890361785889,0.0,1.029018514997053,-2.2660751283416944,1.0,2.2660751283416944,1.0300459387310745,1.0,2.2660751283416944,1.1822522581272297,1.0,2.2660751283416944,0.0,0.0,0.0,0.0,0.0,0.0,0.0,2.2660751283416944,1
2024-02-28,69.94999694824219,70.05000305175781,68.77999877929688,69.51000213623047,69.51000213623047,2744800.0,-0.6290133398251357,1.239488887955471,2.1266693050813315,2.348117765654727,1.9881103115448449,68.49199981689453,68.53300018310547,66.84000027974447,62.06550006866455,59.13830001831055,68.85794668826179,68.52898277142101,66.52429154686119,63.73145257931844,62.2753929636324,68.40785402608294,66.9997240560112,1.408129970071741,1.6873769480821774,0.5754589463181944,-0.5754589463181944,-0.5754589463181944,-0.5754589463181944,0.5754589463181944,-0.5754589463181944,-0.5754589463181944,-0.5754589463181944,0.5754589463181944,2.0,2.0125003814697267,70.05000305175781,65.88659809112549,66.28599815368652,66.68539821624756,0.0,1.0253291426731794,0.6290133398251357,1.0,-0.6290133398251357,1.0301347248944046,1.0,-0.6290133398251357,0.5828310424163801,-1.0,-0.6290133398251357,0.0,0.0,0.0,0.0,0.0,0.0,0.0,-0.6290133398251357,1
2024-02-29,70.05000305175781,70.1500015258789,68.1500015258789,69.11000061035156,69.11000061035156,5782100.0,-0.5754589463181944,1.2355917186317222,1.99864381077089,2.2047839405880647,1.99126354345486,68.92200012207032,68.35600051879882,67.12300033569336,62.34250005086263,59.24920001983642,68.94196466229172,68.63462237849929,66.69111148644123,63.9077984164015,62.410731728913966,68.51587657750889,67.15604083781419,1.3598357396947025,1.6218687064046826,1.924470871521704,1.924470871521704,1.924470871521704,1.924470871521704,-1.924470871521704,1.924470871521704,1.924470871521704,1.924470871521704,-1.924470871521704,1.9199981689453125,2.003499984741211,70.1500015258789,65.62250221252441,66.02500228881836,66.4275023651123,1.0,1.0183692650349212,0.5754589463181944,1.0,-0.5754589463181944,1.0291419778249338,1.0,-0.5754589463181944,0.6182150676238536,-1.0,0.5754589463181944,0.0,0.0,0.0,0.0,0.0,0.0,0.0,-0.5754589463181944,1
2024-03-01,69.08999633789062,70.48999786376953,68.56999969482422,70.44000244140625,70.44000244140625,4836700.0,1.924470871521704,1.3647424625668474,2.0928148026276205,2.1470779265322406,1.996018488870685,69.48200073242188,68.3740005493164,67.42400042215984,62.6456667582194,59.354300041198734,69.44131058866324,68.96287329902782,66.93297541901961,64.12196904017215,62.56972718856728,68.81189594118541,67.39929725289508,1.4125986882903303,1.5800147027818123,1.3486611517829217,1.3486611517829217,1.3486611517829217,1.3486611517829217,-1.3486611517829217,1.3486611517829217,1.3486611517829217,1.3486611517829217,-1.3486611517829217,1.19000244140625,2.0085002899169924,70.48999786376953,65.74230155944824,66.14300155639648,66.54370155334473,1.0,1.0140899400986052,-1.924470871521704,1.0,1.924470871521704,1.0303273217319335,1.0,1.924470871521704,0.652108567300534,-1.0,-1.924470871521704,0.0,0.0,0.0,0.0,0.0,0.0,0.0,1.924470871521704,1
2024-03-04,70.69000244140625,71.69000244140625,70.5,71.38999938964844,71.38999938964844,4277700.0,1.3486611517829217,1.380796602933153,1.913681532295932,2.15771064933884,1.9988925083261824,70.08000030517579,68.6650001525879,67.77366701761882,62.96016674041748,59.47310005187988,70.09087352232498,69.40416895186793,67.22052535260858,64.36026511720415,62.74438604403424,69.20852724094895,67.69490481858051,1.5136224223684422,1.5667362466991384,-3.291775450640841,-3.291775450640841,-3.291775450640841,-3.291775450640841,3.291775450640841,-3.291775450640841,-3.291775450640841,-3.291775450640841,3.291775450640841,3.7600021362304688,2.117500305175781,71.69000244140625,66.07129722595215,66.47299728393554,66.87469734191895,0.0,1.0131516143982198,-1.3486611517829217,1.0,1.3486611517829217,1.0324847743721868,1.0,1.3486611517829217,0.7215393886758931,-1.0,-1.3486611517829217,0.0,1.0,0.0,0.050705723,0.050705723,0.106542498,0.106542498,1.3486611517829217,1
2024-03-05,71.06999969482422,71.06999969482422,67.30999755859375,69.04000091552734,69.04000091552734,6840700.0,-3.291775450640841,2.048528070711332,2.2268736262942816,2.302713253310404,2.045622940914585,69.89800109863282,68.77799987792969,67.98633371988932,63.24700005849203,59.569500045776365,69.74058265339244,69.33795658162418,67.3379108727969,64.5136990778049,62.8690516850539,69.18260011396102,67.7945415665025,1.3880585474585132,1.5310007068510134,3.302431560055346,3.302431560055346,3.302431560055346,3.302431560055346,-3.302431560055346,3.302431560055346,3.302431560055346,3.302431560055346,-3.302431560055346,2.6200027465820312,2.1650005340576173,71.06999969482422,67.03150177001953,67.45500183105469,67.87850189208984,1.0,1.0116444896308443,3.291775450640841,1.0,-3.291775450640841,1.0297016299273885,1.0,-3.291775450640841,0.9199121344484498,-1.0,3.291775450640841,0.0,0.0,0.0,0.0,0.0,0.0,0.0,-3.291775450640841,1
2024-03-06,70.97000122070312,71.7300033569336,69.11000061035156,71.31999969482422,71.31999969482422,7401200.0,3.302431560055346,2.555800191059087,1.930229023270859,2.3683575489305198,2.067664662301802,70.26000061035157,69.37600021362304,68.21666692097982,63.58033339182536,59.69300003051758,70.26705500053637,69.69832805675146,67.59481982905673,64.73685647508422,63.03639719019786,69.5114308187092,68.05568661304486,1.4557442056643453,1.5159494066136798,2.453729679596451,2.453729679596451,2.453729679596451,2.453729679596451,-2.453729679596451,2.453729679596451,2.453729679596451,2.453729679596451,-2.453729679596451,2.139999389648437,1.9375003814697265,71.7300033569336,66.30699851989746,66.73999862670898,67.1729987335205,1.0,1.0169948686291894,-3.302431560055346,1.0,3.302431560055346,1.031119370286279,1.0,3.302431560055346,1.3240916804411995,1.0,-3.302431560055346,0.0,2.0,0.0,0.002316481,0.0016140594999999,0.008235237,0.0047426305,3.302431560055346,1
2024-03-07,71.94999694824219,73.33000183105469,71.19000244140625,73.06999969482422,73.06999969482422,6314300.0,2.453729679596451,2.583664165248651,1.9279107011980248,2.283018020483377,2.077468621618188,71.0520004272461,69.9870002746582,68.44866689046223,63.92883338928223,59.84370002746582,71.20136989863232,70.31135926367378,67.9480572397514,65.0100742855675,63.23508238830927,70.05890295349613,68.42711721169518,1.6317857418009538,1.5391166736511348,-2.3539088926874023,-2.3539088926874023,-2.3539088926874023,-2.3539088926874023,2.3539088926874023,-2.3539088926874023,-2.3539088926874023,-2.3539088926874023,-2.3539088926874023,2.410003662109375,1.9140007019042968,73.33000183105469,67.4675025177002,67.85500259399414,68.24250267028809,0.0,1.022474263620908,-2.453729679596451,1.0,2.453729679596451,1.034781009493525,1.0,2.453729679596451,1.340136845364847,1.0,2.453729679596451,0.0,0.0,0.0,0.0,0.0,0.0,0.0,2.453729679596451,1
2024-03-08,73.26000213623047,73.5,71.08999633789062,71.3499984741211,71.3499984741211,5277200.0,-2.3539088926874023,2.94519041725398,2.1819768702464324,2.2300852282118155,2.09011810133777,71.23399963378907,70.35800018310547,68.64200007120768,64.2240000406901,59.9796000289917,71.25091275712859,70.50020275648238,68.16753731938817,65.21794065240532,63.39577379594911,70.25753303359228,68.64362693483784,1.6139060987544411,1.5540745586717963,0.1541704452754265,0.1541704452754265,0.1541704452754265,0.1541704452754265,-0.1541704452754265,0.1541704452754265,0.1541704452754265,0.1541704452754265,0.1541704452754265,1.8899993896484373,1.87550048828125,73.5,69.11920028686524,69.50200042724609,69.88480056762695,1.0,1.0249992731872273,-2.3539088926874023,1.0,-2.3539088926874023,1.0342195937952823,1.0,-2.3539088926874023,1.3497807687216,1.0,-2.3539088926874023,0.0,1.0,1.0,0.004480849,0.0031149755,0.989070177,0.49831982,-2.3539088926874023,-1
2024-03-11,70.93000030517578,71.80000305175781,69.91000366210938,71.45999908447266,71.45999908447266,3139300.0,0.1541704452754265,2.885882755978228,2.1755263834279743,2.0684569851050423,2.0720273107171483,71.24799957275391,70.66399993896485,68.81999994913737,64.49766667683919,60.10280002593994,71.32060819957661,70.67471117975333,68.37995420745814,65.42259830591571,63.55546142542482,70.4425278106508,68.85224709407005,1.5902807165807502,1.561315790253587,-0.1679299581856646,-0.1679299581856646,-0.1679299581856646,-0.1679299581856646,0.1679299581856646,-0.1679299581856646,-0.1679299581856646,-0.1679299581856646,-0.1679299581856646,1.2099990844726562,1.88800048828125,71.80000305175781,69.37389892578125,69.7489990234375,70.12409912109375,0.0,1.0267945363439455,0.1541704452754265,1.0,0.1541704452754265,1.0335589135572265,1.0,0.1541704452754265,1.3265216078101274,1.0,0.1541704452754265,0.0,0.0,0.0,0.0,0.0,0.0,0.0,-0.1541704452754265,1
2024-03-12,71.68000030517578,71.94999694824219,70.73999786376953,71.33999633789062,71.33999633789062,3858500.0,-0.1679299581856646,2.2485174495776272,2.085289355081822,2.0677742646787465,2.073542281629492,71.70799865722657,70.8029998779297,68.98299992879232,64.76416664123535,60.22969997406006,71.32707091234795,70.79567211759647,68.57092466748605,65.6166113561444,63.70961063161226,70.58059989176462,69.03652481583454,1.5440750759300812,1.557867647388886,-1.6260107825359364,-1.6260107825359364,-1.6260107825359364,-1.6260107825359364,1.6260107825359364,-1.6260107825359364,-1.6260107825359364,-1.6260107825359364,1.6260107825359364,1.589996337890625,1.9020004272460935,71.94999694824219,67.64640197753906,68.02400207519531,68.40160217285157,0.0,1.026383311120364,-0.1679299581856646,1.0,-0.1679299581856646,1.0324444720688637,1.0,-0.1679299581856646,1.0782759927767436,1.0,-0.1679299581856646,0.0,0.0,0.0,0.0,0.0,0.0,0.0,-0.1679299581856646,1
2024-03-13,71.58999633789062,71.58999633789062,70.0,70.18000030517578,70.18000030517578,4078200.0,-1.6260107825359364,1.8562911665342523,2.1529440626802048,2.083183724462013,2.0613396637707635,71.47999877929688,70.86999969482422,69.09866663614909,64.98299999237061,60.35479999542236,70.94471404329056,70.68373178806543,68.67473599894991,65.76623066594871,63.83773715980164,70.51896918613556,69.1212267039339,1.3977424822016644,1.525842614351442,-3.0493009124290533,-3.0493009124290533,-3.0493009124290533,-3.0493009124290533,3.0493009124290533,-3.0493009124290533,-3.0493009124290533,-3.0493009124290533,3.0493009124290533,2.1299972534179688,1.9580001831054688,71.58999633789062,67.76559600830078,68.14599609375,68.52639617919922,0.0,1.0256348370367605,1.6260107825359364,1.0,-1.6260107825359364,1.0292537824848171,1.0,-1.6260107825359364,0.8622105881484684,-1.0,-1.6260107825359364,0.0,0.0,0.0,0.0,0.0,0.0,0.0,-1.6260107825359364,1
2024-03-14,69.29000091552734,69.75,67.62000274658203,68.04000091552734,68.04000091552734,6500100.0,-3.0493009124290533,1.3797000989531245,2.372286384657297,2.1355992179838053,2.1034303059467647,70.4739990234375,70.7629997253418,69.21700007120768,65.15316664377848,60.4575,69.97647633403616,70.20305344760395,68.63378534840653,65.84078051019719,63.92095030347938,70.13758945219584,69.04113590479267,1.096453547403172,1.439964800961788,1.940034798739961,-1.940034798739961,-1.940034798739961,-1.940034798739961,1.940034798739961,1.940034798739961,-1.940034798739961,-1.940034798739961,1.940034798739961,1.4599990844726562,1.958500289916992,69.75,67.28239593505859,67.67399597167969,68.06559600830079,0.0,1.0223355483846983,3.0493009124290533,1.0,-3.0493009124290533,1.0228643676176583,1.0,-3.0493009124290533,0.5815908685714762,-1.0,3.0493009124290533,0.0,0.0,0.0,0.0,0.0,0.0,0.0,-3.0493009124290533,1
2024-03-15,67.72000122070312,67.97000122070312,66.51000213623047,66.72000122070312,66.72000122070312,10117400.0,-1.940034798739961,1.3199282032983968,2.314384905370536,2.166829939737933,2.0803128714632595,69.54799957275391,70.39099960327148,69.22600021362305,65.32999998728434,60.56110000610352,68.89098462959183,69.56977122453107,68.51031540468374,65.86960741873837,63.97637705431549,69.6118066473508,68.86920000226752,0.7426066450832849,1.3004931697860873,-1.244007517789342,1.244007517789342,1.244007517789342,1.244007517789342,-1.244007517789342,-1.244007517789342,1.244007517789342,1.244007517789342,-1.244007517789342,1.3700027465820312,1.9180004119873049,67.97000122070312,65.44129936218262,65.83299942016602,66.22469947814942,1.0,1.0168289282358274,1.940034798739961,1.0,-1.940034798739961,1.0154641795704666,1.0,-1.940034798739961,0.570314903210568,-1.0,1.940034798739961,0.0,0.0,1.0,0.040253364,0.040253364,0.957457602,0.957457602,-1.940034798739961,1
2024-03-18,66.98999786376953,68.18000030517578,66.80999755859375,67.55000305175781,67.55000305175781,3909000.0,1.244007517789342,1.66920169917378,2.3052297737642444,2.120140962670193,2.0553339544552087,68.76600036621093,70.00699996948242,69.2630002339681,65.49316673278808,60.67560005187988,68.44399077031383,69.2025406476632,68.4483597690111,65.92470235752589,64.04714192555197,69.29460609418265,68.77148170963717,0.5231243845454827,1.1450194127379665,-0.3552891975232648,0.3552891975232648,0.3552891975232648,0.3552891975232648,-0.3552891975232648,-0.3552891975232648,0.3552891975232648,0.3552891975232648,-0.3552891975232648,1.4300003051757812,1.909500503540039,68.18000030517578,63.75040031433105,64.13400039672851,64.51760047912597,1.0,1.0107416619696103,-1.244007517789342,1.0,1.244007517789342,1.0110182461814599,1.0,1.244007517789342,0.7240934149692658,-1.0,-1.244007517789342,1.0,0.0,3.0,0.664353728,0.17039524375,0.976864398,0.74763038025,1.244007517789342,1
2024-03-19,67.12999725341797,67.87999725341797,66.44999694824219,67.79000091552734,67.79000091552734,3059400.0,0.3552891975232648,1.756951634373933,2.098530510163405,2.1136058589081683,2.0525357728360296,68.05600128173828,69.88199996948242,69.31966705322266,65.66550006866456,60.77810005187988,68.22599415205167,68.94571524182031,68.40588500427022,65.98585968729643,64.12125794515543,69.06312837438952,68.69877942859199,0.3643489457975306,0.9888853193498792,-0.1180142055970425,0.1180142055970425,0.1180142055970425,0.1180142055970425,-0.1180142055970425,-0.1180142055970425,0.1180142055970425,0.1180142055970425,-0.1180142055970425,1.0400009155273438,1.7355007171630858,67.87999725341797,63.9790991973877,64.3609992980957,64.74289939880371,1.0,1.0081121698958537,-0.3552891975232648,1.0,0.3552891975232648,1.0078915759589455,1.0,0.3552891975232648,0.8372294926687177,-1.0,-0.3552891975232648,1.0,0.0,0.0,0.645620108,0.645620108,0.351852894,0.351852894,0.3552891975232648,-1
2024-03-20,67.79000091552734,68.05999755859375,67.0199966430664,67.87000274658203,67.87000274658203,4230300.0,0.1180142055970425,1.7754192673960227,1.7221346688253512,1.9154836474499728,2.042541784009964,67.59400177001953,69.5370002746582,69.33266703287761,65.82150014241536,60.897400093078616,68.10733035022847,68.75013115177698,68.37131195538711,66.04763486956809,64.19549051548071,68.87957058549605,68.63738856325793,0.2421820222381256,0.8395446599275286,-1.0313789891181928,1.0313789891181928,1.0313789891181928,1.0313789891181928,-1.0313789891181928,-1.0313789891181928,1.0313789891181928,1.0313789891181928,-1.0313789891181928,0.970001220703125,1.7110004425048828,68.05999755859375,64.06189567565917,64.4089958190918,64.75609596252441,1.0,1.0029471423864842,-0.1180142055970425,1.0,0.1180142055970425,1.0055406161671587,1.0,0.1180142055970425,1.0309410172939706,1.0,-0.1180142055970425,0.0,0.0,0.0,0.0,0.0,0.0,0.0,-0.1180142055970425,1
2024-03-21,68.58000183105469,68.72000122070312,67.75,68.56999969482422,68.56999969482422,3716300.0,1.0313789891181928,1.263369056593311,1.496793331493549,1.8513924111992184,2.040544268510568,67.7000015258789,69.08700027465821,69.28400039672852,65.9765001296997,61.02590007781983,68.26155346509373,68.71737997778557,68.38413051922177,66.13033535564206,64.28211445962613,68.83194429462347,68.6323967952258,0.1995474993976671,0.7115452278215563,0.3937533094181799,0.3937533094181799,-0.3937533094181799,-0.3937533094181799,0.3937533094181799,0.3937533094181799,-0.3937533094181799,-0.3937533094181799,0.3937533094181799,1.4000015258789062,1.7460006713867189,68.72000122070312,64.29579658508301,64.63799667358398,64.98019676208496,0.0,0.9971566289339204,-1.0313789891181928,-1.0,1.0313789891181928,1.0048731987382675,1.0,1.0313789891181928,0.844050431018877,-1.0,1.0313789891181928,0.0,0.0,0.0,0.0,0.0,0.0,0.0,1.0313789891181928,1
2024-03-22,68.91999816894531,68.93000030517578,67.52999877929688,68.30000305175781,68.30000305175781,2832000.0,-0.3937533094181799,0.6703266890497986,1.3677839126161195,1.8429226738418132,2.040572864773755,68.01600189208985,68.78200073242188,69.2990005493164,66.11816685994467,61.14630012512207,68.27436999398176,68.64149326396233,68.37870294067571,66.20147200141635,64.36167660996537,68.75010718033644,68.60777503645039,0.1423321438860512,0.5977026110344553,0.6002981607463088,0.6002981607463088,-0.6002981607463088,-0.6002981607463088,0.6002981607463088,0.6002981607463088,-0.6002981607463088,-0.6002981607463088,0.6002981607463088,0.8000030517578125,1.70050048828125,68.93000030517578,64.87879974365234,65.22799987792969,65.57720001220703,0.0,0.9925395775870303,0.3937533094181799,-1.0,0.3937533094181799,1.0038431603991467,1.0,-0.3937533094181799,0.4900823023774894,-1.0,0.3937533094181799,0.0,0.0,0.0,0.0,0.0,0.0,0.0,-0.3937533094181799,1
2024-03-25,67.8499984741211,68.41000366210938,67.61000061035156,67.88999938964844,67.88999938964844,3296100.0,-0.6002981607463088,0.6455910370643769,1.3528659794683178,1.8310680130163872,2.039269844053349,68.08400115966796,68.42500076293945,69.21400044759115,66.260666847229,61.26200012207031,68.146246459204,68.50485801408708,68.34717367931911,66.25683355512886,64.43154438778087,68.61778290484598,68.55460647002062,0.0631764348253653,0.4907973757926374,0.6481108342347983,0.6481108342347983,-0.6481108342347983,-0.6481108342347983,0.6481108342347983,0.6481108342347983,-0.6481108342347983,-0.6481108342347983,0.6481108342347983,1.1299972534179688,1.6865005493164062,68.41000366210938,65.18889923095703,65.52899932861328,65.86909942626953,0.0,0.9886005767684367,0.6002981607463088,-1.0,0.6002981607463088,1.002307108345223,1.0,-0.6002981607463088,0.4772025070200206,-1.0,0.6002981607463088,0.0,0.0,0.0,0.0,0.0,0.0,0.0,-0.6002981607463088,-1
2024-03-26,67.95999908447266,68.16999816894531,67.04000091552734,67.44999694824219,67.44999694824219,3312400.0,-0.6481108342347983,0.7008125456837763,1.3481706073894295,1.753772255339553,2.0424571156644995,68.01600036621093,68.0360008239746,69.12033360799154,66.39483343760172,61.36480010986328,67.9141632888834,68.31306509302436,68.28929130957222,66.29595366637848,64.49131572561178,68.43812352690694,68.47278354248147,-0.0346600155745306,0.3857058975192037,0.2668648084801318,0.2668648084801318,-0.2668648084801318,-0.2668648084801318,0.2668648084801318,0.2668648084801318,-0.2668648084801318,-0.2668648084801318,0.2668648084801318,2.1299972534179688,1.7295001983642575,68.16999816894531,64.69970245361328,65.03700256347656,65.37430267333984,0.0,0.984312390762368,0.6481108342347983,-1.0,0.6481108342347983,1.0003481334041726,1.0,-0.6481108342347983,0.5198248217566586,-1.0,0.6481108342347983,0.0,0.0,0.0,0.0,0.0,0.0,0.0,0.6481108342347983,-1
2024-03-27,68.29000091552734,68.31999969482422,66.19000244140625,67.2699966430664,67.2699966430664,3535000.0,-0.2668648084801318,0.6921620842145608,1.295209621196858,1.7506195755449148,2.031411681456869,67.89599914550782,67.74500045776367,69.04933344523111,66.54050006866456,61.46440006256103,67.69944107361107,68.1234162839411,68.22353036334604,66.32788950167973,64.54633911011584,68.25841169862377,68.38368821659887,-0.1252765179750952,0.2835094144203439,1.546010060094953,-1.546010060094953,1.546010060094953,1.546010060094953,-1.546010060094953,-1.546010060094953,-1.546010060094953,1.546010060094953,-1.546010060094953,1.5999984741210938,1.7095001220703123,68.31999969482422,64.36509773254394,64.7109977722168,65.05689781188966,1.0,0.9811101292020143,0.2668648084801318,-1.0,0.2668648084801318,0.9985325579184813,-1.0,-0.2668648084801318,0.5344015925197946,-1.0,0.2668648084801318,0.0,0.0,0.0,0.0,0.0,0.0,0.0,0.2668648084801318,1
2024-03-28,67.20999908447266,68.5999984741211,67.0,68.30999755859375,68.30999755859375,3922200.0,1.546010060094953,0.9179399299141487,1.0483925218245764,1.787311178942036,2.028018554310476,67.84399871826172,67.77200012207031,68.96366678873697,66.7160000483195,61.57160003662109,67.90295990193863,68.15734015205976,68.22910889207171,66.39287665108675,64.6208670001847,68.266347984773,68.37822964933923,-0.1118816645662263,0.2044311986230298,-0.7173150070005925,0.7173150070005925,-0.7173150070005925,-0.7173150070005925,0.7173150070005925,0.7173150070005925,0.7173150070005925,-0.7173150070005925,0.7173150070005925,2.0,1.7135002136230468,68.5999984741211,64.55909942626953,64.9009994506836,65.24289947509766,0.0,0.9827203696938388,-1.546010060094953,-1.0,-1.546010060094953,0.9989481213930923,-1.0,-1.546010060094953,0.8755689408358296,-1.0,-1.546010060094953,0.0,0.0,0.0,0.0,0.0,0.0,0.0,1.546010060094953,1
2024-04-01,68.7300033569336,68.7300033569336,66.7300033569336,67.81999969482422,67.81999969482422,3003400.0,-0.7173150070005925,0.9568218499732664,0.842249979623199,1.7309869052800977,2.0321535002837154,67.747998046875,67.88199996948242,68.88233337402343,66.88216673533121,61.74500003814697,67.87530649956716,68.09600552347148,68.2027147503138,66.43966757055355,64.68421616245479,68.19767901708857,68.33687928233812,-0.1392002652495421,0.1357049058485155,-1.5187242464341693,-1.5187242464341693,1.5187242464341693,1.5187242464341693,-1.5187242464341693,-1.5187242464341693,-1.5187242464341693,1.5187242464341693,-1.5187242464341693,2.3300018310546875,1.7705001831054688,68.7300033569336,64.8302980041504,65.172998046875,65.51569808959961,1.0,0.9854776492673483,0.7173150070005925,-1.0,0.7173150070005925,0.9984354108596266,-1.0,0.7173150070005925,1.1360307190524646,1.0,0.7173150070005925,0.0,0.0,1.0,0.120983601,0.120983601,0.816597879,0.816597879,-0.7173150070005925,1
2024-04-02,66.97000122070312,68.93000030517578,66.5999984741211,68.8499984741211,68.8499984741211,4711600.0,1.5187242464341693,1.1502278877855745,0.8846984292026605,1.7392638715918698,2.0367154873551496,67.93999786376953,68.01199951171876,68.89466654459635,67.05650005340576,61.93250003814697,68.20020382441848,68.23309515086231,68.24447499055944,66.51869481329348,64.76670690129967,68.29803585663204,68.37488811135908,-0.0768522547270436,0.0931934737334036,-3.587510930202175,-3.587510930202175,3.587510930202175,3.587510930202175,-3.587510930202175,-3.587510930202175,-3.587510930202175,3.587510930202175,-3.587510930202175,3.4399948120117188,1.7544998168945312,68.93000030517578,64.83490295410157,65.18900299072266,65.54310302734375,1.0,0.9871881659764442,-1.5187242464341693,-1.0,-1.5187242464341693,0.9998332489231003,-1.0,-1.5187242464341693,1.300135560116484,1.0,1.5187242464341693,0.0,1.0,0.0,0.001945991,0.001945991,0.006108854,0.006108854,1.5187242464341693,1
2024-04-03,68.61000061035156,72.0199966430664,68.58000183105469,71.31999969482422,71.31999969482422,7868900.0,3.587510930202175,1.712255065571425,1.3939317194662315,1.7686721764416136,2.0798166414654093,68.71399841308593,68.36499938964843,69.00833307902018,67.2728333791097,62.15050003051758,69.2401357812204,68.79435052249174,68.44289593922169,66.67611464547481,64.89647507542887,68.76295337020007,68.5930445249491,0.1699088452509727,0.1085365480369175,-2.930449168302925,2.930449168302925,-2.930449168302925,-2.930449168302925,2.930449168302925,-2.930449168302925,-2.930449168302925,-2.930449168302925,-2.930449168302925,4.4199981689453125,1.8444995880126955,72.0199966430664,65.07010070800781,65.42100067138672,65.77190063476563,0.0,0.9906774492200083,-3.587510930202175,-1.0,-3.587510930202175,1.0051350045676348,1.0,-3.587510930202175,1.2283636577457946,1.0,3.587510930202175,0.0,0.0,1.0,0.005364373,0.005364373,0.900205672,0.900205672,3.587510930202175,1
2024-04-04,72.02999877929688,73.62999725341797,69.20999908447266,69.2300033569336,69.2300033569336,6959700.0,-2.930449168302925,2.493170520367682,1.772852161501612,1.737907479371307,2.0309409364106825,69.10599975585937,68.5009994506836,69.13799997965495,67.40566679636638,62.340400047302246,69.23675830645814,68.8735601287539,68.49367706294504,66.75984870158821,64.98228751664678,68.83480721431292,68.64022666065165,0.1945805536612681,0.1257453491617876,2.426693953074212,-2.426693953074212,2.426693953074212,2.426693953074212,-2.426693953074212,2.426693953074212,2.426693953074212,2.426693953074212,2.426693953074212,2.4900054931640625,1.8619998931884765,73.62999725341797,67.96209754943848,68.33099746704102,68.69989738464355,1.0,0.9907865352026555,-2.930449168302925,-1.0,2.930449168302925,1.005546250137217,1.0,-2.930449168302925,1.4063048090010832,1.0,-2.930449168302925,0.0,0.0,0.0,0.0,0.0,0.0,0.0,-2.930449168302925,-1
2024-04-05,69.75,71.83000183105469,69.33999633789062,70.91000366210938,70.91000366210938,7474700.0,2.426693953074212,2.6052242396576486,1.8951380263993916,1.7357977676033325,2.0045725566742565,69.6260009765625,68.73499984741211,69.26966679890951,67.59750016530354,62.55280010223389,69.7945067583419,69.24382258936397,68.64956910160082,66.89591935603153,65.09966803437871,69.15406820628161,68.80835829038926,0.3457099158923427,0.1697382625078986,-3.553806433953828,3.553806433953828,-3.553806433953828,-3.553806433953828,3.553806433953828,-3.553806433953828,-3.553806433953828,-3.553806433953828,-3.553806433953828,2.009994506835937,1.8419994354248048,71.83000183105469,69.53359748840332,69.90599746704102,70.2783974456787,0.0,0.9922813696643071,2.426693953074212,-1.0,-2.426693953074212,1.0086563323781925,1.0,2.426693953074212,1.37468838858527,1.0,2.426693953074212,0.0,0.0,0.0,0.0,0.0,0.0,0.0,-2.426693953074212,-1
2024-04-08,70.04000091552734,70.23999786376953,68.2300033569336,68.38999938964844,68.38999938964844,5099900.0,-3.553806433953828,3.2427893401166417,2.261412367786747,1.834438331334032,2.026341284712424,69.74000091552735,68.74399948120117,69.2946667989095,67.71450017293294,62.72850009918213,69.32633763544408,69.08858200759751,68.63282266857163,66.94490558664192,65.16482311072068,69.03651915756882,68.77736874218624,0.2591504153825781,0.1876206930828345,-0.2485716778220114,0.2485716778220114,-0.2485716778220114,-0.2485716778220114,0.2485716778220114,-0.2485716778220114,-0.2485716778220114,-0.2485716778220114,-0.2485716778220114,1.339996337890625,1.814499282836914,70.23999786376953,67.77760307312012,68.14600296020508,68.51440284729004,0.0,0.9920532510920884,-3.553806433953828,-1.0,3.553806433953828,1.0066405448778748,1.0,-3.553806433953828,1.4339663947669892,1.0,-3.553806433953828,0.0,0.0,1.0,0.00215248,0.00215248,0.992996752,0.992996752,3.553806433953828,1
