Date_GEN_L01d,Open_GEN_L01d,High_GEN_L01d,Low_GEN_L01d,Close_GEN_L01d,Adj Close_GEN_L01d,Volume_GEN_L01d,Daily_Return_GEN_L01d,Vol5_GEN_L01d,Vol10_GEN_L01d,Vol20_GEN_L01d,Vol60_GEN_L01d,SMA5_GEN_L01d,SMA10_GEN_L01d,SMA30_GEN_L01d,SMA60_GEN_L01d,SMA100_GEN_L01d,EMA5_GEN_L01d,EMA10_GEN_L01d,EMA30_GEN_L01d,EMA60_GEN_L01d,EMA100_GEN_L01d,Short12_GEN_L01d,Long26_GEN_L01d,MACD_GEN_L01d,SIGNAL9_GEN_L01d,Ret5/10_GEN_L01d,Ret10/30_GEN_L01d,Ret30/60_GEN_L01d,Ret30/100_GEN_L01d,Emaret5/10_GEN_L01d,Emaret10/30_GEN_L01d,Emaret30/60_GEN_L01d,Emaret30/100_GEN_L01d,RetMACD_GEN_L01d,DayRange_GEN_L01d,average20r_GEN_L01d,PRVHI_GEN_L01d,HitLevel_GEN_L01d,hitlevel_2_GEN_L01d,hitlevel_1.8_GEN_L01d,positive_return_dummy,sma_ratio_L01d,RetMACD_L01d,R_sma_ratio_L01d,ret_sma_ratio_L01d,ema_ratio_L01d,R_ema_ratio_L01d,ret_ema_ratio_L01d,volatility_ratio_L01d,R_vol_ratio_L01d,ret_vol_ratio_L01d,negative_L01d,neutral_L01d,positive_L01d,negative_max_L01d,negative_avg_L01d,positive_max_L01d,positive_avg_L01d,ret_best,best
2024-01-03,22.68000030517578,22.81999969482422,22.43000030517578,22.45999908447266,22.45999908447266,2738800.0,-1.4480114866070175,0.5728481560237951,1.077866257364977,1.002714320729443,1.7871325724551792,22.809999847412108,22.967000007629395,22.35100008646647,20.11233332951864,19.83240005493164,22.75992812706042,22.82024359579621,22.078157818374507,21.01231721197253,20.313563060875676,22.79483659412345,22.26357631669494,0.5312602774285082,0.717009364279406,0.5788030546113485,-0.5788030546113485,-0.5788030546113485,-0.5788030546113485,0.5788030546113485,0.5788030546113485,-0.5788030546113485,-0.5788030546113485,0.5788030546113485,0.3199996948242187,0.3789998054504389,22.81999969482422,22.09610052108765,22.17100048065186,22.24590044021607,0.0,0.9931640980465393,1.4480114866070175,-1.0,1.4480114866070175,0.9973569314243911,-1.0,-1.4480114866070175,0.5314649680417842,-1.0,1.4480114866070175,0.0,0.0,0.0,0.0,0.0,0.0,0.0,,
2024-01-04,22.45000076293945,22.61000061035156,22.29000091552734,22.32999992370605,22.32999992370605,2644900.0,-0.5788030546113485,0.5502036855514892,1.0436241694052506,0.9835847342972668,1.7902826052964775,22.67599983215332,22.870999908447267,22.40233338673909,20.195833333333333,19.847100048065187,22.6166187259423,22.73110838268891,22.094405696137837,21.05551992383264,20.353492503704,22.72332326021308,22.26849658388095,0.4548266763321287,0.6645728266899507,-0.3134782582327975,0.3134782582327975,0.3134782582327975,0.3134782582327975,-0.3134782582327975,-0.3134782582327975,0.3134782582327975,0.3134782582327975,-0.3134782582327975,0.2900009155273508,0.3749999046325678,22.61000061035156,21.986200122833253,22.06200008392334,22.137800045013428,1.0,0.9914739155666769,0.5788030546113485,-1.0,0.5788030546113485,0.9949633051402895,-1.0,0.5788030546113485,0.5272048134579367,-1.0,0.5788030546113485,0.0,0.0,0.0,0.0,0.0,0.0,0.0,,
2024-01-05,22.23999977111816,22.53000068664551,22.23999977111816,22.39999961853027,22.39999961853027,4908600.0,0.3134782582327975,0.6596751712540154,0.864684257347685,0.9764035792053744,1.7764187367233293,22.559999847412108,22.83199977874756,22.446666717529297,20.274333318074543,19.860500049591064,22.54441235680496,22.67090678920552,22.114121433066376,21.099601225298137,20.394017397066893,22.673581161492645,22.27823754941053,0.3953436120821152,0.6107269837683836,-1.74107724838729,1.74107724838729,1.74107724838729,1.74107724838729,-1.74107724838729,-1.74107724838729,1.74107724838729,1.74107724838729,-1.74107724838729,0.5299987792968821,0.3854998588562009,22.53000068664551,21.785000820159908,21.86000080108642,21.93500078201294,1.0,0.9880868984770824,-0.3134782582327975,-1.0,-0.3134782582327975,0.9944204070187086,-1.0,-0.3134782582327975,0.7629087330414569,-1.0,-0.3134782582327975,0.0,0.0,0.0,0.0,0.0,0.0,0.0,,
2024-01-08,22.40999984741211,22.79999923706055,22.27000045776367,22.79000091552734,22.79000091552734,2488600.0,1.74107724838729,1.180730564938181,0.8719066870824719,1.0397140691142457,1.784517398879396,22.554000091552734,22.79299983978272,22.500000063578288,20.35866667429606,19.880500049591063,22.62627520971242,22.692560266718576,22.157726560967085,21.15502416596139,20.441462615254228,22.6914918928826,22.31614594690066,0.3753459459819375,0.5636507762110945,1.0092208878686608,-1.0092208878686608,-1.0092208878686608,-1.0092208878686608,1.0092208878686608,1.0092208878686608,-1.0092208878686608,-1.0092208878686608,1.0092208878686608,0.2600002288818288,0.3839998245239249,22.79999923706055,21.68190099716187,21.75900096893311,21.83610094070435,0.0,0.9895143355455636,-1.74107724838729,-1.0,-1.74107724838729,0.9970789961014945,-1.0,-1.74107724838729,1.3541937255798315,1.0,-1.74107724838729,0.0,1.0,0.0,0.143088341,0.143088341,0.273651183,0.273651183,,
2024-01-09,22.56999969482422,22.80999946594238,22.54999923706055,22.55999946594238,22.55999946594238,2492000.0,-1.0092208878686608,1.2636489897791123,0.9118213902788422,1.0605280001145476,1.7551754820522876,22.50799980163574,22.73499984741211,22.54300003051758,20.446333344777425,19.901400051116944,22.60418329512241,22.668458302941087,22.183679651610653,21.20108892989519,20.48341384002033,22.67126228873795,22.33420917053338,0.3370531182045688,0.5183312446097894,-1.1524833113331756,1.1524833113331756,1.1524833113331756,1.1524833113331756,-1.1524833113331756,-1.1524833113331756,1.1524833113331756,1.1524833113331756,-1.1524833113331756,0.2900009155273402,0.3804998397827139,22.80999946594238,21.95519962310792,22.031999588012702,22.108799552917485,1.0,0.9900153926852915,1.0092208878686608,-1.0,1.0092208878686608,0.9971645620112447,-1.0,1.0092208878686608,1.3858514433322062,1.0,-1.0092208878686608,0.0,0.0,0.0,0.0,0.0,0.0,0.0,,
2024-01-10,22.56999969482422,22.86000061035156,22.56999969482422,22.81999969482422,22.81999969482422,2077600.0,1.1524833113331756,1.1496884718560838,1.0016326965984754,1.0858083200630266,1.746247678062896,22.57999992370605,22.69499988555908,22.59266668955485,20.54133332570394,19.928000049591063,22.67612209502301,22.69601128328347,22.224732557624435,21.254167971368272,20.52968286684813,22.69414496659737,22.370193653814184,0.3239513127831905,0.4794552582444696,-0.920249757360526,0.920249757360526,0.920249757360526,0.920249757360526,-0.920249757360526,-0.920249757360526,0.920249757360526,0.920249757360526,-0.920249757360526,0.4500007629394496,0.3859998703002919,22.86000061035156,21.97289981842041,22.048999786376957,22.12509975433349,1.0,0.994932806237809,-1.1524833113331756,-1.0,-1.1524833113331756,0.9991236703219694,-1.0,-1.1524833113331756,1.1478144391256424,1.0,1.1524833113331756,0.0,0.0,0.0,0.0,0.0,0.0,0.0,,
2024-01-11,22.95000076293945,23.1200008392334,22.67000007629395,23.03000068664551,23.03000068664551,3674500.0,0.920249757360526,1.0462735758242965,1.014422213211105,1.094619810851267,1.7324977430724555,22.720000076293942,22.697999954223636,22.64933338165283,20.633500003814696,19.954600048065185,22.794081625563848,22.756736629349295,22.276685340141924,21.312391994819983,20.579194110804515,22.74581507737401,22.419068248838727,0.3267468285352848,0.4489135723026327,0.2605274170798065,0.2605274170798065,0.2605274170798065,0.2605274170798065,-0.2605274170798065,0.2605274170798065,0.2605274170798065,0.2605274170798065,-0.2605274170798065,0.4500007629394496,0.3779998779296864,23.1200008392334,22.01080089569092,22.08800086975097,22.165200843811032,1.0,1.000969253771904,-0.920249757360526,1.0,-0.920249757360526,1.0016410523539825,1.0,-0.920249757360526,1.0313985263713494,1.0,0.920249757360526,0.0,0.0,0.0,0.0,0.0,0.0,0.0,,
2024-01-12,23.19000053405762,23.5,23.04999923706055,23.09000015258789,23.09000015258789,3675600.0,0.2605274170798065,1.05045709847563,1.0163900265428436,1.0870232953325072,1.7304603110078167,22.858000183105467,22.709000015258788,22.693333371480307,20.723333326975503,19.977600040435792,22.892721134571865,22.81732999721086,22.329157263525538,21.3706742295009,20.628913042324974,22.79876662740692,22.468766908375702,0.329999719031214,0.425130801648349,0.2598504354520526,0.2598504354520526,0.2598504354520526,0.2598504354520526,-0.2598504354520526,0.2598504354520526,0.2598504354520526,0.2598504354520526,-0.2598504354520526,0.5900001525878906,0.3839999198913565,23.5,22.28840110778809,22.364001083374024,22.43960105895996,1.0,1.006561282652101,-0.2605274170798065,1.0,0.2605274170798065,1.0033041174129584,1.0,0.2605274170798065,1.0335177156830853,1.0,0.2605274170798065,0.0,0.0,0.0,0.0,0.0,0.0,0.0,,
2024-01-16,22.88999938964844,23.14999961853027,22.55999946594238,23.14999961853027,23.14999961853027,3597300.0,0.2598504354520526,0.8407228222838115,0.9825454459344338,1.0043974226831185,1.7254613376171035,22.929999923706056,22.742000007629397,22.729000027974447,20.815833314259848,20.00380002975464,22.97848062922467,22.877815382905297,22.382114834816168,21.42901276684612,20.678835548784487,22.85280247219513,22.519228590609377,0.3335738815857496,0.4068194176358292,-1.425485655049017,-1.425485655049017,-1.425485655049017,-1.425485655049017,1.425485655049017,-1.425485655049017,-1.425485655049017,-1.425485655049017,1.425485655049017,0.5,0.3874999046325674,23.14999961853027,22.655200176239017,22.73200016021729,22.80880014419556,0.0,1.0082666395221875,-0.2598504354520526,1.0,0.2598504354520526,1.0044001249522536,1.0,0.2598504354520526,0.8556579502378698,-1.0,0.2598504354520526,0.0,0.0,0.0,0.0,0.0,0.0,0.0,,
2024-01-17,22.97999954223633,23.09000015258789,22.59000015258789,22.81999969482422,22.81999969482422,3764100.0,-1.425485655049017,1.0086889737409446,1.1014593436613869,1.029420499053816,1.729517351904455,22.981999969482423,22.74499988555908,22.745000012715657,20.90633331934611,20.025000019073488,22.92565365109119,22.867303439617825,22.410365470945724,21.47461889563229,20.721234838805078,22.84775589106114,22.541507931662327,0.3062479593988136,0.3867051259884261,0.6573164791246301,-0.6573164791246301,0.6573164791246301,0.6573164791246301,-0.6573164791246301,0.6573164791246301,0.6573164791246301,0.6573164791246301,-0.6573164791246301,0.2700004577636683,0.3829999923706044,23.09000015258789,22.297499828338623,22.37499980926513,22.45249979019165,1.0,1.010419876241627,1.425485655049017,1.0,-1.425485655049017,1.0025516874618574,1.0,-1.425485655049017,0.9157750393109726,-1.0,1.425485655049017,0.0,0.0,0.0,0.0,0.0,0.0,0.0,,
2024-01-18,22.86000061035156,23.0,22.72999954223633,22.96999931335449,22.96999931335449,2550000.0,0.6573164791246301,0.9159545072182064,0.9850336641818676,1.0422927079234574,1.713582736923408,23.01199989318848,22.795999908447264,22.7613333384196,21.00316664377848,20.05310001373291,22.94043553851229,22.885975416660852,22.446470880133383,21.523647761787117,20.765764828400112,22.86656257141396,22.573248034009897,0.2933145374040649,0.3680270082715539,2.220288394111248,2.220288394111248,2.220288394111248,2.220288394111248,-2.220288394111248,2.220288394111248,2.220288394111248,2.220288394111248,-2.220288394111248,0.6499996185302699,0.3954999923706044,23.0,22.24740016937256,22.32400016784668,22.400600166320803,1.0,1.009475345920719,-0.6573164791246301,1.0,0.6573164791246301,1.002379628609222,1.0,0.6573164791246301,0.9298712729569139,-1.0,-0.6573164791246301,0.0,0.0,0.0,0.0,0.0,0.0,0.0,,
2024-01-19,23.07999992370605,23.5,22.85000038146973,23.47999954223633,23.47999954223633,3689300.0,2.220288394111248,1.2991345873850544,1.1185799276177446,1.154715967869904,1.7044475005503286,23.10199966430664,22.91099987030029,22.80233332316081,21.11316665013631,20.08590000152588,23.120290206420307,22.99397980312912,22.51315014865616,21.58779044311332,20.819512050456275,22.960937490002017,22.64041481239704,0.320522677604977,0.3585261421382385,0.3407151842662602,0.3407151842662602,0.3407151842662602,0.3407151842662602,-0.3407151842662602,0.3407151842662602,0.3407151842662602,0.3407151842662602,-0.3407151842662602,0.2899990081787109,0.3834999084472649,23.5,22.12990001678467,22.20900001525879,22.28810001373291,1.0,1.0083365979262189,-2.220288394111248,1.0,2.220288394111248,1.0054931944958045,1.0,2.220288394111248,1.1614141781998892,1.0,-2.220288394111248,0.0,0.0,0.0,0.0,0.0,0.0,0.0,,
2024-01-22,23.61000061035156,23.79999923706055,23.51000022888184,23.55999946594238,23.55999946594238,2740400.0,0.3407151842662602,1.2975612640975265,1.1180838398526831,1.0335968721107551,1.7030875313277052,23.195999526977538,23.026999855041502,22.85,21.22133331298828,20.117399997711185,23.26685995959433,23.096892469095167,22.58068881428753,21.652453034025747,20.87377912799065,23.05310087091592,22.70853219414114,0.3445686767747808,0.3557346490655469,0.0424457941787966,0.0424457941787966,0.0424457941787966,0.0424457941787966,-0.0424457941787966,0.0424457941787966,0.0424457941787966,0.0424457941787966,-0.0424457941787966,0.2599983215332102,0.3774998664855953,23.79999923706055,22.656300201416016,22.73300018310547,22.80970016479492,1.0,1.0073391962913065,-0.3407151842662602,1.0,0.3407151842662602,1.0073588899773678,1.0,0.3407151842662602,1.1605223310163315,1.0,0.3407151842662602,0.0,0.0,0.0,0.0,0.0,0.0,0.0,,
2024-01-23,23.63999938964844,23.79999923706055,23.54000091552734,23.56999969482422,23.56999969482422,2780900.0,0.0424457941787966,1.307477787737485,1.0366383607476517,0.9680171990211988,1.6263437675986383,23.27999954223633,23.10499973297119,22.89333330790202,21.33916664123535,20.14769998550415,23.36790653800429,23.182911964682265,22.644515322709253,21.715323416347008,20.927169634264583,23.13262376690181,22.772344601599144,0.3602791653026678,0.3566435523129712,-0.2969864053056824,-0.2969864053056824,-0.2969864053056824,-0.2969864053056824,0.2969864053056824,-0.2969864053056824,-0.2969864053056824,-0.2969864053056824,-0.2969864053056824,0.3799991607666015,0.3714998245239254,23.79999923706055,22.96949953079224,23.04499950408936,23.12049947738648,0.0,1.007574109988645,-0.0424457941787966,1.0,0.0424457941787966,1.0079797815565126,1.0,0.0424457941787966,1.2612670312475187,1.0,0.0424457941787966,0.0,0.0,0.0,0.0,0.0,0.0,0.0,,
2024-01-24,23.79999923706055,23.79999923706055,23.42000007629395,23.5,23.5,1953100.0,-0.2969864053056824,0.9760938982203604,0.954723226877987,0.970176559923638,1.6297972700338723,23.415999603271484,23.19899978637695,22.93833332061768,21.453166643778484,20.18009998321533,23.411937692002866,23.24056433474004,22.699707882534465,21.773837402696284,20.978116770219746,23.18914318737846,22.82624500148069,0.3628981858977695,0.3578944790299309,1.4468091599484707,1.4468091599484707,1.4468091599484707,1.4468091599484707,-1.4468091599484707,1.4468091599484707,1.4468091599484707,1.4468091599484707,1.4468091599484707,0.3600006103515589,0.3734998703002928,23.79999923706055,22.98269962310792,23.0569995880127,23.131299552917486,1.0,1.0093538436524303,-0.2969864053056824,1.0,-0.2969864053056824,1.007373889669566,1.0,-0.2969864053056824,1.0223841535858063,1.0,-0.2969864053056824,0.0,0.0,0.0,0.0,0.0,0.0,0.0,,
2024-01-25,23.71999931335449,24.0,23.63999938964844,23.84000015258789,23.84000015258789,3295900.0,1.4468091599484707,1.0501924077690996,0.9841323483577268,1.0161034415257215,1.6216234676153518,23.589999771118165,23.30099983215332,22.992333348592123,21.575333309173583,20.21599998474121,23.55462517886454,23.349552665257825,22.77327512576372,21.84158044367633,21.034787728286435,23.289275028179908,22.90133797563678,0.3879370525431298,0.3639029937325707,-0.293622879094754,-0.293622879094754,-0.293622879094754,-0.293622879094754,0.293622879094754,-0.293622879094754,-0.293622879094754,-0.293622879094754,-0.293622879094754,0.3800010681152308,0.3789999961853024,24.0,22.978299522399908,23.052999496459964,23.127699470520025,0.0,1.0124028986329614,1.4468091599484707,1.0,1.4468091599484707,1.0087827170201786,1.0,1.4468091599484707,1.0671251783579827,1.0,1.4468091599484707,0.0,0.0,0.0,0.0,0.0,0.0,0.0,,
2024-01-26,23.86000061035156,23.93000030517578,23.54999923706055,23.77000045776367,23.77000045776367,2883200.0,-0.293622879094754,0.7208254785879253,0.9934848350972596,0.989556697339705,1.625676692116289,23.647999954223632,23.374999809265137,23.03933334350586,21.693999989827475,20.248999996185304,23.626416938497584,23.425997718440705,22.837579985892745,21.90480732938412,21.088950356592918,23.363232786577413,22.96568334468321,0.3975494418941991,0.3706322833648964,1.7248625978810206,1.7248625978810206,1.7248625978810206,1.7248625978810206,-1.7248625978810206,1.7248625978810206,1.7248625978810206,1.7248625978810206,1.7248625978810206,0.3999996185302805,0.3899999618530275,23.93000030517578,23.16620000839233,23.2420000076294,23.317800006866456,1.0,1.011679150681759,-0.293622879094754,1.0,-0.293622879094754,1.0085554187473993,1.0,-0.293622879094754,0.7255525732482453,-1.0,-0.293622879094754,0.0,0.0,0.0,0.0,0.0,0.0,0.0,,
2024-01-29,24.0,24.22999954223633,23.82999992370605,24.18000030517578,24.18000030517578,4264400.0,1.7248625978810206,0.983369915945427,1.0870607895442597,1.0461648474935257,1.630370340378669,23.772000122070317,23.483999824523927,23.09466667175293,21.8193333307902,20.284699993133543,23.81094472739032,23.563089097847083,22.924187748427137,21.97940382039368,21.15015926646584,23.48888932790024,23.055632749164147,0.433256578736092,0.3831571424391355,-0.8684904432211337,-0.8684904432211337,-0.8684904432211337,-0.8684904432211337,0.8684904432211337,-0.8684904432211337,-0.8684904432211337,-0.8684904432211337,-0.8684904432211337,0.5799999237060582,0.4059999465942382,24.22999954223633,23.07200038909912,23.150000381469727,23.22800037384033,0.0,1.0122636816427513,1.7248625978810206,1.0,1.7248625978810206,1.0105188088248533,1.0,1.7248625978810206,0.9046135463663406,-1.0,-1.7248625978810206,0.0,0.0,0.0,0.0,0.0,0.0,0.0,,
2024-01-30,24.21999931335449,24.3700008392334,23.79000091552734,23.96999931335449,23.96999931335449,5251400.0,-0.8684904432211337,1.1630260213318844,1.1666674522044325,1.0551213799924712,1.6386088653237183,23.852000045776368,23.56599979400635,23.128666623433432,21.941666666666663,20.32199998855591,23.863962922711707,23.63707277339388,22.99165946229342,22.044669246392395,21.20599768323591,23.562906248739356,23.12336360577084,0.4395426429685152,0.3944342425450114,-2.0442210477876888,-2.0442210477876888,-2.0442210477876888,-2.0442210477876888,2.0442210477876888,-2.0442210477876888,-2.0442210477876888,-2.0442210477876888,-2.0442210477876888,0.6800003051757812,0.4159999847412109,24.3700008392334,23.336799659729007,23.417999649047854,23.499199638366704,0.0,1.0121361391101582,-0.8684904432211337,1.0,-0.8684904432211337,1.0095989106389358,1.0,-0.8684904432211337,0.9968787756393928,-1.0,0.8684904432211337,0.0,0.0,0.0,0.0,0.0,0.0,0.0,,
2024-01-31,24.03000068664551,24.10000038146973,23.42000007629395,23.47999954223633,23.47999954223633,3987400.0,-2.0442210477876888,1.588041023151973,1.2822549510458374,1.1718790272765016,1.6374314462051305,23.84799995422363,23.63199977874756,23.138666598002114,22.046833324432374,20.35679998397827,23.73597512921992,23.60851400409251,23.02316527390264,22.091729256092197,21.251027423018098,23.55015137081581,23.14978108254606,0.4003702882697517,0.3956214516899595,1.8739375751099767,1.8739375751099767,1.8739375751099767,1.8739375751099767,-1.8739375751099767,1.8739375751099767,1.8739375751099767,1.8739375751099767,1.8739375751099767,0.6999988555908203,0.4314999580383301,24.10000038146973,23.454800872802736,23.538000869750977,23.62120086669922,1.0,1.009140156461508,-2.0442210477876888,1.0,-2.0442210477876888,1.0053989473926785,1.0,-2.0442210477876888,1.2384752516312993,1.0,2.0442210477876888,0.0,0.0,1.0,0.001414911,0.001414911,0.995575786,0.995575786,,
2024-02-01,23.54000091552734,24.04999923706055,23.35000038146973,23.92000007629395,23.92000007629395,4403600.0,1.8739375751099767,1.6937618540546986,1.375032733400272,1.1680161296113405,1.6228033881203685,23.863999938964845,23.726999855041505,23.163333257039387,22.151666673024497,20.39609998703003,23.7973167782446,23.66514783540186,23.081025583734338,22.151672561672576,21.30387836664732,23.6070511716586,23.2068343413422,0.4002168303164026,0.3965405274152482,-11.245821594806587,-11.245821594806587,-11.245821594806587,-11.245821594806587,11.245821594806587,-11.245821594806587,-11.245821594806587,-11.245821594806587,-11.245821594806587,3.389999389648437,0.584999942779541,24.04999923706055,23.150700473785403,23.23700046539307,23.323300457000737,0.0,1.0057740163004312,1.8739375751099767,1.0,1.8739375751099767,1.005584961639032,1.0,1.8739375751099767,1.2317974786434736,1.0,1.8739375751099767,0.0,0.0,0.0,0.0,0.0,0.0,0.0,,
2024-02-02,22.3799991607666,22.46999931335449,19.07999992370605,21.22999954223633,21.22999954223633,24620200.0,-11.245821594806587,5.375565548464257,3.823713127278314,2.83986455574798,2.216056420596343,23.355999755859376,23.501999855041504,23.094666544596357,22.214666652679444,20.41529998779297,22.941544366241843,23.222393600280853,22.961604548798984,22.12145377415008,21.30241541962928,23.241350920978253,23.06040213400102,0.1809487869772326,0.3534221793276451,0.6594413220307294,-0.6594413220307294,-0.6594413220307294,-0.6594413220307294,0.6594413220307294,0.6594413220307294,-0.6594413220307294,-0.6594413220307294,0.6594413220307294,0.7200012207031179,0.6064999580383293,22.46999931335449,22.76299936294556,22.879999351501468,22.99699934005737,0.0,0.9937877584851227,-11.245821594806587,-1.0,-11.245821594806587,0.9879061030971582,-1.0,-11.245821594806587,1.4058495942373528,1.0,-11.245821594806587,0.0,2.0,3.0,0.048572153,0.0258138519999999,0.995037377,0.72814935175,,
2024-02-05,21.22999954223633,21.52000045776367,20.79999923706055,21.09000015258789,21.09000015258789,10740900.0,-0.6594413220307294,5.045753305294647,3.799728313139096,2.838731393680316,1.945389058775001,22.7379997253418,23.254999923706052,23.037999852498373,22.250666650136317,20.431299991607663,22.324362961690525,22.834685700700312,22.84085587807569,22.08763562262345,21.29820917671757,22.91037387968743,22.91444643167412,-0.0040725519866917,0.2819232330647777,2.3707918273231803,-2.3707918273231803,-2.3707918273231803,-2.3707918273231803,2.3707918273231803,2.3707918273231803,2.3707918273231803,-2.3707918273231803,2.3707918273231803,0.610000610351559,0.6105000495910632,21.52000045776367,21.135699405670163,21.25699939727783,21.37829938888549,0.0,0.9777682132848677,0.6594413220307294,-1.0,0.6594413220307294,0.9776514226778197,-1.0,0.6594413220307294,1.3279247592115773,1.0,-0.6594413220307294,0.0,0.0,1.0,0.004715179,0.004715179,0.889868021,0.889868021,,
2024-02-06,21.04999923706055,21.1200008392334,20.51000022888184,20.59000015258789,20.59000015258789,6673000.0,-2.3707918273231803,4.961732667135881,3.8005368097865526,2.835063908549247,1.9576287453719128,22.06199989318848,22.95699996948242,22.951666514078777,22.27183332443237,20.44699998855591,21.74624202532298,22.42656105558896,22.695639379657123,22.0385328203272,21.28418523564569,22.553393306287504,22.742265225815885,-0.1888719195283812,0.1877642025461459,-1.5541510075413911,1.5541510075413911,1.5541510075413911,1.5541510075413911,-1.5541510075413911,-1.5541510075413911,-1.5541510075413911,1.5541510075413911,-1.5541510075413911,0.4499988555908203,0.6199999809265128,21.1200008392334,20.17690034866333,20.29900035858154,20.421100368499754,1.0,0.9610140664074707,2.3707918273231803,-1.0,2.3707918273231803,0.9696645852844017,-1.0,2.3707918273231803,1.305534695614366,1.0,-2.3707918273231803,0.0,0.0,0.0,0.0,0.0,0.0,0.0,,
2024-02-07,20.82999992370605,21.06999969482422,20.6200008392334,20.90999984741211,20.90999984741211,6521000.0,1.5541510075413911,5.359929419062431,3.897230128052029,2.8669638449326604,1.9519593013611305,21.547999954223634,22.697999954223636,22.877333196004237,22.30366665522257,20.463899993896483,21.467494632686027,22.15082265410226,22.580436829189704,22.001531739248016,21.2767756239975,22.3005635433836,22.606541864452645,-0.3059783210690483,0.089015697823107,0.1912912887163954,0.1912912887163954,-0.1912912887163954,-0.1912912887163954,0.1912912887163954,0.1912912887163954,0.1912912887163954,-0.1912912887163954,0.1912912887163954,0.3499984741211008,0.6229998588562008,21.06999969482422,19.75600088119507,19.88000087738037,20.00400087356568,0.0,0.9493347430469965,-1.5541510075413911,-1.0,-1.5541510075413911,0.9691511221914061,-1.0,-1.5541510075413911,1.3753176597096437,1.0,1.5541510075413911,0.0,0.0,0.0,0.0,0.0,0.0,0.0,,
2024-02-08,20.90999984741211,20.95999908447266,20.61000061035156,20.8700008392334,20.8700008392334,5527500.0,-0.1912912887163954,5.040483028610279,3.812337494203768,2.8458744636943822,1.9450693749716508,20.93800010681152,22.401000022888184,22.798999913533528,22.330166657765705,20.482199993133545,21.268330034868484,21.91794596048974,22.470086120160264,21.964432365477045,21.26872067776455,22.080476973514333,22.477909195917885,-0.3974322224035518,-0.0082738862222247,-2.299949798439793,-2.299949798439793,2.299949798439793,2.299949798439793,-2.299949798439793,-2.299949798439793,-2.299949798439793,2.299949798439793,-2.299949798439793,0.4699993133544922,0.623999786376953,20.95999908447266,19.69940000534058,19.823999977111814,19.948599948883057,1.0,0.9346904194195863,0.1912912887163954,-1.0,0.1912912887163954,0.9703614596553763,-1.0,0.1912912887163954,1.322150265099501,1.0,-0.1912912887163954,0.0,0.0,0.0,0.0,0.0,0.0,0.0,,
2024-02-09,21.01000022888184,21.38999938964844,20.92000007629395,21.35000038146973,21.35000038146973,6126700.0,2.299949798439793,1.8518391506945264,3.969758340351137,2.8959647574081604,1.9442248125615065,20.9620002746582,22.15900001525879,22.743999926249185,22.371000003814697,20.505599994659423,21.295553483735567,21.814683127940647,22.397822524115718,21.944287054525983,21.27033017684782,21.968095959353622,22.39436039484765,-0.4262644354940264,-0.091871996076585,-2.5761087926625974,-2.5761087926625974,2.5761087926625974,2.5761087926625974,-2.5761087926625974,-2.5761087926625974,-2.5761087926625974,2.5761087926625974,-2.5761087926625974,0.7000007629394602,0.6364997863769535,21.38999938964844,19.58719955444336,19.711999511718755,19.836799468994144,1.0,0.9459813285899035,-2.299949798439793,-1.0,-2.299949798439793,0.9762027419256818,-1.0,-2.299949798439793,0.4664866200723759,-1.0,2.299949798439793,0.0,0.0,0.0,0.0,0.0,0.0,0.0,,
2024-02-12,21.36000061035156,22.01000022888184,21.30999946594238,21.89999961853027,21.89999961853027,6429500.0,2.5761087926625974,2.0619321454509043,4.042958843546671,2.966488033541289,1.9084727499247192,21.12400016784668,21.93099994659424,22.70799992879232,22.40866667429606,20.534599990844725,21.497035528667137,21.83019521713876,22.365704917303752,21.94283500744416,21.282798878663318,21.957619599226955,22.3577410780834,-0.4001214788564446,-0.153521892632557,2.465748938743364,2.465748938743364,-2.465748938743364,-2.465748938743364,2.465748938743364,2.465748938743364,2.465748938743364,-2.465748938743364,2.465748938743364,0.5499992370605398,0.6344997406005859,22.01000022888184,19.989699859619144,20.11699981689453,20.244299774169924,0.0,0.963202782330366,-2.5761087926625974,-1.0,-2.5761087926625974,0.9847385840961211,-1.0,-2.5761087926625974,0.5100057223540969,-1.0,-2.5761087926625974,0.0,1.0,0.0,0.005698868,0.005698868,0.016021641,0.016021641,,
2024-02-13,21.36000061035156,21.57999992370605,21.03000068664551,21.36000061035156,21.36000061035156,8376600.0,-2.465748938743364,2.098251635680482,4.0726847495374825,3.005632765812176,1.9383556695206292,21.278000259399413,21.670000076293945,22.65933329264323,22.43533334732056,20.55670000076294,21.451357222561946,21.744705288632,22.300820768468128,21.923725682949318,21.28432762582546,21.865678216323047,22.283834376769928,-0.4181561604468804,-0.2064487461954217,0.1872701984285282,0.1872701984285282,-0.1872701984285282,-0.1872701984285282,0.1872701984285282,0.1872701984285282,0.1872701984285282,-0.1872701984285282,0.1872701984285282,0.3299999237060618,0.625999736785889,21.57999992370605,20.61410079956055,20.74100074768067,20.867900695800785,0.0,0.9819104838249002,2.465748938743364,-1.0,2.465748938743364,0.986509448522008,-1.0,2.465748938743364,0.5152010933128992,-1.0,2.465748938743364,0.0,0.0,0.0,0.0,0.0,0.0,0.0,,
2024-02-14,21.47999954223633,21.54999923706055,21.21999931335449,21.31999969482422,21.31999969482422,6387200.0,-0.1872701984285282,2.076781511069405,4.065521196626887,2.995183921522952,1.8957915851005087,21.36000022888184,21.454000091552736,22.61033325195313,22.45066668192545,20.58010000228882,21.407571379982706,21.66748608975786,22.23754198952336,21.903931388256687,21.28503400342939,21.781727674554,22.21243921514432,-0.4307115405903197,-0.2513013050744013,-0.3283287796726183,-0.3283287796726183,0.3283287796726183,0.3283287796726183,-0.3283287796726183,-0.3283287796726183,-0.3283287796726183,0.3283287796726183,-0.3283287796726183,0.5,0.6374997138977057,21.54999923706055,20.20280050277709,20.328000450134272,20.45320039749145,1.0,0.9956185390943526,0.1872701984285282,-1.0,0.1872701984285282,0.9880043901402105,-1.0,0.1872701984285282,0.5108278645287805,-1.0,0.1872701984285282,0.0,0.0,0.0,0.0,0.0,0.0,0.0,,
2024-02-15,21.32999992370605,21.78000068664551,21.28000068664551,21.38999938964844,21.38999938964844,4965100.0,0.3283287796726183,2.0522546965462016,3.9775501349419176,2.990582169630948,1.889714593005253,21.463999938964843,21.201000022888184,22.574666595458982,22.462833340962728,20.605399990081786,21.401714049871288,21.61703396246524,22.182861821789498,21.88708115879412,21.287112525928777,21.72146178456853,22.151517746589068,-0.4300559620205391,-0.2870522364636289,-0.1402467515328674,0.1402467515328674,-0.1402467515328674,-0.1402467515328674,0.1402467515328674,0.1402467515328674,0.1402467515328674,-0.1402467515328674,0.1402467515328674,0.4499988555908203,0.6274996757507332,21.78000068664551,20.1474998664856,20.27499980926514,20.40249975204468,0.0,1.0124050712604467,-0.3283287796726183,1.0,-0.3283287796726183,0.9900393405974278,-1.0,-0.3283287796726183,0.5159594793080263,-1.0,-0.3283287796726183,0.0,0.0,0.0,0.0,0.0,0.0,0.0,,
2024-02-16,21.31999969482422,21.56999969482422,21.1200008392334,21.36000061035156,21.36000061035156,5314800.0,-0.1402467515328674,1.7941795881401907,1.7198430426658344,2.9314277572176826,1.8885091343534413,21.46599998474121,21.214000129699706,22.54233328501384,22.472333335876463,20.631999988555908,21.38780957003138,21.57030062571729,22.129774001696727,21.869799829336987,21.288555854333183,21.66585237315053,22.09288684760851,-0.4270344744579795,-0.315048684062499,1.5917609685044605,-1.5917609685044605,1.5917609685044605,1.5917609685044605,-1.5917609685044605,-1.5917609685044605,-1.5917609685044605,1.5917609685044605,-1.5917609685044605,0.7800006866455114,0.6519997596740732,21.56999969482422,20.3995013999939,20.525001335144044,20.650501270294196,1.0,1.011878940958839,0.1402467515328674,1.0,-0.1402467515328674,0.9915397073572384,-1.0,0.1402467515328674,1.0432228660582488,1.0,0.1402467515328674,0.0,0.0,0.0,0.0,0.0,0.0,0.0,,
2024-02-20,21.28000068664551,21.93000030517578,21.14999961853027,21.70000076293945,21.70000076293945,5634000.0,1.5917609685044605,1.468304512131868,1.759984984392197,2.961902309389968,1.8915928337014016,21.42600021362305,21.275000190734865,22.518999989827478,22.482833353678384,20.667899990081786,21.491873301000737,21.593882468848594,22.10204669597045,21.86423264683215,21.296703278265984,21.6711059715796,22.06378417467006,-0.3926782030904654,-0.3305745878680923,-0.6912512470279755,0.6912512470279755,-0.6912512470279755,-0.6912512470279755,0.6912512470279755,0.6912512470279755,0.6912512470279755,-0.6912512470279755,0.6912512470279755,0.5900001525878906,0.6684998512268072,21.93000030517578,20.135600223541257,20.266000175476076,20.396400127410885,0.0,1.0070975333271182,-1.5917609685044605,1.0,1.5917609685044605,0.9952760154180234,-1.0,-1.5917609685044605,0.8342710450106143,-1.0,1.5917609685044605,0.0,0.0,1.0,0.008260541,0.008260541,0.886279941,0.886279941,,
2024-02-21,21.31999969482422,21.60000038146973,21.01000022888184,21.54999923706055,21.54999923706055,5755600.0,-0.6912512470279755,0.8676972723451998,1.543696318811379,2.961117108581482,1.8929244188899028,21.463999938964843,21.37100009918213,22.47766660054525,22.48883333206177,20.70439998626709,21.51124861302068,21.585903699432585,22.066430730879496,21.853929912085537,21.30171903982627,21.652474166268973,22.02572603114343,-0.373251864874458,-0.3391100432693655,0.9280778191188928,-0.9280778191188928,-0.9280778191188928,0.9280778191188928,-0.9280778191188928,-0.9280778191188928,-0.9280778191188928,0.9280778191188928,-0.9280778191188928,0.2999992370605504,0.6644998550415047,21.60000038146973,20.459300632476804,20.593000602722167,20.726700572967527,1.0,1.004351684027472,0.6912512470279755,1.0,-0.6912512470279755,0.9965414889526322,-1.0,0.6912512470279755,0.5620906533049923,-1.0,0.6912512470279755,0.0,0.0,0.0,0.0,0.0,0.0,0.0,,
2024-02-22,21.70000076293945,22.0,21.70000076293945,21.75,21.75,5410700.0,0.9280778191188928,0.892599772391977,1.5069854356732957,2.9760577726756003,1.8958880529136448,21.55,21.45500011444092,22.450666618347167,22.496833324432373,20.743899993896484,21.59083240868045,21.61573939044484,22.046015845016303,21.85052237398437,21.31059589052278,21.66747814068913,22.00530188068836,-0.3378237399992301,-0.3388527826153384,1.793100642061798,-1.793100642061798,-1.793100642061798,1.793100642061798,-1.793100642061798,-1.793100642061798,-1.793100642061798,1.793100642061798,1.793100642061798,0.5,0.6714998245239266,22.0,20.13810070037842,20.27100067138672,20.403900642395023,1.0,1.0044278669332254,-0.9280778191188928,1.0,0.9280778191188928,0.9988477386170097,-1.0,-0.9280778191188928,0.5923081612219951,-1.0,-0.9280778191188928,0.0,0.0,0.0,0.0,0.0,0.0,0.0,,
2024-02-23,21.86000061035156,22.30999946594238,21.80999946594238,22.13999938964844,22.13999938964844,3514200.0,1.793100642061798,1.0820873210975916,1.5498083342135192,2.987994377896517,1.908936552559216,21.7,21.58199996948242,22.427999941507974,22.51033331553141,20.78849998474121,21.77388806900312,21.71105939030004,22.052079299508694,21.86001342367827,21.327019722188638,21.7401737174521,22.015279473944663,-0.2751057564925609,-0.3261033773907829,-2.8906928965303984,2.8906928965303984,2.8906928965303984,-2.8906928965303984,2.8906928965303984,-2.8906928965303984,2.8906928965303984,-2.8906928965303984,-2.8906928965303984,0.6900005340576172,0.686999797821046,22.30999946594238,20.52270038604736,20.657000350952146,20.791300315856933,0.0,1.0054675206507475,1.793100642061798,1.0,1.793100642061798,1.0028938559640785,1.0,-1.793100642061798,0.6982071893726899,-1.0,-1.793100642061798,0.0,1.0,0.0,0.008200216,0.008200216,0.128217146,0.128217146,,
2024-02-26,22.13999938964844,22.17000007629395,21.47999954223633,21.5,21.5,3793400.0,-2.8906928965303984,1.9581435224887305,1.771755059772813,3.0425213911953444,1.9471094499945163,21.727999877929687,21.59699993133545,22.37699991861979,22.513166650136316,20.82819997787476,21.68259204600208,21.67268495570003,22.01646128018556,21.84820970486915,21.330445074224503,21.70322391476716,21.977110624022835,-0.2738867092556738,-0.3156600437637611,-0.3720926684002378,0.3720926684002378,0.3720926684002378,-0.3720926684002378,0.3720926684002378,-0.3720926684002378,0.3720926684002378,-0.3720926684002378,-0.3720926684002378,0.3199996948242223,0.682999801635743,22.17000007629395,20.79859991073608,20.93599987030029,21.073399829864496,0.0,1.0060656548136655,-2.8906928965303984,1.0,-2.8906928965303984,1.0004571233477668,1.0,-2.8906928965303984,1.1051999042914078,1.0,2.8906928965303984,0.0,0.0,0.0,0.0,0.0,0.0,0.0,,
2024-02-27,21.56999969482422,21.68000030517578,21.36000061035156,21.42000007629395,21.42000007629395,2457600.0,-0.3720926684002378,1.785002595987789,1.5413394882142413,2.9992994895408454,1.9293744187508977,21.671999740600587,21.548999977111816,22.321333249409992,22.50733331044515,20.86879997253418,21.595061389432704,21.62674225035347,21.97797991219255,21.834170044915865,21.33221844060212,21.659651016540515,21.93584317604292,-0.2761921595024041,-0.3077664669114897,-0.0933728183587356,0.0933728183587356,0.0933728183587356,-0.0933728183587356,0.0933728183587356,0.0933728183587356,0.0933728183587356,-0.0933728183587356,-0.0933728183587356,0.2700004577636719,0.6674998283386238,21.68000030517578,20.667400512695316,20.804000473022462,20.94060043334961,0.0,1.0057079105118296,-0.3720926684002378,1.0,-0.3720926684002378,0.998535107111648,-1.0,-0.3720926684002378,1.1580852950545308,1.0,-0.3720926684002378,0.0,0.0,0.0,0.0,0.0,0.0,0.0,,
2024-02-28,21.35000038146973,21.57999992370605,21.30999946594238,21.39999961853027,21.39999961853027,2205300.0,-0.0933728183587356,1.7677086375972322,1.3227409151358536,3.000098997055601,1.9202112372878768,21.641999816894533,21.55299987792969,22.26299991607666,22.495999972025555,20.911399974823,21.530040799131896,21.585516317294704,21.94069086098853,21.819934948968797,21.333560642145247,21.619704647615865,21.896151060671613,-0.2764464130557513,-0.3015024561403421,0.4205614681878753,-0.4205614681878753,-0.4205614681878753,0.4205614681878753,-0.4205614681878753,-0.4205614681878753,-0.4205614681878753,0.4205614681878753,0.4205614681878753,0.2999992370605504,0.6484997749328623,21.57999992370605,20.21150068283081,20.345000648498534,20.478500614166258,1.0,1.0041293527336759,-0.0933728183587356,1.0,-0.0933728183587356,0.9974299656608927,-1.0,0.0933728183587356,1.3363982450151077,1.0,-0.0933728183587356,0.0,0.0,0.0,0.0,0.0,0.0,0.0,,
2024-02-29,21.5,21.63999938964844,21.34000015258789,21.48999977111816,21.48999977111816,7564700.0,0.4205614681878753,1.705454424298816,1.3257815082987487,2.9847914239155715,1.9146005120313876,21.589999771118165,21.56999988555908,22.21866658528646,22.481833299001057,20.956399974823,21.516693789793987,21.56814967253533,21.91161401648077,21.80911740215402,21.336658446679365,21.5997500512316,21.86606577996395,-0.2663157287323479,-0.2944651106587432,1.5821319507170934,-1.5821319507170934,-1.5821319507170934,1.5821319507170934,-1.5821319507170934,-1.5821319507170934,-1.5821319507170934,1.5821319507170934,1.5821319507170934,0.5600013732910085,0.6414999008178717,21.63999938964844,20.153300418853757,20.283000373840327,20.4127003288269,1.0,1.000927208422123,0.4205614681878753,1.0,0.4205614681878753,0.9976142653160986,-1.0,-0.4205614681878753,1.2863766869755682,1.0,0.4205614681878753,0.0,0.0,0.0,0.0,0.0,0.0,0.0,,
2024-03-01,21.3799991607666,21.86000061035156,21.29999923706055,21.82999992370605,21.82999992370605,2129300.0,1.5821319507170934,1.6444540762193522,1.4078431376649068,2.97379879029453,1.9242372780553776,21.527999877929688,21.613999938964845,22.18066660563151,22.470999972025552,21.001199970245363,21.62112916776468,21.615758809111824,21.906348591140464,21.80980207499179,21.34642758483831,21.63517310853536,21.86339423505596,-0.2282211265205944,-0.2812163138311135,0.5955069226795112,0.5955069226795112,0.5955069226795112,-0.5955069226795112,0.5955069226795112,-0.5955069226795112,0.5955069226795112,-0.5955069226795112,-0.5955069226795112,0.3199996948242223,0.4879999160766609,21.86000061035156,20.228699607849123,20.356999588012695,20.485299568176277,0.0,0.9960210946017392,1.5821319507170934,-1.0,1.5821319507170934,1.0002484464552126,1.0,-1.5821319507170934,1.1680662654980838,1.0,1.5821319507170934,0.0,0.0,0.0,0.0,0.0,0.0,0.0,,
2024-03-04,21.90999984741211,21.93000030517578,21.61000061035156,21.70000076293945,21.70000076293945,2895900.0,-0.5955069226795112,0.8666668474844855,1.4277484391641415,1.5391398892067218,1.921285583755735,21.568000030517577,21.647999954223632,22.12133331298828,22.461833318074543,21.044999980926512,21.647419699489603,21.631075527989573,21.89303582803072,21.80620203197368,21.35342903390962,21.645146593828297,21.85129101489918,-0.2061444210708813,-0.2662019352790671,2.396315389314437,2.396315389314437,2.396315389314437,-2.396315389314437,2.396315389314437,-2.396315389314437,2.396315389314437,-2.396315389314437,-2.396315389314437,0.6000003814697301,0.4819998741149914,21.93000030517578,20.786400794982903,20.88400077819824,20.98160076141357,0.0,0.9963045120161114,-0.5955069226795112,-1.0,0.5955069226795112,1.0007555875563785,1.0,-0.5955069226795112,0.6070164909386035,-1.0,-0.5955069226795112,0.0,0.0,0.0,0.0,0.0,0.0,0.0,,
2024-03-05,21.57999992370605,21.67000007629395,21.06999969482422,21.18000030517578,21.18000030517578,4531000.0,-2.396315389314437,1.4621325085452623,1.538344119601445,1.631699433911049,1.9445647949858484,21.520000076293943,21.595999908447265,22.042000007629397,22.446000003814696,21.07989997863769,21.49161323471833,21.549061851114335,21.84703353623363,21.785670827816368,21.349994801657463,21.57358562634329,21.80156577714189,-0.2279801507985936,-0.2585575783829724,-1.3692115391888828,-1.3692115391888828,-1.3692115391888828,1.3692115391888828,-1.3692115391888828,-1.3692115391888828,-1.3692115391888828,1.3692115391888828,1.3692115391888828,0.2999992370605504,0.466499805450441,21.67000007629395,20.8696005821228,20.9660005569458,21.0624005317688,1.0,0.9964808375404931,-2.396315389314437,-1.0,2.396315389314437,0.9973340548747354,-1.0,-2.396315389314437,0.9504586717073892,-1.0,2.396315389314437,0.0,0.0,0.0,0.0,0.0,0.0,0.0,,
2024-03-06,21.43000030517578,21.59000015258789,21.29000091552734,21.46999931335449,21.46999931335449,3840800.0,1.3692115391888828,1.6296331698808302,1.6064117219921703,1.5540601476524158,1.951284337408056,21.534000015258787,21.58799991607666,21.971999994913737,22.43266665140788,21.11729997634888,21.48440859426372,21.53468684424891,21.822708747660787,21.775320942096307,21.35237112862176,21.557649270498864,21.777005298342825,-0.2193560278439612,-0.2507172682751702,-1.9562183964892328,-1.9562183964892328,-1.9562183964892328,1.9562183964892328,-1.9562183964892328,-1.9562183964892328,-1.9562183964892328,1.9562183964892328,1.9562183964892328,0.4899997711181676,0.4684998512268084,21.59000015258789,20.643700504302977,20.737000465393063,20.83030042648316,1.0,0.9974986149236706,1.3692115391888828,-1.0,-1.3692115391888828,0.9976652435046383,-1.0,-1.3692115391888828,1.0144554771175736,1.0,-1.3692115391888828,0.0,0.0,0.0,0.0,0.0,0.0,0.0,,
2024-03-07,21.67000007629395,21.92000007629395,21.43000030517578,21.88999938964844,21.88999938964844,3485000.0,1.9562183964892328,1.8417122793700549,1.704151672410929,1.5746775879091697,1.9670260599732896,21.613999938964845,21.601999855041505,21.918333307902017,22.42833331425985,21.163199977874758,21.619605526058628,21.59928912523064,21.82705007940193,21.779080891196376,21.36301723280051,21.608780058060336,21.78537523103213,-0.176595172971794,-0.235892849214495,0.8222947016659033,-0.8222947016659033,-0.8222947016659033,0.8222947016659033,-0.8222947016659033,0.8222947016659033,-0.8222947016659033,0.8222947016659033,0.8222947016659033,0.3099994659423792,0.4664999008178723,21.92000007629395,20.55930047988891,20.653000450134275,20.74670042037964,1.0,1.0005555080086967,1.9562183964892328,1.0,-1.9562183964892328,1.000940605068537,1.0,-1.9562183964892328,1.0807208707922773,1.0,1.9562183964892328,0.0,0.0,0.0,0.0,0.0,0.0,0.0,,
2024-03-08,21.95000076293945,22.23999977111816,21.93000030517578,22.06999969482422,22.06999969482422,3413500.0,0.8222947016659033,1.7469568635968944,1.6211807215637586,1.5763394003210018,1.969488095617975,21.66199989318848,21.594999885559083,21.859333292643228,22.42583332061768,21.212699966430662,21.76973691564716,21.68487286515675,21.84272424813885,21.788619212626795,21.37701688551385,21.67973692525478,21.80645852464636,-0.1267215993915798,-0.2140585992499119,-0.8608995771856556,0.8608995771856556,0.8608995771856556,-0.8608995771856556,0.8608995771856556,-0.8608995771856556,0.8608995771856556,-0.8608995771856556,-0.8608995771856556,0.460000991821289,0.4659999847412122,22.23999977111816,20.89370029449463,20.987000274658204,21.08030025482178,0.0,1.0031025704090972,0.8222947016659033,1.0,0.8222947016659033,1.003913513859091,1.0,0.8222947016659033,1.0775830481822006,1.0,0.8222947016659033,0.0,0.0,0.0,0.0,0.0,0.0,0.0,,
2024-03-11,22.06999969482422,22.34000015258789,21.8799991607666,21.8799991607666,21.8799991607666,3328800.0,-0.8608995771856556,1.7820334776940248,1.3210804172984143,1.5219159748357878,1.9709199331994944,21.697999572753908,21.63299980163574,21.796333249409997,22.417833296457925,21.25649995803833,21.80649099735364,21.72035037344945,21.84512908121161,21.79161527650023,21.38697693056836,21.710546499948904,21.811905979173783,-0.1013594792248788,-0.1915187752449053,1.2797106827480222,-1.2797106827480222,-1.2797106827480222,1.2797106827480222,-1.2797106827480222,1.2797106827480222,-1.2797106827480222,1.2797106827480222,1.2797106827480222,0.3999996185302805,0.4509999275207532,22.34000015258789,21.21479980468749,21.307999801635734,21.401199798583978,1.0,1.003004658240382,-0.8608995771856556,1.0,-0.8608995771856556,1.0039658947679542,1.0,-0.8608995771856556,1.3489212725885766,1.0,-0.8608995771856556,0.0,0.0,0.0,0.0,0.0,0.0,0.0,,
2024-03-12,21.89999961853027,22.29999923706055,21.89999961853027,22.15999984741211,22.15999984741211,2396500.0,1.2797106827480222,1.0707307090823828,1.3469449098582411,1.4376943416009076,1.9758096821492133,21.89399948120117,21.706999778747555,21.728999900817872,22.4118332862854,21.301099948883056,21.924327280706464,21.800286641442657,21.865443324192288,21.80369345915308,21.402284315060317,21.7796931687894,21.8376907101544,-0.0579975413650011,-0.1648145284689245,-0.2256283276391332,0.2256283276391332,0.2256283276391332,-0.2256283276391332,0.2256283276391332,-0.2256283276391332,0.2256283276391332,-0.2256283276391332,-0.2256283276391332,0.3099994659423899,0.4389999389648457,22.29999923706055,21.347800312042235,21.438000297546385,21.52820028305053,0.0,1.0086147189551593,1.2797106827480222,1.0,1.2797106827480222,1.0056898627666668,1.0,1.2797106827480222,0.7949328151773272,-1.0,1.2797106827480222,0.0,0.0,0.0,0.0,0.0,0.0,0.0,,
2024-03-13,22.1299991607666,22.29999923706055,21.98999977111816,22.11000061035156,22.11000061035156,2468100.0,-0.2256283276391332,1.1364945414454886,1.3524028968151005,1.3115625505492072,1.9598755477783605,22.021999740600585,21.777999877929688,21.666999944051103,22.39783328374227,21.34619995117188,21.986218390588164,21.856598272153366,21.88122121362192,21.81373631656942,21.416298499125485,21.830509698260503,21.85786181387271,-0.0273521156122065,-0.1373220458975809,-2.3971084215952927,-2.3971084215952927,2.3971084215952927,-2.3971084215952927,2.3971084215952927,-2.3971084215952927,2.3971084215952927,-2.3971084215952927,-2.3971084215952927,0.7999992370605504,0.4624999046325701,22.29999923706055,21.33419937133789,21.421999359130854,21.509799346923828,0.0,1.0112039610633927,-0.2256283276391332,1.0,-0.2256283276391332,1.005930479977753,1.0,-0.2256283276391332,0.8403520460669859,-1.0,0.2256283276391332,0.0,0.0,0.0,0.0,0.0,0.0,0.0,,
2024-03-14,22.04000091552734,22.20999908447266,21.40999984741211,21.57999992370605,21.57999992370605,3437500.0,-2.3971084215952927,1.4551831675995477,1.6029526199845248,1.4317851497476608,1.9782144541503752,21.95999984741211,21.78699989318848,21.60366662343343,22.37116661071777,21.38809995651245,21.850812234960795,21.806307663344764,21.861787582014447,21.80607282827881,21.41954011149341,21.791969732944438,21.837279451638143,-0.0453097186937085,-0.1189195804568064,-1.482853085984888,-1.482853085984888,1.482853085984888,-1.482853085984888,1.482853085984888,-1.482853085984888,1.482853085984888,-1.482853085984888,-1.482853085984888,0.4899997711181711,0.4619998931884786,22.20999908447266,21.282499446868897,21.37499942779541,21.467499408721924,0.0,1.007940512923843,-2.3971084215952927,1.0,-2.3971084215952927,1.0020409035909752,1.0,-2.3971084215952927,0.9078142107616358,-1.0,2.3971084215952927,0.0,0.0,0.0,0.0,0.0,0.0,0.0,,
2024-03-15,21.3799991607666,21.72999954223633,21.23999977111816,21.26000022888184,21.26000022888184,9110900.0,-1.482853085984888,1.3834946905372354,1.5708744680062214,1.471344990748959,1.9862027566635787,21.797999954223634,21.729999923706053,21.51499996185303,22.33916660944621,21.42909996032715,21.653874899601146,21.70697903889696,21.82296259148976,21.788168808626452,21.416380905897142,21.71012827078096,21.79451802773027,-0.0843897569493101,-0.1120136157553072,-0.2351888234754242,-0.2351888234754242,0.2351888234754242,-0.2351888234754242,0.2351888234754242,0.2351888234754242,0.2351888234754242,-0.2351888234754242,-0.2351888234754242,0.3600006103515589,0.4574999809265156,21.72999954223633,21.19359931945801,21.285999298095703,21.3783992767334,0.0,1.0031293157273966,-1.482853085984888,1.0,-1.482853085984888,0.9975535914416899,-1.0,-1.482853085984888,0.8807162626388527,-1.0,1.482853085984888,0.0,0.0,0.0,0.0,0.0,0.0,0.0,,
2024-03-18,21.25,21.40999984741211,21.04999923706055,21.20999908447266,21.20999908447266,3986000.0,-0.2351888234754242,1.3977514071970265,1.5662732072461991,1.4719059300296802,1.9846919683695257,21.66399993896484,21.68099975585937,21.514333279927573,22.304499912261964,21.47239995956421,21.50591629455832,21.61661904718345,21.78341655877898,21.76921242422797,21.412294137156067,21.63318531904122,21.751220328229703,-0.1180350091884818,-0.1132178944419421,-0.9429550757777514,0.9429550757777514,-0.9429550757777514,0.9429550757777514,-0.9429550757777514,-0.9429550757777514,-0.9429550757777514,0.9429550757777514,-0.9429550757777514,0.460000991821289,0.4414999961853045,21.40999984741211,20.723499584198,20.8149995803833,20.906499576568603,1.0,0.9992159117620977,-0.2351888234754242,-1.0,-0.2351888234754242,0.9948788128067811,-1.0,0.2351888234754242,0.8924058719324801,-1.0,0.2351888234754242,0.0,0.0,1.0,0.012279673,0.012279673,0.607871711,0.607871711,,
2024-03-19,21.05999946594238,21.44000053405762,20.97999954223633,21.40999984741211,21.40999984741211,2896000.0,0.9429550757777514,1.2875681767608105,1.3968331719285532,1.4412302461711308,1.9716641783805628,21.513999938964844,21.703999710083007,21.52499993642171,22.281499894460044,21.51579996109009,21.473944145509584,21.579051919952292,21.75932515804564,21.757434962693026,21.412248705675985,21.59884909263674,21.72594473705803,-0.1270956444212885,-0.1159934444378114,-0.8407300628614364,0.8407300628614364,-0.8407300628614364,0.8407300628614364,0.8407300628614364,-0.8407300628614364,-0.8407300628614364,0.8407300628614364,-0.8407300628614364,0.3900012969970703,0.4315000534057635,21.44000053405762,20.43869985580444,20.5269998550415,20.61529985427856,1.0,0.9912458637276015,-0.9429550757777514,-1.0,-0.9429550757777514,0.9951291755155599,-1.0,-0.9429550757777514,0.9217766320534293,-1.0,-0.9429550757777514,0.0,0.0,0.0,0.0,0.0,0.0,0.0,,
2024-03-20,21.42000007629395,21.60000038146973,21.20999908447266,21.59000015258789,21.59000015258789,3122500.0,0.8407300628614364,1.4585216116868045,1.353512807057224,1.4464668853524874,1.9614049164405472,21.40999984741211,21.715999794006347,21.55833326975505,22.25499989191691,21.566699962615967,21.512629481202357,21.58104250770422,21.748400964145137,21.751945296787937,21.415768536307905,21.59748771724461,21.715874767838017,-0.1183870505934052,-0.1164721656689302,-2.547472131419252,2.547472131419252,-2.547472131419252,2.547472131419252,2.547472131419252,-2.547472131419252,-2.547472131419252,-2.547472131419252,-2.547472131419252,0.5399990081787074,0.4435000419616713,21.60000038146973,20.49070041656494,20.57700042724609,20.663300437927248,1.0,0.9859090095092609,-0.8407300628614364,-1.0,-0.8407300628614364,0.9968299480213971,-1.0,-0.8407300628614364,1.0775824241056782,1.0,-0.8407300628614364,0.0,0.0,0.0,0.0,0.0,0.0,0.0,,
2024-03-21,21.77000045776367,22.21999931335449,21.68000030517578,22.13999938964844,22.13999938964844,3615300.0,2.547472131419252,1.4978399658871813,1.4544999240255478,1.5421759373010595,1.99087904338176,21.521999740600585,21.74099979400635,21.59933325449625,22.238333225250244,21.62149995803833,21.72175278401772,21.68267103169408,21.77366537869374,21.764668381799755,21.430109741324543,21.680951051460585,21.747291406490643,-0.0663403550300607,-0.1064458035411563,0.1806639985609596,-0.1806639985609596,0.1806639985609596,-0.1806639985609596,0.1806639985609596,-0.1806639985609596,0.1806639985609596,-0.1806639985609596,-0.1806639985609596,0.2800006866455113,0.4325000762939469,22.21999931335449,20.624300289154053,20.713000297546387,20.80170030593872,0.0,0.9899268637376033,-2.547472131419252,-1.0,-2.547472131419252,1.0018024417871079,1.0,-2.547472131419252,1.0297972114991132,1.0,2.547472131419252,0.0,0.0,0.0,0.0,0.0,0.0,0.0,,
2024-03-22,22.19000053405762,22.19000053405762,21.90999984741211,22.10000038146973,22.10000038146973,2504200.0,-0.1806639985609596,1.1300040987553204,1.4353874487332752,1.4904283048131295,1.9902507453516671,21.689999771118163,21.743999862670897,21.640333239237467,22.2196665763855,21.67739995956421,21.847835316501723,21.75854909528965,21.79471924984058,21.77566287359221,21.44337490251554,21.745420179154294,21.773417997229835,-0.0279978180755371,-0.0907562064480324,1.5837121060106236,-1.5837121060106236,1.5837121060106236,-1.5837121060106236,1.5837121060106236,-1.5837121060106236,1.5837121060106236,-1.5837121060106236,-1.5837121060106236,0.4300003051757777,0.4195000648498549,22.19000053405762,21.268499145507807,21.3549991607666,21.441499176025385,0.0,0.9975165520652234,-0.1806639985609596,-1.0,0.1806639985609596,1.0041035006893637,1.0,-0.1806639985609596,0.7872467463419339,-1.0,-0.1806639985609596,0.0,0.0,0.0,0.0,0.0,0.0,0.0,,
2024-03-25,22.1299991607666,22.15999984741211,21.72999954223633,21.75,21.75,4282500.0,-1.5837121060106236,1.5255094213649412,1.5015111114344968,1.3816225389454335,1.996732763239996,21.797999954223634,21.73099994659424,21.653666559855143,22.198833243052164,21.728399963378905,21.815223544334483,21.75699471432789,21.79183413694764,21.77482146790066,21.449446686624142,21.746124766976717,21.771683330768365,-0.0255585637916517,-0.0777166779167563,0.6896534185299764,0.6896534185299764,-0.6896534185299764,0.6896534185299764,-0.6896534185299764,0.6896534185299764,-0.6896534185299764,0.6896534185299764,0.6896534185299764,0.3100013732910085,0.4190001487731942,22.15999984741211,21.267100391387935,21.35100040435791,21.43490041732788,1.0,1.0030831534579197,-1.5837121060106236,1.0,1.5837121060106236,1.0026763268903238,1.0,-1.5837121060106236,1.0159827721204922,1.0,1.5837121060106236,0.0,0.0,0.0,0.0,0.0,0.0,0.0,,
2024-03-26,21.72999954223633,22.04000091552734,21.72999954223633,21.89999961853027,21.89999961853027,3328700.0,0.6896534185299764,1.5118208528740298,1.4543282032101643,1.384262751557498,1.9991540646121908,21.895999908447266,21.70499992370605,21.653666559855143,22.18083324432373,21.78079996109009,21.84348223573308,21.78299560600105,21.79881255511426,21.77892566956065,21.458368526859907,21.769797821061875,21.78118824097295,-0.0113904199110734,-0.0644514263156197,0.9132455087818054,0.9132455087818054,-0.9132455087818054,0.9132455087818054,-0.9132455087818054,0.9132455087818054,-0.9132455087818054,0.9132455087818054,0.9132455087818054,0.4400005340576101,0.4275001525878911,22.04000091552734,21.23819952011108,21.321999549865723,21.40579957962036,1.0,1.0087998150385895,0.6896534185299764,1.0,0.6896534185299764,1.0027767819828861,1.0,0.6896534185299764,1.0395321011701217,1.0,0.6896534185299764,0.0,0.0,0.0,0.0,0.0,0.0,0.0,,
2024-03-27,22.04000091552734,22.14999961853027,21.70999908447266,22.10000038146973,22.10000038146973,2516400.0,0.9132455087818054,1.5166939859612203,1.488325934236434,1.3943600985836373,2.0012650427233285,21.997999954223637,21.70399990081787,21.678333218892416,22.168833255767822,21.83549997329712,21.928988284311966,21.84063283790445,21.81824402778236,21.78945270929537,21.47107410813931,21.820598214970776,21.80480395508382,0.015794259886956,-0.0484022890751046,1.3574625877024022,1.3574625877024022,-1.3574625877024022,1.3574625877024022,-1.3574625877024022,1.3574625877024022,1.3574625877024022,1.3574625877024022,1.3574625877024022,0.2900009155273508,0.4270002365112312,22.14999961853027,21.09950057983398,21.18500061035156,21.270500640869137,1.0,1.0135458926810395,0.9132455087818054,1.0,0.9132455087818054,1.0040454618262789,1.0,0.9132455087818054,1.0190603758707868,1.0,0.9132455087818054,0.0,0.0,0.0,0.0,0.0,0.0,0.0,,
2024-03-28,22.20000076293945,22.44000053405762,22.14999961853027,22.39999961853027,22.39999961853027,3053100.0,1.3574625877024022,1.1626533413612858,1.272878415766263,1.4187349395362847,2.00923721110676,22.05,21.78599987030029,21.714333216349285,22.162333234151205,21.88779996871948,22.085992062384737,21.942335888927328,21.855776646540285,21.809470640745698,21.489468672701506,21.909736892441465,21.84889252274652,0.0608443696949443,-0.0265529573210948,-0.4017864023240363,-0.4017864023240363,0.4017864023240363,-0.4017864023240363,0.4017864023240363,-0.4017864023240363,-0.4017864023240363,-0.4017864023240363,-0.4017864023240363,0.4499988555908203,0.4215001106262218,22.44000053405762,21.210599098205563,21.295999145507807,21.38139919281005,0.0,1.0121178798894426,1.3574625877024022,1.0,1.3574625877024022,1.0065469863456926,1.0,1.3574625877024022,0.9134048680221964,-1.0,1.3574625877024022,0.0,0.0,0.0,0.0,0.0,0.0,0.0,,
2024-04-01,22.34000015258789,22.39999961853027,21.95000076293945,22.30999946594238,22.30999946594238,2553400.0,-0.4017864023240363,1.1865758135777262,1.1354932988344917,1.3872828275986715,2.0010519784306138,22.09199981689453,21.890999794006348,21.74499988555908,22.159833240509037,21.93459997177124,22.160661196903952,22.00918381202097,21.885081344566228,21.825881421899687,21.505716807221127,21.971315749903145,21.88304859261288,0.0882671572902644,-0.0035889343988229,-1.1205737605760178,-1.1205737605760178,1.1205737605760178,-1.1205737605760178,1.1205737605760178,-1.1205737605760178,-1.1205737605760178,-1.1205737605760178,-1.1205737605760178,0.4799995422363317,0.4295001029968272,22.39999961853027,21.51270029067993,21.59700031280518,21.681300334930423,0.0,1.0091818566890314,-0.4017864023240363,1.0,-0.4017864023240363,1.0068824626200017,1.0,-0.4017864023240363,1.0449870684359541,1.0,0.4017864023240363,0.0,0.0,0.0,0.0,0.0,0.0,0.0,,
2024-04-02,22.13999938964844,22.34000015258789,21.86000061035156,22.05999946594238,22.05999946594238,2580500.0,-1.1205737605760178,1.0193002700700469,1.2289120087685532,1.4063328586887038,2.0049695623010173,22.153999710083006,21.97599983215332,21.768333180745444,22.15533323287964,21.98069995880127,22.127107286583428,22.018423021824866,21.89636638465501,21.83355742334371,21.51669270145323,21.98495939852457,21.89615606471136,0.0888033338132068,0.0148895192435829,0.0,0.0,0.0,0.0,0.0,0.0,0.0,0.0,0.0,0.2999992370605504,0.4145000457763682,22.34000015258789,21.45509939193725,21.54099941253661,21.626899433135986,0.0,1.0080997396837095,-1.1205737605760178,1.0,-1.1205737605760178,1.004936060345958,1.0,-1.1205737605760178,0.8294330780374175,-1.0,-1.1205737605760178,0.0,0.0,0.0,0.0,0.0,0.0,0.0,,
2024-04-03,22.01000022888184,22.20999908447266,21.90999984741211,22.05999946594238,22.05999946594238,2481200.0,0.0,0.9977267883000182,1.2187975780207445,1.279569999545871,2.004548157230817,22.18599967956543,22.040999794006343,21.78033313751221,22.14966656366984,22.01199995040893,22.10473801303641,22.025982375300774,21.906923357641297,21.84098175260924,21.527451251245097,21.99650402428115,21.90829261295069,0.0882114113304588,0.0295538976609581,-0.1359872167865729,-0.1359872167865729,0.1359872167865729,-0.1359872167865729,0.1359872167865729,-0.1359872167865729,-0.1359872167865729,-0.1359872167865729,-0.1359872167865729,0.6199989318847621,0.4305000305175788,22.20999908447266,21.42810005187988,21.511000061035155,21.59390007019043,0.0,1.0065786437509299,0.0,1.0,0.0,1.0035755788955842,1.0,0.0,0.8186156637431686,-1.0,-0.0,0.0,0.0,0.0,0.0,0.0,0.0,0.0,,
2024-04-04,22.23999977111816,22.6299991607666,22.01000022888184,22.03000068664551,22.03000068664551,2893800.0,-0.1359872167865729,0.9028024056397326,1.210306829772379,1.2518605039347963,1.991442275257555,22.171999740600583,22.08499984741211,21.796333185831703,22.13699989318848,22.03909996032715,22.07982557090612,22.026712977363456,21.91486383048028,21.84717909470879,21.537402725213425,22.00165735695259,21.917308025816972,0.0843493311356162,0.0405129843558897,0.544706891259887,0.544706891259887,-0.544706891259887,0.544706891259887,-0.544706891259887,0.544706891259887,0.544706891259887,0.544706891259887,0.544706891259887,0.3599987030029332,0.4239999771118171,22.6299991607666,21.262899017333982,21.348999023437504,21.435099029541018,1.0,1.0039393205247709,-0.1359872167865729,1.0,-0.1359872167865729,1.002411280956775,1.0,-0.1359872167865729,0.7459285393023203,-1.0,0.1359872167865729,0.0,0.0,0.0,0.0,0.0,0.0,0.0,,
2024-04-05,21.96999931335449,22.22999954223633,21.8700008392334,22.14999961853027,22.14999961853027,2970100.0,0.544706891259887,0.6091545286310096,0.9082807511993758,1.1816785930245297,1.988675630271984,22.121999740600582,22.08599987030029,21.809666506449386,22.13016656239828,22.070599956512453,22.10321692011417,22.04912873030288,21.930033881322213,21.857107636473422,21.54953335676425,22.02447924334916,21.934544440092036,0.0899348032571261,0.050397348136137,0.541764520542059,0.541764520542059,-0.541764520542059,0.541764520542059,-0.541764520542059,0.541764520542059,0.541764520542059,0.541764520542059,0.541764520542059,0.3400001525878906,0.4255000114440926,22.22999954223633,21.697199211120605,21.781999206542967,21.86679920196533,1.0,1.0016299859871276,0.544706891259887,1.0,0.544706891259887,1.0024530760590533,1.0,0.544706891259887,0.6706676628637424,-1.0,-0.544706891259887,0.0,0.0,0.0,0.0,0.0,0.0,0.0,,
2024-04-08,22.20999908447266,22.51000022888184,22.17000007629395,22.27000045776367,22.27000045776367,2520200.0,0.541764520542059,0.6816535735002225,0.920238294127064,1.173864151683148,1.98418131960412,22.113999938964845,22.102999877929687,21.81399987538656,22.120999908447267,22.100499954223636,22.15881143266401,22.08928722620484,21.951967208834567,21.870645106023925,21.56380003203156,22.06225173787447,21.959393033993635,0.1028587038808339,0.0608896192850764,1.7512320683966631,1.7512320683966631,-1.7512320683966631,1.7512320683966631,-1.7512320683966631,1.7512320683966631,1.7512320683966631,1.7512320683966631,1.7512320683966631,0.4300003051757812,0.4239999771118173,22.51000022888184,21.293899517059327,21.378999519348145,21.464099521636964,1.0,1.0004976727636932,0.541764520542059,1.0,0.541764520542059,1.0031474173769035,1.0,0.541764520542059,0.7407359353012336,-1.0,-0.541764520542059,0.0,0.0,0.0,0.0,0.0,0.0,0.0,,
