Date_GLW_L01d,Open_GLW_L01d,High_GLW_L01d,Low_GLW_L01d,Close_GLW_L01d,Adj Close_GLW_L01d,Volume_GLW_L01d,Daily_Return_GLW_L01d,Vol5_GLW_L01d,Vol10_GLW_L01d,Vol20_GLW_L01d,Vol60_GLW_L01d,SMA5_GLW_L01d,SMA10_GLW_L01d,SMA30_GLW_L01d,SMA60_GLW_L01d,SMA100_GLW_L01d,EMA5_GLW_L01d,EMA10_GLW_L01d,EMA30_GLW_L01d,EMA60_GLW_L01d,EMA100_GLW_L01d,Short12_GLW_L01d,Long26_GLW_L01d,MACD_GLW_L01d,SIGNAL9_GLW_L01d,Ret5/10_GLW_L01d,Ret10/30_GLW_L01d,Ret30/60_GLW_L01d,Ret30/100_GLW_L01d,Emaret5/10_GLW_L01d,Emaret10/30_GLW_L01d,Emaret30/60_GLW_L01d,Emaret30/100_GLW_L01d,RetMACD_GLW_L01d,DayRange_GLW_L01d,average20r_GLW_L01d,PRVHI_GLW_L01d,HitLevel_GLW_L01d,hitlevel_2_GLW_L01d,hitlevel_1.8_GLW_L01d,positive_return_dummy,sma_ratio_L01d,RetMACD_L01d,R_sma_ratio_L01d,ret_sma_ratio_L01d,ema_ratio_L01d,R_ema_ratio_L01d,ret_ema_ratio_L01d,volatility_ratio_L01d,R_vol_ratio_L01d,ret_vol_ratio_L01d,negative_L01d,neutral_L01d,positive_L01d,negative_max_L01d,negative_avg_L01d,positive_max_L01d,positive_avg_L01d,ret_best,best
2024-01-03,30.18000030517578,30.35000038146973,29.97999954223633,30.1299991607666,30.1299991607666,4439600.0,-1.1807169991931967,0.6558445438058917,1.0407967781471767,1.16940978266261,1.2503750664638054,30.45199966430664,30.324999809265137,29.371333376566568,28.541666666666668,29.71950002670288,30.348512126525296,30.264200925437198,29.612560433968365,29.46732293539848,29.90347767257971,30.199085490366347,29.711842209877226,0.4872432804891211,0.5118947841361382,0.4978477598971605,0.4978477598971605,0.4978477598971605,-0.4978477598971605,-0.4978477598971605,0.4978477598971605,0.4978477598971605,0.4978477598971605,-0.4978477598971605,0.5299987792968714,0.4255000114440918,30.35000038146973,29.79939922332764,29.883999252319335,29.96859928131104,1.0,1.0324692931189645,-1.1807169991931967,1.0,-1.1807169991931967,1.0027858393253408,1.0,-1.1807169991931967,0.8900188741173377,-1.0,1.1807169991931967,1.0,0.0,0.0,0.937593341,0.937593341,0.056957219,0.056957219,,1
2024-01-04,30.07999992370605,30.3799991607666,29.85000038146973,30.28000068664551,30.28000068664551,4008600.0,0.4978477598971605,0.687630991826712,1.0069758537801885,1.1072894021931874,1.2499248218709456,30.395999908447266,30.314999961853022,29.43766670227051,28.5556666692098,29.698000030517576,30.3256749798987,30.26707360929325,29.65562109543141,29.49396810757051,29.91093357384834,30.211533982101606,29.753928022971174,0.4576059591304329,0.5010370191349971,0.9577245759660984,0.9577245759660984,0.9577245759660984,-0.9577245759660984,-0.9577245759660984,0.9577245759660984,0.9577245759660984,0.9577245759660984,-0.9577245759660984,0.5200004577636683,0.4324999809265133,30.3799991607666,29.41390035629273,29.499000358581547,29.58410036087037,1.0,1.029803084206903,-0.4978477598971605,1.0,0.4978477598971605,1.001936142600435,1.0,0.4978477598971605,0.9094062056276256,-1.0,-0.4978477598971605,0.0,0.0,0.0,0.0,0.0,0.0,0.0,0.4978477598971605,1
2024-01-05,30.19000053405762,30.6200008392334,30.10000038146973,30.56999969482422,30.56999969482422,5701300.0,0.9577245759660984,0.8536963564712486,0.7450554604451891,1.1000964293226505,1.251841633415724,30.38400001525879,30.39699993133545,29.51966667175293,28.577666664123534,29.680100021362303,30.40711655154054,30.322151079389787,29.714613263134176,29.52924783174276,29.92398438812509,30.2666825532897,29.81437777644177,0.4523047768479316,0.491290570677584,-2.4533856967194603,2.4533856967194603,2.4533856967194603,-2.4533856967194603,-2.4533856967194603,2.4533856967194603,2.4533856967194603,2.4533856967194603,-2.4533856967194603,0.8400001525878906,0.4524999618530273,30.6200008392334,29.428499202728272,29.51499919891357,29.60149919509888,1.0,1.0297202969578931,-0.9577245759660984,1.0,0.9577245759660984,1.0028020925009014,1.0,0.9577245759660984,0.6772637748710205,-1.0,-0.9577245759660984,0.0,0.0,0.0,0.0,0.0,0.0,0.0,0.9577245759660984,1
2024-01-08,30.6299991607666,31.40999984741211,30.56999969482422,31.31999969482422,31.31999969482422,6979700.0,2.4533856967194603,1.3190976960157517,0.9586105624643022,1.1976350260751805,1.2860832393581254,30.55799980163574,30.51099987030029,29.625,28.614666652679443,29.674400024414066,30.7114109326351,30.503578100377865,29.818186581307728,29.58796100758149,29.95162825558448,30.42873134429501,29.92590532595158,0.5028260183434305,0.4935976602107533,-2.3307776160577807,-2.3307776160577807,-2.3307776160577807,2.3307776160577807,2.3307776160577807,-2.3307776160577807,-2.3307776160577807,-2.3307776160577807,-2.3307776160577807,0.6299991607666016,0.4654999732971193,31.40999984741211,29.624500923156734,29.715000915527344,29.80550090789795,0.0,1.0299071686177312,-2.4533856967194603,1.0,2.4533856967194603,1.0068133919100677,1.0,2.4533856967194603,0.8004196116456319,-1.0,-2.4533856967194603,0.0,0.0,0.0,0.0,0.0,0.0,0.0,2.4533856967194603,1
2024-01-09,31.02000045776367,31.13999938964844,30.51000022888184,30.59000015258789,30.59000015258789,4271600.0,-2.3307776160577807,1.8694391957474883,1.2878677364526874,1.3435640198769427,1.2462085815443429,30.577999877929688,30.54699993133545,29.704666646321616,28.6556666692098,29.66280002593994,30.670940672619366,30.519291200779683,29.86798100526129,29.62081475004072,29.96426928324791,30.453541930186223,29.975097535332047,0.4784443948541756,0.4905670071394378,0.3269054624743771,0.3269054624743771,0.3269054624743771,-0.3269054624743771,-0.3269054624743771,0.3269054624743771,0.3269054624743771,0.3269054624743771,-0.3269054624743771,0.5,0.4724999427795412,31.13999938964844,30.385899906158446,30.478999900817872,30.57209989547729,1.0,1.028356934452188,-2.3307776160577807,1.0,-2.3307776160577807,1.004968970964693,1.0,-2.3307776160577807,0.9585458656228703,-1.0,2.3307776160577807,0.0,0.0,1.0,0.00121963,0.00121963,0.996171653,0.996171653,-2.3307776160577807,1
2024-01-10,30.5,30.82999992370605,30.32999992370605,30.69000053405762,30.69000053405762,2841500.0,0.3269054624743771,1.7318856174666064,1.273208978819312,1.31947000920774,1.2412848599109003,30.69000015258789,30.570999908447263,29.79866663614909,28.70166667302449,29.64940004348755,30.677293959765453,30.550329261375676,29.92101452324815,29.655870021647832,29.978640199105527,30.48992017693567,30.02805331301542,0.4618668639202496,0.4848269784956002,0.1629170289686183,0.1629170289686183,0.1629170289686183,-0.1629170289686183,-0.1629170289686183,0.1629170289686183,0.1629170289686183,0.1629170289686183,-0.1629170289686183,0.4000015258789098,0.4815000534057622,30.82999992370605,30.10049951553345,30.19499950408936,30.289499492645263,1.0,1.0259183835883867,-0.3269054624743771,1.0,0.3269054624743771,1.0041559191491365,1.0,0.3269054624743771,0.9649396878552738,-1.0,-0.3269054624743771,0.0,0.0,0.0,0.0,0.0,0.0,0.0,0.3269054624743771,1
2024-01-11,30.60000038146973,30.78000068664551,30.3799991607666,30.73999977111816,30.73999977111816,3779700.0,0.1629170289686183,1.7327141814011031,1.2699829076634797,1.314064593612464,1.2251844546851365,30.78199996948242,30.588999938964843,29.897999954223632,28.740666675567628,29.63530002593994,30.698195896883025,30.58481480860158,29.97385228117525,29.691415259335383,29.993716626274093,30.528393960656054,30.080790087689696,0.4476038729663578,0.4773823573897517,-0.4554306788901383,-0.4554306788901383,-0.4554306788901383,0.4554306788901383,0.4554306788901383,-0.4554306788901383,-0.4554306788901383,-0.4554306788901383,0.4554306788901383,0.4300003051757883,0.4720000267028817,30.78000068664551,29.770699806213376,29.866999816894527,29.96329982757568,0.0,1.0231119133654154,-0.1629170289686183,1.0,0.1629170289686183,1.003707103966167,1.0,0.1629170289686183,0.9664539428554266,-1.0,-0.1629170289686183,0.0,0.0,0.0,0.0,0.0,0.0,0.0,0.1629170289686183,-1
2024-01-12,30.90999984741211,31.01000022888184,30.57999992370605,30.60000038146973,30.60000038146973,4333700.0,-0.4554306788901383,1.7166480508601367,1.278634952907802,1.3120788122178324,1.2222767815714668,30.788000106811523,30.58600006103516,29.977333323160806,28.780833339691164,29.62130002975464,30.665464058411928,30.58757582185033,30.014248932807156,29.721204935470936,30.00572224518886,30.539410333088927,30.11925010945118,0.4201602236377475,0.4659379306393509,-1.2418335404510537,-1.2418335404510537,-1.2418335404510537,1.2418335404510537,1.2418335404510537,-1.2418335404510537,-1.2418335404510537,-1.2418335404510537,1.2418335404510537,0.4300003051757812,0.4460000991821298,31.01000022888184,29.74160062789917,29.83600063323975,29.930400638580323,0.0,1.0203042322448372,0.4554306788901383,1.0,-0.4554306788901383,1.002546401094851,1.0,-0.4554306788901383,0.9745107847191743,-1.0,0.4554306788901383,0.0,0.0,0.0,0.0,0.0,0.0,0.0,0.4554306788901383,1
2024-01-16,30.32999992370605,30.39999961853027,29.96999931335449,30.21999931335449,30.21999931335449,5246400.0,-1.2418335404510537,1.0967795876467406,1.327695868204409,1.1635983826183027,1.2006213114994797,30.568000030517577,30.56299991607666,30.034999974568684,28.824499988555907,29.60390003204345,30.51697581005945,30.52074372939654,30.027523150906983,29.737558849499905,30.00996535544957,30.490270176206707,30.12671301344401,0.3635571627626923,0.4454617770640192,-1.224351225320024,-1.224351225320024,-1.224351225320024,1.224351225320024,1.224351225320024,1.224351225320024,-1.224351225320024,-1.224351225320024,1.224351225320024,0.3700008392333913,0.4445001602172859,30.39999961853027,30.028800010681152,30.118000030517575,30.207200050354007,0.0,1.0175794886617295,1.2418335404510537,1.0,-1.2418335404510537,0.9998765456251494,-1.0,-1.2418335404510537,1.1410258797514465,1.0,1.2418335404510537,0.0,0.0,0.0,0.0,0.0,0.0,0.0,-1.2418335404510537,1
2024-01-17,29.95000076293945,30.07999992370605,29.70999908447266,29.85000038146973,29.85000038146973,2826000.0,-1.224351225320024,0.7415000530454068,1.3735181955710665,1.1913959948823911,1.2098054633684527,30.420000076293945,30.49899997711181,30.068666648864745,28.86483332316081,29.58040002822876,30.29465066719621,30.398790393409843,30.01607006900781,29.741245457105475,30.00679773220244,30.391767130862554,30.10621578144592,0.2855513494166359,0.4134796915345426,-1.0385241607394438,1.0385241607394438,1.0385241607394438,-1.0385241607394438,-1.0385241607394438,-1.0385241607394438,1.0385241607394438,1.0385241607394438,-1.0385241607394438,0.3999996185302699,0.4425001144409183,30.07999992370605,29.42209926605224,29.510999298095697,29.59989933013916,1.0,1.014311686423359,1.224351225320024,1.0,-1.224351225320024,0.9965742148004609,-1.0,1.224351225320024,1.152864539977452,1.0,-1.224351225320024,0.0,0.0,0.0,0.0,0.0,0.0,0.0,-1.224351225320024,-1
2024-01-18,30.1299991607666,30.32999992370605,29.93000030517578,30.15999984741211,30.15999984741211,4969200.0,1.0385241607394438,0.9697780758623304,1.3773501264516037,1.1881703688810936,1.2064780199162666,30.313999938964844,30.502000045776366,30.111999956766763,28.914666652679443,29.56250001907349,30.24976706060151,30.35537393050117,30.025355861162925,29.754975109246672,30.009831437454118,30.356110625716333,30.110199786332306,0.245910839384031,0.3799659211044403,-0.9283842442377762,0.9283842442377762,0.9283842442377762,-0.9283842442377762,-0.9283842442377762,-0.9283842442377762,0.9283842442377762,0.9283842442377762,-0.9283842442377762,0.7399997711181605,0.4670001029968263,30.32999992370605,29.10649967193603,29.19499969482421,29.2834997177124,1.0,1.0129516501583935,-1.0385241607394438,1.0,1.0385241607394438,0.9965209827379676,-1.0,-1.0385241607394438,1.1592193868196374,1.0,1.0385241607394438,0.0,0.0,0.0,0.0,0.0,0.0,0.0,-1.0385241607394438,-1
2024-01-19,30.20999908447266,30.55999946594238,29.81999969482422,30.44000053405762,30.44000053405762,5534500.0,0.9283842442377762,1.118787312167761,1.4005327099159095,1.1880958068916887,1.2020450146479484,30.254000091552733,30.518000030517577,30.178000005086265,28.97316665649414,29.542600021362304,30.31317821842021,30.370760585693247,30.052107130381938,29.777434959240477,30.01834963738685,30.369016765461147,30.134629471348997,0.2343872941121532,0.3508501957059829,-0.5913281932251787,0.5913281932251787,0.5913281932251787,-0.5913281932251787,-0.5913281932251787,-0.5913281932251787,0.5913281932251787,0.5913281932251787,-0.5913281932251787,0.2800006866455078,0.4470001220703123,30.55999946594238,29.302599697113035,29.3959997177124,29.489399738311764,1.0,1.0112664863600638,-0.9283842442377762,1.0,0.9283842442377762,0.998104019584542,-1.0,-0.9283842442377762,1.178804522153816,1.0,0.9283842442377762,0.0,0.0,0.0,0.0,0.0,0.0,0.0,-0.9283842442377762,-1
2024-01-22,30.5,30.77000045776367,30.48999977111816,30.6200008392334,30.6200008392334,5276200.0,0.5913281932251787,1.1542952965611224,1.3791114077066715,1.0864150975288829,1.201410185035113,30.25800018310547,30.52300014495849,30.239000002543133,29.035833326975503,29.52230001449585,30.415452425357945,30.41607699542782,30.088745434178808,29.805060070059916,30.030263522571936,30.407629699887647,30.1705829060071,0.2370467938805482,0.328089515340896,1.0450737864214232,-1.0450737864214232,-1.0450737864214232,1.0450737864214232,1.0450737864214232,1.0450737864214232,-1.0450737864214232,-1.0450737864214232,1.0450737864214232,0.5300006866455007,0.4550001144409172,30.77000045776367,29.576599197387694,29.665999221801755,29.755399246215816,0.0,1.0093918496772867,-0.5913281932251787,1.0,0.5913281932251787,0.9999794657913982,-1.0,-0.5913281932251787,1.2694148036450748,1.0,0.5913281932251787,0.0,0.0,1.0,0.001038665,0.001038665,0.996763945,0.996763945,-0.5913281932251787,1
2024-01-23,30.61000061035156,30.82999992370605,30.29999923706055,30.29999923706055,30.29999923706055,6164200.0,-1.0450737864214232,1.1027954802460544,1.112602050987559,1.072746525562886,1.2107653839856352,30.27400016784668,30.42100009918213,30.28199996948242,29.09449996948242,29.496299991607668,30.37696802925881,30.39497194845195,30.102374711784083,29.821287583732065,30.03560482384894,30.391071167145014,30.180169300899948,0.2109018662450701,0.3046519855217308,-0.2310283958265834,0.2310283958265834,0.2310283958265834,-0.2310283958265834,-0.2310283958265834,-0.2310283958265834,0.2310283958265834,0.2310283958265834,-0.2310283958265834,0.370000839233402,0.4555001258850094,30.82999992370605,29.76900020599365,29.860000228881837,29.95100025177002,1.0,1.0045901898764873,1.0450737864214232,1.0,-1.0450737864214232,0.99940766784639,-1.0,1.0450737864214232,1.0371527891024956,1.0,-1.0450737864214232,0.0,0.0,0.0,0.0,0.0,0.0,0.0,-1.0450737864214232,1
2024-01-24,30.52000045776367,30.68000030517578,30.30999946594238,30.3700008392334,30.3700008392334,5495700.0,0.2310283958265834,0.8407156942890651,0.867332129150325,1.073296008842895,1.2099123485615275,30.37800025939941,30.39900016784668,30.323999977111814,29.151833311716715,29.47240001678467,30.37464563258368,30.39043174677585,30.11964091355501,29.83927818227309,30.04222652712388,30.38782957823554,30.19423089633206,0.1935986819034809,0.2824413247980809,-1.4817215777270925,1.4817215777270925,1.4817215777270925,-1.4817215777270925,-1.4817215777270925,-1.4817215777270925,1.4817215777270925,1.4817215777270925,-1.4817215777270925,0.5599994659423793,0.4635001182556143,30.68000030517578,29.82789964675903,29.91899967193603,30.010099697113034,1.0,1.0024732947761337,-0.2310283958265834,1.0,0.2310283958265834,0.9994805564355351,-1.0,-0.2310283958265834,0.8081015134728612,-1.0,0.2310283958265834,0.0,0.0,0.0,0.0,0.0,0.0,0.0,0.2310283958265834,-1
2024-01-25,30.60000038146973,31.06999969482422,30.51000022888184,30.81999969482422,30.81999969482422,4926900.0,1.4817215777270925,0.9481145382673548,0.9935607984612764,1.11170016313637,1.2052516393831991,30.51000022888184,30.41200008392334,30.36799996693929,29.22233330408732,29.45240001678467,30.52309698666386,30.46853501005737,30.16482535105625,29.87143298596329,30.05762797598923,30.454317288479952,30.24058414066481,0.2137331478151409,0.2686996894014929,0.129788825189566,0.129788825189566,0.129788825189566,-0.129788825189566,-0.129788825189566,0.129788825189566,0.129788825189566,0.129788825189566,-0.129788825189566,0.2999992370605504,0.4680001258850092,31.06999969482422,29.66030004501343,29.75300006866455,29.845700092315678,1.0,1.001448897425973,-1.4817215777270925,1.0,1.4817215777270925,1.001790764688505,1.0,-1.4817215777270925,0.8937309100128271,-1.0,-1.4817215777270925,0.0,0.0,0.0,0.0,0.0,0.0,0.0,-1.4817215777270925,1
2024-01-26,30.93000030517578,31.09000015258789,30.79000091552734,30.86000061035156,30.86000061035156,4596600.0,0.129788825189566,0.9112926300505536,0.9931854794743274,1.109670856449924,1.2053564257817773,30.594000244140624,30.42400016784668,30.41633332570394,29.292333316802974,29.43240001678467,30.63539819455976,30.53971057374722,30.209675367784985,29.903845039221924,30.073516543006303,30.51673010722943,30.28646684212309,0.2302632651063412,0.2610124045424626,0.9397245704571852,0.9397245704571852,0.9397245704571852,-0.9397245704571852,-0.9397245704571852,0.9397245704571852,0.9397245704571852,0.9397245704571852,-0.9397245704571852,0.4099998474121129,0.4800001144409178,31.09000015258789,30.0403994178772,30.1339994430542,30.2275994682312,1.0,1.000252063325998,-0.129788825189566,1.0,0.129788825189566,1.0031332196348577,1.0,0.129788825189566,0.8950270917736288,-1.0,-0.129788825189566,0.0,0.0,0.0,0.0,0.0,0.0,0.0,0.129788825189566,1
2024-01-29,30.79999923706055,31.18000030517578,30.77000045776367,31.14999961853027,31.14999961853027,7017200.0,0.9397245704571852,0.9536002897974772,1.0131168847352956,1.126793892655773,1.2085396586332222,30.7,30.47900009155273,30.465333302815758,29.36549997329712,29.42190000534057,30.80693200254993,30.650672218253227,30.270341448478227,29.94470256641236,30.09483303955133,30.614156185891098,30.350432232968068,0.2637239529230299,0.2615547142185761,6.902085537270125,6.902085537270125,6.902085537270125,-6.902085537270125,-6.902085537270125,6.902085537270125,6.902085537270125,6.902085537270125,6.902085537270125,1.279998779296882,0.5270000457763674,31.18000030517578,30.03399990081787,30.129999923706052,30.22599994659424,1.0,1.0004486013201015,-0.9397245704571852,1.0,0.9397245704571852,1.0050980866972192,1.0,0.9397245704571852,0.8991146396324985,-1.0,-0.9397245704571852,0.0,0.0,0.0,0.0,0.0,0.0,0.0,0.9397245704571852,1
2024-01-30,32.79999923706055,33.86999893188477,32.59000015258789,33.29999923706055,33.29999923706055,11379800.0,6.902085537270125,2.82976422941856,2.253947303301997,1.8814959454085471,1.478647337654553,31.3,30.78700008392334,30.556333287556967,29.47616662979126,29.436299991607665,31.637954414053475,31.13236803985456,30.465803241289997,30.05471229331885,30.15830167712577,31.02736280914793,30.568918677715654,0.4584441314322767,0.3009325976613162,-2.432425156611655,-2.432425156611655,-2.432425156611655,-2.432425156611655,2.432425156611655,-2.432425156611655,-2.432425156611655,-2.432425156611655,-2.432425156611655,1.029998779296875,0.546000003814697,33.86999893188477,30.02060020446777,30.126000213623048,30.23140022277832,0.0,1.007548903011223,6.902085537270125,1.0,6.902085537270125,1.0162398945544933,1.0,6.902085537270125,1.1979549085940635,1.0,-6.902085537270125,0.0,0.0,0.0,0.0,0.0,0.0,0.0,6.902085537270125,-1
2024-01-31,33.31999969482422,33.38999938964844,32.36000061035156,32.4900016784668,32.4900016784668,10103800.0,-2.432425156611655,3.420245197102952,2.413017498039624,1.989633932438028,1.4906613758676983,31.72400016784668,31.05100021362305,30.624000040690103,29.5613333384196,29.446000003814696,31.92197016885792,31.37921051960224,30.59639668884979,30.13455784693026,30.20447395438005,31.252384173658527,30.711221122215743,0.5411630514427834,0.3489786884176097,-1.2311526784069478,-1.2311526784069478,-1.2311526784069478,-1.2311526784069478,1.2311526784069478,-1.2311526784069478,-1.2311526784069478,-1.2311526784069478,-1.2311526784069478,0.669998168945309,0.5609998703002926,33.38999938964844,32.66879892349244,32.77799892425538,32.88719892501832,0.0,1.0139433180631396,-2.432425156611655,1.0,-2.432425156611655,1.0172967911004844,1.0,-2.432425156611655,1.2127947049449426,1.0,-2.432425156611655,0.0,0.0,0.0,0.0,0.0,0.0,0.0,2.432425156611655,-1
2024-02-01,32.34999847412109,32.43999862670898,31.77000045776367,32.09000015258789,32.09000015258789,5168400.0,-1.2311526784069478,3.6145308158645215,2.501215815352281,1.9916891091782665,1.4862546923516926,31.978000259399412,31.244000244140626,30.690333366394043,29.6306666692098,29.453199996948243,31.977980163434577,31.508444998326897,30.692758202639347,30.19867070941084,30.241811106819807,31.38124817041689,30.81335290224331,0.5678952681735794,0.3927620043688036,0.4985972161150214,0.4985972161150214,0.4985972161150214,0.4985972161150214,-0.4985972161150214,0.4985972161150214,0.4985972161150214,0.4985972161150214,0.4985972161150214,0.5699977874755824,0.5629998207092282,32.43999862670898,32.15579967498779,32.26799964904785,32.38019962310791,1.0,1.0180404321822338,-1.2311526784069478,1.0,-1.2311526784069478,1.014901883134271,1.0,-1.2311526784069478,1.2558264258342184,1.0,-1.2311526784069478,0.0,0.0,0.0,0.0,0.0,0.0,0.0,1.2311526784069478,-1
2024-02-02,31.95000076293945,32.41999816894531,31.85000038146973,32.25,32.25,4246800.0,0.4985972161150214,3.5995954099937264,2.4995840487956715,1.9916923608847767,1.4808340062095453,32.2560001373291,31.425000190734863,30.752666727701826,29.70616668065389,29.46539999008179,32.068653442289715,31.64327318044928,30.79322541537229,30.26592740746294,30.281577223516443,31.514902298045055,30.919771205780844,0.5951310922642143,0.4332358219478858,-0.7441912510598353,-0.7441912510598353,-0.7441912510598353,-0.7441912510598353,0.7441912510598353,-0.7441912510598353,-0.7441912510598353,-0.7441912510598353,-0.7441912510598353,0.4300022125244247,0.5584999084472659,32.41999816894531,31.201399021148674,31.31399898529052,31.426598949432368,0.0,1.0218626068752406,0.4985972161150214,1.0,0.4985972161150214,1.0134429917984356,1.0,0.4985972161150214,1.2550050890817657,1.0,0.4985972161150214,0.0,0.0,0.0,0.0,0.0,0.0,0.0,-0.4985972161150214,-1
2024-02-05,31.98999977111816,32.15000152587891,31.71999931335449,32.0099983215332,32.0099983215332,9026400.0,-0.7441912510598353,3.677027576111602,2.5359027656261737,1.9999835675960285,1.4788698775616504,32.427999877929686,31.563999938964844,30.828000005086263,29.781833330790203,29.47159997940064,32.04910173537088,31.709950478828173,30.87172689318913,30.323110060383275,30.31580338387321,31.59107091704324,31.000528769910648,0.590542147132588,0.4646970869848263,0.0937288208914109,0.0937288208914109,0.0937288208914109,0.0937288208914109,-0.0937288208914109,0.0937288208914109,0.0937288208914109,0.0937288208914109,0.0937288208914109,0.2500000000000035,0.5289999008178716,32.15000152587891,31.191298370361327,31.302998352050786,31.414698333740237,1.0,1.0238743977474098,-0.7441912510598353,1.0,-0.7441912510598353,1.0106954205674068,1.0,-0.7441912510598353,1.267961800643351,1.0,-0.7441912510598353,0.0,0.0,0.0,0.0,0.0,0.0,0.0,0.7441912510598353,1
2024-02-06,32.11000061035156,32.20000076293945,31.95000076293945,32.04000091552734,32.04000091552734,3984500.0,0.0937288208914109,1.1545684065767612,2.4852188252086065,1.9315244259974995,1.4748669542358552,32.17600021362305,31.738000106811523,30.89000002543132,29.860666688283285,29.47939998626709,32.04606812875637,31.76995964913711,30.94709941075934,30.37940156383062,30.3499459092525,31.660137070656177,31.077526706623,0.5826103640331795,0.4882797423944969,-0.7802746343831738,-0.7802746343831738,-0.7802746343831738,-0.7802746343831738,0.7802746343831738,-0.7802746343831738,-0.7802746343831738,-0.7802746343831738,-0.7802746343831738,0.5599994659423935,0.5254999160766612,32.20000076293945,30.986201744079597,31.09200172424317,31.197801704406743,0.0,1.0274522525309826,0.0937288208914109,1.0,0.0937288208914109,1.008690866550306,1.0,0.0937288208914109,1.2866618675687531,1.0,0.0937288208914109,0.0,0.0,0.0,0.0,0.0,0.0,0.0,0.0937288208914109,1
2024-02-07,32.06000137329102,32.11999893188477,31.55999946594238,31.79000091552734,31.79000091552734,3955800.0,-0.7802746343831738,0.7070720269548807,2.5216185926581685,1.8572035122104809,1.47361251867648,32.03600006103515,31.88000011444092,30.942000071207683,29.939333375295003,29.4825,31.96071239101336,31.773603515753518,31.00148015300244,30.42565072290264,30.37846184997081,31.68011612371328,31.130302573949244,0.5498135497640355,0.5005865038684048,-0.1887429114910838,-0.1887429114910838,-0.1887429114910838,-0.1887429114910838,0.1887429114910838,-0.1887429114910838,-0.1887429114910838,-0.1887429114910838,-0.1887429114910838,0.2799987792968679,0.5144998550415046,32.11999893188477,31.0439009475708,31.14900093078613,31.254100914001462,0.0,1.0303147838237539,-0.7802746343831738,1.0,-0.7802746343831738,1.0058888150715128,1.0,-0.7802746343831738,1.3577502821200718,1.0,-0.7802746343831738,0.0,0.0,0.0,0.0,0.0,0.0,0.0,-0.7802746343831738,-1
2024-02-08,31.70999908447266,31.80999946594238,31.53000068664551,31.72999954223633,31.72999954223633,3542500.0,-0.1887429114910838,0.5487216173381233,2.5035755195414544,1.8590515451115448,1.4517103042949209,31.963999938964843,31.971000099182127,30.984666697184245,30.006833362579343,29.4875,31.883808108087685,31.76567552056857,31.04848140392076,30.46841625796276,30.40522497258993,31.68779049579375,31.174724571600137,0.5130659241936115,0.5030823879334462,-0.97699772380506,0.97699772380506,0.97699772380506,0.97699772380506,-0.97699772380506,0.97699772380506,0.97699772380506,0.97699772380506,0.97699772380506,0.4699993133544957,0.517999744415284,31.80999946594238,30.98809925079346,31.090999221801763,31.193899192810065,1.0,1.0318329518157288,-0.1887429114910838,1.0,-0.1887429114910838,1.0037188753452644,1.0,-0.1887429114910838,1.3466950532515964,1.0,-0.1887429114910838,0.0,0.0,0.0,0.0,0.0,0.0,0.0,0.1887429114910838,1
2024-02-09,31.64999961853027,32.04999923706055,31.57999992370605,32.04000091552734,32.04000091552734,2844500.0,0.97699772380506,0.7209413924085346,2.5107962917414324,1.867488219172576,1.454776232150349,31.922000122070312,32.089000129699706,31.03400007883708,30.078833389282227,29.492200012207032,31.93587237723424,31.81555286510653,31.11245040466957,30.51994362378455,30.437596773440177,31.741976714214303,31.238819115594744,0.5031575986195591,0.5030974300706688,-0.4369518902872366,0.4369518902872366,0.4369518902872366,0.4369518902872366,-0.4369518902872366,0.4369518902872366,0.4369518902872366,0.4369518902872366,0.4369518902872366,0.4700012207031179,0.5199997901916504,32.04999923706055,30.670400028228755,30.77399997711181,30.87759992599487,1.0,1.0339949748077129,0.97699772380506,1.0,0.97699772380506,1.0037817828480884,1.0,0.97699772380506,1.344477713949856,1.0,0.97699772380506,0.0,0.0,0.0,0.0,0.0,0.0,0.0,0.97699772380506,1
2024-02-12,32.02999877929688,32.38000106811523,31.90999984741211,32.18000030517578,32.18000030517578,3206300.0,0.4369518902872366,0.6596699704436003,2.5038885476503188,1.8610646364081915,1.4200278617548443,31.956000518798824,32.192000198364255,31.08566678365072,30.14083340962728,29.49520002365112,32.017248353214754,31.88181603602821,31.181324591799005,30.574371711699012,30.472099813672564,31.809364958977604,31.308536240748897,0.500828718228707,0.5026436877022764,2.7967669670454147,-2.7967669670454147,-2.7967669670454147,-2.7967669670454147,2.7967669670454147,-2.7967669670454147,-2.7967669670454147,-2.7967669670454147,2.7967669670454147,0.8600006103515625,0.5414998054504394,32.38000106811523,30.905999698638915,31.009999656677245,31.113999614715578,0.0,1.0355898241595836,0.4369518902872366,1.0,0.4369518902872366,1.0042479486436249,1.0,0.4369518902872366,1.345406547771904,1.0,0.4369518902872366,0.0,0.0,1.0,0.297256678,0.297256678,0.661708176,0.661708176,0.4369518902872366,-1
2024-02-13,31.67000007629395,31.82999992370605,30.96999931335449,31.28000068664551,31.28000068664551,5065200.0,-2.7967669670454147,1.4582167095577494,1.249529315459793,1.9574433548222032,1.4580570144782494,31.804000473022462,31.990000343322755,31.11333344777425,30.179666741689047,29.491800022125243,31.77149913102501,31.77239506341317,31.18769079146653,30.59750708792677,30.488097850761136,31.727924301695744,31.306422496000497,0.4215018056952466,0.4864153113008704,-1.5025553166152812,1.5025553166152812,1.5025553166152812,1.5025553166152812,-1.5025553166152812,-1.5025553166152812,1.5025553166152812,1.5025553166152812,-1.5025553166152812,0.3999996185302699,0.5429997444152834,31.82999992370605,31.18870149612426,31.29700145721435,31.40530141830444,1.0,1.0281765660699793,2.7967669670454147,1.0,-2.7967669670454147,0.999971801547023,-1.0,-2.7967669670454147,0.6383476244058613,-1.0,-2.7967669670454147,0.0,0.0,1.0,0.003071166,0.003071166,0.982672811,0.982672811,2.7967669670454147,-1
2024-02-14,31.59000015258789,31.80999946594238,31.40999984741211,31.75,31.75,3888800.0,1.5025553166152812,1.67777389748025,1.2336985250247454,1.9486717777494875,1.4417634173712657,31.796000289916996,31.916000175476075,31.15533345540365,30.23583342234293,29.497500019073485,31.764332754016674,31.768323233701683,31.2239688049203,30.635293740781627,30.5130860121322,31.731320562973323,31.33928008888935,0.3920404740839736,0.4675403438574911,-0.881885919045298,0.881885919045298,0.881885919045298,0.881885919045298,-0.881885919045298,-0.881885919045298,0.881885919045298,0.881885919045298,-0.881885919045298,0.4100017547607386,0.5434998512268068,31.80999946594238,30.635400485992427,30.744000434875485,30.852600383758546,1.0,1.0244152970200515,-1.5025553166152812,1.0,1.5025553166152812,0.9998743880923254,-1.0,-1.5025553166152812,0.6330971378102157,-1.0,-1.5025553166152812,0.0,0.0,0.0,0.0,0.0,0.0,0.0,-1.5025553166152812,1
2024-02-15,31.80999946594238,32.22000122070312,31.80999946594238,32.02999877929688,32.02999877929688,3589000.0,0.881885919045298,1.7177093866483564,1.2227922166573053,1.945972957498267,1.4443473003085532,31.8560001373291,31.91000003814697,31.218666776021323,30.295000076293945,29.50560001373291,31.85288809577675,31.81590060562808,31.27597073875105,30.681021774831308,30.54312388870972,31.777271057792333,31.390444436326945,0.3868266214653886,0.4513975993790706,0.374645446325574,-0.374645446325574,-0.374645446325574,-0.374645446325574,0.374645446325574,-0.374645446325574,-0.374645446325574,-0.374645446325574,0.374645446325574,0.4799995422363317,0.5304998397827154,32.22000122070312,30.614299793243404,30.722999763488765,30.831699733734126,0.0,1.0221448682317418,-0.881885919045298,1.0,0.881885919045298,1.0011625473252241,1.0,-0.881885919045298,0.628370611187383,-1.0,-0.881885919045298,0.0,0.0,0.0,0.0,0.0,0.0,0.0,0.881885919045298,-1
2024-02-16,31.93000030517578,32.20999908447266,31.72999954223633,31.90999984741211,31.90999984741211,3373900.0,-0.374645446325574,1.6706349231819064,1.2134278172896398,1.9463028818228367,1.4418416126161573,31.82999992370605,31.876000022888185,31.273000081380207,30.35533339182536,29.515000019073486,31.87192534632187,31.83300955867972,31.316875842535637,30.721316137866744,30.570190739377093,31.79769087157999,31.42893002233325,0.3687608492467369,0.4348702493526039,-1.1908526165224824,1.1908526165224824,1.1908526165224824,1.1908526165224824,-1.1908526165224824,1.1908526165224824,1.1908526165224824,1.1908526165224824,-1.1908526165224824,0.6700000762939453,0.5499998092651373,32.20999908447266,31.052901573181146,31.159001541137687,31.26510150909423,1.0,1.0192818066683345,0.374645446325574,1.0,-0.374645446325574,1.0012224979096123,1.0,-0.374645446325574,0.6234527157218137,-1.0,0.374645446325574,0.0,0.0,0.0,0.0,0.0,0.0,0.0,0.374645446325574,-1
2024-02-20,31.63999938964844,32.29999923706055,31.6299991607666,32.29000091552734,32.29000091552734,5561900.0,1.1908526165224824,1.759486135428692,1.252803091413884,1.95636809971484,1.4429389056192006,31.852000045776368,31.9040002822876,31.330333455403647,30.42500006357829,29.536700019836427,32.01128386939036,31.91609889628837,31.379658105309293,30.772748425658893,30.604246386429573,31.87343087834112,31.492713051458743,0.3807178268823783,0.4240397648585588,0.1238801932275615,-0.1238801932275615,-0.1238801932275615,-0.1238801932275615,0.1238801932275615,-0.1238801932275615,-0.1238801932275615,-0.1238801932275615,0.1238801932275615,0.4099998474121165,0.543999767303468,32.29999923706055,30.99999950408936,31.109999465942387,31.21999942779541,0.0,1.018310268791123,-1.1908526165224824,1.0,1.1908526165224824,1.0029823498608428,1.0,1.1908526165224824,0.6403718664174152,-1.0,-1.1908526165224824,0.0,1.0,0.0,0.159146249,0.159146249,0.100151151,0.100151151,-1.1908526165224824,-1
2024-02-21,32.20000076293945,32.45999908447266,32.04999923706055,32.25,32.25,3922400.0,-0.1238801932275615,0.8240039735726788,1.2547017023163698,1.9341572816789865,1.4436897788936045,32.045999908447264,31.925000190734863,31.361333465576173,30.493166732788087,29.558600025177,32.09085591292691,31.976808187872305,31.43580919528934,30.82118290350614,30.636835566896316,31.931364589365565,31.54880838098032,0.382556208385246,0.4157430535638963,1.3643368270045806,1.3643368270045806,1.3643368270045806,1.3643368270045806,-1.3643368270045806,1.3643368270045806,1.3643368270045806,1.3643368270045806,-1.3643368270045806,0.6300010681152273,0.5569997787475593,32.45999908447266,31.10319974899292,31.21199970245361,31.320799655914303,1.0,1.0179733022442237,0.1238801932275615,1.0,-0.1238801932275615,1.0035665762631638,1.0,-0.1238801932275615,0.648707172990192,-1.0,0.1238801932275615,0.0,0.0,0.0,0.0,0.0,0.0,0.0,0.1238801932275615,1
2024-02-22,32.29999923706055,32.72000122070312,32.09000015258789,32.68999862670898,32.68999862670898,4716700.0,1.3643368270045806,0.7883461047986874,1.27585256192274,1.947668775476324,1.4509415808649788,32.23399963378906,32.01499996185303,31.431333414713546,30.568000030517577,29.58230001449585,32.290570150854265,32.1064791767517,31.516724642477705,30.88245555016853,30.67749226115003,32.04807751818763,31.633340991775032,0.4147365264126001,0.4155417481336371,0.0,0.0,0.0,0.0,0.0,0.0,0.0,0.0,0.0,0.3100013732910085,0.5444998741149908,32.72000122070312,31.23459957122803,31.345999526977543,31.45739948272705,0.0,1.0185695763981257,-1.3643368270045806,1.0,1.3643368270045806,1.005733763988543,1.0,1.3643368270045806,0.655066496925647,-1.0,-1.3643368270045806,0.0,0.0,0.0,0.0,0.0,0.0,0.0,1.3643368270045806,-1
2024-02-23,32.77000045776367,32.77000045776367,32.45999908447266,32.68999862670898,32.68999862670898,2885300.0,0.0,0.8045615644577262,1.2694132640921043,1.9319275059737209,1.439253141729661,32.36599960327148,32.11099987030029,31.49800001780192,30.648333326975504,29.604500007629397,32.42371297613917,32.21257362219848,31.592419738234565,30.94171925759608,30.71734387234921,32.146834611806305,31.711611927696065,0.43522268411024,0.4194779353289576,-0.5506280597659831,-0.5506280597659831,-0.5506280597659831,-0.5506280597659831,0.5506280597659831,-0.5506280597659831,-0.5506280597659831,-0.5506280597659831,-0.5506280597659831,0.2600021362304687,0.5425000190734867,32.77000045776367,31.522101497650137,31.631001472473137,31.73990144729613,0.0,1.0194615484205956,0.0,1.0,0.0,1.0065545633334678,1.0,0.0,0.6570708580766857,-1.0,-0.0,0.0,0.0,0.0,0.0,0.0,0.0,0.0,-0.0,-1
2024-02-26,32.61000061035156,32.77000045776367,32.5099983215332,32.5099983215332,32.5099983215332,4089800.0,-0.5506280597659831,0.850101486028257,1.27158592118685,1.9412784850616431,1.4406253804983693,32.485999298095706,32.15799961090088,31.556999969482423,30.727499961853027,29.6275,32.45247475793718,32.26665084025934,31.6516183565119,30.993138243298933,30.752841980253844,32.20270595176429,31.77075166057289,0.4319542911913956,0.4219732065014452,-0.2460720408725296,-0.2460720408725296,-0.2460720408725296,-0.2460720408725296,0.2460720408725296,-0.2460720408725296,-0.2460720408725296,-0.2460720408725296,-0.2460720408725296,0.4199981689453125,0.5429999351501467,32.77000045776367,31.576500415802,31.6850004196167,31.7935004234314,0.0,1.0190448915296024,-0.5506280597659831,1.0,-0.5506280597659831,1.00575900853788,1.0,-0.5506280597659831,0.6550249904750128,-1.0,0.5506280597659831,0.0,0.0,0.0,0.0,0.0,0.0,0.0,0.5506280597659831,-1
2024-02-27,32.65999984741211,32.7599983215332,32.34000015258789,32.43000030517578,32.43000030517578,2533800.0,-0.2460720408725296,0.7418086035419154,1.2729862032303394,1.9381182052579629,1.430566111651592,32.51399917602539,32.18299961090088,31.61799996693929,30.79766664505005,29.65159999847412,32.444983273683384,32.29635074297142,31.70183654674828,31.04024847483588,30.786053036192893,32.2376743138276,31.81958489350644,0.4180894203211558,0.4211964492653874,-1.0484124248794011,-1.0484124248794011,-1.0484124248794011,-1.0484124248794011,1.0484124248794011,-1.0484124248794011,-1.0484124248794011,-1.0484124248794011,1.0484124248794011,0.4100017547607386,0.4995000839233395,32.7599983215332,31.575400600433348,31.68400058746338,31.79260057449341,0.0,1.0178695567256744,-0.2460720408725296,1.0,-0.2460720408725296,1.0046021462887509,1.0,-0.2460720408725296,0.6568155645908632,-1.0,0.2460720408725296,0.0,0.0,0.0,0.0,0.0,0.0,0.0,0.2460720408725296,1
2024-02-28,32.02999877929688,32.22000122070312,31.80999946594238,32.09000015258789,32.09000015258789,3000400.0,-1.0484124248794011,0.9052758205661768,0.8981239277907502,1.1505444102294726,1.4369910418289296,32.481999206542966,32.26399955749512,31.68033332824707,30.85766665140788,29.67180000305176,32.32665556665155,32.258832453810776,31.72687936002826,31.074666562631023,30.81187377117101,32.21495521209841,31.8396156534384,0.3753395586600092,0.4120250711443118,0.4674400908870342,0.4674400908870342,0.4674400908870342,0.4674400908870342,-0.4674400908870342,0.4674400908870342,0.4674400908870342,0.4674400908870342,-0.4674400908870342,0.2700004577636861,0.46150016784668,32.22000122070312,31.661098136901856,31.76099815368653,31.86089817047119,1.0,1.0184236138932174,1.0484124248794011,1.0,-1.0484124248794011,1.0021024664466047,1.0,-1.0484124248794011,0.7806077886307945,-1.0,1.0484124248794011,0.0,0.0,0.0,0.0,0.0,0.0,0.0,-1.0484124248794011,-1
2024-02-29,32.2599983215332,32.40000152587891,32.13000106811523,32.2400016784668,32.2400016784668,6684800.0,0.4674400908870342,0.5704856030791778,0.7923769437238595,1.0277279023343993,1.4311822251108146,32.39199981689453,32.3129997253418,31.760000038146973,30.91433334350586,29.69740001678467,32.29777093725664,32.255408676475504,31.75998402573397,31.11287427134695,30.84015353171152,32.21880851461662,31.869273877514576,0.3495346371020424,0.399526984335858,0.6513618906320198,0.6513618906320198,0.6513618906320198,0.6513618906320198,-0.6513618906320198,0.6513618906320198,0.6513618906320198,0.6513618906320198,-0.6513618906320198,0.5399971008300852,0.4550001144409188,32.40000152587891,31.20470085144042,31.29700088500976,31.38930091857909,1.0,1.017411828920989,-0.4674400908870342,1.0,0.4674400908870342,1.001313338212702,1.0,0.4674400908870342,0.7709987652607665,-1.0,-0.4674400908870342,0.0,0.0,0.0,0.0,0.0,0.0,0.0,-0.4674400908870342,1
2024-03-01,32.29000091552734,32.61999893188477,32.08000183105469,32.45000076293945,32.45000076293945,4710900.0,0.6513618906320198,0.7071383301755293,0.7720067888426208,0.9980508992306276,1.432282360442243,32.344000244140624,32.35499992370605,31.836333401997884,30.974166679382325,29.726100025177,32.34851421248425,32.29078905583258,31.80450123458594,31.156714484186047,30.87203169470613,32.25437655282013,31.912290683842347,0.3420858689777866,0.3880387612642437,-2.865948484777573,2.865948484777573,2.865948484777573,2.865948484777573,-2.865948484777573,2.865948484777573,2.865948484777573,2.865948484777573,-2.865948484777573,1.2800025939941406,0.4905003547668468,32.61999893188477,31.39900127410889,31.490001296997075,31.58100131988526,1.0,1.0162916537893658,-0.6513618906320198,1.0,0.6513618906320198,1.001787666338901,1.0,0.6513618906320198,0.773514446445308,-1.0,-0.6513618906320198,0.0,0.0,0.0,0.0,0.0,0.0,0.0,0.6513618906320198,1
2024-03-04,32.36000061035156,33.56000137329102,32.27999877929688,33.38000106811523,33.38000106811523,5846000.0,2.865948484777573,1.4636125767888843,1.131610455274953,1.1770646295656757,1.457174045741724,32.518000793457034,32.50200004577637,31.93433341979981,31.056166712443037,29.76550003051758,32.69234316436124,32.488827603520335,31.906146385136218,31.229609126282085,30.921694454575626,32.42754955517322,32.021009971566265,0.4065395836069569,0.3917389257327864,-2.63631228267338,-2.63631228267338,-2.63631228267338,-2.63631228267338,2.63631228267338,-2.63631228267338,-2.63631228267338,-2.63631228267338,-2.63631228267338,1.0,0.5190002441406255,33.56000137329102,31.54089815139771,31.63899822235108,31.73709829330445,0.0,1.0177760599701322,-2.865948484777573,1.0,2.865948484777573,1.0062641706658215,1.0,2.865948484777573,0.9613834507052559,-1.0,-2.865948484777573,0.0,0.0,0.0,0.0,0.0,0.0,0.0,2.865948484777573,-1
2024-03-05,33.20000076293945,33.27999877929688,32.27999877929688,32.5,32.5,6456700.0,-2.63631228267338,2.0547348516152355,1.4564388499378724,1.322249730827154,1.4999539737978695,32.53200073242188,32.52299995422364,31.997000058492024,31.118000030517575,29.798000030517574,32.62822877624083,32.49085894833482,31.944459521579045,31.271261286076115,30.95294802973254,32.438695777454264,32.05649071441321,0.3822050630410558,0.3898321531944403,0.953850379356993,0.953850379356993,0.953850379356993,0.953850379356993,-0.953850379356993,0.953850379356993,0.953850379356993,0.953850379356993,-0.953850379356993,0.5,0.5315002441406254,33.27999877929688,32.41820083618165,32.522000885009774,32.625800933837894,1.0,1.016439037871365,-2.63631228267338,1.0,-2.63631228267338,1.004227953102885,1.0,-2.63631228267338,1.1014854576879167,1.0,2.63631228267338,0.0,0.0,0.0,0.0,0.0,0.0,0.0,2.63631228267338,-1
2024-03-06,32.72000122070312,33.15999984741211,32.65999984741211,32.81000137329102,32.81000137329102,3831100.0,0.953850379356993,1.978402116675421,1.4798251268545393,1.3364830761985491,1.5013343954154177,32.6760009765625,32.579000091552736,32.08066679636637,31.1813333829244,29.83510004043579,32.688819641924226,32.5488848437814,32.000300931366915,31.321711780738895,30.98972136326835,32.4958197152753,32.11230631877453,0.3835133965007742,0.3885684018557072,-0.6400575750688292,-0.6400575750688292,-0.6400575750688292,-0.6400575750688292,0.6400575750688292,-0.6400575750688292,-0.6400575750688292,-0.6400575750688292,0.6400575750688292,0.6400032043457102,0.5355004310607911,33.15999984741211,32.1106982421875,32.21699829101563,32.32329833984376,0.0,1.0155337573981724,-0.953850379356993,1.0,0.953850379356993,1.0042992194299265,1.0,0.953850379356993,1.1072531730545423,1.0,0.953850379356993,0.0,0.0,0.0,0.0,0.0,0.0,0.0,-0.953850379356993,-1
2024-03-07,32.86000061035156,32.90000152587891,32.2599983215332,32.59999847412109,32.59999847412109,6428200.0,-0.6400575750688292,2.0385089323952643,1.4370357887128729,1.3318311470344475,1.505284392530387,32.74800033569336,32.570000076293944,32.15500005086263,31.23950001398722,29.87980003356933,32.65921258598985,32.55817823111589,32.038991095415575,31.363622819866183,31.021608038730783,32.51184721663619,32.148431663615014,0.3634155530211771,0.3835378320888012,0.3374252009210942,0.3374252009210942,0.3374252009210942,0.3374252009210942,-0.3374252009210942,0.3374252009210942,0.3374252009210942,0.3374252009210942,-0.3374252009210942,0.3800010681152344,0.5405005455017096,32.90000152587891,31.98189889907837,32.08899898529053,32.19609907150269,1.0,1.0129062361926564,0.6400575750688292,1.0,-0.6400575750688292,1.0031031943543267,1.0,-0.6400575750688292,1.0789924773216797,1.0,-0.6400575750688292,0.0,0.0,0.0,0.0,0.0,0.0,0.0,0.6400575750688292,1
2024-03-08,32.72999954223633,32.88999938964844,32.5099983215332,32.70999908447266,32.70999908447266,3836100.0,0.3374252009210942,2.0274357174818234,1.4414675654378524,1.3303093321128183,1.497964044841743,32.8,32.572000122070314,32.21800003051758,31.292999998728437,29.927600021362306,32.67614141881745,32.5857820226353,32.08228193341926,31.40776630395164,31.05504152478508,32.54233211938026,32.19002925034521,0.35230286903505,0.377290839478051,0.5808696017250687,0.5808696017250687,0.5808696017250687,0.5808696017250687,-0.5808696017250687,0.5808696017250687,0.5808696017250687,0.5808696017250687,-0.5808696017250687,0.4799995422363139,0.5410005569458004,32.88999938964844,31.710900325775157,31.81900043487549,31.92710054397584,1.0,1.0109876494884045,-0.3374252009210942,1.0,0.3374252009210942,1.0027729700063477,1.0,0.3374252009210942,1.0835581850339204,1.0,0.3374252009210942,0.0,0.0,0.0,0.0,0.0,0.0,0.0,0.3374252009210942,1
2024-03-11,32.79999923706055,32.93999862670898,32.45999908447266,32.90000152587891,32.90000152587891,3051300.0,0.5808696017250687,1.442787455744174,1.436495545082114,1.3204274390749546,1.4974359621820623,32.704000091552736,32.61100044250488,32.28600006103515,31.351166693369542,29.97260004043579,32.750761454504605,32.64291284140687,32.13503803615859,31.456692048932855,31.09157538619288,32.59735818191852,32.24261978927363,0.354738392644883,0.3727803501114174,-0.0304016284698596,-0.0304016284698596,-0.0304016284698596,-0.0304016284698596,0.0304016284698596,-0.0304016284698596,-0.0304016284698596,-0.0304016284698596,0.0304016284698596,0.2900009155273437,0.5320005416870117,32.93999862670898,31.69979816436768,31.80799827575684,31.916198387146,0.0,1.0100662943955687,-0.5808696017250687,1.0,0.5808696017250687,1.0033038906062615,1.0,0.5808696017250687,1.087901919160717,1.0,0.5808696017250687,0.0,0.0,0.0,0.0,0.0,0.0,0.0,0.5808696017250687,1
2024-03-12,32.90000152587891,32.9900016784668,32.70000076293945,32.88999938964844,32.88999938964844,3366000.0,-0.0304016284698596,0.6088686079264862,1.4318567698320617,1.319045902614506,1.494708989468122,32.78199996948242,32.657000350952146,32.344000053405765,31.40466667811076,30.0196000289917,32.79717409955255,32.68783766835988,32.183745220254714,31.50368573223501,31.127187742696947,32.64237990618466,32.29057383374584,0.3518060724388192,0.3685854945768977,-0.4864695967810403,-0.4864695967810403,-0.4864695967810403,-0.4864695967810403,0.4864695967810403,-0.4864695967810403,-0.4864695967810403,-0.4864695967810403,0.4864695967810403,0.44000244140625,0.5110006332397461,32.9900016784668,31.76959743499755,31.875997543334957,31.98239765167236,0.0,1.0096772290696747,0.0304016284698596,1.0,-0.0304016284698596,1.0033448658275277,1.0,-0.0304016284698596,1.0855245954624861,1.0,-0.0304016284698596,0.0,0.0,0.0,0.0,0.0,0.0,0.0,-0.0304016284698596,1
2024-03-13,33.0,33.04000091552734,32.59999847412109,32.72999954223633,32.72999954223633,3826800.0,-0.4864695967810403,0.5213268289817493,1.3900062005238107,1.139317977634715,1.4504645853971374,32.76599960327148,32.721000289916994,32.32500006357829,31.440666675567627,30.070900020599364,32.774782580447145,32.695503463610144,32.21898743457611,31.54389274239898,31.158926590212577,32.655859850192606,32.32312388622662,0.3327359639659875,0.3614155884547157,-0.6110625289846267,-0.6110625289846267,-0.6110625289846267,-0.6110625289846267,0.6110625289846267,-0.6110625289846267,-0.6110625289846267,-0.6110625289846267,0.6110625289846267,0.520000457763679,0.5170006752014166,33.04000091552734,31.865800285339358,31.968000411987305,32.070200538635255,0.0,1.0122505870242795,0.4864695967810403,1.0,-0.4864695967810403,1.0024247712510448,1.0,-0.4864695967810403,1.220033588348652,1.0,-0.4864695967810403,0.0,0.0,0.0,0.0,0.0,0.0,0.0,-0.4864695967810403,-1
2024-03-14,32.65999984741211,32.7400016784668,32.22000122070312,32.52999877929688,32.52999877929688,3889600.0,-0.6110625289846267,0.513188538539979,1.409206510146127,1.1130822749695517,1.4522466604554365,32.75199966430664,32.75,32.32633330027262,31.475166670481364,30.121900005340574,32.693187980063726,32.665411702825914,32.239052682622614,31.57622408787104,31.18607653455088,32.63649660851634,32.33844795237997,0.2980486561363662,0.3487422019910458,-0.0614831187033671,-0.0614831187033671,-0.0614831187033671,-0.0614831187033671,0.0614831187033671,-0.0614831187033671,-0.0614831187033671,-0.0614831187033671,0.0614831187033671,0.2299995422363139,0.5080005645751953,32.7400016784668,31.90259943008422,32.005999565124505,32.109399700164786,0.0,1.0131059311859476,0.6110625289846267,1.0,-0.6110625289846267,1.0008503268683864,1.0,-0.6110625289846267,1.2660398443454468,1.0,-0.6110625289846267,0.0,0.0,0.0,0.0,0.0,0.0,0.0,0.6110625289846267,1
2024-03-15,32.40000152587891,32.59999847412109,32.36999893188477,32.5099983215332,32.5099983215332,8405200.0,-0.0614831187033671,0.4685344314371114,1.3961021963657902,1.099326002211346,1.4423946824808889,32.71199951171875,32.75599975585938,32.34033323923747,31.515333302815755,30.175299987792968,32.63212476055355,32.63715472440906,32.2565330464233,31.606839636515694,31.212292807560427,32.61703533359586,32.35115538713207,0.2658799464637909,0.3321697508855948,0.5536650254432459,-0.5536650254432459,-0.5536650254432459,-0.5536650254432459,0.5536650254432459,0.5536650254432459,-0.5536650254432459,-0.5536650254432459,0.5536650254432459,0.4099998474121094,0.5045005798339842,32.59999847412109,31.622400436401367,31.724000549316408,31.825600662231444,0.0,1.012852882917038,0.0614831187033671,1.0,-0.0614831187033671,0.9998458822805487,-1.0,-0.0614831187033671,1.269961952648682,1.0,-0.0614831187033671,0.0,0.0,0.0,0.0,0.0,0.0,0.0,-0.0614831187033671,1
2024-03-18,32.63999938964844,32.68000030517578,32.27000045776367,32.33000183105469,32.33000183105469,6913400.0,-0.5536650254432459,0.2800145421786523,0.9804566717646768,1.103942924450922,1.4413112957522431,32.597999572753906,32.65099983215332,32.34299996693929,31.547833347320555,30.22930000305176,32.531417117387264,32.58130874379917,32.26127296801242,31.63054987240222,31.234425659510805,32.57287633320491,32.34958845705226,0.2232878761526464,0.3103933759390052,-0.6804744619424677,0.6804744619424677,0.6804744619424677,0.6804744619424677,-0.6804744619424677,-0.6804744619424677,0.6804744619424677,0.6804744619424677,-0.6804744619424677,0.4799995422363281,0.4950005531311033,32.68000030517578,31.49009719848632,31.59099731445312,31.691897430419917,1.0,1.0095229219778272,0.5536650254432459,1.0,-0.5536650254432459,0.9984687040411966,-1.0,0.5536650254432459,0.8881407272503108,-1.0,-0.5536650254432459,0.0,1.0,0.0,0.223198324,0.223198324,0.377479136,0.377479136,-0.5536650254432459,-1
2024-03-19,32.16999816894531,32.54999923706055,32.06999969482422,32.54999923706055,32.54999923706055,4040500.0,0.6804744619424677,0.5409091755000387,0.5918184897024996,1.0823867482167755,1.41406184345468,32.529999542236325,32.655999755859376,32.360999997456865,31.59450000127157,30.28619998931885,32.53761115727836,32.575616106210326,32.27990046924133,31.66069575321069,31.26047662144248,32.56935677995193,32.36443370001584,0.2049230799360941,0.289299316738423,-0.3686603216510619,0.3686603216510619,0.3686603216510619,0.3686603216510619,-0.3686603216510619,-0.3686603216510619,0.3686603216510619,0.3686603216510619,-0.3686603216510619,0.3800010681152272,0.4935006141662589,32.54999923706055,31.590999088287354,31.689999198913576,31.7889993095398,1.0,1.0091159036626092,-0.6804744619424677,1.0,0.6804744619424677,0.9988333313847987,-1.0,-0.6804744619424677,0.5467717437205476,-1.0,-0.6804744619424677,0.0,0.0,0.0,0.0,0.0,0.0,0.0,-0.6804744619424677,-1
2024-03-20,32.58000183105469,32.79000091552734,32.40999984741211,32.66999816894531,32.66999816894531,5431600.0,0.3686603216510619,0.56489098519057,0.5125007199052594,1.083928353327365,1.404267568850315,32.517999267578126,32.64199943542481,32.38199990590413,31.635999965667725,30.345099964141845,32.581740161167346,32.59277648125305,32.30506806277062,31.69378763569379,31.28838793921481,32.5848400705663,32.38706810512173,0.1977719654445735,0.2709938464796531,-1.408028542857935,1.408028542857935,1.408028542857935,1.408028542857935,-1.408028542857935,-1.408028542857935,1.408028542857935,1.408028542857935,-1.408028542857935,0.5200004577636719,0.4880005836486811,32.79000091552734,31.464297885894776,31.56299800872803,31.66169813156128,1.0,1.0080291374923163,-0.3686603216510619,1.0,0.3686603216510619,0.9996613875441986,-1.0,-0.3686603216510619,0.47281789274357633,-1.0,-0.3686603216510619,0.0,0.0,0.0,0.0,0.0,0.0,0.0,-0.3686603216510619,-1
2024-03-21,32.86000061035156,33.34000015258789,32.81999969482422,33.13000106811523,33.13000106811523,5398100.0,1.408028542857935,0.7438449857891499,0.6401041429505708,1.0867141343239524,1.413753293780152,32.6379997253418,32.69499969482422,32.426666577657066,31.684333324432373,30.40709997177124,32.76449379681664,32.69045367886435,32.358289546986406,31.74087660069121,31.324855525925717,32.66871099326613,32.44210017645458,0.2266108168115508,0.2621172405460327,1.6903149871309893,-1.6903149871309893,-1.6903149871309893,-1.6903149871309893,1.6903149871309893,-1.6903149871309893,-1.6903149871309893,-1.6903149871309893,1.6903149871309893,0.4799995422363352,0.4965004920959474,33.34000015258789,31.71639963150024,31.81399974822997,31.91159986495971,0.0,1.0082750755932477,-1.408028542857935,1.0,1.408028542857935,1.0022648849930202,1.0,-1.408028542857935,0.5890271624641942,-1.0,-1.408028542857935,0.0,0.0,0.0,0.0,0.0,0.0,0.0,-1.408028542857935,1
2024-03-22,32.97999954223633,33.02000045776367,32.54000091552734,32.56999969482422,32.56999969482422,4104400.0,-1.6903149871309893,1.1975099785256451,0.8616355741579024,1.1561579149865808,1.431717116003819,32.65,32.680999755859375,32.45466658274333,31.719666639963787,30.466899967193605,32.699662429485834,32.668552954493414,32.37194826620175,31.76806096443328,31.34951184610192,32.65352463965968,32.45157421485233,0.2019504248073502,0.2500838773982962,0.3070263280874143,-0.3070263280874143,-0.3070263280874143,-0.3070263280874143,0.3070263280874143,-0.3070263280874143,-0.3070263280874143,-0.3070263280874143,0.3070263280874143,0.2599983215332102,0.4965003013610845,33.02000045776367,32.247699069976804,32.346999168396,32.44629926681519,0.0,1.006973825244484,1.6903149871309893,1.0,-1.6903149871309893,1.000952275879368,1.0,-1.6903149871309893,0.7452576875434037,-1.0,1.6903149871309893,0.0,0.0,0.0,0.0,0.0,0.0,0.0,-1.6903149871309893,1
2024-03-25,32.54000091552734,32.70999908447266,32.45000076293945,32.47000122070312,32.47000122070312,2587700.0,-0.3070263280874143,1.1716060525059169,0.8359661149366086,1.1514589053424058,1.4324249333223424,32.677999877929686,32.6379997253418,32.46899992624919,31.75150000254313,30.524999980926516,32.62310869322493,32.632452639258815,32.37827426326636,31.791075399065075,31.371699754509866,32.62529026751252,32.452939178248684,0.1723510892638344,0.2345373197714039,-0.492762061585874,-0.492762061585874,-0.492762061585874,-0.492762061585874,0.492762061585874,0.492762061585874,-0.492762061585874,-0.492762061585874,0.492762061585874,0.3999977111816406,0.4955002784729009,32.70999908447266,31.92769979476929,32.0269998550415,32.12629991531372,0.0,1.0052049585597487,0.3070263280874143,1.0,-0.3070263280874143,0.9997136609332684,-1.0,-0.3070263280874143,0.7260060355241422,-1.0,0.3070263280874143,0.0,0.0,0.0,0.0,0.0,0.0,0.0,-0.3070263280874143,1
2024-03-26,32.58000183105469,32.68999862670898,32.29000091552734,32.31000137329102,32.31000137329102,5452600.0,-0.492762061585874,1.1413705717457234,0.842707334314625,1.155549161316563,1.434446589477364,32.630000305175784,32.579999923706055,32.47333329518636,31.77950003941854,30.580499992370605,32.518739586580296,32.57382513635558,32.373869560687304,31.808089365433137,31.390279984584733,32.57678428378614,32.442351192696265,0.1344330910898747,0.2145164740350981,2.1974591590688326,2.1974591590688326,2.1974591590688326,2.1974591590688326,-2.1974591590688326,-2.1974591590688326,2.1974591590688326,2.1974591590688326,-2.1974591590688326,0.6599998474121094,0.5080001831054695,32.68999862670898,31.619898471832283,31.71899852752686,31.81809858322144,1.0,1.0032847452877747,0.492762061585874,1.0,-0.492762061585874,0.9983089014095,-1.0,0.492762061585874,0.7292699977857239,-1.0,0.492762061585874,0.0,0.0,0.0,0.0,0.0,0.0,0.0,-0.492762061585874,1
2024-03-27,32.5,33.04000091552734,32.38000106811523,33.02000045776367,33.02000045776367,4027000.0,2.1974591590688326,1.5617937656689171,1.1155592372923908,1.2280199518397,1.4567396291878372,32.70000076293945,32.609000015258786,32.53133328755697,31.82233336766561,30.64409999847412,32.685826543641426,32.65494792206614,32.415555425014816,31.847824155345613,31.42255167712293,32.64497138747499,32.485140027145704,0.1598313603292851,0.2035794512939355,-0.1817122121720049,-0.1817122121720049,-0.1817122121720049,-0.1817122121720049,0.1817122121720049,-0.1817122121720049,-0.1817122121720049,-0.1817122121720049,0.1817122121720049,0.4399986267089915,0.5165000915527347,33.04000091552734,31.572398223876945,31.67399826049804,31.77559829711913,0.0,1.0023874437304887,-2.1974591590688326,1.0,2.1974591590688326,1.000945603148686,1.0,-2.1974591590688326,0.9084211014822426,-1.0,-2.1974591590688326,0.0,0.0,0.0,0.0,0.0,0.0,0.0,2.1974591590688326,-1
2024-03-28,33.09999847412109,33.31999969482422,32.88000106811523,32.95999908447266,32.95999908447266,3939100.0,-0.1817122121720049,1.415193242149802,1.0934586740464516,1.2277696791045112,1.457351410652313,32.66600036621094,32.65200004577637,32.57166659037272,31.863500022888186,30.69989999771118,32.77721739058517,32.710411769776414,32.45068082239919,31.884288907120272,31.452996180238763,32.69343718701309,32.520314772132885,0.1731224148802042,0.1974880440111892,-0.8798571710639678,-0.8798571710639678,-0.8798571710639678,-0.8798571710639678,0.8798571710639678,-0.8798571710639678,-0.8798571710639678,-0.8798571710639678,0.8798571710639678,0.3699989318847656,0.5080001831054688,33.31999969482422,31.90370071411132,32.007000732421865,32.110300750732414,0.0,1.0024663599936083,0.1817122121720049,1.0,-0.1817122121720049,1.002042335060743,1.0,-0.1817122121720049,0.8906056996325068,-1.0,0.1817122121720049,0.0,0.0,0.0,0.0,0.0,0.0,0.0,0.1817122121720049,-1
2024-04-01,32.93999862670898,33.0099983215332,32.63999938964844,32.66999816894531,32.66999816894531,2304500.0,-0.8798571710639678,1.219680440978513,1.1395960781661725,1.240412938685461,1.453241261812121,32.68600006103516,32.668000030517575,32.592999903361004,31.905833339691164,30.74729997634888,32.741477650038554,32.70306384235258,32.464830328627976,31.91004986652437,31.47709522952008,32.68983118423343,32.531402431156025,0.158428753077402,0.1896761858244318,-0.4897455046820245,-0.4897455046820245,-0.4897455046820245,-0.4897455046820245,0.4897455046820245,-0.4897455046820245,-0.4897455046820245,-0.4897455046820245,0.4897455046820245,0.2600021362304758,0.4570001602172855,33.0099983215332,32.20239929199219,32.30399932861328,32.40559936523437,0.0,1.0023011115079603,0.8798571710639678,1.0,-0.8798571710639678,1.0011746241230226,1.0,-0.8798571710639678,0.9187231466433025,-1.0,0.8798571710639678,0.0,0.0,1.0,0.011362261,0.011362261,0.748419285,0.748419285,0.8798571710639678,1
2024-04-02,32.54000091552734,32.70000076293945,32.43999862670898,32.5099983215332,32.5099983215332,5086200.0,-0.4897455046820245,1.236320611082845,1.1359767269638574,1.0506318338739555,1.4547716494833645,32.693999481201175,32.68599967956543,32.61299985249837,31.94299996693929,30.795199966430665,32.664317873870104,32.66796102038542,32.46774439268638,31.9297203076722,31.497548756094595,32.66216458997185,32.52981694155434,0.1323476484175145,0.1782104783430483,0.18456283109456,0.18456283109456,0.18456283109456,0.18456283109456,-0.18456283109456,-0.18456283109456,0.18456283109456,0.18456283109456,-0.18456283109456,0.3300018310546875,0.4235002517700199,32.70000076293945,32.004597969055176,32.09599800109864,32.18739803314209,1.0,1.0022383659092147,0.4897455046820245,1.0,-0.4897455046820245,0.9998884795254579,-1.0,-0.4897455046820245,1.0812319695046864,1.0,0.4897455046820245,0.0,0.0,0.0,0.0,0.0,0.0,0.0,-0.4897455046820245,1
2024-04-03,32.5,32.7400016784668,32.40999984741211,32.56999969482422,32.56999969482422,2985700.0,0.18456283109456,1.2012383157948232,1.1166035927247384,0.8697734293461302,1.4507230020287978,32.74599914550781,32.6879997253418,32.6223331451416,31.976333300272625,30.84619997024536,32.632878480854814,32.650149870283386,32.47434150895334,31.95071307446407,31.518785408346663,32.647985375333754,32.53279344179655,0.1151919335372042,0.1656067693818795,-0.6140643684784212,-0.6140643684784212,-0.6140643684784212,-0.6140643684784212,0.6140643684784212,0.6140643684784212,-0.6140643684784212,-0.6140643684784212,0.6140643684784212,0.720001220703125,0.4345003128051761,32.7400016784668,31.76830020904541,31.85300025939941,31.937700309753417,0.0,1.002012933284325,-0.18456283109456,1.0,0.18456283109456,0.9994710165344665,-1.0,-0.18456283109456,1.2837867369254632,1.0,0.18456283109456,0.0,0.0,0.0,0.0,0.0,0.0,0.0,0.18456283109456,1
2024-04-04,32.97000122070312,32.9900016784668,32.27000045776367,32.36999893188477,32.36999893188477,4417500.0,-0.6140643684784212,0.4103140181582569,1.1249135941440478,0.8510952925552133,1.4206900063820225,32.61599884033203,32.65799980163574,32.62633310953776,31.993833287556967,30.896799964904787,32.54525196453147,32.599213336029095,32.467609729787625,31.96446015175655,31.53564112168405,32.60521823018776,32.52073458921049,0.0844836409772682,0.1493821437009573,-0.5251837789685877,0.5251837789685877,0.5251837789685877,0.5251837789685877,-0.5251837789685877,-0.5251837789685877,0.5251837789685877,0.5251837789685877,-0.5251837789685877,0.3700027465820312,0.4210002899169922,32.9900016784668,31.78410099029541,31.87100105285645,31.95790111541748,1.0,1.0009705869179861,0.6140643684784212,1.0,-0.6140643684784212,0.9983447032619652,-1.0,0.6140643684784212,1.3217246106094178,1.0,-0.6140643684784212,0.0,0.0,0.0,0.0,0.0,0.0,0.0,-0.6140643684784212,1
2024-04-05,32.33000183105469,32.65000152587891,32.27999877929688,32.54000091552734,32.54000091552734,4540700.0,0.5251837789685877,0.5865963550991391,1.024770925375688,0.8494716511866023,1.386501322755381,32.53199920654297,32.59899978637695,32.62133318583171,32.026333300272626,30.951499977111816,32.54350161486343,32.58844744139241,32.47228012886761,31.98333034073264,31.555529434433428,32.59518479716308,32.52216172449322,0.073023072669855,0.1341103294947368,1.0756062660445298,1.0756062660445298,-1.0756062660445298,-1.0756062660445298,1.0756062660445298,1.0756062660445298,-1.0756062660445298,-1.0756062660445298,1.0756062660445298,0.6000022888183594,0.4320003509521484,32.65000152587891,32.063801040649416,32.14800109863281,32.23220115661621,0.0,0.9993153744107411,-0.5251837789685877,-1.0,0.5251837789685877,0.9986208049153059,-1.0,-0.5251837789685877,1.206362712568707,1.0,0.5251837789685877,0.0,0.0,0.0,0.0,0.0,0.0,0.0,0.5251837789685877,-1
2024-04-08,32.79000091552734,32.79000091552734,32.18999862670898,32.18999862670898,32.18999862670898,4923700.0,-1.0756062660445298,0.6426021869868406,0.9385753184219676,0.8777154163548709,1.3946215097507508,32.4359992980957,32.56099967956543,32.60466651916504,32.05133326848348,30.99659996032715,32.42566728547861,32.51600220235906,32.45406841905093,31.990106350108917,31.56809318081512,32.53284846324706,32.49755705058328,0.0352914126637813,0.1143465461285457,-1.1183616828516003,-1.1183616828516003,1.1183616828516003,1.1183616828516003,-1.1183616828516003,-1.1183616828516003,1.1183616828516003,1.1183616828516003,-1.1183616828516003,0.4700012207031321,0.4315004348754893,32.79000091552734,31.699600753784186,31.786000823974614,31.872400894165047,1.0,0.9986607181038349,1.0756062660445298,-1.0,1.0756062660445298,0.9972218319977264,-1.0,1.0756062660445298,1.0693389918110887,1.0,-1.0756062660445298,0.0,0.0,0.0,0.0,0.0,0.0,0.0,1.0756062660445298,1
