Date_KEYS_L01d,Open_KEYS_L01d,High_KEYS_L01d,Low_KEYS_L01d,Close_KEYS_L01d,Adj Close_KEYS_L01d,Volume_KEYS_L01d,Daily_Return_KEYS_L01d,Vol5_KEYS_L01d,Vol10_KEYS_L01d,Vol20_KEYS_L01d,Vol60_KEYS_L01d,SMA5_KEYS_L01d,SMA10_KEYS_L01d,SMA30_KEYS_L01d,SMA60_KEYS_L01d,SMA100_KEYS_L01d,EMA5_KEYS_L01d,EMA10_KEYS_L01d,EMA30_KEYS_L01d,EMA60_KEYS_L01d,EMA100_KEYS_L01d,Short12_KEYS_L01d,Long26_KEYS_L01d,MACD_KEYS_L01d,SIGNAL9_KEYS_L01d,Ret5/10_KEYS_L01d,Ret10/30_KEYS_L01d,Ret30/60_KEYS_L01d,Ret30/100_KEYS_L01d,Emaret5/10_KEYS_L01d,Emaret10/30_KEYS_L01d,Emaret30/60_KEYS_L01d,Emaret30/100_KEYS_L01d,RetMACD_KEYS_L01d,DayRange_KEYS_L01d,average20r_KEYS_L01d,PRVHI_KEYS_L01d,HitLevel_KEYS_L01d,hitlevel_2_KEYS_L01d,hitlevel_1.8_KEYS_L01d,positive_return_dummy,sma_ratio_L01d,RetMACD_L01d,R_sma_ratio_L01d,ret_sma_ratio_L01d,ema_ratio_L01d,R_ema_ratio_L01d,ret_ema_ratio_L01d,volatility_ratio_L01d,R_vol_ratio_L01d,ret_vol_ratio_L01d,negative_L01d,neutral_L01d,positive_L01d,negative_max_L01d,negative_avg_L01d,positive_max_L01d,positive_avg_L01d,ret_best,best
2024-01-03,154.0099945068359,154.0850067138672,150.6300048828125,150.6499938964844,150.6499938964844,1048300.0,-3.1127477173396025,1.425641239588406,1.3907189873067505,1.6419412597017753,1.56400353567167,157.09999694824216,157.93999938964845,147.77999979654948,136.81416651407878,135.7684992980957,155.5856917925119,156.04055913719998,149.01803930764632,143.29423890682395,142.53584145587118,155.58526750172686,150.39408281715495,5.191184684571908,6.341549577181576,0.6903374233439528,-0.6903374233439528,-0.6903374233439528,-0.6903374233439528,0.6903374233439528,0.6903374233439528,-0.6903374233439528,-0.6903374233439528,0.6903374233439528,1.6150054931641191,2.6471481323242285,154.0850067138672,151.5691194152832,152.09919891357424,152.62927841186524,0.0,1.068750843193168,3.1127477173396025,1.0,-3.1127477173396025,1.045477669234387,1.0,-3.1127477173396025,0.8469967966815974,-1.0,3.1127477173396025,0.0,0.0,1.0,0.007310625,0.007310625,0.914026916,0.914026916,,1
2024-01-04,149.5200042724609,150.5700073242188,148.9550018310547,149.6100006103516,149.6100006103516,1036100.0,-0.6903374233439528,1.250160073237606,1.3625180792029434,1.6597059025317906,1.568525171127297,154.95399780273436,156.9809997558594,148.26966654459636,137.12166646321614,135.6991993713379,153.59379473179183,154.87136667777298,149.05623035943375,143.50131306103796,142.67592381536585,154.6659956722845,150.33600265368804,4.329993018596468,5.939238265464555,0.4344588555796249,-0.4344588555796249,-0.4344588555796249,-0.4344588555796249,0.4344588555796249,0.4344588555796249,-0.4344588555796249,-0.4344588555796249,0.4344588555796249,1.9949951171876137,2.5693977355957145,150.5700073242188,148.2612808227539,148.79071044921872,149.32014007568358,0.0,1.0587533068245139,0.6903374233439528,1.0,-0.6903374233439528,1.0447188731879147,1.0,-0.6903374233439528,0.8209394671215524,-1.0,0.6903374233439528,0.0,0.0,0.0,0.0,0.0,0.0,0.0,-0.6903374233439528,1
2024-01-05,148.6000061035156,150.1849975585938,148.1900024414062,148.9600067138672,148.9600067138672,857300.0,-0.4344588555796249,1.2123351215790503,1.3180418606874815,1.6240174962709115,1.5685185547545877,152.76000061035157,156.21100006103515,148.74966684977213,137.39916661580403,135.61839950561523,152.04919872581695,153.79657395706283,149.05002238230043,143.6802866234258,142.80036110048468,153.78815121714337,150.23407702851614,3.554074188627226,5.462205450097089,-2.7188423807930016,2.7188423807930016,2.7188423807930016,2.7188423807930016,-2.7188423807930016,-2.7188423807930016,2.7188423807930016,2.7188423807930016,-2.7188423807930016,4.095001220703097,2.673648071289074,150.1849975585938,144.91733230590825,145.43121185302738,145.9450914001465,1.0,1.0501603356113631,0.4344588555796249,1.0,-0.4344588555796249,1.0437650243574526,1.0,-0.4344588555796249,0.8115933872104119,-1.0,0.4344588555796249,0.0,0.0,0.0,0.0,0.0,0.0,0.0,-0.4344588555796249,1
2024-01-08,149.8600006103516,153.2599945068359,149.1649932861328,153.0099945068359,153.0099945068359,806400.0,2.7188423807930016,2.2364664874396167,1.572349062714219,1.712202323817288,1.6013877638736522,151.54400024414065,155.62899932861328,149.32599995930988,137.7339998881022,135.6197994995117,152.3694639861566,153.65355951156704,149.3055044548511,143.98617868517692,143.0025320590263,153.66843480017295,150.4397005454287,3.228734254744268,5.015511211026525,1.039145412046637,-1.039145412046637,-1.039145412046637,-1.039145412046637,1.039145412046637,1.039145412046637,-1.039145412046637,-1.039145412046637,1.039145412046637,1.590011596679716,2.6096488952636845,153.2599945068359,144.30297180175785,144.83770141601565,145.37243103027348,0.0,1.0422096578694997,-2.7188423807930016,1.0,2.7188423807930016,1.0440759496008307,1.0,2.7188423807930016,0.918319664003684,-1.0,-2.7188423807930016,0.0,0.0,0.0,0.0,0.0,0.0,0.0,2.7188423807930016,1
2024-01-09,151.4100036621094,152.5200042724609,150.9299926757812,151.4199981689453,151.4199981689453,782700.0,-1.039145412046637,2.092721278790014,1.570050144092989,1.7107271330396736,1.57285338170031,150.72999877929686,154.8499984741211,149.838666788737,138.09533309936523,135.6259994506836,152.05297538041953,153.24745744927216,149.44192340414753,144.22991047152996,143.1692145562524,153.3225214722918,150.51231518420772,2.810206288084089,4.574450226438038,-1.0434565117956325,1.0434565117956325,1.0434565117956325,1.0434565117956325,-1.0434565117956325,-1.0434565117956325,1.0434565117956325,1.0434565117956325,-1.0434565117956325,2.2799987792969034,2.5921485900879047,152.5200042724609,147.5187669372558,148.04069671630853,148.5626264953613,1.0,1.0334448496692097,1.039145412046637,1.0,-1.039145412046637,1.0438132518037286,1.0,-1.039145412046637,0.9177677221400439,-1.0,1.039145412046637,0.0,0.0,0.0,0.0,0.0,0.0,0.0,-1.039145412046637,1
2024-01-10,152.0,153.7400054931641,151.4600067138672,153.0,153.0,994800.0,1.0434565117956325,1.5584527324761948,1.6170516146050078,1.6748491100959906,1.571517617520598,151.2,154.1499984741211,150.39366658528647,138.49649988810222,135.65549942016602,152.36865025361303,153.20246518576812,149.67147673291225,144.5174543904962,143.36388357494047,153.27290278424692,150.6965881335257,2.576314650721258,4.174823111294682,0.5947736353656231,-0.5947736353656231,-0.5947736353656231,-0.5947736353656231,0.5947736353656231,0.5947736353656231,-0.5947736353656231,-0.5947736353656231,0.5947736353656231,3.600006103515682,2.5991493225097826,153.7400054931641,146.81727737426752,147.3357070922851,147.8541368103027,0.0,1.0249766627420076,-1.0434565117956325,1.0,1.0434565117956325,1.0439970863001533,1.0,1.0434565117956325,0.9654909238434797,-1.0,-1.0434565117956325,0.0,0.0,0.0,0.0,0.0,0.0,0.0,1.0434565117956325,1
2024-01-11,153.9900054931641,153.9900054931641,150.3899993896484,152.0899963378906,152.0899963378906,1152200.0,-0.5947736353656231,1.5434834856340989,1.6012323111852762,1.6548227246993357,1.5605299301601854,151.6959991455078,153.32499847412106,150.9193328857422,138.8406664530436,135.88269943237304,152.2757656150389,153.00019812251765,149.82751025581408,144.76573445434516,143.5366778870781,153.0909171771152,150.79980355607125,2.291113621043962,3.7980812132445374,0.0920503603257242,-0.0920503603257242,-0.0920503603257242,-0.0920503603257242,0.0920503603257242,0.0920503603257242,-0.0920503603257242,-0.0920503603257242,0.0920503603257242,1.819992065429716,2.4746482849121234,153.9900054931641,148.02187698364256,148.5417068481445,149.06153671264647,0.0,1.015940075684009,0.5947736353656231,1.0,-0.5947736353656231,1.0438273510390497,1.0,-0.5947736353656231,0.9676156166372466,-1.0,0.5947736353656231,0.0,0.0,0.0,0.0,0.0,0.0,0.0,-0.5947736353656231,1
2024-01-12,152.7799987792969,153.2799987792969,151.4600067138672,151.9499969482422,151.9499969482422,772100.0,-0.0920503603257242,1.507782308804072,1.6050121977871918,1.5956803924473262,1.5422247943992442,152.29399719238282,152.5269989013672,151.38833262125652,139.21749979654948,136.10629943847655,152.16717605944,152.80925245446755,149.964444881132,145.001284044309,143.7032782645269,152.9153909880578,150.88500306660242,2.030387921455372,3.444542554886705,0.8226390425172434,-0.8226390425172434,-0.8226390425172434,-0.8226390425172434,0.8226390425172434,0.8226390425172434,-0.8226390425172434,-0.8226390425172434,0.8226390425172434,1.389999389648409,2.264648437500014,153.2799987792969,148.5457792663574,149.04070892333985,149.53563858032226,0.0,1.0075214929736982,0.0920503603257242,1.0,-0.0920503603257242,1.0435701028690498,1.0,-0.0920503603257242,1.0058481669537553,1.0,0.0920503603257242,0.0,0.0,0.0,0.0,0.0,0.0,0.0,-0.0920503603257242,1
2024-01-16,150.7599945068359,151.3899993896484,150.0,150.6999969482422,150.6999969482422,1125800.0,-0.8226390425172434,0.829833138084454,1.6083057903599078,1.258215050829257,1.503347486468931,151.83199768066407,151.68799896240233,151.88199920654296,139.628999710083,136.32659942626952,151.6781163557074,152.42575145333566,150.01189985320366,145.18812709033958,143.84182714935292,152.57456113577848,150.87129890968683,1.7032622260916526,3.096286489127695,-0.6237574389129694,0.6237574389129694,-0.6237574389129694,-0.6237574389129694,0.6237574389129694,0.6237574389129694,-0.6237574389129694,-0.6237574389129694,0.6237574389129694,1.8400115966796875,2.1711494445800925,151.3899993896484,148.2977722167969,148.75070190429688,149.20363159179686,0.0,0.9987226910025275,0.8226390425172434,-1.0,-0.8226390425172434,1.0428948437747823,1.0,-0.8226390425172434,1.2782439609984915,1.0,-0.8226390425172434,0.0,0.0,0.0,0.0,0.0,0.0,0.0,-0.8226390425172434,1
2024-01-17,149.5,150.3800048828125,148.5399932861328,149.7599945068359,149.7599945068359,1057000.0,-0.6237574389129694,0.7548711272494166,1.4911881118971482,1.2604850221553208,1.4874613765399034,151.4999969482422,151.11499786376953,152.2779988606771,140.05849965413412,136.52319931030274,151.03874240608357,151.9410683721539,149.99564789537348,145.33802438268373,143.95901858217437,152.14155088517194,150.7889800650312,1.352570820140727,2.747543355330301,1.7427889330167246,-1.7427889330167246,1.7427889330167246,1.7427889330167246,-1.7427889330167246,-1.7427889330167246,1.7427889330167246,1.7427889330167246,-1.7427889330167246,2.9599914550780966,2.2231491088867315,150.3800048828125,146.6134706115722,147.04770050048822,147.48193038940423,1.0,0.9923626459133363,0.6237574389129694,-1.0,0.6237574389129694,1.0419329707346767,1.0,-0.6237574389129694,1.1830272360930913,1.0,-0.6237574389129694,0.0,0.0,0.0,0.0,0.0,0.0,0.0,-0.6237574389129694,1
2024-01-18,150.9400024414062,152.5099945068359,149.5500030517578,152.3699951171875,152.3699951171875,1100600.0,1.7427889330167246,1.0529557433665298,1.2712850425593372,1.3370097172245212,1.489027508964218,151.37399597167968,151.28699798583983,152.75233205159506,140.55099957784017,136.76989929199215,151.4824933097849,152.01905505306908,150.14883158710342,145.56858080020845,144.12557257296672,152.17669615163587,150.90609229111686,1.270603860519003,2.452155456368042,0.8269408715645943,-0.8269408715645943,0.8269408715645943,0.8269408715645943,-0.8269408715645943,-0.8269408715645943,0.8269408715645943,0.8269408715645943,-0.8269408715645943,2.5149993896484943,2.280399322509781,152.5099945068359,145.4890768432617,145.93370666503904,146.37833648681638,1.0,0.9904071247484438,-1.7427889330167246,-1.0,-1.7427889330167246,1.0417917438703481,1.0,1.7427889330167246,0.9508420366595234,-1.0,1.7427889330167246,0.0,1.0,1.0,0.321519136,0.162110873,0.648367643,0.3593309185,1.7427889330167246,1
2024-01-19,153.1100006103516,153.6600036621094,151.1450042724609,153.6300048828125,153.6300048828125,969500.0,0.8269408715645943,1.070364092953404,1.2541482795147805,1.3527062297781058,1.48293234352933,151.68199768066407,151.68899841308593,153.26599884033203,141.07966626485188,137.0141993713379,152.1983305007941,152.31195502211332,150.37342341263306,145.83288978652334,144.31377915335972,152.40028211027845,151.1078635942054,1.2924185160730133,2.220208068309036,-0.8852441366443922,-0.8852441366443922,0.8852441366443922,0.8852441366443922,-0.8852441366443922,-0.8852441366443922,0.8852441366443922,0.8852441366443922,-0.8852441366443922,1.4680023193359943,2.174449157714865,153.6600036621094,147.4931159973144,147.94919586181635,148.4052757263183,1.0,0.9897106961806383,-0.8269408715645943,-1.0,-0.8269408715645943,1.0419893671610794,1.0,0.8269408715645943,0.927140166805107,-1.0,-0.8269408715645943,0.0,0.0,0.0,0.0,0.0,0.0,0.0,0.8269408715645943,1
2024-01-22,154.6799926757812,155.8979949951172,154.4299926757812,154.9900054931641,154.9900054931641,787100.0,0.8852441366443922,1.0912989171219436,1.240852766201343,1.328560344237793,1.4841675959868748,152.28999938964844,152.29199829101563,153.73133239746093,141.6254997253418,137.27149948120118,153.1288888315841,152.7988732895771,150.67126741782863,146.13312308838042,144.5251895759301,152.79870109226084,151.39542966079495,1.403271431465896,2.056820740940408,-0.032252268660592,-0.032252268660592,0.032252268660592,0.032252268660592,-0.032252268660592,0.032252268660592,0.032252268660592,0.032252268660592,-0.032252268660592,1.8699951171875,2.1661994934082243,155.8979949951172,148.8762155151367,149.31110534667968,149.74599517822264,1.0,0.9906373405863418,-0.8852441366443922,-1.0,-0.8852441366443922,1.0425259974398409,1.0,0.8852441366443922,0.9339829926304413,-1.0,-0.8852441366443922,0.0,0.0,0.0,0.0,0.0,0.0,0.0,0.8852441366443922,1
2024-01-23,155.6100006103516,155.8399963378906,153.9700012207031,155.0399932861328,155.0399932861328,632700.0,0.032252268660592,0.9020843256783112,0.9379647802603116,1.285649721765252,1.4649868917390834,153.15799865722656,152.4949981689453,154.16966552734374,142.20166625976563,137.49929946899414,153.76592364976702,153.20634965258722,150.95312069965473,146.42515161945423,144.73340351078562,153.14351527593345,151.6653973367459,1.4781179391875412,1.9410801805898348,0.1161041939921087,-0.1161041939921087,0.1161041939921087,0.1161041939921087,-0.1161041939921087,0.1161041939921087,0.1161041939921087,0.1161041939921087,-0.1161041939921087,2.6750030517578978,2.202700042724635,155.8399963378906,151.13235610961908,151.56559600830073,151.99883590698238,1.0,0.989137504108411,-0.032252268660592,-1.0,-0.032252268660592,1.042973612434987,1.0,0.032252268660592,0.7295647985459413,-1.0,-0.032252268660592,0.0,0.0,0.0,0.0,0.0,0.0,0.0,0.032252268660592,1
2024-01-24,156.0500030517578,157.2400054931641,154.5650024414062,155.2200012207031,155.2200012207031,924400.0,0.1161041939921087,0.6932755664896646,0.8435611810263562,1.284168865281871,1.4584359758342322,154.25,152.8749984741211,154.5326655069987,142.7943328857422,137.72569946289062,154.25061617341237,153.57246811951737,151.22840331391592,146.71350734408537,144.941058910982,153.46297465205186,151.92870132815014,1.534273323901715,1.8597188092522108,0.2448169564643807,-0.2448169564643807,0.2448169564643807,0.2448169564643807,-0.2448169564643807,0.2448169564643807,0.2448169564643807,0.2448169564643807,-0.2448169564643807,2.4100036621094034,2.2479003906250257,157.2400054931641,150.9940562438964,151.43459625244134,151.87513626098627,1.0,0.9892730315144759,-0.1161041939921087,-1.0,-0.1161041939921087,1.0433786288728262,1.0,0.1161041939921087,0.6568927216913931,-1.0,-0.1161041939921087,0.0,0.0,0.0,0.0,0.0,0.0,0.0,0.1161041939921087,1
2024-01-25,156.0899963378906,157.4100036621094,155.0,155.6000061035156,155.6000061035156,1002500.0,0.2448169564643807,0.4047954112553346,0.7967431795892056,1.2790509764202516,1.4554775912630178,154.89600219726563,153.13499908447267,154.8143325805664,143.3991663614909,137.9486994934082,154.7004128167801,153.94111138933522,151.51044220356752,147.00486795914864,145.15212717222028,153.79174872150782,152.20064983002905,1.5910988914787652,1.8059948256975216,0.2120736242427055,-0.2120736242427055,0.2120736242427055,0.2120736242427055,-0.2120736242427055,0.2120736242427055,0.2120736242427055,0.2120736242427055,-0.2120736242427055,1.5800018310546875,2.232400512695341,157.4100036621094,152.29462463378903,152.74420471191405,153.19378479003905,1.0,0.989152596738937,-0.2448169564643807,-1.0,-0.2448169564643807,1.0438044908828874,1.0,0.2448169564643807,0.6229174554239374,-1.0,-0.2448169564643807,0.0,0.0,0.0,0.0,0.0,0.0,0.0,0.2448169564643807,1
2024-01-26,156.4199981689453,156.9900054931641,155.4100036621094,155.9299926757812,155.9299926757812,1047800.0,0.2120736242427055,0.3386647851849437,0.75000590601421,1.2790449762434604,1.4557650695157045,155.3559997558594,153.5189987182617,155.03299916585286,144.0023329416911,138.1691993713379,155.1102727697805,154.30272616868902,151.79557449209744,147.29749499903824,145.3655502514987,154.12070932985756,152.47689744823293,1.6438118816246288,1.7735582368829437,2.180471567354584,-2.180471567354584,2.180471567354584,2.180471567354584,-2.180471567354584,2.180471567354584,2.180471567354584,2.180471567354584,-2.180471567354584,4.360000610351591,2.387900543212921,156.9900054931641,152.49872253417965,152.94520263671873,153.3916827392578,1.0,0.9902343342660134,-0.2120736242427055,-1.0,-0.2120736242427055,1.0442334805562534,1.0,0.2120736242427055,0.5863796191256451,-1.0,-0.2120736242427055,0.0,0.0,0.0,0.0,0.0,0.0,0.0,0.2120736242427055,1
2024-01-29,155.3899993896484,159.3800048828125,155.0200042724609,159.3300018310547,159.3300018310547,1133900.0,2.180471567354584,0.9112959971098724,0.9513715082439412,1.378719676579855,1.460442409279232,156.2239990234375,154.25699920654296,155.26699930826825,144.62366625467936,138.4168994140625,156.51684912353855,155.21677628911914,152.2816665784818,147.69200341976008,145.6420740451533,154.92213894542635,152.98453480992342,1.9376041355029368,1.8063674166069423,-1.0104817622852678,1.0104817622852678,-1.0104817622852678,-1.0104817622852678,1.0104817622852678,-1.0104817622852678,-1.0104817622852678,-1.0104817622852678,-1.0104817622852678,2.61000061035162,2.429901123046906,159.3800048828125,151.73662429809568,152.21420440673825,152.69178451538085,0.0,0.9934950755393936,-2.180471567354584,-1.0,-2.180471567354584,1.0455884233787418,1.0,2.180471567354584,0.6900398423296442,-1.0,-2.180471567354584,0.0,0.0,0.0,0.0,0.0,0.0,0.0,2.180471567354584,1
2024-01-30,159.5,160.3099975585938,157.6999969482422,157.7200012207031,157.7200012207031,1048600.0,-1.0104817622852678,1.1496000768773036,0.9813196529751363,1.3924696705367623,1.460208372681058,156.76000061035154,154.95899963378906,155.2336659749349,145.2389995574951,138.65429946899414,156.9178998225934,155.67190809486166,152.63252687797996,148.02079023290577,145.88124091991665,155.35257929546893,153.3353100996108,2.01726919585812,1.848547772457178,-2.827800329284898,2.827800329284898,-2.827800329284898,-2.827800329284898,2.827800329284898,-2.827800329284898,-2.827800329284898,-2.827800329284898,-2.827800329284898,3.809997558593693,2.4969009399414306,160.3099975585938,154.0342224121093,154.5202026367187,155.00618286132806,0.0,0.9982306264596613,-1.0104817622852678,-1.0,1.0104817622852678,1.0462793291000967,1.0,-1.0104817622852678,0.7047332331460132,-1.0,1.0104817622852678,0.0,0.0,0.0,0.0,0.0,0.0,0.0,-1.0104817622852678,1
2024-01-31,156.8699951171875,156.8699951171875,153.0599975585938,153.2599945068359,153.2599945068359,1316200.0,-2.827800329284898,1.8431259569265268,1.4070875893445964,1.4448087690176454,1.5062177032943131,156.3679992675781,155.30899963378906,155.05799916585286,145.739999516805,138.87089935302734,155.69859805067426,155.23337835158424,152.6730086604868,148.19256742221492,146.0273548523309,155.03064317414078,153.32973116681268,1.7009120073280997,1.8190206194313625,0.8221387255555457,0.8221387255555457,0.8221387255555457,0.8221387255555457,-0.8221387255555457,0.8221387255555457,0.8221387255555457,0.8221387255555457,-0.8221387255555457,3.2800140380859943,2.488151550292996,156.8699951171875,154.81681549072266,155.31619567871095,155.81557586669922,1.0,1.0016187521397573,-2.827800329284898,1.0,2.827800329284898,1.0455096499890468,1.0,-2.827800329284898,0.9738919222516234,-1.0,2.827800329284898,0.0,0.0,0.0,0.0,0.0,0.0,0.0,-2.827800329284898,1
2024-02-01,153.3899993896484,154.9600067138672,151.6799926757812,154.5200042724609,154.5200042724609,1125300.0,0.8221387255555457,1.8983609193055784,1.3256132515053916,1.2641721784234492,1.4908083816341755,156.15199890136716,155.5240005493164,154.91699930826823,146.21933288574218,139.09309936523437,155.30573345793647,155.1036739735618,152.79216966771094,148.40002436812463,146.19552612797702,154.95208334311312,153.41789954500885,1.534183798104266,1.7620532551659431,0.7636504291707302,0.7636504291707302,0.7636504291707302,0.7636504291707302,-0.7636504291707302,0.7636504291707302,0.7636504291707302,0.7636504291707302,-0.7636504291707302,3.0800018310546875,2.561401367187524,154.9600067138672,151.39606170654292,151.8936920166015,152.39132232666012,1.0,1.0039182352082634,-0.8221387255555457,1.0,0.8221387255555457,1.0451220616283383,1.0,0.8221387255555457,1.0486018234941428,1.0,-0.8221387255555457,0.0,0.0,0.0,0.0,0.0,0.0,0.0,0.8221387255555457,1
2024-02-02,153.9499969482422,156.3300018310547,153.25,155.6999969482422,155.6999969482422,541800.0,0.7636504291707302,1.9384285514789288,1.322159046172615,1.256023586757974,1.4740514808861211,156.1059997558594,155.7309997558594,154.80033264160156,146.74733289082846,139.32289932250976,155.43715462137172,155.2120963325946,152.97977142774522,148.63936773140716,146.38373347095256,155.06714697467143,153.58694379710022,1.4802031775712123,1.705683239646997,-0.9955061542313558,-0.9955061542313558,-0.9955061542313558,-0.9955061542313558,0.9955061542313558,-0.9955061542313558,-0.9955061542313558,-0.9955061542313558,0.9955061542313558,2.3699951171875,2.5801513671875185,156.3300018310547,149.32492370605465,149.83720397949213,150.34948425292964,0.0,1.006012048542638,-0.7636504291707302,1.0,0.7636504291707302,1.0450599106908387,1.0,0.7636504291707302,1.0526546317377277,1.0,0.7636504291707302,0.0,0.0,0.0,0.0,0.0,0.0,0.0,0.7636504291707302,1
2024-02-05,155.2200012207031,155.5800018310547,153.2100067138672,154.1499938964844,154.1499938964844,635900.0,-0.9955061542313558,1.5130874925324902,1.3383302842686675,1.2771952980699683,1.4837581726856952,155.0699981689453,155.6469985961914,154.71666564941407,147.2328328450521,139.54789932250978,155.00810104640928,155.01898679875637,153.05526965153484,148.8200439991146,146.53752080611162,154.92604650110417,153.62865121186942,1.297395289234743,1.6240256495645462,-1.1806729784503749,1.1806729784503749,1.1806729784503749,1.1806729784503749,-1.1806729784503749,-1.1806729784503749,1.1806729784503749,1.1806729784503749,-1.1806729784503749,2.1300048828125,2.4819015502929886,155.5800018310547,150.65366882324216,151.16969909667966,151.68572937011714,1.0,1.006013139844194,0.9955061542313558,1.0,-0.9955061542313558,1.0444783616480524,1.0,-0.9955061542313558,1.0478665919699854,1.0,-0.9955061542313558,0.0,0.0,0.0,0.0,0.0,0.0,0.0,-0.9955061542313558,1
2024-02-06,154.2200012207031,155.9700012207031,153.8399963378906,155.9700012207031,155.9700012207031,629600.0,1.1806729784503749,1.6894648526472036,1.3939309525436487,1.1568556279506077,1.485729297861716,154.71999816894532,155.7399993896484,154.62133229573567,147.75249951680502,139.7886993408203,155.32873443784058,155.1918985118376,153.24331684954572,149.05446882605193,146.72430259649957,155.086654919504,153.8020845458571,1.2845703736468863,1.5561345943810143,-1.3912920125420067,1.3912920125420067,1.3912920125420067,1.3912920125420067,-1.3912920125420067,1.3912920125420067,1.3912920125420067,1.3912920125420067,-1.3912920125420067,2.7899932861328125,2.541900634765644,155.9700012207031,150.11981842041013,150.6161987304687,151.1125790405273,1.0,1.0072348820004546,-1.1806729784503749,1.0,1.1806729784503749,1.0444303645523116,1.0,1.1806729784503749,1.2049307786253542,1.0,1.1806729784503749,0.0,0.0,0.0,0.0,0.0,0.0,0.0,1.1806729784503749,1
2024-02-07,157.2100067138672,159.1199951171875,156.3300018310547,158.1399993896484,158.1399993896484,928500.0,1.3912920125420067,0.9460214373121008,1.4557168091012398,1.1583020788594298,1.4484500937908764,155.6959991455078,156.03199920654296,154.58566538492838,148.35633277893066,140.03889938354493,156.26582275510987,155.72791685325774,153.559231852133,149.3523550740387,146.95035599834412,155.55640022260314,154.12341157132312,1.4329886512800272,1.531505405760817,-1.9223430491120752,1.9223430491120752,1.9223430491120752,1.9223430491120752,-1.9223430491120752,1.9223430491120752,1.9223430491120752,1.9223430491120752,-1.9223430491120752,3.979995727539091,2.626900482177753,159.1199951171875,150.37781982421868,150.88619995117182,151.39458007812493,1.0,1.0093561962424726,-1.3912920125420067,1.0,1.3912920125420067,1.0449735273445908,1.0,1.3912920125420067,1.2567678463761989,1.0,1.3912920125420067,0.0,0.0,0.0,0.0,0.0,0.0,0.0,1.3912920125420067,1
2024-02-08,158.4700012207031,161.8999938964844,157.9199981689453,161.1799926757812,161.1799926757812,927200.0,1.9223430491120752,1.1141790114425307,1.5552072079343806,1.206698348672418,1.4485001351937996,157.0279968261719,156.58999786376953,154.6249984741211,148.97183265686036,140.3220993041992,157.90387939533366,156.71920336644382,154.05089384075546,149.74014647081714,147.23213098205574,156.42156829232283,154.64612128276443,1.775447009558377,1.5802937265203292,0.2109514903401567,0.2109514903401567,0.2109514903401567,0.2109514903401567,-0.2109514903401567,0.2109514903401567,0.2109514903401567,0.2109514903401567,0.2109514903401567,1.569992065429716,2.5253997802734545,161.8999938964844,153.34081405639645,153.866194152832,154.3915742492675,1.0,1.0127081610932225,-1.9223430491120752,1.0,1.9223430491120752,1.0463130079909717,1.0,1.9223430491120752,1.288811913636398,1.0,1.9223430491120752,0.0,0.0,0.0,0.0,0.0,0.0,0.0,1.9223430491120752,1
2024-02-09,161.6699981689453,162.5099945068359,160.9400024414062,161.5200042724609,161.5200042724609,820600.0,0.2109514903401567,1.1519726512161303,1.5552194191773796,1.1897194451520023,1.4403755639682756,158.19199829101564,157.1489990234375,154.6643320719401,149.60849939982097,140.60979934692384,159.10925435437608,157.59207625844692,154.53277193312357,150.12637131677266,147.51505916602417,157.20594305849792,155.15529780051975,2.050645257978175,1.6743640328118985,-1.516838090289616,-1.516838090289616,-1.516838090289616,-1.516838090289616,1.516838090289616,-1.516838090289616,-1.516838090289616,-1.516838090289616,-1.516838090289616,2.7649993896484943,2.5726501464843934,162.5099945068359,156.3441143798828,156.84919433593748,157.3542742919922,0.0,1.0160648995034078,0.2109514903401567,1.0,0.2109514903401567,1.047572856674932,1.0,0.2109514903401567,1.3072152645018589,1.0,0.2109514903401567,0.0,0.0,0.0,0.0,0.0,0.0,0.0,0.2109514903401567,1
2024-02-12,160.8500061035156,161.7749938964844,159.0099945068359,159.0700073242188,159.0700073242188,955600.0,-1.516838090289616,1.3543611974006182,1.5142898217321763,1.2557580474983323,1.3487055142389657,159.1760009765625,157.12299957275388,154.6356658935547,150.1068328857422,140.87089935302734,159.09617201099033,157.86079099767818,154.8254967970652,150.41960528422993,147.74387002064188,157.49272217630113,155.44527628375673,2.0474458925444026,1.7489804047583994,-3.721640255958589,-3.721640255958589,-3.721640255958589,-3.721640255958589,3.721640255958589,-3.721640255958589,-3.721640255958589,-3.721640255958589,-3.721640255958589,4.989990234375,2.752649688720723,161.7749938964844,156.85016418457025,157.36469421386712,157.879224243164,0.0,1.0160851228261363,-1.516838090289616,1.0,-1.516838090289616,1.0479317806920445,1.0,-1.516838090289616,1.2058770594772457,1.0,-1.516838090289616,0.0,0.0,0.0,0.0,0.0,0.0,0.0,-1.516838090289616,1
2024-02-13,155.4900054931641,156.7899932861328,151.8000030517578,153.1499938964844,153.1499938964844,1945200.0,-3.721640255958589,2.304317456664347,1.906126171993536,1.5232909914214663,1.3996431453002722,158.61199951171875,156.66599884033204,154.4376658121745,150.4394994099935,141.07699935913087,157.11411263948835,157.00428243382476,154.7173998357374,150.50912622233665,147.85092197857935,156.8246101332524,155.275255366181,1.5493547670714063,1.709055277221001,1.1361446702636453,1.1361446702636453,1.1361446702636453,1.1361446702636453,-1.1361446702636453,1.1361446702636453,1.1361446702636453,1.1361446702636453,-1.1361446702636453,1.8550109863280968,2.7533996582031435,156.7899932861328,155.7191645812988,156.26969451904296,156.82022445678712,1.0,1.0144286888592815,-3.721640255958589,1.0,-3.721640255958589,1.046441900836796,1.0,-3.721640255958589,1.2513211085262346,1.0,-3.721640255958589,1.0,0.0,2.0,0.986455321,0.3322660576666666,0.935911357,0.4966576366666667,-3.721640255958589,1
2024-02-14,155.0,155.9600067138672,154.1049957275391,154.8899993896484,154.8899993896484,1713500.0,1.1361446702636453,2.2586892772247635,1.7198044463328026,1.5305952365621802,1.402531904968359,157.96199951171874,156.8289993286133,154.41766560872395,150.807666015625,141.31589935302733,156.37274155620838,156.6198673348836,154.72853529082843,150.65276140815013,147.99030965008566,156.5269777111595,155.24671788643784,1.280259824721668,1.6232961867211344,-0.1484897207342727,-0.1484897207342727,-0.1484897207342727,-0.1484897207342727,0.1484897207342727,0.1484897207342727,-0.1484897207342727,-0.1484897207342727,0.1484897207342727,2.979995727539091,2.7543998718261933,155.9600067138672,150.7325140380859,151.28319396972654,151.83387390136716,0.0,1.0156156597134383,-1.1361446702636453,1.0,1.1361446702636453,1.0455315328191075,1.0,1.1361446702636453,1.123618057374593,1.0,1.1361446702636453,1.0,0.0,0.0,0.990563035,0.990563035,0.005003006,0.005003006,1.1361446702636453,1
2024-02-15,153.5599975585938,156.0800018310547,153.1000061035156,154.6600036621094,154.6600036621094,1387000.0,-0.1484897207342727,1.8871052847644976,1.7030398849985378,1.4867420187526648,1.4035505658825504,156.6580017089844,156.84299926757814,154.55133260091145,151.16566619873046,141.55269943237306,155.80182892484208,156.26352848528828,154.7241138954272,150.7841464000832,148.1223827988386,156.23975093438256,155.20325757352464,1.036493360857918,1.5059356215484914,-0.3620829854738252,0.3620829854738252,0.3620829854738252,0.3620829854738252,-0.3620829854738252,-0.3620829854738252,0.3620829854738252,0.3620829854738252,-0.3620829854738252,2.419998168945284,2.7496498107910328,156.0800018310547,149.90032699584955,150.4512069702148,151.00208694458004,1.0,1.0148278674023752,0.1484897207342727,1.0,-0.1484897207342727,1.0445694362448532,1.0,-0.1484897207342727,1.1454844643641275,1.0,-0.1484897207342727,0.0,0.0,0.0,0.0,0.0,0.0,0.0,-0.1484897207342727,1
2024-02-16,154.8600006103516,156.4799957275391,154.0599975585938,155.2200012207031,155.2200012207031,1994100.0,0.3620829854738252,1.908593827076418,1.6882863214060415,1.4781448301035391,1.3968863512831204,155.39800109863285,156.7949996948242,154.73833262125652,151.50399958292644,141.79699951171875,155.60788635679577,156.07379625536367,154.75610662609017,150.92958426305432,148.26292969828148,156.08286636304726,155.204497843686,0.8783685193612598,1.3804222011110452,0.5089605326046942,-0.5089605326046942,-0.5089605326046942,-0.5089605326046942,0.5089605326046942,0.5089605326046942,-0.5089605326046942,-0.5089605326046942,0.5089605326046942,3.8899993896483807,2.870749664306652,156.4799957275391,150.03077224731442,150.58070220947263,151.13063217163082,0.0,1.0132912578203985,-0.3620829854738252,1.0,0.3620829854738252,1.043795012961247,1.0,0.3620829854738252,1.142165697855049,1.0,0.3620829854738252,0.0,0.0,0.0,0.0,0.0,0.0,0.0,0.3620829854738252,1
2024-02-20,151.3500061035156,154.9600067138672,151.0700073242188,154.4299926757812,154.4299926757812,1625900.0,-0.5089605326046942,1.8637161036232264,1.6638158637270988,1.4701294825371856,1.3987341352801157,154.46999816894532,156.8229995727539,154.92066548665363,151.83516616821288,142.0409994506836,155.2152551297909,155.77492287725778,154.73506701639283,151.04435175199615,148.38504975724186,155.82857810346786,155.1471270905079,0.6814510129599967,1.2406279634808357,6.727967287715746,-6.727967287715746,-6.727967287715746,-6.727967287715746,6.727967287715746,6.727967287715746,-6.727967287715746,-6.727967287715746,6.727967287715746,5.964996337890597,3.075499725341807,154.9600067138672,150.16434646606444,150.73849639892578,151.3126463317871,0.0,1.0122794081740125,0.5089605326046942,1.0,-0.5089605326046942,1.042794184923209,1.0,-0.5089605326046942,1.1317478381942552,1.0,-0.5089605326046942,1.0,0.0,0.0,0.997056365,0.997056365,0.001747686,0.001747686,-0.5089605326046942,1
2024-02-21,140.2899932861328,144.1499938964844,138.1849975585938,144.0399932861328,144.0399932861328,3981300.0,-6.727967287715746,3.1637304600924825,2.6461275512321225,2.101869005496764,1.6602426656039813,152.647998046875,155.62999877929687,154.62166544596354,151.9738327026367,142.1773994445801,151.49016784857156,153.64129931523505,154.04506225960188,150.81470065475474,148.29900903504168,154.01494967003168,154.32437643833194,-0.3094267683002556,0.9306170171246176,-3.471258145692628,3.471258145692628,3.471258145692628,3.471258145692628,-3.471258145692628,-3.471258145692628,-3.471258145692628,3.471258145692628,-3.471258145692628,5.190002441406307,3.2012496948242277,144.1499938964844,148.1939073181152,148.80900726318356,149.42410720825194,1.0,1.006521293962428,6.727967287715746,1.0,-6.727967287715746,1.0387464033775333,1.0,-6.727967287715746,1.2589402785387789,1.0,-6.727967287715746,2.0,3.0,0.0,0.992202997,0.487998073,0.043676011,0.02433796925,-6.727967287715746,1
2024-02-22,145.8399963378906,149.3099975585938,144.1199951171875,149.0399932861328,149.0399932861328,1917900.0,3.471258145692628,3.714967082073416,2.9032784416670947,2.267999145438757,1.7159109607005445,151.47799682617188,154.71999816894532,154.5423319498698,152.19049936930338,142.3413993835449,150.67344299442533,152.80469821903463,153.7221545838942,150.75651352791468,148.31368199050883,153.2495717648165,153.93294064928014,-0.6833688844636754,0.607819836806959,-0.6239989106714589,0.6239989106714589,0.6239989106714589,0.6239989106714589,-0.6239989106714589,-0.6239989106714589,-0.6239989106714589,0.6239989106714589,-0.6239989106714589,3.421005249023409,3.2517997741699274,149.3099975585938,137.1072445678711,137.74749450683595,138.3877444458008,1.0,1.0011496281752312,-3.471258145692628,1.0,3.471258145692628,1.0364664440987412,1.0,3.471258145692628,1.2801056153420372,1.0,3.471258145692628,0.0,0.0,0.0,0.0,0.0,0.0,0.0,3.471258145692628,1
2024-02-23,149.4100036621094,150.5050048828125,147.0839996337891,149.9700012207031,149.9700012207031,1669400.0,0.6239989106714589,3.7599692434776233,2.807786235117502,2.273298246336745,1.7169114371304453,150.5399963378906,153.5989990234375,154.4413319905599,152.41749928792316,142.517999420166,150.43896240318458,152.28929876479253,153.48008017336574,150.73072623915365,148.34648039110672,152.7450224503375,153.63938958049664,-0.8943671301591394,0.3073824434137393,-1.5869873064213489,-1.5869873064213489,1.5869873064213489,1.5869873064213489,-1.5869873064213489,-1.5869873064213489,-1.5869873064213489,1.5869873064213489,-1.5869873064213489,2.625,3.304049682617193,150.5050048828125,142.15603805541997,142.80639801025396,143.45675796508797,1.0,0.9945459356231539,-0.6239989106714589,-1.0,0.6239989106714589,1.0346054707110313,1.0,0.6239989106714589,1.2351156473384193,1.0,0.6239989106714589,0.0,0.0,1.0,0.008114409,0.008114409,0.557480097,0.557480097,0.6239989106714589,-1
2024-02-26,150.2700042724609,152.4100036621094,149.7850036621094,152.3500061035156,152.3500061035156,2253300.0,1.5869873064213489,3.872941807689437,2.8889524582897965,2.305669823148394,1.7263461596539875,149.9659973144531,152.68199920654297,154.4499989827474,152.6846659342448,142.72449951171876,151.07597696996157,152.30033646274217,153.4071721688593,150.78381738224746,148.4257581279861,152.6842507046726,153.54387969331285,-0.8596289886402531,0.0739801570029408,-0.2691095417756282,-0.2691095417756282,0.2691095417756282,0.2691095417756282,-0.2691095417756282,-0.2691095417756282,-0.2691095417756282,0.2691095417756282,-0.2691095417756282,1.9700012207032105,3.184549713134774,152.4100036621094,143.23609558105468,143.89690551757812,144.55771545410155,1.0,0.9885529311243186,-1.5869873064213489,-1.0,-1.5869873064213489,1.0335616546864985,1.0,1.5869873064213489,1.252977520582253,1.0,1.5869873064213489,0.0,0.0,0.0,0.0,0.0,0.0,0.0,-1.5869873064213489,1
2024-02-27,152.3099975585938,153.3200073242188,151.3500061035156,152.7599945068359,152.7599945068359,1416500.0,0.2691095417756282,3.8786232920318495,2.8773331018102364,2.2454201189187217,1.721925769985856,149.63199768066406,152.05099792480468,154.47699890136718,152.93266576131185,142.93909942626954,151.6373161489197,152.38391065257738,153.36541877130938,150.84861007485694,148.5115845909336,152.69590359731308,153.48581412394418,-0.789910526631104,-0.0987979797238681,-0.6480790316602092,-0.6480790316602092,0.6480790316602092,0.6480790316602092,-0.6480790316602092,-0.6480790316602092,-0.6480790316602092,0.6480790316602092,-0.6480790316602092,3.069992065429716,3.207549285888679,153.3200073242188,145.4039942932129,146.04090423583986,146.6778141784668,1.0,0.9842953902923017,-0.2691095417756282,-1.0,-0.2691095417756282,1.0326832024164672,1.0,0.2691095417756282,1.2814230520014274,1.0,0.2691095417756282,0.0,0.0,0.0,0.0,0.0,0.0,0.0,0.2691095417756282,1
2024-02-28,151.7899932861328,154.1699981689453,151.1000061035156,153.75,153.75,1434300.0,0.6480790316602092,1.298023480730893,2.6324428129552886,2.2439885369718664,1.7095146810783677,151.5739990234375,152.11099853515626,154.57866566975912,153.23033243815104,143.1728994750977,152.34154409927982,152.63229053392695,153.39023046348296,150.94373761338622,148.61531558913293,152.85807227464954,153.50538344809647,-0.6473111734469228,-0.208500618468479,-0.3577255621189024,-0.3577255621189024,0.3577255621189024,0.3577255621189024,-0.3577255621189024,-0.3577255621189024,-0.3577255621189024,0.3577255621189024,-0.3577255621189024,2.139999389648409,3.124049377441415,154.1699981689453,146.26339889526372,146.90490875244146,147.5464186096192,1.0,0.9840361726250454,-0.6480790316602092,-1.0,-0.6480790316602092,1.0321293593155023,1.0,0.6480790316602092,1.1731088504166867,1.0,0.6480790316602092,0.0,0.0,0.0,0.0,0.0,0.0,0.0,0.6480790316602092,1
2024-02-29,155.0,155.0899963378906,152.9499969482422,154.3000030517578,154.3000030517578,1539600.0,0.3577255621189024,0.5239267725764747,2.608857357938854,2.15154875609388,1.7018194283288095,152.62600097656247,152.0519989013672,154.72999928792316,153.50399907430014,143.4230995178223,152.99436375010583,152.93551099171435,153.4489254691781,151.0537791031689,148.72788365769975,153.07990777882003,153.5642441594788,-0.4843363806587604,-0.2636677709065353,1.7952068811896489,-1.7952068811896489,1.7952068811896489,1.7952068811896489,-1.7952068811896489,1.7952068811896489,-1.7952068811896489,1.7952068811896489,-1.7952068811896489,4.0709991455078125,3.163598632812506,155.0899963378906,147.2970895385742,147.9218994140625,148.54670928955076,1.0,0.982692429400373,-0.3577255621189024,-1.0,-0.3577255621189024,1.0317428157745048,1.0,0.3577255621189024,1.2125485655622392,1.0,0.3577255621189024,0.0,0.0,0.0,0.0,0.0,0.0,0.0,0.3577255621189024,1
2024-03-01,154.25,157.4010009765625,153.3300018310547,157.0700073242188,157.0700073242188,945500.0,1.7952068811896489,0.711329534185606,2.6688299259587454,2.1805832579838444,1.7141976182723182,154.04600219726564,152.2929992675781,154.88666636149088,153.81949920654296,143.68319961547851,154.3529116081435,153.68723759762423,153.6825436533743,151.2510324874656,148.8930742253536,153.6937692473429,153.8239303198299,-0.1301610724869988,-0.236966431222628,0.2737586144588484,-0.2737586144588484,0.2737586144588484,0.2737586144588484,-0.2737586144588484,0.2737586144588484,0.2737586144588484,0.2737586144588484,0.2737586144588484,3.360000610351591,3.177598571777351,157.4010009765625,148.13007934570308,148.76279907226558,149.39551879882808,1.0,0.9832544197971218,-1.7952068811896489,-1.0,-1.7952068811896489,1.032167174013559,1.0,1.7952068811896489,1.223906455388606,1.0,1.7952068811896489,0.0,0.0,0.0,0.0,0.0,0.0,0.0,1.7952068811896489,1
2024-03-04,156.0500030517578,158.5,155.1399993896484,157.5,157.5,1257500.0,0.2737586144588484,0.6484210210602992,2.66833498435596,2.175540923458522,1.7140592182685148,155.0760009765625,152.5209991455078,155.01566619873046,154.14083251953124,143.94659957885742,155.40194107209567,154.3804671253289,153.92883115960822,151.45591666820442,149.06350839910897,154.27934320929015,154.0962317776203,0.1831114316698574,-0.1529508586441309,-1.0984099857391052,1.0984099857391052,-1.0984099857391052,-1.0984099857391052,1.0984099857391052,-1.0984099857391052,-1.0984099857391052,-1.0984099857391052,-1.0984099857391052,2.97499084472662,3.207848358154307,158.5,150.41028411865233,151.0458038330078,151.68132354736326,0.0,0.9839070004058527,0.2737586144588484,-1.0,-0.2737586144588484,1.0326392610287465,1.0,0.2737586144588484,1.2265156474804568,1.0,0.2737586144588484,0.0,0.0,0.0,0.0,0.0,0.0,0.0,0.2737586144588484,1
2024-03-05,156.3999938964844,157.0599975585938,154.0850067138672,155.7700042724609,155.7700042724609,1383300.0,-1.0984099857391052,1.0333187043711476,2.691627988310485,2.1783395424996463,1.7059614297439774,155.6780029296875,152.65500030517578,155.04166615804036,154.38649927775066,144.1811996459961,155.52462880555078,154.63311024298926,154.04761652172778,151.59736216342594,149.1963102975912,154.5086756805472,154.22021492538624,0.2884607551609406,-0.0646685358831166,0.8859148656179804,-0.8859148656179804,0.8859148656179804,0.8859148656179804,-0.8859148656179804,0.8859148656179804,0.8859148656179804,0.8859148656179804,0.8859148656179804,1.5549926757813068,3.179097747802748,157.0599975585938,151.44273361206052,152.08430328369138,152.72587295532225,1.0,0.9846062938305129,-1.0984099857391052,-1.0,1.0984099857391052,1.0325162613905132,1.0,-1.0984099857391052,1.235632891841021,1.0,-1.0984099857391052,0.0,0.0,0.0,0.0,0.0,0.0,0.0,-1.0984099857391052,1
2024-03-06,157.1199951171875,158.1199951171875,156.5650024414062,157.1499938964844,157.1499938964844,1033300.0,0.8859148656179804,1.053149564270293,1.2064173866992811,2.171454054224338,1.7075114003890317,156.35800170898438,153.96600036621095,155.11199951171875,154.64083251953124,144.4234996032715,156.06641716919532,155.09072545271565,154.24776990074434,151.77941566287046,149.3538089827178,154.91503232915292,154.43723558991204,0.4777967392408868,0.043824519141684,0.1018158882111053,-0.1018158882111053,0.1018158882111053,0.1018158882111053,-0.1018158882111053,0.1018158882111053,0.1018158882111053,0.1018158882111053,0.1018158882111053,2.199996948242216,3.149597930908217,158.1199951171875,150.06598251342777,150.70180206298832,151.33762161254887,1.0,0.9926117956759288,0.8859148656179804,-1.0,-0.8859148656179804,1.032767566835827,1.0,0.8859148656179804,0.5555804343878801,-1.0,0.8859148656179804,0.0,0.0,0.0,0.0,0.0,0.0,0.0,0.8859148656179804,1
2024-03-07,156.6499938964844,158.3099975585938,156.1100006103516,157.3099975585938,157.3099975585938,1213800.0,0.1018158882111053,1.064477645150223,0.8071767093222875,2.148891172152868,1.6955971761789506,156.96000061035156,154.79300079345705,155.1816660563151,154.8571657816569,144.69919952392578,156.48094396566148,155.4942294719662,154.44533297544433,151.9607462168286,149.511357271349,155.28348851829767,154.65003277277737,0.6334557455203083,0.1617507644174089,-1.8943460516100696,1.8943460516100696,-1.8943460516100696,-1.8943460516100696,1.8943460516100696,-1.8943460516100696,-1.8943460516100696,-1.8943460516100696,-1.8943460516100696,3.9349975585937216,3.1473480224609487,158.3099975585938,151.19087966918943,151.82079925537107,152.4507188415527,0.0,0.9974954176434928,0.1018158882111053,-1.0,-0.1018158882111053,1.0330006749596998,1.0,0.1018158882111053,0.37562475000240103,-1.0,-0.1018158882111053,1.0,0.0,0.0,0.907888472,0.907888472,0.022677986,0.022677986,0.1018158882111053,-1
2024-03-08,158.0700073242188,158.2649993896484,154.3300018310547,154.3300018310547,154.3300018310547,1154300.0,-1.8943460516100696,1.1253610539896886,1.1140936693263317,2.1382772101894663,1.6992901488947905,156.41199951171876,155.2290008544922,155.13933258056642,154.9768325805664,144.95319961547852,155.76396325412588,155.2825517190732,154.43789225645148,152.03842672877045,149.6067759755016,155.13679825872185,154.62632677709422,0.5104714816276044,0.2314949078594479,-1.4190386933343508,-1.4190386933343508,-1.4190386933343508,-1.4190386933343508,1.4190386933343508,-1.4190386933343508,-1.4190386933343508,-1.4190386933343508,-1.4190386933343508,2.1300048828125,3.1753486633300883,158.2649993896484,151.38583190917973,152.01530151367191,152.6447711181641,0.0,1.0005779854304788,-1.8943460516100696,1.0,1.8943460516100696,1.0322920953910604,1.0,-1.8943460516100696,0.5210239645343343,-1.0,1.8943460516100696,0.0,0.0,0.0,0.0,0.0,0.0,0.0,1.8943460516100696,1
2024-03-11,152.7200012207031,154.0200042724609,151.8899993896484,152.1399993896484,152.1399993896484,1039000.0,-1.4190386933343508,1.1466354121841429,1.1314394187295322,2.15301538960625,1.7000078421831208,155.33999938964843,155.20800018310547,155.01299947102865,155.02299931844075,145.16019958496094,154.55597529930006,154.71117856826868,154.28964110375452,152.04175697994677,149.6569388153857,154.67575227886437,154.44215437802416,0.2335979008402091,0.2319155064556002,-0.0394357557739045,-0.0394357557739045,0.0394357557739045,-0.0394357557739045,0.0394357557739045,0.0394357557739045,-0.0394357557739045,-0.0394357557739045,-0.0394357557739045,2.1300048828125,3.1435989379882883,154.0200042724609,151.2792323303222,151.91430206298824,152.54937179565425,0.0,1.001257963607841,-1.4190386933343508,1.0,-1.4190386933343508,1.0309554794120415,1.0,-1.4190386933343508,0.5255138556796166,-1.0,1.4190386933343508,0.0,0.0,0.0,0.0,0.0,0.0,0.0,-1.4190386933343508,1
2024-03-12,153.1300048828125,153.1300048828125,151.0,152.0800018310547,152.0800018310547,1151000.0,-0.0394357557739045,1.1489402374918376,1.1272416450508451,2.1334640815821126,1.6811646116935464,154.6019989013672,155.14000091552734,154.77133280436198,155.0191660563151,145.38759963989258,153.7306508098849,154.23278279786612,154.14708373132228,152.04301090949127,149.70492026124057,154.27640605612442,154.26718011528567,0.0092259408387462,0.1873775933322294,0.0723307529110831,-0.0723307529110831,0.0723307529110831,-0.0723307529110831,0.0723307529110831,0.0723307529110831,-0.0723307529110831,-0.0723307529110831,0.0723307529110831,2.150009155273409,3.001599884033209,153.1300048828125,147.10408660888666,147.73280639648434,148.36152618408198,0.0,1.0023820180681093,-0.0394357557739045,1.0,-0.0394357557739045,1.029672795405321,1.0,-0.0394357557739045,0.5283621387311647,-1.0,0.0394357557739045,0.0,0.0,0.0,0.0,0.0,0.0,0.0,-0.0394357557739045,1
2024-03-13,152.0399932861328,153.2700042724609,151.1199951171875,151.9700012207031,151.9700012207031,1390300.0,-0.0723307529110831,0.9233714823900888,1.1011802198902536,1.96612160393982,1.588301771639394,153.56600036621094,154.96200103759764,154.5796661376953,154.90666605631512,145.6471996307373,153.143767613491,153.82136796565464,154.0066267951533,152.04061714920311,149.74977334954673,153.92157454298268,154.09701871568694,-0.1754441727042603,0.1148132401249315,0.6646012362460362,-0.6646012362460362,0.6646012362460362,-0.6646012362460362,0.6646012362460362,0.6646012362460362,0.6646012362460362,-0.6646012362460362,0.6646012362460362,3.049987792968807,3.0613487243652444,153.2700042724609,146.52648513793943,147.12680511474608,147.72712509155272,0.0,1.0024733841743567,0.0723307529110831,1.0,-0.0723307529110831,1.0284264433287,1.0,-0.0723307529110831,0.5600773714523302,-1.0,0.0723307529110831,0.0,0.0,0.0,0.0,0.0,0.0,0.0,-0.0723307529110831,1
2024-03-14,151.9700012207031,152.6499938964844,149.6000061035156,150.9600067138672,150.9600067138672,1057400.0,-0.6646012362460362,0.8224178394545175,1.100293512115542,1.951575799409345,1.5902066990494743,152.29600219726564,154.62800140380858,154.50299987792968,154.78049952189127,145.91689971923827,152.4158473136164,153.30112046532963,153.8100706608768,152.00518729886423,149.77373836666197,153.46594872311877,153.8646474562929,-0.3986987331741147,0.0121108454651222,0.7684178660034579,-0.7684178660034579,0.7684178660034579,-0.7684178660034579,0.7684178660034579,0.7684178660034579,0.7684178660034579,-0.7684178660034579,0.7684178660034579,1.5999908447265057,2.992348480224615,152.6499938964844,146.53503707885736,147.14730682373042,147.75957656860348,0.0,1.0008090556557327,0.6646012362460362,1.0,-0.6646012362460362,1.0269495329303555,1.0,-0.6646012362460362,0.5637974771200543,-1.0,0.6646012362460362,0.0,0.0,0.0,0.0,0.0,0.0,0.0,-0.6646012362460362,1
2024-03-15,149.3999938964844,150.9199981689453,149.3200073242188,149.8000030517578,149.8000030517578,3923000.0,-0.7684178660034579,0.5691589515522765,0.8507145681580037,1.9571364307103465,1.592509883799388,151.39000244140624,153.9010009765625,154.34566650390624,154.63133290608724,146.1866997528076,151.5438992263302,152.66455366286203,153.5513566215788,151.93288617600828,149.77425845943617,152.90195708137094,153.56356268558656,-0.6616056042156231,-0.1226324444710268,0.0600776609193593,0.0600776609193593,0.0600776609193593,-0.0600776609193593,0.0600776609193593,0.0600776609193593,0.0600776609193593,-0.0600776609193593,0.0600776609193593,1.75,2.958848571777351,150.9199981689453,146.06682723999026,146.66529693603516,147.2637666320801,0.0,0.9971190281047995,0.7684178660034579,-1.0,-0.7684178660034579,1.025218606995578,1.0,-0.7684178660034579,0.4346731044443515,-1.0,0.7684178660034579,0.0,0.0,0.0,0.0,0.0,0.0,0.0,-0.7684178660034579,1
2024-03-18,151.1699981689453,151.3600006103516,149.6100006103516,149.7100067138672,149.7100067138672,897400.0,-0.0600776609193593,0.3631252668624387,0.824451334871456,1.9536999268718345,1.5917836916063477,150.90400390625,153.12200164794922,154.14600016276043,154.473166402181,146.4646997833252,150.9326017221759,152.12736330849933,153.30352759527486,151.86000488216757,149.7729861476427,152.41088779406266,153.27811409508882,-0.8672263010261645,-0.2715512157820543,0.0868378044100762,0.0868378044100762,0.0868378044100762,-0.0868378044100762,0.0868378044100762,0.0868378044100762,0.0868378044100762,-0.0868378044100762,0.0868378044100762,1.805007934570284,2.854598999023446,151.3600006103516,144.41053131103513,145.0023010253906,145.5940707397461,0.0,0.9933569569516563,0.0600776609193593,-1.0,0.0600776609193593,1.0235726183902871,1.0,-0.0600776609193593,0.42199486396640545,-1.0,0.0600776609193593,0.0,0.0,0.0,0.0,0.0,0.0,0.0,-0.0600776609193593,1
2024-03-19,148.9400024414062,149.9750061035156,148.1699981689453,149.5800018310547,149.5800018310547,859200.0,-0.0868378044100762,0.3544525883624151,0.8050957909318481,1.952033645276868,1.579463444114005,150.40400390625,152.50300140380858,153.99366709391276,154.35516637166342,146.73809982299804,150.48173509180216,151.66420667623666,153.0633001266155,151.7852506837704,149.76916467602712,151.97536687667682,153.0041798533085,-1.0288129766316845,-0.4230035679519803,-0.7353863024877526,-0.7353863024877526,-0.7353863024877526,0.7353863024877526,-0.7353863024877526,-0.7353863024877526,-0.7353863024877526,0.7353863024877526,-0.7353863024877526,2.1499938964844034,2.6638488769531365,149.9750061035156,145.07988281250002,145.6508026123047,146.2217224121094,1.0,0.9903199545914112,0.0868378044100762,-1.0,0.0868378044100762,1.0219947507733924,1.0,-0.0868378044100762,0.41243950527177353,-1.0,0.0868378044100762,0.0,0.0,1.0,0.007297902,0.007297902,0.841309071,0.841309071,-0.0868378044100762,1
2024-03-20,149.9299926757812,150.7299957275391,148.5800018310547,150.6799926757812,150.6799926757812,1080200.0,0.7353863024877526,0.6003023423872085,0.779340870789197,1.1918874743642172,1.5715625071972157,150.14600219726563,151.8560012817383,153.8173334757487,154.21933288574218,147.04019973754882,150.5478209531285,151.48525867615385,152.90953835559395,151.74901271629534,149.78720087404207,151.77607853807748,152.83201784015833,-1.0559393020808443,-0.5495907147777532,-2.3626313979474323,-2.3626313979474323,-2.3626313979474323,2.3626313979474323,-2.3626313979474323,-2.3626313979474323,-2.3626313979474323,2.3626313979474323,-2.3626313979474323,4.25,2.616848754882821,150.7299957275391,144.1145385742187,144.64730834960932,145.18007812499994,1.0,0.9872489520544208,-0.7353863024877526,-1.0,-0.7353863024877526,1.0208451554160325,1.0,0.7353863024877526,0.6538711812580438,-1.0,-0.7353863024877526,0.0,0.0,0.0,0.0,0.0,0.0,0.0,0.7353863024877526,1
2024-03-21,151.7299957275391,155.1600036621094,150.9100036621094,154.2400054931641,154.2400054931641,1078100.0,2.3626313979474323,1.2012091899247364,1.1743293545886313,1.0507466109646044,1.6023746201339375,150.802001953125,151.54900207519532,153.6873336791992,154.1364995320638,147.3859997558594,151.77854913314036,151.98612173379206,152.9953749451146,151.8306846106189,149.8753752229356,152.15514422347542,152.93631322186246,-0.7811689983870451,-0.5959063714996116,-0.0972470767261259,-0.0972470767261259,-0.0972470767261259,0.0972470767261259,-0.0972470767261259,-0.0972470767261259,-0.0972470767261259,0.0972470767261259,-0.0972470767261259,2.7099914550780966,2.5812980651855555,155.1600036621094,144.97292846679687,145.49629821777344,146.01966796875,1.0,0.9860864812160294,-2.3626313979474323,-1.0,-2.3626313979474323,1.020817293818535,1.0,2.3626313979474323,1.117614220530843,1.0,-2.3626313979474323,0.0,0.0,0.0,0.0,0.0,0.0,0.0,2.3626313979474323,1
2024-03-22,153.7899932861328,154.7799987792969,152.0700073242188,154.3899993896484,154.3899993896484,1177700.0,0.0972470767261259,1.035004897888478,1.0107934926006648,1.0455375779888094,1.600938876170627,151.72000122070312,151.55500183105468,153.46100056966145,154.0429995218913,147.73679977416992,152.64903255197638,152.4231903984932,153.08535071572967,151.9145965705871,149.96477372128632,152.49896809519433,153.0439936787355,-0.545025583541161,-0.5857302139079215,-1.172354145831468,1.172354145831468,1.172354145831468,-1.172354145831468,1.172354145831468,-1.172354145831468,1.172354145831468,-1.172354145831468,-1.172354145831468,3.0,2.6000480651855558,154.7799987792969,149.48114791870117,149.9974075317383,150.5136671447754,0.0,0.9875799145611489,-0.0972470767261259,-1.0,-0.0972470767261259,1.0208087333912366,1.0,0.0972470767261259,0.9667691662934027,-1.0,0.0972470767261259,0.0,0.0,0.0,0.0,0.0,0.0,0.0,0.0972470767261259,1
2024-03-25,153.7799987792969,155.2400054931641,152.2400054931641,152.5800018310547,152.5800018310547,888600.0,-1.172354145831468,1.3004380588556494,0.9744411083611224,1.0279176173816815,1.6071097752701595,152.29400024414062,151.5990020751953,153.16300048828126,153.91366628011068,148.06519981384278,152.62602231166915,152.45170156804983,153.0527475618797,151.93641313650403,150.01656041652925,152.51143482378822,153.0096239122406,-0.498189088452392,-0.5682219888168156,-0.203170503915071,0.203170503915071,0.203170503915071,-0.203170503915071,0.203170503915071,-0.203170503915071,0.203170503915071,-0.203170503915071,-0.203170503915071,2.110000610351591,2.6070480346679745,155.2400054931641,149.05989303588868,149.57990264892578,150.0999122619629,0.0,0.9897886669228211,-1.172354145831468,-1.0,1.172354145831468,1.0202390131924124,1.0,-1.172354145831468,0.947975880443829,-1.0,1.172354145831468,0.0,0.0,0.0,0.0,0.0,0.0,0.0,-1.172354145831468,1
2024-03-26,152.8800048828125,154.1499938964844,152.0399932861328,152.2700042724609,152.2700042724609,1330200.0,-0.203170503915071,1.3120288488663323,0.9771675355983042,1.0271380586801355,1.6070210558709637,152.83200073242188,151.61800231933594,152.93633371988932,153.785999806722,148.3673998260498,152.50734963193307,152.41866569612455,153.00224799482044,151.9473505507977,150.06118306714177,152.47429166204557,152.95483727225695,-0.4805456102113794,-0.5506867130957285,2.344514326696808,-2.344514326696808,-2.344514326696808,2.344514326696808,-2.344514326696808,2.344514326696808,-2.344514326696808,2.344514326696808,2.344514326696808,3.559997558593693,2.631548309326173,154.1499938964844,149.50449981689454,150.02590942382815,150.54731903076174,1.0,0.9913798678934728,-0.203170503915071,-1.0,0.203170503915071,1.0195991052953564,1.0,-0.203170503915071,0.9513497502506693,-1.0,0.203170503915071,0.0,0.0,0.0,0.0,0.0,0.0,0.0,-0.203170503915071,1
2024-03-27,153.3899993896484,156.1900024414062,152.6300048828125,155.8399963378906,155.8399963378906,1260300.0,2.344514326696808,1.593149136243269,1.2211177519623342,1.14743696198452,1.6356592801439849,153.86400146484374,152.0050018310547,153.0260004679362,153.73183314005533,148.71779975891113,153.61823186725223,153.04072581280928,153.18532853308304,152.07497828152205,150.1756150130972,152.99209238140634,153.1685527586002,-0.1764603771938482,-0.4758414459153525,0.3465147315269841,-0.3465147315269841,-0.3465147315269841,0.3465147315269841,-0.3465147315269841,0.3465147315269841,-0.3465147315269841,0.3465147315269841,0.3465147315269841,2.2950134277344034,2.639299011230473,156.1900024414062,148.36058761596684,148.88689727783205,149.4132069396973,1.0,0.9933279401293936,2.344514326696808,-1.0,-2.344514326696808,1.0200412931202136,1.0,2.344514326696808,1.0642133663276643,1.0,-2.344514326696808,0.0,0.0,0.0,0.0,0.0,0.0,0.0,2.344514326696808,1
2024-03-28,155.6300048828125,157.8500061035156,155.5549926757812,156.3800048828125,156.3800048828125,1322600.0,0.3465147315269841,1.2886811112823884,1.1772703721704667,1.14729366795113,1.609523758060625,154.29200134277343,152.54700164794923,153.07566731770834,153.74666646321614,149.04959983825682,154.538822872439,153.64786746190077,153.3914366846785,152.21612669467913,150.2984742184381,153.51330968931498,153.40643810113443,0.106871588180553,-0.3592988390961714,-0.8824688833119319,0.8824688833119319,0.8824688833119319,-0.8824688833119319,0.8824688833119319,-0.8824688833119319,-0.8824688833119319,-0.8824688833119319,-0.8824688833119319,1.7200012207031818,2.5217491149902416,157.8500061035156,150.38354461669914,150.91140441894524,151.43926422119134,0.0,0.9965463768407956,0.3465147315269841,-1.0,-0.3465147315269841,1.0205788014969814,1.0,0.3465147315269841,1.0261281876268609,1.0,0.3465147315269841,0.0,0.0,1.0,0.003089379,0.003089379,0.984507561,0.984507561,0.3465147315269841,1
2024-04-01,156.0500030517578,156.1100006103516,154.3899993896484,155.0,155.0,639500.0,-0.8824688833119319,1.3940731473782058,1.1898966778604152,1.0906024954361346,1.5609104094436577,154.41400146484375,153.06700134277344,153.08700052897134,153.8191665649414,149.34199981689454,154.692548581626,153.89370974155517,153.49521496308634,152.3074012292798,150.39157373886505,153.7420312755742,153.52447972327263,0.2175515523015576,-0.2439287608166256,-0.8064516129032258,0.8064516129032258,0.8064516129032258,-0.8064516129032258,0.8064516129032258,-0.8064516129032258,-0.8064516129032258,-0.8064516129032258,-0.8064516129032258,1.9300079345703125,2.450249481201177,156.1100006103516,152.30215805053706,152.8065078735351,153.31085769653316,0.0,0.9998693606502916,-0.8824688833119319,-1.0,0.8824688833119319,1.020637068600734,1.0,-0.8824688833119319,1.091045255113388,1.0,-0.8824688833119319,0.0,0.0,1.0,0.003661537,0.003661537,0.984221339,0.984221339,-0.8824688833119319,1
2024-04-02,153.1399993896484,154.4100036621094,152.4799957275391,153.75,153.75,992000.0,-0.8064516129032258,1.3190482620763793,1.2406726400839188,1.0998764092777824,1.5619276005573162,154.64800109863282,153.47100067138672,153.03800048828126,153.88816655476887,149.63929985046386,154.378365721084,153.86758069763604,153.51165270740336,152.35469954963128,150.45807722918454,153.74325723317816,153.54118492895614,0.202072304222014,-0.1547285478088976,1.5349597465701403,1.5349597465701403,-1.5349597465701403,1.5349597465701403,-1.5349597465701403,1.5349597465701403,1.5349597465701403,1.5349597465701403,1.5349597465701403,3.5499877929687216,2.4789993286132828,154.4100036621094,150.719451751709,151.20950164794922,151.69955154418946,1.0,1.0028293638294015,-0.8064516129032258,1.0,0.8064516129032258,1.0202951914211125,1.0,-0.8064516129032258,1.1280109561569631,1.0,-0.8064516129032258,0.0,0.0,0.0,0.0,0.0,0.0,0.0,-0.8064516129032258,1
2024-04-03,153.0899963378906,156.2899932861328,152.7400054931641,156.1100006103516,156.1100006103516,981400.0,1.5349597465701403,1.424315074371849,1.2932228688784038,1.1330390505082817,1.572070953840996,155.41600036621094,154.1240005493164,153.09400075276693,154.0073331197103,149.95019989013673,154.9555773508399,154.27529340903885,153.6792880559807,152.47782417457293,150.56999650405913,154.10737159889717,153.7314675720225,0.3759040268746503,-0.048602032872188,-0.8071196604379774,-0.8071196604379774,0.8071196604379774,-0.8071196604379774,0.8071196604379774,-0.8071196604379774,-0.8071196604379774,-0.8071196604379774,-0.8071196604379774,6.120010375976619,2.7072502136230483,156.2899932861328,148.95620513916018,149.45200500488284,149.9478048706055,0.0,1.0067278913052435,1.5349597465701403,1.0,1.5349597465701403,1.0206501402943031,1.0,1.5349597465701403,1.141375372983185,1.0,1.5349597465701403,0.0,0.0,0.0,0.0,0.0,0.0,0.0,1.5349597465701403,1
2024-04-04,157.9900054931641,159.8200073242188,153.6999969482422,154.8500061035156,154.8500061035156,1430100.0,-0.8071196604379774,1.0584414684262922,1.3444794847198345,1.127935273401527,1.5376808217430138,155.21800231933594,154.54100189208984,153.45433451334637,154.03799997965496,150.2507999420166,154.92038693506512,154.37978662621643,153.75481825259587,152.55560063125955,150.6547491693949,154.22162306114612,153.81432227805902,0.4073007830870949,0.0425785303196685,1.5369645012687287,1.5369645012687287,-1.5369645012687287,1.5369645012687287,-1.5369645012687287,1.5369645012687287,1.5369645012687287,1.5369645012687287,1.5369645012687287,3.3300018310546875,2.763750457763672,159.8200073242188,150.3340428161621,150.87549285888673,151.41694290161132,1.0,1.00708137298428,-0.8071196604379774,1.0,-0.8071196604379774,1.020577307388533,1.0,-0.8071196604379774,1.19198283485299,1.0,-0.8071196604379774,0.0,0.0,0.0,0.0,0.0,0.0,0.0,-0.8071196604379774,1
2024-04-05,154.6900024414062,157.5899963378906,154.2599945068359,157.2299957275391,157.2299957275391,952600.0,1.5369645012687287,1.2973617927055154,1.2222666200551475,1.1835648977548263,1.5432282896213825,155.38800048828125,154.84000091552736,153.72733459472656,154.13483327229818,150.6039998626709,155.69025653255645,154.89800646282055,153.9790232509793,152.70885948687527,150.7849520715364,154.68444962520658,154.06733512616864,0.6171144990379389,0.1574857240633226,0.9667393714713928,0.9667393714713928,-0.9667393714713928,0.9667393714713928,-0.9667393714713928,0.9667393714713928,0.9667393714713928,0.9667393714713928,0.9667393714713928,1.9500122070312784,2.664501190185549,157.5899963378906,153.73975631713873,154.29250640869145,154.8452565002442,1.0,1.007237921113601,1.5369645012687287,1.0,1.5369645012687287,1.0211829571556157,1.0,1.5369645012687287,1.0326992819521235,1.0,1.5369645012687287,0.0,0.0,0.0,0.0,0.0,0.0,0.0,1.5369645012687287,1
