Date_LRCX_L01d,Open_LRCX_L01d,High_LRCX_L01d,Low_LRCX_L01d,Close_LRCX_L01d,Adj Close_LRCX_L01d,Volume_LRCX_L01d,Daily_Return_LRCX_L01d,Vol5_LRCX_L01d,Vol10_LRCX_L01d,Vol20_LRCX_L01d,Vol60_LRCX_L01d,SMA5_LRCX_L01d,SMA10_LRCX_L01d,SMA30_LRCX_L01d,SMA60_LRCX_L01d,SMA100_LRCX_L01d,EMA5_LRCX_L01d,EMA10_LRCX_L01d,EMA30_LRCX_L01d,EMA60_LRCX_L01d,EMA100_LRCX_L01d,Short12_LRCX_L01d,Long26_LRCX_L01d,MACD_LRCX_L01d,SIGNAL9_LRCX_L01d,Ret5/10_LRCX_L01d,Ret10/30_LRCX_L01d,Ret30/60_LRCX_L01d,Ret30/100_LRCX_L01d,Emaret5/10_LRCX_L01d,Emaret10/30_LRCX_L01d,Emaret30/60_LRCX_L01d,Emaret30/100_LRCX_L01d,RetMACD_LRCX_L01d,DayRange_LRCX_L01d,average20r_LRCX_L01d,PRVHI_LRCX_L01d,HitLevel_LRCX_L01d,hitlevel_2_LRCX_L01d,hitlevel_1.8_LRCX_L01d,positive_return_dummy,sma_ratio_L01d,RetMACD_L01d,R_sma_ratio_L01d,ret_sma_ratio_L01d,ema_ratio_L01d,R_ema_ratio_L01d,ret_ema_ratio_L01d,volatility_ratio_L01d,R_vol_ratio_L01d,ret_vol_ratio_L01d,negative_L01d,neutral_L01d,positive_L01d,negative_max_L01d,negative_avg_L01d,positive_max_L01d,positive_avg_L01d,ret_best,best
2024-01-03,732.0,743.0,729.6599731445312,736.9299926757812,736.9299926757812,922400.0,-1.6508735244508403,1.6737261279449214,2.2815672099093485,2.2653415309917166,2.021835123504223,770.8179931640625,774.2649963378906,740.4780029296875,688.0975036621094,673.1729040527343,761.1561066854003,765.0670296292024,739.5359870383819,708.5091826880654,682.7302206713435,763.7108501900948,745.0951742022027,18.61567598789213,23.769238768606076,0.7938305733352404,-0.7938305733352404,-0.7938305733352404,-0.7938305733352404,0.7938305733352404,0.7938305733352404,-0.7938305733352404,-0.7938305733352404,0.7938305733352404,21.65997314453125,17.279998779296875,743.0,732.3419024658203,735.7090026855469,739.0761029052734,0.0,1.0456286253940368,1.6508735244508403,1.0,-1.6508735244508403,1.0832038258262247,1.0,-1.6508735244508403,0.7335861598446719,-1.0,-1.6508735244508403,0.0,0.0,0.0,0.0,0.0,0.0,0.0,,-1
2024-01-04,725.780029296875,744.9099731445312,723.25,731.0800170898438,731.0800170898438,1033000.0,-0.7938305733352404,1.5512579406708984,2.1873141416061324,2.228278464384496,2.0261639100785565,758.047998046875,769.2719970703125,740.8756693522135,689.8206705729167,673.9640045166016,751.1307434868816,758.8875728038645,738.9904405900892,709.2492100455007,683.687642382601,758.6907220208253,744.057014416102,14.633707604723329,21.94213253582953,-0.1805557932595676,0.1805557932595676,0.1805557932595676,0.1805557932595676,-0.1805557932595676,-0.1805557932595676,0.1805557932595676,0.1805557932595676,-0.1805557932595676,13.6500244140625,17.13699951171875,744.9099731445312,704.9840026855469,708.4400024414062,711.8960021972656,1.0,1.0383280608241965,0.7938305733352404,1.0,-0.7938305733352404,1.0808889831835515,1.0,-0.7938305733352404,0.7092067440901829,-1.0,0.7938305733352404,0.0,0.0,1.0,0.142604709,0.142604709,0.855811894,0.855811894,0.7938305733352404,1
2024-01-05,734.5700073242188,742.25,728.5999755859375,732.4000244140625,732.4000244140625,821600.0,0.1805557932595676,1.7218604358916638,1.9772237319773005,2.2241302404728693,2.023526692099292,746.5940063476562,767.0190002441407,741.7100036621093,691.4543375651042,674.6160046386718,744.8871704626085,754.0716549148096,738.5652524497003,710.0082531395519,684.6522440069864,754.6459993120926,743.1935336752101,11.452465636882494,19.844199156040123,-3.3806591896658253,3.3806591896658253,3.3806591896658253,3.3806591896658253,-3.3806591896658253,-3.3806591896658253,3.3806591896658253,3.3806591896658253,-3.3806591896658253,21.3599853515625,17.54949951171875,742.25,707.20857421875,710.6359741210938,714.0633740234375,1.0,1.03412249593112,-0.1805557932595676,1.0,0.1805557932595676,1.078745098573231,1.0,0.1805557932595676,0.8708475465089307,-1.0,-0.1805557932595676,0.0,0.0,0.0,0.0,0.0,0.0,0.0,0.1805557932595676,-1
2024-01-08,736.3400268554688,757.7000122070312,736.3400268554688,757.1599731445312,757.1599731445312,1088900.0,3.3806591896658253,2.808152032685168,2.064876802745279,2.3040830716435874,2.0602536718249462,741.3739990234375,765.0429992675781,743.0333353678385,693.3781707763671,675.6293041992187,748.9781046899161,754.6331673202135,739.7649118493669,711.554211172502,686.0880406235714,755.0327645170833,744.2280847470117,10.804679770071516,18.036295278846403,0.6788464519505318,-0.6788464519505318,-0.6788464519505318,-0.6788464519505318,0.6788464519505318,0.6788464519505318,-0.6788464519505318,-0.6788464519505318,0.6788464519505318,12.19000244140625,17.55150146484375,757.7000122070312,703.6411010742188,707.1510009765625,710.6609008789062,0.0,1.0296213680491788,-3.3806591896658253,1.0,3.3806591896658253,1.0782361272133671,1.0,3.3806591896658253,1.3599610538273739,1.0,-3.3806591896658253,0.0,0.0,1.0,0.20094873,0.20094873,0.792942464,0.792942464,-3.3806591896658253,-1
2024-01-09,746.3300170898438,756.8400268554688,744.6500244140625,752.02001953125,752.02001953125,590400.0,-0.6788464519505318,1.951892017899313,2.056197730742656,2.3039025099129744,2.0508245504470284,741.9180053710937,762.2460021972656,744.1840026855468,694.9958374023438,676.6866046142578,749.9920763036941,754.158049540402,740.5555639578755,712.880958987543,687.3936243643175,754.5692652884936,744.8052651013998,9.76400018709387,16.3818362604959,0.3098344497924535,-0.3098344497924535,-0.3098344497924535,-0.3098344497924535,0.3098344497924535,0.3098344497924535,-0.3098344497924535,-0.3098344497924535,0.3098344497924535,18.33001708984375,16.988504028320314,756.8400268554688,719.086708984375,722.5970092773438,726.1073095703125,0.0,1.0242708785012016,0.6788464519505318,1.0,-0.6788464519505318,1.0773384240255657,1.0,-0.6788464519505318,0.9492725279851029,-1.0,-0.6788464519505318,0.0,0.0,0.0,0.0,0.0,0.0,0.0,0.6788464519505318,1
2024-01-10,753.780029296875,754.8400268554688,736.510009765625,749.6900024414062,749.6900024414062,837600.0,-0.3098344497924535,1.7331832410446246,1.8838092702367897,2.0779150772342283,2.0392870858322816,744.4700073242187,757.6440002441407,745.0920023600261,696.7386708577474,677.697904663086,749.8913850162648,753.3456773405845,741.1448825697162,714.0878128712762,688.6272160094082,753.8186094658648,745.1670974969558,8.651511968909062,14.835771402178532,-1.4019140886764638,1.4019140886764638,1.4019140886764638,1.4019140886764638,-1.4019140886764638,-1.4019140886764638,1.4019140886764638,1.4019140886764638,-1.4019140886764638,19.20001220703125,17.36400451660156,754.8400268554688,719.465317993164,722.8630187988281,726.2607196044922,1.0,1.0168462389132578,0.3098344497924535,1.0,-0.3098344497924535,1.0762642912440312,1.0,-0.3098344497924535,0.9200417836497684,-1.0,0.3098344497924535,0.0,0.0,0.0,0.0,0.0,0.0,0.0,-0.3098344497924535,1
2024-01-11,749.6099853515625,761.3699951171875,742.1699829101562,760.2000122070312,760.2000122070312,774200.0,1.4019140886764638,1.645022971253461,1.9833514350758643,2.089996014912034,2.043111752241796,750.2940063476562,754.1710021972656,746.7523356119792,698.5636708577474,678.7705047607421,753.3275940798537,754.5919200435749,742.3742457721237,715.5996882593338,690.0444991024304,754.8003637337366,746.2806467347391,8.519716998997524,13.57256052154233,0.069722347851088,-0.069722347851088,-0.069722347851088,-0.069722347851088,0.069722347851088,0.069722347851088,-0.069722347851088,-0.069722347851088,0.069722347851088,8.489990234375,16.833502197265624,761.3699951171875,716.6392169189453,720.1120178222657,723.5848187255859,0.0,1.0099345743314034,-1.4019140886764638,1.0,1.4019140886764638,1.0758353218346943,1.0,1.4019140886764638,0.829415776831572,-1.0,-1.4019140886764638,0.0,0.0,0.0,0.0,0.0,0.0,0.0,1.4019140886764638,1
2024-01-12,760.72998046875,763.3499755859375,754.8599853515625,759.6699829101562,759.6699829101562,497200.0,-0.069722347851088,1.6719765462985825,1.9844333783984371,2.090042153408841,2.042970849567744,755.747998046875,751.1710021972656,748.2750020345052,700.3923370361329,679.6748046875,755.4417236899546,755.5152042011351,743.4900997810291,717.0446159528034,691.4232215540685,755.5495359147243,747.2724494143996,8.277086500324685,12.513465717298804,0.193509256828844,0.193509256828844,0.193509256828844,0.193509256828844,-0.193509256828844,-0.193509256828844,0.193509256828844,0.193509256828844,-0.193509256828844,20.8800048828125,16.25250244140625,763.3499755859375,724.3362902832031,727.7029907226563,731.0696911621094,1.0,1.0038702350805337,0.069722347851088,1.0,-0.069722347851088,1.0753039189368463,1.0,-0.069722347851088,0.8425460710845194,-1.0,0.069722347851088,0.0,0.0,0.0,0.0,0.0,0.0,0.0,-0.069722347851088,1
2024-01-16,754.2899780273438,768.9000244140625,748.02001953125,761.1400146484375,761.1400146484375,684700.0,0.193509256828844,0.791647321289505,1.984960814793475,1.83661397940274,2.033922339517281,756.5440063476562,748.9590026855469,749.7823364257813,702.3740041097005,680.6180047607422,757.3411540094489,756.5378970097356,744.6288039660233,718.4903667297093,692.8037521103926,756.4096095660648,748.2996764687729,8.1099330972919,11.632759193297424,-1.0825853424853724,1.0825853424853724,-1.0825853424853724,-1.0825853424853724,1.0825853424853724,-1.0825853424853724,-1.0825853424853724,-1.0825853424853724,1.0825853424853724,12.28997802734375,16.261502075195313,768.9000244140625,727.5944702148438,730.844970703125,734.0954711914062,0.0,0.9989019029920614,-0.193509256828844,-1.0,0.193509256828844,1.0748048082848327,1.0,0.193509256828844,0.39882264445198723,-1.0,-0.193509256828844,0.0,0.0,0.0,0.0,0.0,0.0,0.0,0.193509256828844,1
2024-01-17,752.8300170898438,754.2999877929688,742.010009765625,752.9000244140625,752.9000244140625,963100.0,-1.0825853424853724,0.9044481445056602,1.4345305270557058,1.839893181503968,1.851646420430032,756.7200073242187,749.3190063476562,750.8096700032552,704.8898376464844,681.3661047363281,755.8607774776535,755.8764656287042,745.1624310917033,719.6185522275568,693.9937773045247,755.8696733888336,748.6404429832388,7.229230405594762,10.752053435756892,4.349847116220694,-4.349847116220694,4.349847116220694,4.349847116220694,-4.349847116220694,-4.349847116220694,4.349847116220694,4.349847116220694,-4.349847116220694,16.6099853515625,16.017501831054688,754.2999877929688,733.1247198486328,736.3770202636719,739.6293206787109,1.0,0.9980145918264578,1.0825853424853724,-1.0,1.0825853424853724,1.0737307097852058,1.0,-1.0825853424853724,0.6304837209438755,-1.0,1.0825853424853724,0.0,0.0,0.0,0.0,0.0,0.0,0.0,-1.0825853424853724,-1
2024-01-18,775.9000244140625,788.3900146484375,771.780029296875,785.6500244140625,785.6500244140625,1486300.0,4.349847116220694,2.092028482297165,1.838798072470989,2.090209830586538,1.9185929081937152,763.91201171875,754.1910095214844,753.3293375651042,707.9781717936198,682.6633050537109,765.7905264564565,761.2898399533148,747.7745338866943,721.7835185287537,695.8087524948124,760.4512658542534,751.3818934595961,9.069372394657307,10.415517227536975,5.176603022508388,5.176603022508388,5.176603022508388,5.176603022508388,-5.176603022508388,5.176603022508388,5.176603022508388,5.176603022508388,-5.176603022508388,33.84002685546875,17.054000854492188,788.3900146484375,719.0614837646484,722.2649841308594,725.4684844970703,1.0,1.001143818398425,-4.349847116220694,1.0,-4.349847116220694,1.0746840007481355,1.0,4.349847116220694,1.1377151812465647,1.0,-4.349847116220694,0.0,0.0,0.0,0.0,0.0,0.0,0.0,-4.349847116220694,-1
2024-01-19,798.6799926757812,828.5599975585938,794.719970703125,826.3200073242188,826.3200073242188,1862200.0,5.176603022508388,2.8395314622650383,2.240682184720267,2.36336168636326,2.010703650444659,777.1360107421875,763.7150085449218,757.6353373209636,711.7571716308594,684.3238049316407,785.967020079044,773.1135067480245,752.8419837858894,725.2109443909001,698.3931337785631,770.5849183880943,756.9328648569755,13.65205353111878,11.062824488253336,0.8737499563280136,0.8737499563280136,0.8737499563280136,0.8737499563280136,-0.8737499563280136,0.8737499563280136,0.8737499563280136,0.8737499563280136,0.8737499563280136,18.94000244140625,16.697000122070314,828.5599975585938,750.8712127685546,754.2820129394531,757.6928131103516,1.0,1.00802453492396,-5.176603022508388,1.0,5.176603022508388,1.0779630373980598,1.0,5.176603022508388,1.2672620336915532,1.0,5.176603022508388,0.0,1.0,0.0,0.001776802,0.001776802,0.002935795,0.002935795,-5.176603022508388,1
2024-01-22,829.1300048828125,846.6099853515625,827.6699829101562,833.5399780273438,833.5399780273438,1365200.0,0.8737499563280136,2.7202467096351346,2.2143440104121144,2.2034431443722977,2.010984752696792,791.910009765625,773.82900390625,762.2576700846354,715.5825042724609,685.9960046386718,801.8246727284773,784.1001378897189,758.0483059950155,728.7627159855375,701.0693089122024,780.270312178748,762.6074658325583,17.662846346189667,12.382828859840604,-0.3779018957628109,-0.3779018957628109,-0.3779018957628109,-0.3779018957628109,0.3779018957628109,-0.3779018957628109,-0.3779018957628109,-0.3779018957628109,-0.3779018957628109,10.510009765625,16.435000610351562,846.6099853515625,791.8265972900391,795.1659973144531,798.5053973388672,0.0,1.0151803442270773,0.8737499563280136,1.0,0.8737499563280136,1.0812744137540742,1.0,0.8737499563280136,1.2284661718523429,1.0,0.8737499563280136,0.0,0.0,0.0,0.0,0.0,0.0,0.0,0.8737499563280136,1
2024-01-23,829.6099853515625,831.97998046875,821.469970703125,830.3900146484375,830.3900146484375,824300.0,-0.3779018957628109,2.820147843973169,2.1442502428611183,2.137176646566416,1.9461701043259645,805.760009765625,781.1520080566406,766.3363362630208,719.7000040690104,687.4534045410156,811.346453368464,792.5164791185767,762.7155130049139,732.0947585646489,703.6301149663852,787.9810356356232,767.6283953744753,20.35264026114794,13.976791140102073,2.139953296959745,2.139953296959745,2.139953296959745,2.139953296959745,-2.139953296959745,2.139953296959745,2.139953296959745,2.139953296959745,2.139953296959745,20.17999267578125,16.920001220703124,831.97998046875,810.452984008789,813.7399841308594,817.0269842529297,1.0,1.0193331192748438,-0.3779018957628109,1.0,-0.3779018957628109,1.0839722416391335,1.0,-0.3779018957628109,1.3152139557229041,1.0,-0.3779018957628109,0.0,0.0,0.0,0.0,0.0,0.0,0.0,-0.3779018957628109,1
2024-01-24,850.0,858.6400146484375,838.4600219726562,848.1599731445312,848.1599731445312,1927600.0,2.139953296959745,2.3248637292152736,2.091296350963084,2.174200081167263,1.955716321703032,824.8119995117188,790.7660034179687,771.1693359375,724.0838368733724,689.0697039794921,823.6176266271532,802.6334780323866,768.2280588203731,735.9001754361205,706.4920923560514,797.2393337139167,773.5936974315165,23.645636282400236,15.910560168561704,2.056216161291825,2.056216161291825,2.056216161291825,2.056216161291825,-2.056216161291825,2.056216161291825,2.056216161291825,2.056216161291825,2.056216161291825,35.3900146484375,17.848001098632814,858.6400146484375,794.7559777832031,798.1399780273438,801.5239782714843,1.0,1.0254116269504483,2.139953296959745,1.0,2.139953296959745,1.0873838039127104,1.0,2.139953296959745,1.111685452013832,1.0,2.139953296959745,0.0,0.0,0.0,0.0,0.0,0.0,0.0,2.139953296959745,1
2024-01-25,877.0,900.0900268554688,864.7000122070312,865.5999755859375,865.5999755859375,3107300.0,2.056216161291825,2.06355024284853,2.030750306927138,2.175772642684086,1.9610674561028556,840.8019897460938,802.3570007324219,775.5030008951823,728.7768361409505,690.701703491211,837.611742946748,814.0819321330322,774.5101179665387,740.1526279000489,709.6427435091185,807.7563555403815,780.408977294807,27.34737824557453,18.19792378396427,-3.0683916714085964,-3.0683916714085964,-3.0683916714085964,-3.0683916714085964,3.0683916714085964,-3.0683916714085964,-3.0683916714085964,-3.0683916714085964,-3.0683916714085964,23.3699951171875,18.46700134277344,900.0900268554688,819.3744122314453,822.9440124511718,826.5136126708984,0.0,1.0346278477404232,2.056216161291825,1.0,2.056216161291825,1.091408493993269,1.0,2.056216161291825,1.016151634107604,1.0,2.056216161291825,0.0,1.0,0.0,0.0,0.0,0.0,0.0,2.056216161291825,-1
2024-01-26,853.0,860.0,836.6300048828125,839.0399780273438,839.0399780273438,1675100.0,-3.0683916714085964,2.156471024314155,2.487193293810789,2.3118499708979785,2.0176871069173377,843.3459838867187,810.2409973144531,779.0963338216146,733.0358357747396,692.0725030517578,838.0878213069467,818.6197586592706,778.6733347446552,743.3948361009437,712.205064984727,812.5692205383757,784.752014386106,27.817206152269705,20.12178025762536,0.805683869977015,0.805683869977015,0.805683869977015,0.805683869977015,-0.805683869977015,0.805683869977015,0.805683869977015,0.805683869977015,0.805683869977015,12.8699951171875,18.62500305175781,860.0,859.4626239013672,863.1560241699219,866.8494244384766,1.0,1.039975369079287,-3.0683916714085964,1.0,-3.0683916714085964,1.0933274319824637,1.0,-3.0683916714085964,0.8670299287475509,-1.0,-3.0683916714085964,0.0,0.0,0.0,0.0,0.0,0.0,0.0,3.0683916714085964,1
2024-01-29,835.7000122070312,846.8699951171875,834.0,845.7999877929688,845.7999877929688,990400.0,0.805683869977015,2.1523496214262234,2.459866854289509,2.3031384397659043,2.0176822256185662,845.7979858398437,818.8539978027344,782.8013326009115,737.3288360595703,693.522802734375,840.6585434689541,823.5616185017611,783.0040865542239,746.7523820580592,714.8505090007317,817.6816462698516,789.274086490318,28.407559779533585,21.778936162007007,-1.183496087738796,-1.183496087738796,-1.183496087738796,-1.183496087738796,1.183496087738796,-1.183496087738796,-1.183496087738796,-1.183496087738796,-1.183496087738796,18.02001953125,18.92150268554688,846.8699951171875,819.0249932861328,822.7499938964844,826.474994506836,0.0,1.046055957878911,0.805683869977015,1.0,0.805683869977015,1.0953396223341327,1.0,0.805683869977015,0.8749862284915797,-1.0,-0.805683869977015,0.0,0.0,2.0,0.008936819,0.00562039,0.996075094,0.9725215735,0.805683869977015,-1
2024-01-30,841.0900268554688,849.989990234375,831.969970703125,835.7899780273438,835.7899780273438,1069600.0,-1.183496087738796,2.244980639190956,2.553426538606056,2.3146407424992548,2.003677883444449,846.877978515625,826.318994140625,785.0873311360677,741.1476694742838,694.9183026123047,839.0356883217507,825.7849565973215,786.4096279395865,749.671647499675,717.2453499715557,820.467543463312,792.7197080856532,27.747835377658816,22.97271600513737,-1.27065356086862,-1.27065356086862,-1.27065356086862,-1.27065356086862,1.27065356086862,-1.27065356086862,-1.27065356086862,-1.27065356086862,-1.27065356086862,22.1400146484375,18.663003540039064,849.989990234375,805.2426892089844,809.0269897460937,812.8112902832031,0.0,1.0525185687876184,-1.183496087738796,1.0,-1.183496087738796,1.0964304306340553,1.0,-1.183496087738796,0.879203143402949,-1.0,1.183496087738796,1.0,0.0,0.0,0.988988459,0.988988459,0.009509127,0.009509127,1.183496087738796,-1
2024-01-31,822.0,837.8099975585938,815.6699829101562,825.1699829101562,825.1699829101562,996900.0,-1.27065356086862,1.9932134793739709,2.5708489818363165,2.077347997686112,1.9964427005238852,842.27998046875,833.5459899902344,786.8096638997396,744.5125020345052,696.4030023193359,834.4137865178859,825.673143199655,788.910296002204,752.147002759035,719.3824714158844,821.1909956859034,795.1234321467275,26.06756353917592,23.591685511945084,0.8531622827179977,0.8531622827179977,0.8531622827179977,0.8531622827179977,-0.8531622827179977,0.8531622827179977,0.8531622827179977,0.8531622827179977,0.8531622827179977,12.030029296875,18.59750366210937,837.8099975585938,808.931382446289,812.6639831542968,816.3965838623046,1.0,1.059399786549203,-1.27065356086862,1.0,-1.27065356086862,1.0966493170864662,1.0,-1.27065356086862,0.7753133277981386,-1.0,1.27065356086862,0.0,0.0,0.0,0.0,0.0,0.0,0.0,1.27065356086862,-1
2024-02-01,831.8499755859375,836.0700073242188,824.0399780273438,832.2100219726562,832.2100219726562,763300.0,0.8531622827179977,1.6448126960545215,2.2782118502516275,2.0151910975889438,1.9903687705660271,835.6019897460938,838.2019897460938,788.8859985351562,747.8146687825521,698.0363024902343,833.6791983361427,826.8616666129279,791.703826709975,754.7720197824324,721.6166803378006,822.88623049925,797.8705869486481,25.015643550601908,23.87647711967645,-0.7798500454237789,0.7798500454237789,0.7798500454237789,0.7798500454237789,-0.7798500454237789,0.7798500454237789,0.7798500454237789,0.7798500454237789,0.7798500454237789,19.09002685546875,18.46900634765625,836.0700073242188,796.8954895019531,800.614990234375,804.3344909667969,1.0,1.0625134573341521,0.8531622827179977,1.0,0.8531622827179977,1.0971251750158622,1.0,0.8531622827179977,0.721975305269724,-1.0,-0.8531622827179977,0.0,0.0,0.0,0.0,0.0,0.0,0.0,-0.8531622827179977,1
2024-02-02,827.2899780273438,846.3800048828125,827.2899780273438,838.7000122070312,838.7000122070312,762900.0,0.7798500454237789,1.1180735856771609,1.628580888082951,1.9872478954634,1.990358376936675,835.5339965820312,839.439990234375,790.8089986165364,751.1421691894532,699.7865026855469,835.3528029597724,829.014093084583,794.735838677527,757.5237572389765,723.9351621569933,825.3191199927548,800.8949888196395,24.42413117311537,23.986007930364234,-1.5047090656381534,1.5047090656381534,1.5047090656381534,1.5047090656381534,-1.5047090656381534,1.5047090656381534,1.5047090656381534,1.5047090656381534,1.5047090656381534,24.84002685546875,19.02850646972656,846.3800048828125,795.438193359375,799.1319946289062,802.8257958984375,1.0,1.0614952431028415,0.7798500454237789,1.0,0.7798500454237789,1.0977997481287969,1.0,0.7798500454237789,0.6865324245535492,-1.0,-0.7798500454237789,0.0,0.0,0.0,0.0,0.0,0.0,0.0,0.7798500454237789,-1
2024-02-05,838.7899780273438,857.3300170898438,832.489990234375,851.3200073242188,851.3200073242188,865100.0,1.5047090656381534,1.2769074693860163,1.6709426023420393,1.9908223203430468,1.9947173172872883,836.6380004882812,841.2179931640625,794.0219991048177,754.643169148763,701.7727026367188,840.6752044145878,833.0697138554258,798.38643020312,760.5990441270172,726.4576343385226,829.3192565052877,804.6301753755342,24.689081129753504,24.12662257024209,1.961660957495996,-1.961660957495996,-1.961660957495996,-1.961660957495996,1.961660957495996,-1.961660957495996,-1.961660957495996,-1.961660957495996,-1.961660957495996,33.60003662109375,19.640509033203124,857.3300170898438,804.517290649414,808.3229919433594,812.1286932373047,0.0,1.0594391517016577,1.5047090656381534,1.0,1.5047090656381534,1.099013063480422,1.0,1.5047090656381534,0.7641839208577647,-1.0,-1.5047090656381534,0.0,0.0,3.0,0.202823371,0.0714342206666666,0.991998851,0.8599889476666668,-1.5047090656381534,-1
2024-02-06,852.9000244140625,857.4000244140625,823.7999877929688,834.6199951171875,834.6199951171875,1054600.0,-1.961660957495996,1.505081887994983,1.8040745912872944,1.9810054355148443,2.018521873273356,836.40400390625,841.6409912109375,795.9453328450521,757.7605021158854,703.5323028564453,838.6568013154545,833.3515831757461,800.7240795524147,763.0259605529244,728.5994632648327,830.1347547532723,806.8516435045456,23.283111248726755,23.957920305939023,-1.667822840525378,1.667822840525378,1.667822840525378,1.667822840525378,-1.667822840525378,1.667822840525378,1.667822840525378,1.667822840525378,-1.667822840525378,24.77001953125,20.269509887695317,857.4000244140625,814.1208972167968,818.0489990234375,821.9771008300781,1.0,1.0574105487905172,-1.961660957495996,1.0,-1.961660957495996,1.0989907623104658,1.0,-1.961660957495996,0.8342681035826985,-1.0,1.961660957495996,0.0,0.0,0.0,0.0,0.0,0.0,0.0,1.961660957495996,1
2024-02-07,837.719970703125,857.989990234375,833.219970703125,848.5399780273438,848.5399780273438,857000.0,1.667822840525378,1.467345704608564,1.7490947701294155,1.976587380716012,2.024690689993915,841.0780029296875,841.6789916992187,798.2303324381511,761.0651682535807,705.453402709961,841.951193552751,836.1131095124002,803.8089762282166,765.8296988307742,730.9745229631002,832.9663275646678,809.9396682840121,23.026659280655736,23.77166810088237,-1.8643797268098732,1.8643797268098732,1.8643797268098732,1.8643797268098732,-1.8643797268098732,1.8643797268098732,1.8643797268098732,1.8643797268098732,-1.8643797268098732,23.45001220703125,20.525509643554688,857.989990234375,812.8071026611328,816.8610046386718,820.9149066162109,1.0,1.0544312305551657,-1.667822840525378,1.0,1.667822840525378,1.0996402076639724,1.0,1.667822840525378,0.8389172100148669,-1.0,-1.667822840525378,0.0,0.0,0.0,0.0,0.0,0.0,0.0,1.667822840525378,-1
2024-02-08,852.0,869.5900268554688,846.1400146484375,864.3599853515625,864.3599853515625,862700.0,1.8643797268098732,1.5815825663859957,1.7251482987460205,1.982309351422288,1.9273644430682304,847.5079956054688,841.5549926757812,800.5186645507813,764.0473347981771,707.8659027099609,849.4207908190216,841.2489051195206,807.7154929458518,769.0602000281771,733.6158192480202,837.796121070344,813.9708028816084,23.82531818873565,23.782398118453024,5.463005291606063,5.463005291606063,5.463005291606063,5.463005291606063,-5.463005291606063,5.463005291606063,5.463005291606063,5.463005291606063,5.463005291606063,38.96002197265625,21.513510131835936,869.5900268554688,812.8338690185547,816.9389709472656,821.0440728759766,1.0,1.0512621753148352,-1.8643797268098732,1.0,1.8643797268098732,1.101006101223098,1.0,1.8643797268098732,0.9167806428790034,-1.0,-1.8643797268098732,0.0,0.0,0.0,0.0,0.0,0.0,0.0,-1.8643797268098732,1
2024-02-09,880.0,913.8200073242188,874.8599853515625,911.5800170898438,911.5800170898438,1836300.0,5.463005291606063,2.6283964551473247,2.10688871070607,2.245055211230554,2.013647140263929,862.0839965820312,848.8089965820312,804.4069986979167,768.0165018717448,710.6252026367188,870.1405329092956,854.0363800232157,814.4164299873997,773.7329809154448,737.1398627696404,849.1474896887287,821.2011150451814,27.9463746435473,24.61519342347188,-0.3927265871045207,-0.3927265871045207,-0.3927265871045207,-0.3927265871045207,0.3927265871045207,-0.3927265871045207,-0.3927265871045207,-0.3927265871045207,-0.3927265871045207,20.2099609375,22.099508666992183,913.8200073242188,822.2603045654297,826.5630065917969,830.865708618164,0.0,1.0551984231315583,5.463005291606063,1.0,5.463005291606063,1.1048329782728201,1.0,5.463005291606063,1.2475250552111434,1.0,-5.463005291606063,0.0,0.0,0.0,0.0,0.0,0.0,0.0,5.463005291606063,1
2024-02-12,905.5,924.219970703125,904.010009765625,908.0,908.0,1254200.0,-0.3927265871045207,2.796614945078435,2.14359698733811,2.253813309261776,1.9862089686093976,873.4199951171875,855.0289978027344,808.3513326009114,771.5678354899088,713.4537023925782,882.7603552728638,863.8479472917219,820.4540796656321,778.1351782624794,740.523231823707,858.2017220443089,827.6306620788716,30.571059965437257,25.806366731864955,-1.6971336062259086,-1.6971336062259086,-1.6971336062259086,-1.6971336062259086,1.6971336062259086,-1.6971336062259086,-1.6971336062259086,-1.6971336062259086,-1.6971336062259086,29.1500244140625,22.51300964355469,924.219970703125,865.201088256836,869.6209899902344,874.0408917236329,0.0,1.0577442793984582,-0.3927265871045207,1.0,-0.3927265871045207,1.1079383392808315,1.0,-0.3927265871045207,1.3046365345713766,1.0,-0.3927265871045207,0.0,0.0,0.0,0.0,0.0,0.0,0.0,-0.3927265871045207,-1
2024-02-13,875.2999877929688,901.1199951171876,871.969970703125,892.5900268554688,892.5900268554688,1259500.0,-1.6971336062259086,2.720280453475442,2.2000178294012067,2.3244127722073227,2.0057492258963507,885.0140014648438,860.7090026855469,811.9956665039062,774.8126688639323,716.1910028076172,886.0369124670655,869.0737799396758,825.1080117423958,781.8877962491347,743.5344554877022,863.492230476795,832.442466877138,31.04976359965701,26.85504610542337,2.5890929381070205,2.5890929381070205,2.5890929381070205,2.5890929381070205,-2.5890929381070205,2.5890929381070205,2.5890929381070205,2.5890929381070205,2.5890929381070205,21.28997802734375,22.963009643554688,901.1199951171876,874.6913494873047,879.1939514160156,883.6965533447266,1.0,1.0599921134941257,-1.6971336062259086,1.0,-1.6971336062259086,1.109710526059196,1.0,-1.6971336062259086,1.2364810944354203,1.0,-1.6971336062259086,0.0,1.0,0.0,0.006924967,0.006924967,0.022350563,0.022350563,1.6971336062259086,1
2024-02-14,908.6300048828124,928.969970703125,907.6799926757812,915.7000122070312,915.7000122070312,1184900.0,2.5890929381070205,2.77520487313041,2.157730966519618,2.3107747845176942,2.0249764920232174,898.4460083007813,869.7620056152343,817.542333984375,778.4003356933594,719.2441027832032,895.9246123803874,877.5512767155585,830.9526569336626,786.275082018246,746.9436744326395,871.5241968968313,838.6096924571301,32.914504439701204,28.066937772278937,-0.2096737888567549,-0.2096737888567549,-0.2096737888567549,-0.2096737888567549,0.2096737888567549,-0.2096737888567549,-0.2096737888567549,-0.2096737888567549,-0.2096737888567549,14.989990234375,22.88200988769531,928.969970703125,850.6013739013672,855.1939758300781,859.786577758789,0.0,1.0638739664726125,2.5890929381070205,1.0,2.5890929381070205,1.1124703044909436,1.0,2.5890929381070205,1.2861681628487571,1.0,2.5890929381070205,0.0,0.0,0.0,0.0,0.0,0.0,0.0,2.5890929381070205,-1
2024-02-15,917.75,921.5399780273438,906.5499877929688,913.780029296875,913.780029296875,852900.0,-0.2096737888567549,2.8726246587930047,2.195286368611269,2.1852949927665155,2.025921514843405,908.3300170898438,877.9190063476562,823.4373352050782,781.9576690673828,722.1908032226562,901.8764180192168,884.1383226394343,836.2963583764506,790.4555720929552,750.2473646279708,878.0250941891458,844.1778655563705,33.84722863277523,29.222995944378194,1.3405852182418552,1.3405852182418552,1.3405852182418552,1.3405852182418552,-1.3405852182418552,1.3405852182418552,1.3405852182418552,1.3405852182418552,1.3405852182418552,32.55999755859375,22.81800842285156,921.5399780273438,878.6295489501953,883.2059509277344,887.7823529052735,1.0,1.0661637125416585,-0.2096737888567549,1.0,-0.2096737888567549,1.1146941632925953,1.0,-0.2096737888567549,1.3085421108910806,1.0,-0.2096737888567549,0.0,0.0,0.0,0.0,0.0,0.0,0.0,0.2096737888567549,-1
2024-02-16,940.4099731445312,955.989990234375,923.4299926757812,926.030029296875,926.030029296875,1326200.0,1.3405852182418552,1.6618932510202946,2.197312228539975,1.9329277711369863,2.0082867847626726,911.22001953125,886.6520080566406,829.9356689453125,785.405669148763,725.2452032470703,909.9276217784362,891.7549965771508,842.0856274680909,794.9006362635755,753.7282094728996,885.410468821104,850.2409887964079,35.1694800246961,30.412292760441776,-2.763412205422646,-2.763412205422646,-2.763412205422646,-2.763412205422646,2.763412205422646,-2.763412205422646,-2.763412205422646,-2.763412205422646,-2.763412205422646,34.39996337890625,23.59100646972656,955.989990234375,871.3403594970703,875.9039611816406,880.467562866211,0.0,1.0683382354001048,1.3405852182418552,1.0,1.3405852182418552,1.1172271607785276,1.0,1.3405852182418552,0.7563300424193949,-1.0,1.3405852182418552,0.0,0.0,0.0,0.0,0.0,0.0,0.0,-1.3405852182418552,-1
2024-02-20,918.9199829101562,925.4099731445312,891.010009765625,900.4400024414062,900.4400024414062,1089000.0,-2.763412205422646,2.176669660032001,2.487395647855628,2.070886875924673,2.033142863752149,909.7080200195312,891.5640075683593,835.5370015462239,788.6235026041667,728.1896032714844,906.7650819994265,893.3340885524699,845.8504258534662,798.3609433513733,756.633393492078,887.7227047626889,853.9594342515929,33.763270511095925,31.082488310572607,0.1654735718465547,0.1654735718465547,0.1654735718465547,0.1654735718465547,-0.1654735718465547,0.1654735718465547,0.1654735718465547,0.1654735718465547,0.1654735718465547,15.469970703125,23.83900451660156,925.4099731445312,904.0897760009766,908.807977294922,913.5261785888672,1.0,1.0670550866310566,-2.763412205422646,1.0,-2.763412205422646,1.1179131573213101,1.0,-2.763412205422646,0.8750797895415221,-1.0,2.763412205422646,0.0,1.0,0.0,0.001151762,0.001151762,0.002794334,0.002794334,2.763412205422646,1
2024-02-21,895.02001953125,902.219970703125,886.75,901.9299926757812,901.9299926757812,714000.0,0.1654735718465547,1.9972829221889523,2.330972478446129,2.0635994336410253,2.029109911143752,911.5760131835938,898.2950073242188,840.3626688639323,791.6980021158854,731.0697033691406,905.1533855582112,894.8969802112538,849.4684624226479,801.7566498865997,759.5105538719532,889.9084413647031,857.5128089496809,32.39563241502219,31.345117131462526,4.704355440038421,4.704355440038421,4.704355440038421,4.704355440038421,-4.704355440038421,4.704355440038421,4.704355440038421,4.704355440038421,4.704355440038421,24.05999755859375,24.033004760742188,902.219970703125,872.9641632080078,877.7319641113281,882.4997650146485,1.0,1.0689373060069456,0.1654735718465547,1.0,0.1654735718465547,1.1184419467143585,1.0,0.1654735718465547,0.8568453470203043,-1.0,-0.1654735718465547,0.0,0.0,2.0,0.003095299,0.0025071885,0.994269967,0.993606657,0.1654735718465547,1
2024-02-22,930.0,949.3300170898438,925.27001953125,944.3599853515624,944.3599853515624,1263900.0,4.704355440038421,2.717529283653476,2.634241780391123,2.246711590429044,2.102877807872644,917.3080078125,907.8770080566406,846.7740010579427,795.4790018717448,734.2381030273438,918.2222521559952,903.890253873128,855.5904961599972,806.4321690821722,763.1709386537276,898.2856019780661,863.9459331275981,34.339668850468,31.944027475263624,-1.6794427546247852,-1.6794427546247852,-1.6794427546247852,-1.6794427546247852,1.6794427546247852,-1.6794427546247852,-1.6794427546247852,-1.6794427546247852,-1.6794427546247852,23.8599853515625,23.45650329589844,949.3300170898438,849.3473602294922,854.1539611816406,858.960562133789,0.0,1.0721597580019664,4.704355440038421,1.0,4.704355440038421,1.1210994193113568,1.0,4.704355440038421,1.0316172584773091,1.0,-4.704355440038421,0.0,0.0,0.0,0.0,0.0,0.0,0.0,4.704355440038421,-1
2024-02-23,947.1400146484376,950.0499877929688,926.1900024414062,928.5,928.5,686800.0,-1.6794427546247852,2.9063564890193323,2.756478194953944,2.271133011196664,2.1210462749491508,920.252001953125,914.2910095214844,852.7343343098959,798.9131683349609,737.2554028320312,921.6481681039968,908.3647531689228,860.2943351174167,810.4343930466911,766.4447814526636,902.9339709045177,868.7277158588872,34.206255045630314,32.396472989336964,1.1050091293080238,1.1050091293080238,1.1050091293080238,1.1050091293080238,-1.1050091293080238,1.1050091293080238,1.1050091293080238,1.1050091293080238,1.1050091293080238,13.92999267578125,22.984503173828124,950.0499877929688,897.7257098388671,902.4170104980468,907.1083111572266,1.0,1.0721874008525825,-1.6794427546247852,1.0,-1.6794427546247852,1.1224478996215195,1.0,-1.6794427546247852,1.0543731107105283,1.0,-1.6794427546247852,1.0,1.0,0.0,0.99079597,0.4971733534999999,0.007824096,0.006374319,1.6794427546247852,-1
2024-02-26,936.5999755859376,946.9500122070312,933.02001953125,938.760009765625,938.760009765625,609100.0,1.1050091293080238,2.8882073711357186,2.2214981817566524,2.1250777051660394,2.1044371839344205,922.797998046875,917.0090087890624,858.6863342285156,802.7193349202474,740.3342028808594,927.3521153245396,913.8911634592324,865.3566367076238,814.6417903161642,769.8569641915341,908.4456691908416,873.9152931853122,34.53037600552955,32.82325359257548,-0.8553868095510175,-0.8553868095510175,-0.8553868095510175,-0.8553868095510175,0.8553868095510175,-0.8553868095510175,-0.8553868095510175,-0.8553868095510175,-0.8553868095510175,15.800048828125,23.131005859375,946.9500122070312,899.4840808105469,904.0809814453124,908.677882080078,0.0,1.0679208137310658,1.1050091293080238,1.0,1.1050091293080238,1.1240485920866856,1.0,1.1050091293080238,1.3001169187776986,1.0,1.1050091293080238,0.0,0.0,1.0,0.025397286,0.025397286,0.973460495,0.973460495,-1.1050091293080238,-1
2024-02-27,940.3800048828124,944.030029296875,928.22998046875,930.72998046875,930.72998046875,630300.0,-0.8553868095510175,2.4781479749541795,2.242620803797963,2.1483004488570736,2.1115580926115034,928.8559936523436,919.2820068359376,864.3883341471354,806.3316680908204,743.4604028320313,928.47807037261,916.9527665518718,869.5742717889868,818.4479604851015,773.0425684742512,911.8740247720584,878.1237885396409,33.75023623241748,33.008650120543884,-0.8659866693597253,-0.8659866693597253,-0.8659866693597253,-0.8659866693597253,0.8659866693597253,-0.8659866693597253,-0.8659866693597253,-0.8659866693597253,-0.8659866693597253,11.25,22.7925048828125,944.030029296875,896.0617993164062,900.6880004882812,905.3142016601562,0.0,1.063505800020964,-0.8553868095510175,1.0,-0.8553868095510175,1.1248724290892023,1.0,-0.8553868095510175,1.105023181251749,1.0,-0.8553868095510175,0.0,0.0,0.0,0.0,0.0,0.0,0.0,0.8553868095510175,1
2024-02-28,917.239990234375,924.0999755859376,912.8499755859376,922.6699829101562,922.6699829101562,615000.0,-0.8659866693597253,2.573612817442144,2.1760308354120954,2.1363355725548248,2.118413933360638,933.0039916992188,922.2900024414064,869.7726664225261,809.7775014241537,746.3633026123047,926.5420412184588,917.9922604351964,872.9998015387398,821.8650759744476,776.0054875719919,913.5349414086888,881.4235066411607,32.11143476752818,32.82920704994075,1.6885795981682905,1.6885795981682905,1.6885795981682905,1.6885795981682905,-1.6885795981682905,1.6885795981682905,1.6885795981682905,1.6885795981682905,-1.6885795981682905,15.60003662109375,22.46550598144531,924.0999755859376,893.8865185546875,898.44501953125,903.0035205078124,1.0,1.060380531656496,-0.8659866693597253,1.0,-0.8659866693597253,1.1249917887439547,1.0,-0.8659866693597253,1.1827097187962203,1.0,-0.8659866693597253,0.0,0.0,0.0,0.0,0.0,0.0,0.0,-0.8659866693597253,-1
2024-02-29,936.469970703125,941.8200073242188,926.219970703125,938.25,938.25,1308400.0,1.6885795981682905,1.4405509933620528,2.090153401420443,2.1082956367338443,2.123853608188262,931.7819946289062,924.5450012207032,875.9509989420573,813.3803344726563,749.4875024414063,930.4446941456392,921.6754858106152,877.2094917620469,825.6809751228262,779.2182501943287,917.3372581150444,885.6328765195932,31.70438159545131,32.60424195904286,4.612846181388223,4.612846181388223,4.612846181388223,4.612846181388223,-4.612846181388223,4.612846181388223,4.612846181388223,4.612846181388223,-4.612846181388223,38.79998779296875,23.80400390625,941.8200073242188,874.6758624267578,879.1689636230469,883.6620648193359,1.0,1.0554757085012016,-1.6885795981682905,1.0,1.6885795981682905,1.1257558348296903,1.0,1.6885795981682905,0.6892082621223264,-1.0,1.6885795981682905,0.0,0.0,0.0,0.0,0.0,0.0,0.0,-1.6885795981682905,-1
2024-03-01,945.0,982.4500122070312,943.6500244140624,981.530029296875,981.530029296875,1110500.0,4.612846181388223,2.2565643654317245,2.487538842213018,2.2860722046834328,2.1715321034821917,942.3880004882812,931.3200012207031,882.4803324381511,817.9048350016276,753.0217028808594,947.4731391960512,932.5581300808442,883.9398490223584,830.790780177713,783.2244240379434,927.2130690660952,892.7363693179103,34.47669974818496,32.97873351687128,-0.4085468244407759,-0.4085468244407759,-0.4085468244407759,-0.4085468244407759,0.4085468244407759,-0.4085468244407759,-0.4085468244407759,-0.4085468244407759,-0.4085468244407759,20.3800048828125,23.868502807617187,982.4500122070312,889.4511987304687,894.2119995117188,898.9728002929687,0.0,1.0553436342854416,-4.612846181388223,1.0,4.612846181388223,1.1285907613365436,1.0,4.612846181388223,0.9071473888722039,-1.0,-4.612846181388223,0.0,1.0,0.0,0.005623095,0.005623095,0.020215709,0.020215709,-4.612846181388223,-1
2024-03-04,991.1699829101562,993.8599853515624,973.47998046875,977.52001953125,977.52001953125,901600.0,-0.4085468244407759,2.361032050720601,2.5024779818647773,2.3034523910932907,2.152841374373219,950.1400024414064,936.4690002441406,887.520332845052,822.5778350830078,756.5200030517578,957.4887659744508,940.733019071827,889.9772793777709,835.6015749106159,787.0718615724644,934.9525999068884,899.0166397040837,35.93596020280461,33.57017885405795,-1.4751660996393037,-1.4751660996393037,-1.4751660996393037,-1.4751660996393037,1.4751660996393037,-1.4751660996393037,-1.4751660996393037,-1.4751660996393037,-1.4751660996393037,27.0999755859375,23.981500244140623,993.8599853515624,929.9393060302734,934.7130065917968,939.4867071533204,0.0,1.0551521645055475,-0.4085468244407759,1.0,-0.4085468244407759,1.1307446280695579,1.0,-0.4085468244407759,0.943477652083566,-1.0,0.4085468244407759,0.0,0.0,1.0,0.001939932,0.001939932,0.991482496,0.991482496,0.4085468244407759,1
2024-03-05,969.989990234375,979.0,951.9000244140624,963.0999755859376,963.0999755859376,1308300.0,-1.4751660996393037,2.484937504901436,2.3396527576772157,2.3509188910946937,2.166179416956404,956.6140014648438,942.7349975585936,891.8389994303385,827.0483347574869,759.8072027587891,959.3591691782798,944.799738438029,894.6948726815236,839.7818503425937,790.557566800454,939.2829653959728,903.7635534731098,35.519411922863014,33.960025467818966,1.947877711679065,1.947877711679065,1.947877711679065,1.947877711679065,-1.947877711679065,1.947877711679065,1.947877711679065,1.947877711679065,1.947877711679065,17.5999755859375,23.18149719238281,979.0,941.1006848144532,945.8969848632812,950.6932849121092,1.0,1.0570685943996225,-1.4751660996393037,1.0,-1.4751660996393037,1.1317264045710604,1.0,-1.4751660996393037,1.062096713603115,1.0,1.4751660996393037,0.0,0.0,0.0,0.0,0.0,0.0,0.0,-1.4751660996393037,-1
2024-03-06,976.6799926757812,989.8499755859376,972.25,981.8599853515624,981.8599853515624,1432900.0,1.947877711679065,2.3538667872092947,2.362261286380358,2.284401103969408,2.166750547579861,968.452001953125,950.727996826172,896.887998453776,831.6121673583984,763.2085028076172,966.8594412360408,951.5379651495804,900.3184283376553,844.4401498510844,794.3457335044362,945.8332761583712,909.5484743529952,36.28480180537599,34.42498073533037,1.2944841588696914,1.2944841588696914,1.2944841588696914,1.2944841588696914,-1.2944841588696914,1.2944841588696914,1.2944841588696914,1.2944841588696914,1.2944841588696914,19.54003906250045,22.91999816894533,989.8499755859376,928.0007061767578,932.6370056152344,937.2733050537108,1.0,1.0600297901914346,1.947877711679065,1.0,1.947877711679065,1.1334087795319256,1.0,1.947877711679065,0.9964464137733359,-1.0,1.947877711679065,1.0,0.0,0.0,0.993419945,0.993419945,0.005511257,0.005511257,-1.947877711679065,1
2024-03-07,989.010009765625,1007.390014648438,987.8499755859376,994.5700073242188,994.5700073242188,1097400.0,1.2944841588696914,2.343050438384249,1.9603925126972828,2.278799704054516,2.1623805286110382,979.7160034179688,955.7489990234376,901.7683329264324,836.4688344319661,766.6046026611328,976.0962965987668,959.3619728176964,906.3991753690464,849.3624402600395,798.3105706097784,953.3312347992708,915.846365684197,37.48486911507382,35.036958411279066,-3.812701230773668,-3.812701230773668,-3.812701230773668,-3.812701230773668,3.812701230773668,-3.812701230773668,-3.812701230773668,-3.812701230773668,-3.812701230773668,40.08001708984375,23.75149841308596,1007.390014648438,939.4259796142578,944.0099792480468,948.593978881836,0.0,1.059860902324909,1.2944841588696914,1.0,1.2944841588696914,1.1353966848725376,1.0,1.2944841588696914,1.1951945455864201,1.0,-1.2944841588696914,0.0,0.0,0.0,0.0,0.0,0.0,0.0,1.2944841588696914,-1
2024-03-08,992.719970703125,995.8099975585938,955.72998046875,956.6500244140624,956.6500244140624,1330400.0,-3.812701230773668,2.299193255189136,2.3127186177872407,2.486186893339325,2.1711540966919776,974.7400024414062,958.5640014648436,904.8033345540364,840.1531677246094,769.7199029541016,969.614205870532,958.868891289763,909.6411656300152,852.8800659700074,801.4460053385761,953.8418178169312,918.8688589234464,34.972958893484815,35.024158507720216,-2.6603263008976663,-2.6603263008976663,-2.6603263008976663,-2.6603263008976663,2.6603263008976663,-2.6603263008976663,-2.6603263008976663,-2.6603263008976663,2.6603263008976663,23.22998046875,22.964996337890646,995.8099975585938,955.1367181396488,959.887017822266,964.6373175048832,0.0,1.0594169637287036,-3.812701230773668,1.0,-3.812701230773668,1.1349999370771475,1.0,-3.812701230773668,0.9941517474308891,-1.0,-3.812701230773668,2.0,0.0,0.0,0.862226248,0.8570474985000001,0.035251342,0.031074919,3.812701230773668,1
2024-03-11,943.1099853515624,943.8499755859376,920.6199951171876,931.2000122070312,931.2000122070312,1326700.0,-2.6603263008976663,2.4915400874267277,2.4722838979602355,2.295400034720899,2.2043417676221937,965.4760009765624,957.8080017089844,907.8753356933594,843.4858347574869,772.5249029541015,956.8094746493653,953.8381860019936,911.0320589575648,855.4479330597459,804.015391613199,950.3584631077158,919.7822776851934,30.57618542252237,34.13456389068065,2.108033142771073,2.108033142771073,2.108033142771073,2.108033142771073,-2.108033142771073,2.108033142771073,2.108033142771073,2.108033142771073,-2.108033142771073,22.8699951171875,23.097998046875023,943.8499755859376,945.2870056152344,949.8800048828124,954.4730041503906,1.0,1.0549994741045483,2.6603263008976663,1.0,-2.6603263008976663,1.133102759549969,1.0,-2.6603263008976663,1.0077888261466976,1.0,2.6603263008976663,0.0,0.0,0.0,0.0,0.0,0.0,0.0,-2.6603263008976663,1
2024-03-12,933.469970703125,950.8800048828124,928.010009765625,950.8300170898438,950.8300170898438,1351200.0,2.108033142771073,2.7962334709561,2.542096838771919,2.3331489310690667,2.2149962899728184,963.0220092773436,959.8180053710936,911.376336669922,847.0888346354167,775.5337030029297,954.8163221295248,953.2912461997844,913.5996691596472,858.5752145033556,806.9226119196672,950.4310098741972,922.082110233686,28.34889964051104,32.97743104064673,-2.53673050741607,-2.53673050741607,-2.53673050741607,-2.53673050741607,2.53673050741607,-2.53673050741607,-2.53673050741607,-2.53673050741607,2.53673050741607,19.7900390625,22.629998779296898,950.8800048828124,893.0343798828125,897.6539794921874,902.2735791015624,0.0,1.0531522124857582,-2.108033142771073,1.0,2.108033142771073,1.1322023396843415,1.0,2.108033142771073,1.0999712632139356,1.0,2.108033142771073,0.0,0.0,0.0,0.0,0.0,0.0,0.0,2.108033142771073,-1
2024-03-13,937.010009765625,940.7000122070312,920.9099731445312,926.7100219726562,926.7100219726562,1008000.0,-2.53673050741607,2.6400895629076646,2.6745283271229976,2.377284830863857,2.185418814748504,951.9920166015625,960.2220092773438,914.4070048014324,849.74716796875,778.3784033203125,945.4475554105686,948.4582963403066,914.4454983733898,860.8091426171031,809.2946398415086,946.781627120114,922.4249185106468,24.356708609466978,31.253286554410774,0.1111490404174556,-0.1111490404174556,-0.1111490404174556,-0.1111490404174556,0.1111490404174556,0.1111490404174556,-0.1111490404174556,-0.1111490404174556,0.1111490404174556,21.54998779296875,22.642999267578148,940.7000122070312,901.0940075683592,905.6200073242188,910.146007080078,0.0,1.0501035143380821,2.53673050741607,1.0,-2.53673050741607,1.1299290188706475,1.0,-2.53673050741607,0.9871234251415169,-1.0,-2.53673050741607,0.0,0.0,0.0,0.0,0.0,0.0,0.0,2.53673050741607,1
2024-03-14,933.9500122070312,937.8499755859376,916.2999877929688,925.6799926757812,925.6799926757812,996400.0,-0.1111490404174556,2.380604232088426,2.613810149255292,2.3110796148862938,2.1852492210794305,938.214013671875,958.9650085449218,917.7573384602864,852.283501180013,781.615703125,938.8583678323064,944.31678658312,915.1703044574152,862.936055733781,811.5993002936723,943.5352218209856,922.6660351154716,20.869186705514156,29.176466584631456,1.68416363577741,-1.68416363577741,-1.68416363577741,-1.68416363577741,1.68416363577741,1.68416363577741,-1.68416363577741,-1.68416363577741,1.68416363577741,14.61004638671875,22.62400207519533,937.8499755859376,890.8854138183593,895.414013671875,899.9426135253906,0.0,1.044900398349055,0.1111490404174556,1.0,-0.1111490404174556,1.1276134714831154,1.0,-0.1111490404174556,0.9107793206659216,-1.0,0.1111490404174556,0.0,1.0,0.0,0.001288894,0.001288894,0.002499081,0.002499081,-0.1111490404174556,-1
2024-03-15,908.8800048828124,920.2100219726562,905.5999755859376,910.0900268554688,910.0900268554688,1974500.0,-1.68416363577741,2.002096050826587,2.0485588686725222,2.3440707306287862,2.1983433813683044,928.9020141601562,951.8210083007812,920.3533386230469,854.6196685791016,784.7131036376953,929.2689208400272,938.0937393599106,914.8425446121282,864.4820875738363,813.5496117107375,938.3898072109062,921.734478948064,16.655328262842204,26.672238920273607,-1.6690659158073131,1.6690659158073131,1.6690659158073131,1.6690659158073131,-1.6690659158073131,-1.6690659158073131,1.6690659158073131,1.6690659158073131,-1.6690659158073131,14.98004150390625,21.74500427246096,920.2100219726562,888.0771710205078,892.6019714355468,897.1267718505859,1.0,1.0341908573122727,1.68416363577741,1.0,-1.68416363577741,1.1245073827623018,1.0,-1.68416363577741,0.9773192664577691,-1.0,1.68416363577741,0.0,0.0,0.0,0.0,0.0,0.0,0.0,1.68416363577741,1
2024-03-18,922.4099731445312,934.9500122070312,919.969970703125,925.280029296875,925.280029296875,751000.0,1.6690659158073131,2.0280381588166345,2.1859610126625992,2.3550410571456637,2.200546059543061,927.718017578125,946.5970092773438,923.2393391927084,857.0241689046223,787.9701037597656,927.9392903256432,935.763973893904,915.5159307208216,866.4754627122966,815.7620952272946,936.3729183010552,921.9971123072352,14.375805993820109,24.21295233498291,-0.6235905145903096,0.6235905145903096,0.6235905145903096,0.6235905145903096,-0.6235905145903096,-0.6235905145903096,0.6235905145903096,0.6235905145903096,-0.6235905145903096,23.77001953125,21.21350708007815,934.9500122070312,872.3710125732422,876.7200134277343,881.0690142822265,1.0,1.025299691091001,-1.6690659158073131,1.0,1.6690659158073131,1.122282999022813,1.0,1.6690659158073131,0.9277558689605321,-1.0,-1.6690659158073131,1.0,0.0,0.0,0.60574311,0.60574311,0.392228752,0.392228752,1.6690659158073131,-1
2024-03-19,913.989990234375,932.8800048828124,909.1099853515624,931.0499877929688,931.0499877929688,702900.0,0.6235905145903096,1.704889250352968,2.185465110755626,2.2642185946333884,2.1481110240027377,923.76201171875,943.3920104980468,925.8970052083332,859.9595021565755,791.2404034423828,928.9761894814184,934.9068855119158,916.5181279512828,868.5926602559251,818.0450237929515,935.5540059151958,922.6676956765488,12.886310238646956,21.94762391571572,-1.936526452206368,1.936526452206368,1.936526452206368,1.936526452206368,-1.936526452206368,-1.936526452206368,1.936526452206368,1.936526452206368,-1.936526452206368,26.52996826171875,21.766506958007835,932.8800048828124,888.2802966308593,892.5229980468749,896.7656994628906,1.0,1.018895195892525,-0.6235905145903096,1.0,0.6235905145903096,1.120376142258956,1.0,0.6235905145903096,0.7801036227768932,-1.0,-0.6235905145903096,0.0,0.0,0.0,0.0,0.0,0.0,0.0,-0.6235905145903096,1
2024-03-20,926.0,949.9199829101562,923.3900146484376,949.0800170898438,949.0800170898438,849300.0,1.936526452206368,1.4653324952227735,2.184161049415614,2.297535177647444,2.132181165689902,928.2360107421875,940.114013671875,929.7123392740884,862.8288360595703,794.8978033447265,935.6774653508936,937.4838185260844,918.6188949924804,871.2315899881846,820.6397761354642,937.6349307112956,924.6241639293856,13.01076678190998,20.160252488954573,-3.528679313791168,3.528679313791168,3.528679313791168,3.528679313791168,-3.528679313791168,-3.528679313791168,3.528679313791168,3.528679313791168,-3.528679313791168,28.299987792968977,21.9785064697266,949.9199829101562,884.9936895751953,889.3469909667969,893.7002923583984,1.0,1.0111880567336646,-1.936526452206368,1.0,1.936526452206368,1.1193935776771837,1.0,1.936526452206368,0.6708903153523558,-1.0,-1.936526452206368,0.0,0.0,0.0,0.0,0.0,0.0,0.0,1.936526452206368,1
2024-03-21,983.0999755859376,1004.299987792969,976.0,982.5700073242188,982.5700073242188,1407800.0,3.528679313791168,1.9257987220822403,2.463731291356611,2.1909462723725577,2.171167763214212,939.614013671875,938.914013671875,934.1800069173177,866.2051696777344,798.8722033691406,951.3083126753354,945.6813073984724,922.7447732074312,874.8820299008414,823.8463153669246,944.548019420976,928.9164486252992,15.631570795676907,19.254516150299043,-0.4752824608267627,-0.4752824608267627,-0.4752824608267627,-0.4752824608267627,0.4752824608267627,-0.4752824608267627,-0.4752824608267627,-0.4752824608267627,0.4752824608267627,14.5,21.51050720214847,1004.299987792969,901.5672686767576,905.962969970703,910.3586712646484,0.0,1.0050675530620474,-3.528679313791168,1.0,3.528679313791168,1.1200447899029071,1.0,3.528679313791168,0.7816593996424962,-1.0,-3.528679313791168,0.0,0.0,0.0,0.0,0.0,0.0,0.0,3.528679313791168,1
2024-03-22,984.75,990.52001953125,976.02001953125,977.9000244140624,977.9000244140624,689500.0,-0.4752824608267627,1.4995881482474327,2.103753194428653,2.1521675623601144,2.163722507572876,953.1760131835938,941.039013671875,937.9646748860677,869.2416697184245,802.8110034179688,960.1722165882444,951.5392559467616,926.3031765110848,878.2596690652093,826.8968838629075,949.67909711222,932.544861646689,17.134235465531106,18.83046001334545,-0.6585542775975455,-0.6585542775975455,-0.6585542775975455,-0.6585542775975455,0.6585542775975455,-0.6585542775975455,-0.6585542775975455,-0.6585542775975455,0.6585542775975455,20.239990234375,21.82600708007816,990.52001953125,956.9768719482424,961.278973388672,965.5810748291016,0.0,1.0032776701171404,0.4752824608267627,1.0,-0.4752824608267627,1.1202160687603437,1.0,-0.4752824608267627,0.7128156250546765,-1.0,0.4752824608267627,0.0,0.0,0.0,0.0,0.0,0.0,0.0,-0.4752824608267627,1
2024-03-25,962.280029296875,982.52001953125,962.280029296875,971.4600219726562,971.4600219726562,740500.0,-0.6585542775975455,1.7564054109726326,1.8805288501854804,2.152777572516752,2.1669721883749533,962.41201171875,945.0650146484376,939.960675048828,872.1838368733723,806.6906036376953,963.9348183830484,955.1612134060152,929.2165213795734,881.3154183408633,829.7595202611203,953.0300086292102,935.4274661152792,17.6025425139311,18.584876513462586,-0.4354313515976382,-0.4354313515976382,-0.4354313515976382,-0.4354313515976382,0.4354313515976382,-0.4354313515976382,-0.4354313515976382,-0.4354313515976382,0.4354313515976382,22.54998779296875,22.163504028320347,982.52001953125,942.502803955078,946.8680053710935,951.2332067871092,0.0,1.0054303756902856,0.6585542775975455,1.0,-0.6585542775975455,1.119862440490173,1.0,-0.6585542775975455,0.933995461329612,-1.0,0.6585542775975455,0.0,0.0,0.0,0.0,0.0,0.0,0.0,-0.6585542775975455,1
2024-03-26,980.5,989.4400024414062,966.8900146484376,967.22998046875,967.22998046875,858900.0,-0.4354313515976382,1.871846277123284,1.800142925577802,2.1440410477163607,2.165364392751742,969.6480102539062,946.705010986328,941.9350077311198,875.1431701660156,810.4807037353515,965.0332057449492,957.3555346901488,931.6690026111332,884.1322892303023,832.4817075919644,955.2146196814472,937.78320791924,17.43141176220729,18.354183563211528,-0.1612850707788985,-0.1612850707788985,-0.1612850707788985,-0.1612850707788985,0.1612850707788985,-0.1612850707788985,-0.1612850707788985,-0.1612850707788985,0.1612850707788985,20.67999267578125,22.63500366210941,989.4400024414062,933.7603106689452,938.1930114746092,942.6257122802732,0.0,1.0050640471115921,0.4354313515976382,1.0,-0.4354313515976382,1.1191465159109355,1.0,-0.4354313515976382,1.0398320325162331,1.0,0.4354313515976382,0.0,0.0,0.0,0.0,0.0,0.0,0.0,-0.4354313515976382,1
2024-03-27,972.8200073242188,975.47998046875,954.7999877929688,965.6699829101562,965.6699829101562,589600.0,-0.1612850707788985,1.780458273681668,1.538734725302107,2.131105074807886,2.161015102288555,972.9660034179688,950.601007080078,944.371006266276,878.1833363850911,814.0708038330079,965.2454648000182,958.867252548332,933.8626142433284,886.8056562361992,835.1190991824237,956.8231371012486,939.848894955604,16.974242145644553,18.07819527969813,0.6109773026476505,0.6109773026476505,0.6109773026476505,0.6109773026476505,-0.6109773026476505,0.6109773026476505,0.6109773026476505,0.6109773026476505,-0.6109773026476505,12.27001953125,22.46850280761722,975.47998046875,939.6429943847656,944.1699951171876,948.6969958496092,1.0,1.0065969844186908,0.1612850707788985,1.0,-0.1612850707788985,1.1182388418101967,1.0,-0.1612850707788985,1.157092411320023,1.0,-0.1612850707788985,0.0,0.0,0.0,0.0,0.0,0.0,0.0,-0.1612850707788985,1
2024-03-28,965.9600219726562,973.9000244140624,961.6300048828124,971.5700073242188,971.5700073242188,663900.0,0.6109773026476505,0.4994506317046197,1.5277771176999968,2.106284577140316,2.070832970774433,970.7660034179688,955.190008544922,946.233339436849,881.887836710612,817.5537036132813,967.3536456414184,961.1768443257658,936.2953492808052,889.5848152882654,837.8210973634493,959.0918863663208,942.1986069829088,16.89327938341205,17.841212100440917,1.0519026550924122,1.0519026550924122,1.0519026550924122,1.0519026550924122,-1.0519026550924122,1.0519026550924122,1.0519026550924122,1.0519026550924122,-1.0519026550924122,23.91998291015625,21.7245025634766,973.9000244140624,926.049274291992,930.5429748535156,935.036675415039,1.0,1.0094656029699858,-0.6109773026476505,1.0,0.6109773026476505,1.1175361329850082,1.0,0.6109773026476505,0.32691328199529607,-1.0,0.6109773026476505,0.0,0.0,1.0,0.001819393,0.001819393,0.995296657,0.995296657,0.6109773026476505,-1
2024-04-01,972.030029296875,994.9199829101562,971.0,981.7899780273438,981.7899780273438,651400.0,1.0519026550924122,0.7238560753509781,1.3257052980630608,1.847896372189136,2.0535777462793687,971.543994140625,962.3600036621094,948.5003377278646,885.9688364664713,821.0308032226562,972.165756436727,964.924686816962,939.2304866192916,892.6079353780713,840.6719662874868,962.5839004680169,945.1313011343484,17.45259933366833,17.7634895470864,-1.4728161074279449,-1.4728161074279449,-1.4728161074279449,-1.4728161074279449,1.4728161074279449,-1.4728161074279449,-1.4728161074279449,-1.4728161074279449,1.4728161074279449,15.9000244140625,21.500503540039094,994.9199829101562,926.106118774414,930.4510192871091,934.7959197998048,0.0,1.0146121887182937,-1.0519026550924122,1.0,1.0519026550924122,1.117237786299752,1.0,1.0519026550924122,0.5460158275059906,-1.0,-1.0519026550924122,0.0,0.0,1.0,0.118965738,0.118965738,0.879684389,0.879684389,-1.0519026550924122,-1
2024-04-02,967.0,972.9000244140624,957.0,967.3300170898438,967.3300170898438,907100.0,-1.4728161074279449,0.978713418164026,1.4547259435179083,1.8759248021107928,2.0626779448111447,970.7179931640624,966.5650024414062,949.8770039876302,889.9063364664713,824.313603515625,970.5538433210992,965.3620195938494,941.0433595528756,895.0578396964901,843.1800465013949,963.31407225599,946.7756504643852,16.53842179160506,17.518475995990133,1.1412835156875296,1.1412835156875296,1.1412835156875296,1.1412835156875296,-1.1412835156875296,1.1412835156875296,1.1412835156875296,1.1412835156875296,-1.1412835156875296,28.0999755859375,21.55050354003909,972.9000244140624,947.6188751220702,951.918975830078,956.219076538086,1.0,1.0175685887580381,1.4728161074279449,1.0,-1.4728161074279449,1.1160645504569808,1.0,-1.4728161074279449,0.6727819920480972,-1.0,1.4728161074279449,1.0,0.0,1.0,0.977190495,0.524696909,0.906785488,0.4640192025,1.4728161074279449,-1
2024-04-03,961.8499755859376,988.1300048828124,960.030029296875,978.3699951171876,978.3699951171876,730200.0,1.1412835156875296,1.0844020851069336,1.4705246655757025,1.8614272949672408,2.063975517128577,972.94599609375,971.297003173828,952.4746704101562,894.0058359781901,827.6847033691406,973.1592272531288,967.727106052638,943.4515295892828,897.7893857758571,845.8570751868562,965.6303680807896,949.1159722905186,16.514395790271124,17.317659954846334,-2.733116343288117,-2.733116343288117,-2.733116343288117,-2.733116343288117,2.733116343288117,-2.733116343288117,-2.733116343288117,-2.733116343288117,2.733116343288117,57.84002685546898,23.56250610351567,988.1300048828124,925.4889166259763,929.7990173339844,934.109118041992,0.0,1.019761504792108,-1.1412835156875296,1.0,1.1412835156875296,1.115379367585082,1.0,1.1412835156875296,0.7374252948571903,-1.0,-1.1412835156875296,0.0,0.0,0.0,0.0,0.0,0.0,0.0,-1.1412835156875296,-1
2024-04-04,992.5900268554688,1001.840026855469,944.0,951.6300048828124,951.6300048828124,991900.0,-2.733116343288117,1.7341021814206403,1.6909070887214324,1.9098730220573563,2.0704813318977746,970.1380004882812,971.552001953125,954.131337483724,897.2470031738281,830.7252032470703,965.9828197963568,964.8003603853972,943.9791731566075,899.5546519760852,847.951588646182,963.4764660503316,949.3021969269848,14.174269123346903,16.68898178854645,-1.781155713886779,1.781155713886779,1.781155713886779,1.781155713886779,-1.781155713886779,1.781155713886779,1.781155713886779,1.781155713886779,-1.781155713886779,17.22998046875,23.447003173828147,1001.840026855469,936.292491455078,941.0049926757812,945.7174938964844,1.0,1.0182581409760039,2.733116343288117,1.0,-2.733116343288117,1.1132465411896224,1.0,-2.733116343288117,1.0255455151778148,1.0,2.733116343288117,0.0,0.0,0.0,0.0,0.0,0.0,0.0,2.733116343288117,-1
2024-04-05,965.9000244140624,977.72998046875,960.5,968.5800170898438,968.5800170898438,804800.0,1.781155713886779,1.9499954057813365,1.3452213304968372,1.9320675803736336,2.073058251008796,969.5400024414064,970.1530029296875,954.938671875,900.8563364664714,833.9084033203125,966.8485522275192,965.4875706952964,945.5663243781069,901.8177787011264,850.3402703975416,964.2616277487182,950.7301836057152,13.531444143003114,16.057474259437782,0.1362827335819698,-0.1362827335819698,-0.1362827335819698,-0.1362827335819698,0.1362827335819698,-0.1362827335819698,-0.1362827335819698,-0.1362827335819698,0.1362827335819698,16.19000244140625,22.25250244140627,977.72998046875,950.256619873047,954.9460205078128,959.6354211425784,0.0,1.0159322598432574,-1.781155713886779,1.0,1.781155713886779,1.1119858217887837,1.0,1.781155713886779,1.449572171934811,1.0,1.781155713886779,1.0,0.0,0.0,0.970315874,0.970315874,0.028783973,0.028783973,-1.781155713886779,1
2024-04-08,974.1400146484376,977.1400146484376,960.9500122070312,967.260009765625,967.260009765625,560900.0,-0.1362827335819698,1.852672138000249,1.3399577251400447,1.7255498395011866,2.072110015172178,966.6340087890624,969.0890014648436,956.2306722005208,904.4825032552084,836.726703491211,966.9857047402212,965.809832344447,946.9659169837532,903.963425621274,852.6555127612661,964.7229172897808,951.9546151731156,12.76830211666504,15.399639830883237,-0.6285814598410812,0.6285814598410812,0.6285814598410812,0.6285814598410812,-0.6285814598410812,0.6285814598410812,0.6285814598410812,0.6285814598410812,-0.6285814598410812,23.9599609375,22.28900146484377,977.1400146484376,928.7744750976562,933.2249755859376,937.6754760742188,1.0,1.0134468906281082,0.1362827335819698,1.0,-0.1362827335819698,1.110607863094756,1.0,-0.1362827335819698,1.3826347676801658,1.0,-0.1362827335819698,0.0,0.0,1.0,0.372945905,0.372945905,0.61651659,0.61651659,-0.1362827335819698,1
