Date_MCHP_L01d,Open_MCHP_L01d,High_MCHP_L01d,Low_MCHP_L01d,Close_MCHP_L01d,Adj Close_MCHP_L01d,Volume_MCHP_L01d,Daily_Return_MCHP_L01d,Vol5_MCHP_L01d,Vol10_MCHP_L01d,Vol20_MCHP_L01d,Vol60_MCHP_L01d,SMA5_MCHP_L01d,SMA10_MCHP_L01d,SMA30_MCHP_L01d,SMA60_MCHP_L01d,SMA100_MCHP_L01d,EMA5_MCHP_L01d,EMA10_MCHP_L01d,EMA30_MCHP_L01d,EMA60_MCHP_L01d,EMA100_MCHP_L01d,Short12_MCHP_L01d,Long26_MCHP_L01d,MACD_MCHP_L01d,SIGNAL9_MCHP_L01d,Ret5/10_MCHP_L01d,Ret10/30_MCHP_L01d,Ret30/60_MCHP_L01d,Ret30/100_MCHP_L01d,Emaret5/10_MCHP_L01d,Emaret10/30_MCHP_L01d,Emaret30/60_MCHP_L01d,Emaret30/100_MCHP_L01d,RetMACD_MCHP_L01d,DayRange_MCHP_L01d,average20r_MCHP_L01d,PRVHI_MCHP_L01d,HitLevel_MCHP_L01d,hitlevel_2_MCHP_L01d,hitlevel_1.8_MCHP_L01d,positive_return_dummy,sma_ratio_L01d,RetMACD_L01d,R_sma_ratio_L01d,ret_sma_ratio_L01d,ema_ratio_L01d,R_ema_ratio_L01d,ret_ema_ratio_L01d,volatility_ratio_L01d,R_vol_ratio_L01d,ret_vol_ratio_L01d,negative_L01d,neutral_L01d,positive_L01d,negative_max_L01d,negative_avg_L01d,positive_max_L01d,positive_avg_L01d,ret_best,best
2024-01-03,85.3499984741211,85.54000091552734,83.93000030517578,84.56999969482422,84.56999969482422,5271000.0,-2.298980961063997,1.6316242491570172,1.8270112505255804,1.9025949662117885,2.159754135925678,88.65399932861328,89.45899963378906,87.00700047810872,81.84333368937175,80.78130004882813,87.67686324018263,88.64387405346389,86.77576825296008,84.19830342465828,82.81282649181038,88.67675895917051,87.27946702833808,1.397291930832438,2.284195958896316,1.3834671552173574,-1.3834671552173574,-1.3834671552173574,-1.3834671552173574,1.3834671552173574,1.3834671552173574,-1.3834671552173574,-1.3834671552173574,1.3834671552173574,2.420005798339844,1.946500396728516,85.54000091552734,85.38729667663574,85.76299667358398,86.13869667053223,0.0,0.9910014609097895,2.298980961063997,-1.0,2.298980961063997,0.9890910587606084,-1.0,2.298980961063997,0.8809312757242757,-1.0,2.298980961063997,0.0,1.0,0.0,0.012914337,0.012914337,0.076722436,0.076722436,,1
2024-01-04,82.06999969482422,84.2300033569336,81.80999755859375,83.4000015258789,83.4000015258789,7079300.0,-1.3834671552173574,1.4740329290418532,1.8113537605565508,1.9120383229203564,2.1682938721456053,87.10999908447266,88.65999984741211,86.96333389282226,81.90950037638346,80.79760009765624,86.25124266874806,87.69044268481207,86.55797685121291,84.17212959191141,82.82445372020777,87.8649501232795,86.99209921334109,0.872850909938407,2.001926949104734,-0.7074296487962892,0.7074296487962892,0.7074296487962892,0.7074296487962892,-0.7074296487962892,-0.7074296487962892,0.7074296487962892,0.7074296487962892,-0.7074296487962892,1.5,1.929000473022461,84.2300033569336,81.25770004272461,81.64700012207031,82.03630020141601,1.0,0.982517473882167,1.3834671552173574,-1.0,1.3834671552173574,0.983587720941985,-1.0,1.3834671552173574,0.881816965625755,-1.0,1.3834671552173574,0.0,0.0,3.0,0.005000231,0.0034122,0.986183405,0.9822755853333334,-1.3834671552173574,1
2024-01-05,83.44000244140625,84.79000091552734,83.29000091552734,83.98999786376953,83.98999786376953,3968600.0,0.7074296487962892,1.7631505544302868,1.69153598893247,1.918407006539292,2.159688185265721,85.73999938964843,88.20399932861328,87.01266708374024,81.96300036112467,80.80710006713868,85.49749440042189,87.0176345355316,86.3923007875069,84.16615805984118,82.8475338022585,87.26880362181643,86.76972133559505,0.4990822862213804,1.7013580165280635,-1.9645214523700585,1.9645214523700585,1.9645214523700585,1.9645214523700585,-1.9645214523700585,-1.9645214523700585,1.9645214523700585,1.9645214523700585,-1.9645214523700585,1.4300003051757812,1.872500228881836,84.79000091552734,79.98620231628418,80.37200241088867,80.75780250549316,1.0,0.9720647594471884,-0.7074296487962892,-1.0,-0.7074296487962892,0.9825306658446455,-1.0,-0.7074296487962892,0.8882796227841833,-1.0,-0.7074296487962892,0.0,1.0,0.0,0.037788089,0.037788089,0.278680414,0.278680414,0.7074296487962892,1
2024-01-08,84.37999725341797,85.80999755859375,84.37999725341797,85.63999938964844,85.63999938964844,4621200.0,1.9645214523700585,2.378201149859004,1.757820963391025,1.8772333197692503,2.172476637269267,84.83199920654297,87.77999954223633,87.11866709391276,82.03650029500325,80.85460006713868,85.54499606349741,86.76715541809828,86.34376521345152,84.21448072639224,82.90283015052364,87.01821835532904,86.68603822848789,0.3321801268411519,1.4275224385906813,0.3503071624193341,-0.3503071624193341,-0.3503071624193341,-0.3503071624193341,0.3503071624193341,0.3503071624193341,-0.3503071624193341,-0.3503071624193341,0.3503071624193341,2.540000915527344,1.9320003509521484,85.80999755859375,80.6705004119873,81.04500045776368,81.41950050354004,0.0,0.9664160361008559,-1.9645214523700585,-1.0,-1.9645214523700585,0.9859144932352368,-1.0,-1.9645214523700585,0.8640982773139838,-1.0,-1.9645214523700585,1.0,0.0,1.0,0.969941616,0.4978681485,0.892324328,0.449702549,1.9645214523700585,1
2024-01-09,84.30999755859375,86.5999984741211,84.05999755859375,85.33999633789062,85.33999633789062,6725700.0,-0.3503071624193341,1.6816252242876126,1.735707441645093,1.8773837689486457,2.169404187335003,84.58799896240234,87.29499893188476,87.1880002339681,82.11700019836425,80.91030006408691,85.47666282162848,86.5076719489696,86.27900593115729,84.2513828775889,82.95109086710517,86.76003035264621,86.58633142177698,0.1736989308692358,1.1767577370463922,-0.1171855024690488,0.1171855024690488,0.1171855024690488,0.1171855024690488,-0.1171855024690488,-0.1171855024690488,0.1171855024690488,0.1171855024690488,-0.1171855024690488,1.7300033569335938,1.8910003662109376,86.5999984741211,81.55959678649903,81.94599685668945,82.33239692687988,1.0,0.9689902055947711,0.3503071624193341,-1.0,0.3503071624193341,0.9880818763918499,-1.0,0.3503071624193341,0.8653914194085294,-1.0,0.3503071624193341,2.0,0.0,0.0,0.997097015,0.997038126,0.00150486,0.001501641,-0.3503071624193341,1
2024-01-10,85.3499984741211,85.9000015258789,84.16999816894531,85.44000244140625,85.44000244140625,5124000.0,0.1171855024690488,1.2437315077492548,1.6414852018298622,1.7091411491963793,2.1078594031775477,84.76199951171876,86.70799942016602,87.31066691080729,82.25000025431315,80.97370010375977,85.46444269488774,86.31355022032172,86.224876673754,84.2903540108288,83.00037624481409,86.55694913553236,86.50141816397173,0.0555309715606284,0.9525123839492394,-0.3043006781445713,-0.3043006781445713,0.3043006781445713,0.3043006781445713,-0.3043006781445713,-0.3043006781445713,0.3043006781445713,0.3043006781445713,-0.3043006781445713,2.0,1.907500457763672,85.9000015258789,82.43979766845703,82.81799774169922,83.1961978149414,1.0,0.9775568584045237,-0.1171855024690488,-1.0,-0.1171855024690488,0.9901625234593344,-1.0,-0.1171855024690488,0.8108421020016278,-1.0,-0.1171855024690488,0.0,0.0,0.0,0.0,0.0,0.0,0.0,0.1171855024690488,1
2024-01-11,85.08000183105469,85.91999816894531,83.91999816894531,85.69999694824219,85.69999694824219,4206000.0,0.3043006781445713,0.8780511271019422,1.6646446493982876,1.7082531197229205,2.095557052491181,85.22199859619141,86.16599884033204,87.44000015258788,82.36250025431315,81.0366000366211,85.54296077933923,86.20199507994361,86.19101346565647,84.33657181205548,83.05383408052553,86.42511033748772,86.44205362947325,-0.0169432919855268,0.7586212487622862,0.3383819095208971,0.3383819095208971,-0.3383819095208971,-0.3383819095208971,0.3383819095208971,0.3383819095208971,-0.3383819095208971,-0.3383819095208971,0.3383819095208971,1.5499954223632812,1.840500259399414,85.91999816894531,81.70350051879883,82.08500061035156,82.4665007019043,0.0,0.9890443996838024,-0.3043006781445713,-1.0,-0.3043006781445713,0.9923547674274452,-1.0,-0.3043006781445713,0.8151785310221753,-1.0,-0.3043006781445713,0.0,0.0,1.0,0.004131852,0.004131852,0.969131768,0.969131768,0.3043006781445713,1
2024-01-12,86.08999633789062,86.3499984741211,84.80000305175781,85.41000366210938,85.41000366210938,3025700.0,-0.3383819095208971,0.9521968345267572,1.6640688265482704,1.6954098517344551,2.096372497792736,85.50599975585938,85.62299957275391,87.52100016276042,82.47083358764648,81.08550010681152,85.49864174026261,86.0579966403374,86.14062573639538,84.37176629894249,83.10049090392323,86.2689400797372,86.36560548374258,-0.0966654040053782,0.5875639182087533,0.2927057596075341,0.2927057596075341,-0.2927057596075341,-0.2927057596075341,0.2927057596075341,0.2927057596075341,0.2927057596075341,-0.2927057596075341,0.2927057596075341,1.6299972534179688,1.7960002899169922,86.3499984741211,81.8708975982666,82.23899765014649,82.60709770202637,0.0,0.9986335468568218,0.3383819095208971,-1.0,0.3383819095208971,0.9935002565489353,-1.0,0.3383819095208971,0.8087350189527609,-1.0,0.3383819095208971,0.0,0.0,0.0,0.0,0.0,0.0,0.0,-0.3383819095208971,1
2024-01-16,85.30999755859375,85.98999786376953,84.36000061035156,85.16000366210938,85.16000366210938,4335000.0,-0.2927057596075341,0.3027069092665,1.6661105553608926,1.4564259301359248,2.0900789931024257,85.41000061035156,85.12099990844726,87.57833353678386,82.59033368428548,81.13480010986328,85.3857623808782,85.89472518975047,86.07735979611886,84.39761014691517,83.1412733347784,86.09833447702523,86.27630164510308,-0.177967168077842,0.4344577009514342,-2.137162101871226,2.137162101871226,-2.137162101871226,-2.137162101871226,2.137162101871226,2.137162101871226,2.137162101871226,-2.137162101871226,2.137162101871226,2.279998779296875,1.8060001373291013,85.98999786376953,82.39879783630371,82.75799789428712,83.1171979522705,0.0,1.0033951751296994,0.2927057596075341,1.0,0.2927057596075341,0.9940745743379711,-1.0,0.2927057596075341,0.6968281748882932,-1.0,0.2927057596075341,0.0,0.0,0.0,0.0,0.0,0.0,0.0,-0.2927057596075341,1
2024-01-17,84.0,84.0,81.72000122070312,83.33999633789062,83.33999633789062,6446500.0,-2.137162101871226,0.9711478135367608,1.298767684262854,1.5041577989066663,2.099768516395254,85.01000061035157,84.79899978637695,87.53433329264323,82.6995002746582,81.16230010986328,84.70384036654902,85.43022903486685,85.90075570203962,84.36293428432421,83.14520844375093,85.67397476331222,86.05879754827254,-0.3848227849603205,0.2706016037690832,3.383738238702838,-3.383738238702838,3.383738238702838,3.383738238702838,-3.383738238702838,-3.383738238702838,-3.383738238702838,3.383738238702838,-3.383738238702838,1.4199981689453125,1.7855003356933594,84.0,82.0167975616455,82.37799758911133,82.73919761657714,1.0,1.0024882466126506,2.137162101871226,1.0,-2.137162101871226,0.9914972875933485,-1.0,2.137162101871226,0.71634458139648,-1.0,2.137162101871226,0.0,0.0,0.0,0.0,0.0,0.0,0.0,-2.137162101871226,1
2024-01-18,85.86000061035156,86.55999755859375,85.13999938964844,86.16000366210938,86.16000366210938,6735600.0,3.383738238702838,2.0087758575988657,1.5751554436659476,1.7297361328512806,2.12330360374178,85.15400085449218,84.95800018310547,87.59000015258789,82.87950032552084,81.24630012512208,85.1892281317358,85.56291533072913,85.91748137688283,84.42185459179257,83.20490735896595,85.74874844005024,86.06629429744564,-0.3175458573954017,0.1529721115361862,3.806869359198184,-3.806869359198184,3.806869359198184,3.806869359198184,-3.806869359198184,-3.806869359198184,-3.806869359198184,3.806869359198184,-3.806869359198184,3.3000030517578125,1.9020004272460935,86.55999755859375,80.07189926147461,80.42899932861329,80.78609939575195,1.0,1.0023070301909682,-3.383738238702838,1.0,3.383738238702838,0.9956326032423171,-1.0,-3.383738238702838,0.8146438077922831,-1.0,-3.383738238702838,0.0,0.0,0.0,0.0,0.0,0.0,0.0,3.383738238702838,1
2024-01-19,87.4800033569336,89.94000244140625,86.63999938964844,89.44000244140625,89.44000244140625,6381300.0,3.806869359198184,2.588345507476914,1.8307255866004155,1.9559684803041844,2.1624603067906034,85.902001953125,85.5620002746582,87.78633346557618,83.1303337097168,81.34700012207031,86.60615290162596,86.26784025994314,86.14474080040048,84.5863840294848,83.32837458832121,86.31663367102809,86.31619860440568,0.0004350666224013,0.1224647025534293,1.4534832143088676,-1.4534832143088676,1.4534832143088676,1.4534832143088676,-1.4534832143088676,1.4534832143088676,1.4534832143088676,1.4534832143088676,-1.4534832143088676,1.5999984741210938,1.847500228881836,89.94000244140625,82.37559661865234,82.75599670410156,83.13639678955079,1.0,1.0039737462585654,-3.806869359198184,1.0,3.806869359198184,1.0039216542417593,1.0,-3.806869359198184,0.904510697450497,-1.0,-3.806869359198184,1.0,0.0,1.0,0.955040634,0.479302964,0.98198837,0.5091595965,3.806869359198184,1
2024-01-22,90.0,91.1999969482422,89.5999984741211,90.73999786376952,90.73999786376952,4977900.0,1.4534832143088676,2.499218746700795,1.845454931829724,1.8485171678734045,2.153582898896257,86.96800079345704,86.2370002746582,88.02366663614909,83.37550036112468,81.45150009155273,87.98410122234048,87.08095982427521,86.4412089980372,84.7881418601171,83.47513940565682,86.99715123914214,86.64388743843264,0.3532638007094988,0.1686245221846432,1.3775622982454323,-1.3775622982454323,1.3775622982454323,1.3775622982454323,-1.3775622982454323,1.3775622982454323,1.3775622982454323,1.3775622982454323,1.3775622982454323,1.8300018310546875,1.865500259399414,91.1999969482422,85.8755019378662,86.24500198364258,86.61450202941894,1.0,1.0084766459462953,-1.4534832143088676,1.0,1.4534832143088676,1.010371284375916,1.0,1.4534832143088676,0.8583450253160891,-1.0,-1.4534832143088676,0.0,0.0,0.0,0.0,0.0,0.0,0.0,1.4534832143088676,-1
2024-01-23,91.25,92.16999816894533,90.33999633789062,91.98999786376952,91.98999786376952,5147300.0,1.3775622982454323,2.349821923182297,1.8130381725254705,1.8438909015295684,1.9848081512110411,88.33399963378906,86.87200012207032,88.22966664632162,83.7190003712972,81.5517000579834,89.31940010281684,87.97351219509235,86.79919537647156,85.02426828646635,83.6437504642333,87.76528148908483,87.03989561808723,0.7253858709975987,0.2799767919472343,-1.5545171631523542,1.5545171631523542,-1.5545171631523542,-1.5545171631523542,1.5545171631523542,-1.5545171631523542,-1.5545171631523542,-1.5545171631523542,-1.5545171631523542,2.5800018310546875,1.9070003509521485,92.16999816894533,87.09589637756348,87.46899642944337,87.84209648132324,0.0,1.0168293524917624,1.3775622982454323,1.0,1.3775622982454323,1.0152987856701665,1.0,1.3775622982454323,0.9290020803292794,-1.0,-1.3775622982454323,0.0,0.0,0.0,0.0,0.0,0.0,0.0,-1.3775622982454323,-1
2024-01-24,92.70999908447266,92.70999908447266,90.12999725341795,90.55999755859376,90.55999755859376,6640400.0,-1.5545171631523542,2.1231035953527955,1.9292148699657252,1.8809047365575544,1.9914796884003911,89.77799987792969,87.39400024414063,88.37899983723959,84.01566696166992,81.63740005493165,89.73293258807581,88.44378226118351,87.04182777531815,85.20576760686397,83.78070585224044,88.1952378074708,87.3006439099766,0.8945938974942038,0.4029002130566282,-1.004854303497592,1.004854303497592,-1.004854303497592,-1.004854303497592,1.004854303497592,-1.004854303497592,-1.004854303497592,-1.004854303497592,-1.004854303497592,2.799995422363281,1.984000015258789,92.70999908447266,87.97459739685058,88.35599746704102,88.73739753723144,0.0,1.0272787562890955,-1.5545171631523542,1.0,-1.5545171631523542,1.0145759294088679,1.0,-1.5545171631523542,0.944475983116025,-1.0,1.5545171631523542,0.0,1.0,0.0,0.008884486,0.008884486,0.211017966,0.211017966,1.5545171631523542,1
2024-01-25,92.08999633789062,92.1999969482422,89.4000015258789,89.6500015258789,89.6500015258789,6521500.0,-1.004854303497592,2.15649589485806,1.9927756413126927,1.872247913599099,1.9947971522393535,90.4759994506836,87.81500015258788,88.40366643269857,84.30550028483073,81.71550010681152,89.70528890067685,88.6630948547645,87.21009704954788,85.35148019437266,83.89692952894616,88.41904761030281,87.47467040004344,0.9443772102593756,0.5111956124971777,-3.045179375870434,3.045179375870434,-3.045179375870434,-3.045179375870434,3.045179375870434,-3.045179375870434,-3.045179375870434,-3.045179375870434,-3.045179375870434,2.459999084472656,2.048999786376953,92.1999969482422,88.34519905090332,88.74199905395508,89.13879905700684,0.0,1.0303023321012577,-1.004854303497592,1.0,-1.004854303497592,1.0117545417021538,1.0,-1.004854303497592,0.93856556367013,-1.0,1.004854303497592,0.0,0.0,0.0,0.0,0.0,0.0,0.0,-1.004854303497592,1
2024-01-26,88.55999755859375,89.12999725341797,86.66999816894531,86.91999816894531,86.91999816894531,4710900.0,-3.045179375870434,1.9475111161283745,2.2887981492311216,1.9868294450311288,2.0158822725216297,89.97199859619141,87.9370002746582,88.32666625976563,84.576500193278,81.7618000793457,88.77685865676634,88.34616818461555,87.19138099273482,85.40290701321109,83.95679227429267,88.18842461932473,87.43358356811024,0.7548410512144983,0.5599247002406419,0.3566557691197002,-0.3566557691197002,0.3566557691197002,0.3566557691197002,-0.3566557691197002,0.3566557691197002,0.3566557691197002,0.3566557691197002,0.3566557691197002,1.7900009155273438,2.08849983215332,89.12999725341797,87.69219741821288,88.10199737548828,88.51179733276368,1.0,1.023141548098948,-3.045179375870434,1.0,-3.045179375870434,1.004875032850896,1.0,-3.045179375870434,0.9855880336433738,-1.0,3.045179375870434,0.0,0.0,0.0,0.0,0.0,0.0,0.0,-3.045179375870434,1
2024-01-29,86.91999816894531,87.25,85.45999908447266,87.2300033569336,87.2300033569336,6610400.0,0.3566557691197002,1.712334610854793,2.282361425084372,1.9907829822386744,2.014698983858573,89.26999969482422,88.11900024414062,88.23899968465169,84.84216690063477,81.8185001373291,88.26124022348876,88.14322912503701,87.193872758167,85.46281181136592,84.02160833533507,88.04097519434148,87.41850355246753,0.6224716418739575,0.572434088567305,-1.4559259699489504,1.4559259699489504,-1.4559259699489504,-1.4559259699489504,1.4559259699489504,-1.4559259699489504,-1.4559259699489504,-1.4559259699489504,-1.4559259699489504,1.5400009155273438,2.084999847412109,87.25,84.53529762268066,84.95299758911133,85.370697555542,0.0,1.0130618759574515,0.3566557691197002,1.0,0.3566557691197002,1.0013388560825738,1.0,0.3566557691197002,0.9881292432211911,-1.0,-0.3566557691197002,0.0,0.0,2.0,0.023586661,0.0161640735,0.955397427,0.917637646,0.3566557691197002,1
2024-01-30,86.4000015258789,87.05999755859375,85.5199966430664,85.95999908447266,85.95999908447266,4283500.0,-1.4559259699489504,1.2204562327656627,2.341096390808714,2.007857667452892,2.026295207469815,88.06399993896484,88.19899978637696,88.00566635131835,85.09083353678385,81.8675001525879,87.49415984381673,87.74627820857076,87.11426800502544,85.479113033435,84.05999231056552,87.72082502359244,87.31046618446791,0.4103588391245267,0.5400190386787495,0.9073973797165498,-0.9073973797165498,-0.9073973797165498,-0.9073973797165498,0.9073973797165498,0.9073973797165498,-0.9073973797165498,-0.9073973797165498,0.9073973797165498,2.44000244140625,2.022500228881836,87.05999755859375,82.66300033569335,83.08000030517579,83.4970002746582,0.0,0.9984693721273586,-1.4559259699489504,-1.0,-1.4559259699489504,0.997126734376645,-1.0,-1.4559259699489504,0.9909008618542087,-1.0,1.4559259699489504,0.0,0.0,0.0,0.0,0.0,0.0,0.0,-1.4559259699489504,1
2024-01-31,84.69999694824219,86.88999938964844,84.44999694824219,85.18000030517578,85.18000030517578,6713800.0,-0.9073973797165498,1.2264193149623164,2.239565373832459,1.809238757546389,1.9863784057273055,86.98800048828124,88.38300018310547,87.77166646321615,85.28383356730143,81.92830017089844,86.72277333093642,87.27968222613531,86.98947654051901,85.46930605873797,84.08217068669641,87.3299289130668,87.15265389711294,0.1772750159538532,0.4674702341337702,-0.5517741477098427,0.5517741477098427,0.5517741477098427,0.5517741477098427,-0.5517741477098427,-0.5517741477098427,0.5517741477098427,0.5517741477098427,-0.5517741477098427,2.090003967285156,2.046500396728516,86.88999938964844,82.61049705505371,83.01499710083007,83.41949714660645,1.0,0.9842164251956353,0.9073973797165498,-1.0,0.9073973797165498,0.9936192607374993,-1.0,0.9073973797165498,0.9108228081466394,-1.0,0.9073973797165498,0.0,0.0,0.0,0.0,0.0,0.0,0.0,-0.9073973797165498,1
2024-02-01,85.44999694824219,86.1500015258789,84.05999755859375,85.6500015258789,85.6500015258789,5489600.0,0.5517741477098427,1.4660947152989865,1.959560570055657,1.7347248325128295,1.9304327058107489,86.18800048828125,88.33199996948242,87.58299992879232,85.43750025431315,81.99700019836426,86.36518272925059,86.98337664427049,86.903058797639,85.47523050028357,84.11321684192775,87.07147854580711,87.04134631405857,0.0301322317485386,0.3800026336567239,1.5878582441596831,-1.5878582441596831,-1.5878582441596831,-1.5878582441596831,1.5878582441596831,1.5878582441596831,-1.5878582441596831,-1.5878582441596831,1.5878582441596831,2.889999389648437,2.070000076293945,86.1500015258789,82.3876985168457,82.7969985961914,83.20629867553711,0.0,0.975727941380905,-0.5517741477098427,-1.0,-0.5517741477098427,0.9928929648529502,-1.0,-0.5517741477098427,0.8986196862968474,-1.0,-0.5517741477098427,0.0,0.0,1.0,0.022050781,0.022050781,0.923660994,0.923660994,0.5517741477098427,1
2024-02-02,82.83999633789062,85.29000091552734,82.4000015258789,84.29000091552734,84.29000091552734,9615300.0,-1.5878582441596831,1.005531542567096,1.46146130376805,1.7443610343366882,1.9283717429947624,85.66200103759766,87.81699981689454,87.34633331298828,85.5903335571289,82.0453002166748,85.67345545800951,86.4936719663172,86.73447441814794,85.43637051389811,84.11671751665249,86.64355891037945,86.83754295120441,-0.193984040824958,0.2652052987603875,-1.3880628262394326,1.3880628262394326,1.3880628262394326,1.3880628262394326,-1.3880628262394326,-1.3880628262394326,-1.3880628262394326,1.3880628262394326,-1.3880628262394326,3.040000915527344,2.1470001220703123,85.29000091552734,81.59600135803223,82.01000137329102,82.42400138854981,1.0,0.9754603461312705,1.5878582441596831,-1.0,1.5878582441596831,0.9905170344874814,-1.0,1.5878582441596831,0.904577159810325,-1.0,1.5878582441596831,0.0,2.0,0.0,0.00212058,0.00212058,0.004180051,0.004180051,-1.5878582441596831,1
2024-02-05,85.06999969482422,86.43000030517578,83.38999938964844,85.45999908447266,85.45999908447266,7174600.0,1.3880628262394326,1.312102884868608,1.451451338649006,1.7640321401099803,1.934356473008356,85.30800018310546,87.28899993896485,87.24333318074544,85.75950024922689,82.11620018005371,85.60230333349723,86.30573144234545,86.65225020307213,85.43714522113005,84.14331715165882,86.46147278331686,86.73550266477984,-0.2740298814629796,0.1573582627157141,2.5860041050178224,-2.5860041050178224,-2.5860041050178224,-2.5860041050178224,2.5860041050178224,2.5860041050178224,2.5860041050178224,-2.5860041050178224,2.5860041050178224,2.6500015258789062,2.2080001831054688,86.43000030517578,80.56660064697266,80.99600067138672,81.42540069580077,0.0,0.977305276068639,-1.3880628262394326,-1.0,-1.3880628262394326,0.9918495782714254,-1.0,-1.3880628262394326,0.9119478052390813,-1.0,-1.3880628262394326,1.0,1.0,0.0,0.89677912,0.4688537715,0.154793456,0.1284446345,1.3880628262394326,1
2024-02-06,85.58999633789062,85.66000366210938,83.01000213623047,83.25,83.25,6298400.0,-2.5860041050178224,1.6038661706984092,1.3950973122152648,1.804100327492762,1.968152632008048,84.76600036621093,86.4150001525879,87.02233327229818,85.89100023905436,82.16200019836425,84.8182022223315,85.75014390737354,86.4327501899707,85.36543554174874,84.12562770311112,85.96740004742196,86.47731728220356,-0.5099172347815966,0.0239031632162519,-0.0720691394519519,-0.0720691394519519,0.0720691394519519,0.0720691394519519,-0.0720691394519519,-0.0720691394519519,-0.0720691394519519,0.0720691394519519,-0.0720691394519519,1.69000244140625,2.165500259399414,85.66000366210938,81.57239990234375,82.01399993896484,82.45559997558594,1.0,0.9809176672630304,2.5860041050178224,-1.0,2.5860041050178224,0.9891318936321702,-1.0,2.5860041050178224,0.916646553805175,-1.0,2.5860041050178224,0.0,0.0,0.0,0.0,0.0,0.0,0.0,-2.5860041050178224,1
2024-02-07,84.0999984741211,84.11000061035156,82.41999816894531,83.30999755859375,83.30999755859375,5765800.0,0.0720691394519519,1.6209771098139063,1.4159248405554403,1.803808943277168,1.9431281623788983,84.39199981689453,85.69000015258788,86.79299977620443,86.05116691589356,82.19480018615722,84.31546733441891,85.30648093486812,86.23128227826896,85.29804413246497,84.10947661114048,85.55856889529454,86.24270100638061,-0.6841321110860719,-0.1177038916442128,-1.2483506733941363,-1.2483506733941363,1.2483506733941363,1.2483506733941363,-1.2483506733941363,-1.2483506733941363,-1.2483506733941363,1.2483506733941363,-1.2483506733941363,2.3300018310546875,2.195500183105469,84.11000061035156,80.89590309143067,81.32900314331054,81.76210319519043,1.0,0.9848523709489787,-0.0720691394519519,-1.0,-0.0720691394519519,0.9883829037420281,-1.0,-0.0720691394519519,0.9283015799991458,-1.0,-0.0720691394519519,0.0,0.0,0.0,0.0,0.0,0.0,0.0,0.0720691394519519,1
2024-02-08,83.4000015258789,85.29000091552734,82.95999908447266,84.3499984741211,84.3499984741211,6136900.0,1.2483506733941363,1.7513948205628695,1.555927959884963,1.828701413132038,1.8338141225238724,84.13199920654297,85.15999984741211,86.56099980672201,86.16433359781901,82.26200019836426,84.32697771431964,85.1325750329141,86.10990912961427,85.26696066825696,84.11423942030841,85.37263498434477,86.10250081880584,-0.7298658344610658,-0.2401362802075834,-1.2922394629557388,-1.2922394629557388,1.2922394629557388,1.2922394629557388,-1.2922394629557388,-1.2922394629557388,-1.2922394629557388,1.2922394629557388,-1.2922394629557388,1.3400039672851562,2.1625003814697266,85.29000091552734,79.27990020751953,79.71900024414063,80.15810028076172,1.0,0.9879285974317628,-1.2483506733941363,-1.0,-1.2483506733941363,0.9905371437633244,-1.0,-1.2483506733941363,0.9972119805769639,-1.0,-1.2483506733941363,0.0,0.0,0.0,0.0,0.0,0.0,0.0,1.2483506733941363,1
2024-02-09,85.05999755859375,86.01000213623047,84.66999816894531,85.44000244140625,85.44000244140625,4905700.0,1.2922394629557388,1.691693414361886,1.3935799125773134,1.8519244132691808,1.8306375116218048,84.36199951171875,85.0120002746582,86.37166646321614,86.31133359273275,82.3369002532959,84.69798595668185,85.18847092536721,86.06668934327827,85.27263416901594,84.14049215339945,85.38299920850807,86.05342686492438,-0.6704276564163081,-0.3261945554493283,1.7439202371112883,1.7439202371112883,-1.7439202371112883,-1.7439202371112883,1.7439202371112883,1.7439202371112883,1.7439202371112883,-1.7439202371112883,1.7439202371112883,2.1500015258789062,2.192500686645508,86.01000213623047,80.53250007629394,80.96500015258789,81.39750022888184,0.0,0.9923540116590667,-1.2922394629557388,-1.0,-1.2922394629557388,0.9942423550586431,-1.0,-1.2922394629557388,1.0116281358336843,1.0,-1.2922394629557388,0.0,0.0,0.0,0.0,0.0,0.0,0.0,1.2922394629557388,1
2024-02-12,85.5,86.04000091552734,83.88999938964844,83.94999694824219,83.94999694824219,5507100.0,-1.7439202371112883,1.758716247523658,1.463156236721698,1.891723822038656,1.6766304531664598,84.05999908447265,84.68399963378906,86.14199981689453,86.35583356221517,82.39860023498535,84.44865628720197,84.9632938386172,85.93012854359853,85.22926901423648,84.1367199711191,85.16253732231331,85.89761724146643,-0.7350799191531223,-0.4079716281900871,3.907086240061566,3.907086240061566,3.907086240061566,-3.907086240061566,3.907086240061566,3.907086240061566,3.907086240061566,-3.907086240061566,3.907086240061566,2.1100006103515625,2.216500854492188,86.04000091552734,81.18650062561035,81.62500076293945,82.06350090026855,0.0,0.992631423267502,1.7439202371112883,-1.0,1.7439202371112883,0.9939428248580763,-1.0,1.7439202371112883,1.12828907435504,1.0,-1.7439202371112883,0.0,0.0,0.0,0.0,0.0,0.0,0.0,-1.7439202371112883,1
2024-02-13,81.70999908447266,82.05999755859375,79.94999694824219,80.66999816894531,80.66999816894531,7910500.0,-3.907086240061566,2.218880693712145,1.825265136379173,2.077697738441675,1.7423514016495991,83.54399871826172,84.15499954223633,85.82499974568685,86.3253335316976,82.43810020446777,83.18910358111643,84.18269462594958,85.5907652936209,85.07978472422694,84.0680720146404,84.4713774525644,85.51038619905746,-1.0390087464930673,-0.5341790518506833,0.1115611006983634,0.1115611006983634,0.1115611006983634,-0.1115611006983634,0.1115611006983634,0.1115611006983634,0.1115611006983634,-0.1115611006983634,0.1115611006983634,1.6899948120117188,2.1870006561279296,82.05999755859375,81.16369903564453,81.60699920654297,82.0502993774414,0.0,0.9927395778349692,3.907086240061566,-1.0,3.907086240061566,0.9881972055034827,-1.0,3.907086240061566,1.1924676827387297,1.0,-3.907086240061566,0.0,0.0,0.0,0.0,0.0,0.0,0.0,-3.907086240061566,1
2024-02-14,81.13999938964844,81.62999725341797,79.94000244140625,80.58000183105469,80.58000183105469,8419500.0,-0.1115611006983634,2.206301263796662,1.8285906146643984,2.029676915015552,1.741643964835758,82.99799957275391,83.69499969482422,85.62566655476888,86.29900016784669,82.48300025939942,82.31940299776252,83.52765957233233,85.26749023151987,84.93225085887703,83.99900131793574,83.87270428002444,85.14517254216837,-1.2724682621439314,-0.6818368939093329,-2.395135593595853,-2.395135593595853,-2.395135593595853,2.395135593595853,2.395135593595853,-2.395135593595853,-2.395135593595853,2.395135593595853,-2.395135593595853,2.100006103515625,2.221001052856445,81.62999725341797,77.2485961151123,77.6859962463379,78.12339637756348,1.0,0.9916721414109353,0.1115611006983634,-1.0,0.1115611006983634,0.9855346530627559,-1.0,0.1115611006983634,1.165379926090093,1.0,-0.1115611006983634,0.0,0.0,1.0,0.00518497,0.00518497,0.962085783,0.962085783,-0.1115611006983634,1
2024-02-15,81.08000183105469,82.91000366210938,80.80999755859375,82.51000213623047,82.51000213623047,8322600.0,2.395135593595853,2.493205722613733,2.0322680689741417,1.9495794633591548,1.7560492830546883,82.63000030517578,83.38099975585938,85.55699996948242,86.28200022379558,82.53730026245117,82.3829360439185,83.34263094758653,85.08958777375928,84.85283286797058,83.96951618562474,83.66305779636383,84.94997473432112,-1.286916937957287,-0.8028529027189237,1.0907786966153914,1.0907786966153914,1.0907786966153914,-1.0907786966153914,-1.0907786966153914,1.0907786966153914,1.0907786966153914,-1.0907786966153914,1.0907786966153914,2.0199966430664062,2.157000732421875,82.91000366210938,76.74379493713379,77.18799514770508,77.63219535827636,0.0,0.9909931584787598,-2.395135593595853,-1.0,-2.395135593595853,0.9884849459063565,-1.0,-2.395135593595853,1.1102077157924726,1.0,2.395135593595853,0.0,0.0,0.0,0.0,0.0,0.0,0.0,2.395135593595853,1
2024-02-16,82.41000366210938,83.0999984741211,81.08000183105469,81.61000061035156,81.61000061035156,4055600.0,-1.0907786966153914,2.3059906082599184,2.004628153379629,1.7133230205344712,1.751522620141207,81.86399993896484,83.1129997253418,85.49733327229818,86.23033358256022,82.57910026550293,82.12529089939619,83.02760724990743,84.86509827934589,84.74651049886832,83.92279310492626,83.34720284466962,84.70256924365671,-1.355366398987087,-0.9133556019725564,-0.9680197397610832,-0.9680197397610832,-0.9680197397610832,0.9680197397610832,0.9680197397610832,-0.9680197397610832,-0.9680197397610832,0.9680197397610832,-0.9680197397610832,2.1300048828125,2.183501052856445,83.0999984741211,78.16460205078126,78.59600219726562,79.02740234375,1.0,0.9849722691936947,1.0907786966153914,-1.0,1.0907786966153914,0.9891323334442804,-1.0,1.0907786966153914,0.9781906330141165,-1.0,-1.0907786966153914,0.0,0.0,0.0,0.0,0.0,0.0,0.0,-1.0907786966153914,1
2024-02-20,80.4000015258789,82.51000213623047,80.37999725341797,82.4000015258789,82.4000015258789,5653900.0,0.9680197397610832,2.3733631930970724,1.969315359749516,1.6882971211651177,1.723799663765669,81.55400085449219,82.80699996948242,85.44433339436848,86.22850023905436,82.64260025024414,82.21686110822377,82.91349711826587,84.70605977912221,84.66957577844242,83.89263881623225,83.20147956485566,84.53200867196946,-1.3305291071138043,-0.996790303000806,-1.310681809533095,-1.310681809533095,-1.310681809533095,1.310681809533095,1.310681809533095,-1.310681809533095,-1.310681809533095,1.310681809533095,-1.310681809533095,2.0199966430664062,2.1930007934570312,82.51000213623047,78.29629615783692,78.73299636840821,79.1696965789795,1.0,0.9848684396795921,-0.9680197397610832,-1.0,-0.9680197397610832,0.9915980385069462,-1.0,-0.9680197397610832,0.9794044845541996,-1.0,-0.9680197397610832,0.0,0.0,1.0,0.317547888,0.317547888,0.563407779,0.563407779,0.9680197397610832,1
2024-02-21,82.0,83.5,81.4800033569336,83.4800033569336,83.4800033569336,5337200.0,1.310681809533095,1.3401127577771392,1.8593649617390016,1.6845127398761668,1.7318868441132256,82.11600189208984,82.83000030517579,85.37233352661133,86.24550031026205,82.71240028381348,82.63790852446039,83.01649825256908,84.62695936478747,84.63057340396672,83.88446781703821,83.2443293790215,84.45408235233718,-1.2097529733156875,-1.0393828370637823,-0.5031123048109326,-0.5031123048109326,-0.5031123048109326,0.5031123048109326,0.5031123048109326,-0.5031123048109326,-0.5031123048109326,-0.5031123048109326,-0.5031123048109326,2.410003662109375,2.184500885009766,83.5,77.685400390625,78.1240005493164,78.5626007080078,1.0,0.9913799539966761,-1.310681809533095,-1.0,-1.310681809533095,0.9954395844672119,-1.0,-1.310681809533095,0.9726459587137082,-1.0,-1.310681809533095,0.0,1.0,0.0,0.01046491,0.01046491,0.245021909,0.245021909,1.310681809533095,1
2024-02-22,84.06999969482422,84.6500015258789,82.23999786376953,83.9000015258789,83.9000015258789,7121800.0,0.5031123048109326,1.2742826814481272,1.8650930711357687,1.6776494646792184,1.728660102581853,82.78000183105469,82.8890007019043,85.32433369954427,86.25616696675618,82.76530029296875,83.05860619159989,83.17713521135268,84.58005885905143,84.60662022763597,83.88477541523308,83.34520201699956,84.41303932815508,-1.0678373111555146,-1.045073731882129,1.263414980584146,1.263414980584146,1.263414980584146,-1.263414980584146,1.263414980584146,1.263414980584146,1.263414980584146,1.263414980584146,1.263414980584146,1.5400009155273438,2.121501159667969,84.6500015258789,78.69409805297852,79.13099822998046,79.56789840698242,0.0,0.9986850019914995,-0.5031123048109326,-1.0,-0.5031123048109326,0.9985749807389783,-1.0,-0.5031123048109326,0.9704912273809945,-1.0,-0.5031123048109326,0.0,0.0,0.0,0.0,0.0,0.0,0.0,0.5031123048109326,1
2024-02-23,83.80999755859375,83.9000015258789,82.36000061035156,82.83999633789062,82.83999633789062,3925500.0,-1.263414980584146,1.1892765436049022,1.8603530438545643,1.6838025862095527,1.7203852025006725,82.84600067138672,82.73800048828124,85.23766682942708,86.27416687011718,82.81320022583007,82.98573624036348,83.11583723435957,84.46779676091202,84.54869813289022,83.86408672063224,83.26747806636742,84.29651762517253,-1.0290395588051098,-1.041866897266725,0.0724350442309654,-0.0724350442309654,-0.0724350442309654,0.0724350442309654,-0.0724350442309654,-0.0724350442309654,-0.0724350442309654,-0.0724350442309654,0.0724350442309654,1.1200027465820312,2.0545013427734373,83.9000015258789,79.98269897460938,80.40699920654296,80.83129943847656,1.0,1.0013053274489123,1.263414980584146,1.0,1.263414980584146,0.9984347027194197,-1.0,1.263414980584146,0.9787357992628948,-1.0,1.263414980584146,0.0,0.0,1.0,0.066763833,0.066763833,0.813529193,0.813529193,-1.263414980584146,1
2024-02-26,83.80999755859375,83.81999969482422,82.69999694824219,82.9000015258789,82.9000015258789,3011300.0,0.0724350442309654,1.0004230044940268,1.7929754769610098,1.5642087770767117,1.7203848620293405,83.10400085449218,82.48400039672852,85.14433364868164,86.29216690063477,82.85850021362305,82.95715800220196,83.07659437827218,84.36664868123248,84.49464250643084,83.84499592469653,83.21094321398456,84.19307198818781,-0.9821287742032468,-1.0299192726540294,0.0482520081918896,-0.0482520081918896,-0.0482520081918896,0.0482520081918896,-0.0482520081918896,-0.0482520081918896,-0.0482520081918896,-0.0482520081918896,0.0482520081918896,1.3000030517578125,2.0300014495849608,83.81999969482422,79.38009857177734,79.79099884033204,80.20189910888672,1.0,1.0075166147953738,0.0724350442309654,1.0,0.0724350442309654,0.9985623342294656,-1.0,-0.0724350442309654,0.9092202632099391,-1.0,-0.0724350442309654,0.0,0.0,1.0,0.010425496,0.010425496,0.779787362,0.779787362,0.0724350442309654,1
2024-02-27,83.05000305175781,84.2300033569336,82.93000030517578,82.94000244140625,82.94000244140625,4485800.0,0.0482520081918896,0.9333722913362704,1.7191890364161602,1.5596889364852635,1.710805863009753,83.21200103759766,82.38300094604492,85.0620002746582,86.29150021870932,82.9204002380371,82.95143948193673,83.05175948066018,84.27460698834047,84.4436707010202,83.82707526166108,83.16926001820329,84.10025202175954,-0.9309920035562556,-1.0101338188344746,-0.9163276029167946,0.9163276029167946,0.9163276029167946,-0.9163276029167946,0.9163276029167946,0.9163276029167946,0.9163276029167946,0.9163276029167946,-0.9163276029167946,1.7099990844726562,2.0385013580322267,84.2300033569336,79.3539965057373,79.7599967956543,80.16599708557129,0.0,1.0100627566613611,0.0482520081918896,1.0,0.0482520081918896,0.9987920785862844,-1.0,-0.0482520081918896,0.9116691555764046,-1.0,-0.0482520081918896,0.0,0.0,0.0,0.0,0.0,0.0,0.0,0.0482520081918896,1
2024-02-28,81.25,82.70999908447266,81.0,82.18000030517578,82.18000030517578,4955300.0,-0.9163276029167946,0.7437033863607537,1.1510142190504928,1.5421200811546645,1.7134604586857551,82.95200042724609,82.53400115966797,84.96266682942708,86.27050018310547,82.9645002746582,82.69429308968309,82.89325781239029,84.1394710732976,84.3694519995171,83.7944599159881,83.01706621619905,83.95801115386445,-0.9409449376653924,-0.9962960426006582,2.3850073949795463,-2.3850073949795463,-2.3850073949795463,2.3850073949795463,2.3850073949795463,-2.3850073949795463,-2.3850073949795463,-2.3850073949795463,2.3850073949795463,1.25,1.979001235961914,82.70999908447266,79.7453003692627,80.15300064086914,80.56070091247558,1.0,1.0050645705007015,-0.9163276029167946,1.0,-0.9163276029167946,0.9975997478207755,-1.0,0.9163276029167946,0.9000033081227268,-1.0,0.9163276029167946,0.0,0.0,0.0,0.0,0.0,0.0,0.0,-0.9163276029167946,1
2024-02-29,83.36000061035156,84.25,83.0,84.13999938964844,84.13999938964844,6229100.0,2.3850073949795463,1.4239434795270074,1.3341485069952148,1.636932285145586,1.7309605228539933,83.0,82.89000091552734,84.98933359781901,86.26183344523112,83.03240028381347,83.17619518967155,83.1199380991645,84.13950515822347,84.36192896312797,83.80130228180316,83.1898251659605,83.97149176392253,-0.7816665979620296,-0.9533701536729324,3.3990974935797564,-3.3990974935797564,-3.3990974935797564,3.3990974935797564,-3.3990974935797564,3.3990974935797564,-3.3990974935797564,-3.3990974935797564,3.3990974935797564,3.279998779296875,2.0385009765625,84.25,78.35619636535644,78.75199661254882,79.1477968597412,1.0,1.0013270488992365,2.3850073949795463,1.0,2.3850073949795463,1.0006768182435353,1.0,-2.3850073949795463,0.9456785776065105,-1.0,-2.3850073949795463,0.0,0.0,0.0,0.0,0.0,0.0,0.0,2.3850073949795463,1
2024-03-01,84.69999694824219,87.8499984741211,84.56999969482422,87.0,87.0,5958700.0,3.3990974935797564,1.8105524103386132,1.5220616448768018,1.8068896130093235,1.7852625969362672,83.83200073242188,83.3390007019043,85.0173334757487,86.3036668141683,83.1070002746582,84.45079679311436,83.8254038993164,84.32405321253164,84.44842309548442,83.86464283067833,83.77600590965889,84.19582570733567,-0.4198197976767801,-0.8466600824737022,-0.091956127649066,0.091956127649066,0.091956127649066,-0.091956127649066,0.091956127649066,-0.091956127649066,0.091956127649066,0.091956127649066,-0.091956127649066,1.1699981689453125,1.952500915527344,87.8499984741211,79.7652978515625,80.172998046875,80.5806982421875,0.0,1.0059155980557168,3.3990974935797564,1.0,3.3990974935797564,1.0074606606673693,1.0,3.3990974935797564,1.012114193234189,1.0,-3.3990974935797564,0.0,0.0,0.0,0.0,0.0,0.0,0.0,3.3990974935797564,1
2024-03-04,87.44000244140625,87.95999908447266,86.79000091552734,86.91999816894531,86.91999816894531,4730000.0,-0.091956127649066,1.8329094442988327,1.4332169130798755,1.764069295209593,1.7787079602590772,84.63600006103516,83.87000045776367,84.93333333333334,86.35983339945476,83.1819002532959,85.27386391839136,84.38805740288528,84.49153353230027,84.5294583437946,83.9251449165846,84.2596970264722,84.3976162600475,-0.1379192335753032,-0.7049119126940224,-1.47261712639358,1.47261712639358,1.47261712639358,-1.47261712639358,1.47261712639358,-1.47261712639358,1.47261712639358,1.47261712639358,-1.47261712639358,2.30999755859375,1.916000747680664,87.95999908447266,83.55449645996094,83.9449966430664,84.33549682617188,0.0,1.0091331775258217,-0.091956127649066,1.0,-0.091956127649066,1.010496823161565,1.0,-0.091956127649066,0.9917700570433429,-1.0,-0.091956127649066,0.0,0.0,1.0,0.003041103,0.003041103,0.993823647,0.993823647,-0.091956127649066,1
2024-03-05,85.83000183105469,87.22000122070312,84.91000366210938,85.63999938964844,85.63999938964844,4916200.0,-1.47261712639358,2.1258296072544787,1.5724770401780437,1.7759212753436195,1.7899870208483275,85.17599945068359,84.19400024414062,84.76333338419596,86.39350001017253,83.23050025939942,85.39590907547705,84.6156832186604,84.56562810374209,84.56586952562589,83.95910243090269,84.47205123619162,84.48964464001793,-0.0175934038263108,-0.5674482109204801,2.533860560965402,-2.533860560965402,-2.533860560965402,2.533860560965402,-2.533860560965402,2.533860560965402,2.533860560965402,-2.533860560965402,2.533860560965402,1.7900009155273438,1.873000717163086,87.22000122070312,83.7447974395752,84.12799758911133,84.51119773864747,1.0,1.0116635295115497,-1.47261712639358,1.0,-1.47261712639358,1.0092208184953189,1.0,-1.47261712639358,0.9921419846396194,-1.0,1.47261712639358,0.0,0.0,0.0,0.0,0.0,0.0,0.0,-1.47261712639358,1
2024-03-06,87.5,88.5999984741211,86.80999755859375,87.80999755859375,87.80999755859375,8080700.0,2.533860560965402,2.0443806695759665,1.694266596862454,1.7484568146974704,1.7879533964210936,86.30199890136718,84.62699966430664,84.6240000406901,86.42683334350586,83.29630020141602,86.20060523651595,85.19646764410281,84.77494226211962,84.67223437916581,84.03535777996588,84.9855814396381,84.73559670806058,0.2499847315775127,-0.4039616224208815,6.297686975343353,6.297686975343353,-6.297686975343353,6.297686975343353,-6.297686975343353,6.297686975343353,6.297686975343353,6.297686975343353,6.297686975343353,5.19000244140625,2.048000717163086,88.5999984741211,83.09939964294433,83.47399978637695,83.84859992980957,1.0,1.019792728605585,2.533860560965402,1.0,2.533860560965402,1.0117861411415294,1.0,2.533860560965402,0.9779096134145987,-1.0,-2.533860560965402,0.0,0.0,0.0,0.0,0.0,0.0,0.0,2.533860560965402,1
2024-03-07,89.0,94.19000244140624,89.0,93.33999633789062,93.33999633789062,8868400.0,6.297686975343353,3.043813974996917,2.491351310443457,2.204030745370993,1.9611804022826196,88.14199829101562,85.57099914550781,84.71666666666667,86.54783325195312,83.42460014343261,88.58040227030752,86.67710922479151,85.32752639604034,84.95642329584531,84.21960804843964,86.27087603936926,85.37295964360355,0.897916395765705,-0.1435860187835642,-4.821084397421667,-4.821084397421667,4.821084397421667,-4.821084397421667,4.821084397421667,-4.821084397421667,-4.821084397421667,-4.821084397421667,-4.821084397421667,4.870002746582031,2.175000762939453,94.19000244140624,84.0943968963623,84.50399703979492,84.91359718322754,0.0,1.0300452159163878,6.297686975343353,1.0,6.297686975343353,1.0219584278079688,1.0,6.297686975343353,1.1238286609460912,1.0,-6.297686975343353,0.0,0.0,0.0,0.0,0.0,0.0,0.0,6.297686975343353,1
2024-03-08,93.11000061035156,93.66000366210938,88.79000091552734,88.83999633789062,88.83999633789062,8086700.0,-4.821084397421667,4.192396302041676,3.056207083240414,2.5061598445216573,2.020072023494398,88.50999755859375,86.1709991455078,84.68966649373372,86.54666646321614,83.5384001159668,88.66693362616856,87.07036142717315,85.5541373600307,85.08375355951893,84.31110088585451,86.66612531606485,85.62977717651371,1.0363481395511371,0.092400812883376,1.947324885464612,1.947324885464612,-1.947324885464612,1.947324885464612,-1.947324885464612,1.947324885464612,1.947324885464612,1.947324885464612,1.947324885464612,2.6899948120117188,2.242500305175781,93.66000366210938,89.40500076293945,89.84000091552734,90.27500106811524,1.0,1.0271436844910702,-4.821084397421667,1.0,-4.821084397421667,1.018336574843907,1.0,-4.821084397421667,1.2406289554896197,1.0,-4.821084397421667,0.0,0.0,0.0,0.0,0.0,0.0,0.0,-4.821084397421667,1
2024-03-11,88.62000274658203,90.87999725341795,88.19000244140625,90.56999969482422,90.56999969482422,6657200.0,1.947324885464612,4.220826019945836,3.0679563005968578,2.5241732054254693,2.0349570365088048,89.23999786376953,86.93799896240235,84.81133321126302,86.56899973551432,83.65460014343262,89.30128898238712,87.70665929401879,85.87774138163029,85.26363048198795,84.43503947613114,87.26672137433553,85.99571958527746,1.2710017890580758,0.3281210081183159,1.545767396043076,1.545767396043076,-1.545767396043076,1.545767396043076,-1.545767396043076,1.545767396043076,1.545767396043076,1.545767396043076,1.545767396043076,2.2800064086914062,2.2490005493164062,90.87999725341795,88.72650299072265,89.17500305175781,89.62350311279297,1.0,1.0264786276293605,1.947324885464612,1.0,1.947324885464612,1.0181813980968384,1.0,1.947324885464612,1.2404061413286491,1.0,1.947324885464612,0.0,0.0,0.0,0.0,0.0,0.0,0.0,1.947324885464612,1
2024-03-12,91.7699966430664,92.2300033569336,89.94999694824219,91.97000122070312,91.97000122070312,5954800.0,1.545767396043076,4.007647926518753,3.0566115746938967,2.4894030223116514,2.042453186191189,90.50599822998046,87.84099884033203,84.96933314005534,86.60416641235352,83.78520011901855,90.19085972849246,88.48181237159775,86.27079040350596,85.48351148981467,84.58424663938999,87.99030288916131,86.43825896567935,1.5520439234819603,0.5729055911910449,-1.554855155154524,-1.554855155154524,1.554855155154524,-1.554855155154524,1.554855155154524,-1.554855155154524,-1.554855155154524,-1.554855155154524,-1.554855155154524,2.590003967285156,2.273000717163086,92.2300033569336,85.93219604492188,86.38199615478516,86.83179626464843,0.0,1.0303389012514825,1.545767396043076,1.0,1.545767396043076,1.0193152390427673,1.0,1.545767396043076,1.2188299047156836,1.0,1.545767396043076,0.0,1.0,0.0,0.020800529,0.020800529,0.165422007,0.165422007,1.545767396043076,1
2024-03-13,91.41000366210938,92.4800033569336,89.88999938964844,90.54000091552734,90.54000091552734,5223100.0,-1.554855155154524,4.158441281628964,3.109181709661131,2.320752330974233,2.003455662397856,91.05199890136718,88.67699890136718,85.12199986775717,86.56383310953775,83.91070014953613,90.30724012417076,88.85602847049404,86.5462233397654,85.64929802836264,84.70218236763033,88.38256412398685,86.74209170270512,1.6404724212817283,0.7864189572091818,-1.7229926472490404,-1.7229926472490404,1.7229926472490404,-1.7229926472490404,1.7229926472490404,-1.7229926472490404,-1.7229926472490404,-1.7229926472490404,-1.7229926472490404,3.1299972534179688,2.3450008392333985,92.4800033569336,87.22940177917481,87.68400192260742,88.13860206604004,0.0,1.0267825933378918,-1.554855155154524,1.0,-1.554855155154524,1.0163321687752296,1.0,-1.554855155154524,1.158374689558449,1.0,-1.554855155154524,0.0,0.0,0.0,0.0,0.0,0.0,0.0,-1.554855155154524,1
2024-03-14,90.48999786376952,91.25,88.12000274658203,88.9800033569336,88.9800033569336,5431000.0,-1.7229926472490404,2.7644100530055944,3.178927046480589,2.374265291941441,2.0129198705255504,90.18000030517578,89.1609992980957,85.24866663614908,86.51016654968262,84.0326001739502,89.86482786842504,88.8785693589376,86.70324140538916,85.7585014817584,84.78689169415118,88.47447785213251,86.90786293635168,1.566614915780832,0.9424581489235118,-0.3821127831623779,-0.3821127831623779,0.3821127831623779,-0.3821127831623779,0.3821127831623779,-0.3821127831623779,-0.3821127831623779,-0.3821127831623779,-0.3821127831623779,1.779998779296875,2.329000473022461,91.25,87.32100151062012,87.7900016784668,88.25900184631348,0.0,1.011428775082177,-1.7229926472490404,1.0,-1.7229926472490404,1.0110966964995174,1.0,-1.7229926472490404,1.1795130679104218,1.0,-1.7229926472490404,0.0,0.0,0.0,0.0,0.0,0.0,0.0,-1.7229926472490404,1
2024-03-15,87.52999877929688,89.30999755859375,87.52999877929688,88.63999938964844,88.63999938964844,14460000.0,-0.3821127831623779,1.710861657256414,3.0312371509911293,2.3400145190714303,2.009778611751003,90.14000091552734,89.32499923706055,85.34833323160807,86.46566658020019,84.16540016174316,89.45655170883285,88.83519300088501,86.8281935334059,85.85297682300069,84.86319085643825,88.49994270405804,87.0361693402996,1.463773363758449,1.0467211918904993,-0.6317662031247122,-0.6317662031247122,0.6317662031247122,-0.6317662031247122,0.6317662031247122,-0.6317662031247122,-0.6317662031247122,-0.6317662031247122,-0.6317662031247122,2.44000244140625,2.350000762939453,89.30999755859375,86.12619895935059,86.59199905395508,87.05779914855957,0.0,1.0091240043148932,-0.3821127831623779,1.0,-0.3821127831623779,1.0069945106996239,1.0,-0.3821127831623779,1.1643145694702721,1.0,-0.3821127831623779,0.0,0.0,0.0,0.0,0.0,0.0,0.0,-0.3821127831623779,1
2024-03-18,90.23999786376952,90.41000366210938,87.97000122070312,88.08000183105469,88.08000183105469,4266600.0,-0.6317662031247122,1.3050627548041005,3.04235232210732,2.3269957116999542,2.011212557343128,89.64200134277344,89.44099960327148,85.47466659545898,86.41049995422364,84.30230018615723,88.99770174957347,88.69788551546131,86.90895535906067,85.9259940363795,84.92689008365838,88.43533641590368,87.11349026554072,1.3218461503629584,1.101746183584991,-0.9082686593175712,-0.9082686593175712,0.9082686593175712,-0.9082686593175712,0.9082686593175712,-0.9082686593175712,-0.9082686593175712,-0.9082686593175712,-0.9082686593175712,1.55999755859375,2.321500396728516,90.41000366210938,84.13999588012695,84.60999603271485,85.07999618530273,0.0,1.00224731096917,-0.6317662031247122,1.0,-0.6317662031247122,1.0033801959581088,1.0,-0.6317662031247122,1.157011327919504,1.0,-0.6317662031247122,0.0,1.0,0.0,0.001751097,0.001751097,0.006243485,0.006243485,-0.6317662031247122,1
2024-03-19,87.76000213623047,87.77999877929688,86.22000122070312,87.27999877929688,87.27999877929688,3859200.0,-0.9082686593175712,0.5805984748707261,3.013513387585612,2.340997160991184,1.9740868028300784,88.7040008544922,89.60499954223633,85.53533325195312,86.38933321634929,84.41480018615722,88.4251340928146,88.44008792706778,86.9328936442372,85.97038763450794,84.9734862954532,88.25759216411802,87.12582422952265,1.1317679345953735,1.1077505337870677,-1.214479346263677,1.214479346263677,-1.214479346263677,1.214479346263677,-1.214479346263677,-1.214479346263677,1.214479346263677,1.214479346263677,1.214479346263677,2.779998779296875,2.359500503540039,87.77999877929688,85.30270278930664,85.76700286865234,86.23130294799805,1.0,0.9899447721405384,-0.9082686593175712,-1.0,-0.9082686593175712,0.9998309156559692,-1.0,-0.9082686593175712,1.1858633357130486,1.0,-0.9082686593175712,0.0,0.0,1.0,0.003282751,0.003282751,0.995060623,0.995060623,-0.9082686593175712,1
2024-03-20,86.8499984741211,88.58000183105469,85.80000305175781,88.33999633789062,88.33999633789062,4836000.0,1.214479346263677,1.076119404327997,2.929157164449924,2.338939157321655,1.9707131757108884,88.26399993896484,89.65799942016602,85.70499979654947,86.36366653442383,84.58440017700195,88.39675484117328,88.42188945630829,87.02367446318259,86.04807972314345,85.04014986064998,88.27026972931381,87.21576290421658,1.054506825097235,1.0971017920491013,-0.5999619998445448,0.5999619998445448,-0.5999619998445448,0.5999619998445448,-0.5999619998445448,-0.5999619998445448,0.5999619998445448,0.5999619998445448,-0.5999619998445448,2.7699966430664062,2.3775001525878907,88.58000183105469,82.5890976715088,83.0609977722168,83.5328978729248,1.0,0.9844520345064979,1.214479346263677,-1.0,-1.214479346263677,0.9997157421619288,-1.0,-1.214479346263677,1.1868490991734186,1.0,1.214479346263677,0.0,0.0,0.0,0.0,0.0,0.0,0.0,1.214479346263677,1
2024-03-21,90.4499969482422,91.31999969482422,88.55000305175781,88.87000274658203,88.87000274658203,5317200.0,0.5999619998445448,0.8948023561565875,1.9942655957142044,2.3394622165677745,1.9717659731277128,88.24199981689453,89.21100006103515,85.89033330281576,86.34166653951009,84.74550018310546,88.5545041429762,88.50336459999443,87.1427924169503,86.14060178948569,85.11598853165853,88.36253634735507,87.33829918883623,1.0242371585188437,1.0825288653430498,0.9339504955586484,-0.9339504955586484,0.9339504955586484,-0.9339504955586484,0.9339504955586484,-0.9339504955586484,-0.9339504955586484,-0.9339504955586484,0.9339504955586484,1.5499954223632812,2.377999877929688,91.31999969482422,83.34950149536132,83.8250015258789,84.30050155639648,0.0,0.9891381080418596,-0.5999619998445448,-1.0,-0.5999619998445448,1.0005778259754632,1.0,-0.5999619998445448,1.1864806718704064,1.0,0.5999619998445448,0.0,0.0,0.0,0.0,0.0,0.0,0.0,0.5999619998445448,1
2024-03-22,88.5199966430664,89.30999755859375,87.76000213623047,88.04000091552734,88.04000091552734,3646600.0,-0.9339504955586484,0.9803390796169974,1.3155785470231074,2.328907028853312,1.9684419994310915,88.12200012207032,89.13100051879883,86.01333338419596,86.28716659545898,84.90330017089843,88.38300306715992,88.41911665736404,87.20067683621335,86.20287717066738,85.17388976698265,88.31291551168927,87.39027709451705,0.9226384171722232,1.0505507757088846,0.4429797655529721,-0.4429797655529721,0.4429797655529721,-0.4429797655529721,0.4429797655529721,0.4429797655529721,-0.4429797655529721,-0.4429797655529721,0.4429797655529721,1.8800048828125,2.415999984741211,89.30999755859375,86.0883999633789,86.56399993896484,87.03959991455078,0.0,0.9886795795979458,0.9339504955586484,-1.0,0.9339504955586484,0.9995915635490449,-1.0,-0.9339504955586484,1.183121996749917,1.0,-0.9339504955586484,0.0,0.0,0.0,0.0,0.0,0.0,0.0,-0.9339504955586484,1
2024-03-25,86.66999816894531,88.26000213623047,86.37999725341797,87.6500015258789,87.6500015258789,4331700.0,-0.4429797655529721,0.959692464196806,1.1062673983899236,2.3347561098782004,1.9690118827932488,88.03600006103515,88.8390007019043,86.08700002034506,86.2293332417806,85.07320014953613,88.13866922006625,88.27927754254857,87.2296655258692,86.25032387083824,85.2229216830004,88.21092874464152,87.40951594128458,0.8014128033569392,1.0007231812384956,1.6086750000718113,-1.6086750000718113,1.6086750000718113,-1.6086750000718113,1.6086750000718113,1.6086750000718113,-1.6086750000718113,-1.6086750000718113,1.6086750000718113,2.4199981689453125,2.471999740600586,88.26000213623047,83.99479759216308,84.47799758911133,84.96119758605957,0.0,0.990961169818157,0.4429797655529721,-1.0,0.4429797655529721,0.9984072329724883,-1.0,0.4429797655529721,1.1857501370515373,1.0,-0.4429797655529721,0.0,0.0,0.0,0.0,0.0,0.0,0.0,-0.4429797655529721,1
2024-03-26,88.36000061035156,88.5199966430664,86.0999984741211,86.23999786376953,86.23999786376953,4396400.0,-1.6086750000718113,1.1420288259566074,0.9538486990100044,2.373409269753364,1.9790843597367311,87.82799987792968,88.26600036621093,86.16333338419597,86.15266660054525,85.22270011901855,87.50577876796734,87.90849941913419,87.16581599928213,86.24998531322943,85.24306180539186,87.90770860912276,87.32288497257977,0.5848236365429926,0.917543272299395,-3.4206918491541978,3.4206918491541978,3.4206918491541978,3.4206918491541978,-3.4206918491541978,-3.4206918491541978,3.4206918491541978,3.4206918491541978,-3.4206918491541978,2.3799972534179688,2.5054996490478514,88.5199966430664,82.82160270690918,83.3160026550293,83.81040260314941,1.0,0.995037721359708,1.6086750000718113,-1.0,1.6086750000718113,0.9954188655951601,-1.0,1.6086750000718113,1.1992461352527126,1.0,-1.6086750000718113,0.0,0.0,0.0,0.0,0.0,0.0,0.0,-1.6086750000718113,1
2024-03-27,87.30000305175781,89.2699966430664,86.88999938964844,89.19000244140625,89.19000244140625,4036100.0,3.4206918491541978,1.9687021022109583,1.5397113010839678,2.460483701388512,2.027502420980316,87.99800109863281,88.13100051879883,86.44733352661133,86.13616663614908,85.40420013427735,88.06718665911364,88.1414999686382,87.29640867296756,86.34637931743195,85.32121904570897,88.10498458332022,87.46118997027062,0.6437946130495931,0.8627935404494347,-0.583021223043491,0.583021223043491,0.583021223043491,0.583021223043491,-0.583021223043491,-0.583021223043491,0.583021223043491,0.583021223043491,-0.583021223043491,0.910003662109375,2.4884998321533205,89.2699966430664,83.00789741516114,83.50899734497071,84.01009727478028,1.0,0.9984908894783551,-3.4206918491541978,-1.0,-3.4206918491541978,0.9991568862618517,-1.0,-3.4206918491541978,1.2135540140064769,1.0,3.4206918491541978,0.0,0.0,0.0,0.0,0.0,0.0,0.0,3.4206918491541978,1
2024-03-28,89.5999984741211,89.87000274658203,88.95999908447266,89.70999908447266,89.70999908447266,3688600.0,0.583021223043491,1.9678711611230484,1.446048193241579,2.4180867875008984,1.958869813222784,88.16600036621094,88.20400009155273,86.75166676839193,86.1886666615804,85.56530014038086,88.61479080089998,88.42668162606265,87.45212418338724,86.45666193274475,85.40812558113004,88.35190989118982,87.62776842317447,0.7241414680153468,0.8350631259626171,-0.0334397275699753,0.0334397275699753,0.0334397275699753,0.0334397275699753,-0.0334397275699753,0.0334397275699753,0.0334397275699753,0.0334397275699753,-0.0334397275699753,1.5,2.399499893188477,89.87000274658203,83.7952970123291,84.29299697875976,84.79069694519043,1.0,0.9995691836503747,-0.583021223043491,-1.0,-0.583021223043491,1.0021272897656932,1.0,-0.583021223043491,1.2344295527851332,1.0,0.583021223043491,0.0,0.0,1.0,0.003297729,0.003297729,0.983276725,0.983276725,0.583021223043491,1
2024-04-01,89.73999786376953,90.5500030517578,89.05000305175781,89.73999786376953,89.73999786376953,3015900.0,0.0334397275699753,1.8733519776457792,1.4368822001984491,2.3092796666096675,1.9338758695097236,88.50599975585938,88.31399993896484,86.99266662597657,86.27483329772949,85.69840011596679,88.9898598218565,88.6654663965548,87.59972893696029,86.564312291139,85.49390523029122,88.56546188697132,87.78422986321856,0.7812320237527643,0.8242969055206466,-1.961215231482076,-1.961215231482076,-1.961215231482076,-1.961215231482076,1.961215231482076,-1.961215231482076,-1.961215231482076,-1.961215231482076,1.961215231482076,1.8800048828125,2.435000228881836,90.5500030517578,84.59110298156739,85.07100296020508,85.55090293884277,0.0,1.0021740586659786,-0.0334397275699753,1.0,-0.0334397275699753,1.003658621992139,1.0,0.0334397275699753,1.1941199034636678,1.0,0.0334397275699753,0.0,0.0,1.0,0.003754552,0.003754552,0.976015568,0.976015568,0.0334397275699753,1
2024-04-02,88.25,88.69000244140625,86.80999755859375,87.9800033569336,87.9800033569336,4253200.0,-1.961215231482076,2.146665918773321,1.5707296588039117,2.358185577215417,1.9428921401392163,88.5720001220703,88.30400009155274,87.20500005086264,86.35116666158041,85.82700012207032,88.65324100021553,88.54083675298732,87.62426277050696,86.61072839165686,85.54313489616533,88.47539134388859,87.79873160349374,0.6766597403948538,0.7947694724954881,0.1818549972835783,0.1818549972835783,0.1818549972835783,0.1818549972835783,-0.1818549972835783,0.1818549972835783,0.1818549972835783,0.1818549972835783,-0.1818549972835783,2.0500030517578125,2.422000503540039,88.69000244140625,85.19300254821778,85.68000259399415,86.1670026397705,1.0,1.0030349704457295,1.961215231482076,1.0,-1.961215231482076,1.0012695186916045,1.0,-1.961215231482076,1.2137501246190863,1.0,-1.961215231482076,0.0,0.0,2.0,0.026644697,0.0187090894999999,0.972273111,0.903945535,-1.961215231482076,1
2024-04-03,87.47000122070312,89.04000091552734,86.98999786376953,88.13999938964844,88.13999938964844,3186900.0,0.1818549972835783,1.9301603339603337,1.5382085276585762,2.329447436146083,1.941326136594704,88.95200042724609,88.39000015258789,87.39633331298828,86.42033335367839,85.95530014038086,88.48216046335983,88.46795723238024,87.65753610077415,86.6608684243779,85.59455795544221,88.4237925816978,87.82401069876445,0.5997818829333426,0.755771954583059,-2.1329671731751385,-2.1329671731751385,-2.1329671731751385,-2.1329671731751385,2.1329671731751385,-2.1329671731751385,-2.1329671731751385,-2.1329671731751385,2.1329671731751385,4.160003662109375,2.5405006408691406,89.04000091552734,83.36160133361817,83.84600143432617,84.33040153503418,0.0,1.0063581884114494,-0.1818549972835783,1.0,0.1818549972835783,1.0001605466139822,1.0,0.1818549972835783,1.1999258611086263,1.0,0.1818549972835783,0.0,0.0,1.0,0.24447003,0.24447003,0.730083346,0.730083346,0.1818549972835783,1
2024-04-04,89.76000213623047,90.22000122070312,86.05999755859375,86.26000213623047,86.26000213623047,5491400.0,-2.1329671731751385,1.2842770542037218,1.6321868285336691,2.3138309540095934,1.9466464351174817,88.36600036621094,88.18200073242187,87.48899993896484,86.43066673278808,86.06430015563964,87.74144102098339,88.0665108512621,87.56737261919069,86.64772526738945,85.60773506793308,88.0909017439336,87.70815821265083,0.3827435312827703,0.6811662699230013,1.518661634768882,1.518661634768882,1.518661634768882,1.518661634768882,-1.518661634768882,-1.518661634768882,1.518661634768882,1.518661634768882,-1.518661634768882,2.1999969482421875,2.3910003662109376,90.22000122070312,83.45089950561524,83.95899963378906,84.46709976196288,1.0,1.0020865894656596,2.1329671731751385,1.0,-2.1329671731751385,0.9963088144728734,-1.0,-2.1329671731751385,1.188624144717863,1.0,-2.1329671731751385,0.0,0.0,0.0,0.0,0.0,0.0,0.0,-2.1329671731751385,1
2024-04-05,86.18000030517578,88.0999984741211,85.9000015258789,87.56999969482422,87.56999969482422,3585300.0,1.518661634768882,1.5509918895374493,1.7079449951153318,1.815371046396429,1.9553823862510744,87.93800048828125,88.0520004272461,87.61133321126302,86.46783345540365,86.20300018310547,87.68429391226367,87.97623609554611,87.56754210794125,86.67796377320698,85.64659179321805,88.01076296714754,87.69792424836737,0.3128387187801706,0.6075007596944352,-1.8042729662680048,1.8042729662680048,1.8042729662680048,1.8042729662680048,-1.8042729662680048,-1.8042729662680048,1.8042729662680048,1.8042729662680048,-1.8042729662680048,1.8000030517578125,2.2375003814697267,88.0999984741211,84.95980041503907,85.43800048828125,85.91620056152344,1.0,0.9987053111977956,-1.518661634768882,-1.0,1.518661634768882,0.9966815790690865,-1.0,-1.518661634768882,0.9283969514918871,-1.0,1.518661634768882,0.0,1.0,0.0,0.000794055,0.000794055,0.001754503,0.001754503,1.518661634768882,1
2024-04-08,87.86000061035156,89.37000274658203,87.56999969482422,89.1500015258789,89.1500015258789,5074800.0,1.8042729662680048,1.8655590789203904,1.7833189881169194,1.5294605335922145,1.9682812145890904,87.82000122070312,88.16300048828126,87.8216667175293,86.52966677347818,86.31890022277832,88.17286311680209,88.18964799197025,87.66963626393724,86.75901419132737,85.71596624336975,88.1860304377216,87.80548552818304,0.3805449095385569,0.5621095896632595,-2.82669276492933,2.82669276492933,2.82669276492933,2.82669276492933,-2.82669276492933,-2.82669276492933,2.82669276492933,2.82669276492933,-2.82669276492933,1.7699966430664062,2.1915004730224608,89.37000274658203,83.1774976348877,83.62499771118163,84.07249778747558,1.0,0.9961094873622894,-1.8042729662680048,-1.0,-1.8042729662680048,0.9998096729542487,-1.0,-1.8042729662680048,0.7770538692620268,-1.0,-1.8042729662680048,0.0,0.0,2.0,0.001896372,0.001708466,0.994237185,0.9919323925,1.8042729662680048,1
