Date_MPWR_L01d,Open_MPWR_L01d,High_MPWR_L01d,Low_MPWR_L01d,Close_MPWR_L01d,Adj Close_MPWR_L01d,Volume_MPWR_L01d,Daily_Return_MPWR_L01d,Vol5_MPWR_L01d,Vol10_MPWR_L01d,Vol20_MPWR_L01d,Vol60_MPWR_L01d,SMA5_MPWR_L01d,SMA10_MPWR_L01d,SMA30_MPWR_L01d,SMA60_MPWR_L01d,SMA100_MPWR_L01d,EMA5_MPWR_L01d,EMA10_MPWR_L01d,EMA30_MPWR_L01d,EMA60_MPWR_L01d,EMA100_MPWR_L01d,Short12_MPWR_L01d,Long26_MPWR_L01d,MACD_MPWR_L01d,SIGNAL9_MPWR_L01d,Ret5/10_MPWR_L01d,Ret10/30_MPWR_L01d,Ret30/60_MPWR_L01d,Ret30/100_MPWR_L01d,Emaret5/10_MPWR_L01d,Emaret10/30_MPWR_L01d,Emaret30/60_MPWR_L01d,Emaret30/100_MPWR_L01d,RetMACD_MPWR_L01d,DayRange_MPWR_L01d,average20r_MPWR_L01d,PRVHI_MPWR_L01d,HitLevel_MPWR_L01d,hitlevel_2_MPWR_L01d,hitlevel_1.8_MPWR_L01d,positive_return_dummy,sma_ratio_L01d,RetMACD_L01d,R_sma_ratio_L01d,ret_sma_ratio_L01d,ema_ratio_L01d,R_ema_ratio_L01d,ret_ema_ratio_L01d,volatility_ratio_L01d,R_vol_ratio_L01d,ret_vol_ratio_L01d,negative_L01d,neutral_L01d,positive_L01d,negative_max_L01d,negative_avg_L01d,positive_max_L01d,positive_avg_L01d,ret_best,best
2024-01-03,590.8200073242188,594.97998046875,576.3900146484375,578.2999877929688,578.2999877929688,613600.0,-4.254968908448883,2.1596979306018795,2.5084729141355817,2.39887661726173,2.7124232516198186,616.3719970703125,620.4559997558594,588.4493347167969,530.0981658935547,511.1712002563477,607.1934315080634,612.8252599090172,587.3910390149222,554.2934592786495,532.7970460922836,612.011699525449,593.4365084857156,18.57519103973334,25.64131235846784,1.2519436948297005,-1.2519436948297005,-1.2519436948297005,-1.2519436948297005,1.2519436948297005,1.2519436948297005,-1.2519436948297005,-1.2519436948297005,1.2519436948297005,14.2099609375,16.14000549316406,594.97998046875,585.3813854980468,588.5739868164062,591.7665881347656,0.0,0.9934177400377242,4.254968908448883,-1.0,-4.254968908448883,0.9908100583161505,-1.0,-4.254968908448883,0.8844035000176159,-1.0,4.254968908448883,0.0,0.0,0.0,0.0,0.0,0.0,0.0,,
2024-01-04,561.280029296875,575.2899780273438,561.0800170898438,571.0599975585938,571.0599975585938,858400.0,-1.2519436948297005,1.967090709983664,2.4829987017212662,2.4034465363526856,2.720413276179584,603.2719970703125,614.0359985351563,589.1113342285156,531.68216603597,511.8601000976562,595.1489535249069,605.2315758453037,586.3374234370946,554.843181845205,533.5547282995373,605.7114376843944,591.7789891577808,13.932448526613598,23.29953959209699,-0.5130796568324886,0.5130796568324886,0.5130796568324886,0.5130796568324886,-0.5130796568324886,-0.5130796568324886,0.5130796568324886,0.5130796568324886,-0.5130796568324886,13.3399658203125,15.875006103515624,575.2899780273438,559.4719683837891,562.6999694824219,565.9279705810546,1.0,0.9824700807598864,1.2519436948297005,-1.0,1.2519436948297005,0.9833408851705815,-1.0,1.2519436948297005,0.8834858134966791,-1.0,1.2519436948297005,0.0,0.0,0.0,0.0,0.0,0.0,0.0,,
2024-01-05,569.9199829101562,581.4199829101562,568.0800170898438,573.989990234375,573.989990234375,419500.0,0.5130796568324886,2.240900878281546,2.3156322993837635,2.4045447262849438,2.6991093119565,591.6260009765625,610.3319946289063,590.3079996744792,533.081999206543,512.3534002685547,588.0959657613963,599.5512875524075,585.5408148433708,555.4709460546859,534.3554265556727,600.831214999776,590.4612855338248,10.369929465951143,20.713617566867825,-2.912948313167278,2.912948313167278,2.912948313167278,2.912948313167278,-2.912948313167278,-2.912948313167278,2.912948313167278,2.912948313167278,-2.912948313167278,16.6400146484375,15.98150634765625,581.4199829101562,540.3649645996094,543.5399658203125,546.7149670410156,1.0,0.9693511173968238,-0.5130796568324886,-1.0,-0.5130796568324886,0.9808935081471076,-1.0,-0.5130796568324886,0.8908660036973324,-1.0,-0.5130796568324886,0.0,0.0,0.0,0.0,0.0,0.0,0.0,,
2024-01-08,578.989990234375,593.4600219726562,576.8200073242188,590.7100219726562,590.7100219726562,456500.0,2.912948313167278,3.100021469442033,2.4706060330843,2.4233149702947507,2.705917774708444,583.6119995117188,607.2299987792969,591.7960001627604,534.5598327636719,513.0716003417969,588.9673178318163,597.9437847197255,585.8743120775183,556.6263255929799,535.4713591381873,599.2741083802191,590.4797104552197,8.79439792499943,18.329773638494142,-0.5146311920004075,0.5146311920004075,0.5146311920004075,0.5146311920004075,-0.5146311920004075,-0.5146311920004075,0.5146311920004075,0.5146311920004075,-0.5146311920004075,23.09002685546875,16.40900573730469,593.4600219726562,546.2606689453125,549.4569702148438,552.653271484375,1.0,0.9611053483604944,-2.912948313167278,-1.0,-2.912948313167278,0.9849877745746338,-1.0,-2.912948313167278,0.8955612003235601,-1.0,-2.912948313167278,0.0,0.0,0.0,0.0,0.0,0.0,0.0,,
2024-01-09,578.5999755859375,601.6900024414062,578.5999755859375,593.75,593.75,261400.0,0.5146311920004075,2.654941493312349,2.4891286474908454,2.411903318393881,2.691929573450154,581.5619995117188,604.8409973144531,593.2730000813802,536.2383326212565,514.0700003051758,590.561545221211,597.1812784070481,586.3824209757429,557.8434952456691,536.6253916305004,598.4242455524931,590.7219541252034,7.702291427289651,16.204277196253248,0.7679995888157894,-0.7679995888157894,-0.7679995888157894,-0.7679995888157894,0.7679995888157894,0.7679995888157894,-0.7679995888157894,-0.7679995888157894,0.7679995888157894,15.65997314453125,16.410003662109375,601.6900024414062,557.3602093505859,560.6420104980468,563.9238116455078,0.0,0.9615122025357158,-0.5146311920004075,-1.0,-0.5146311920004075,0.9889150356429542,-1.0,-0.5146311920004075,0.8959756385092301,-1.0,-0.5146311920004075,1.0,0.0,0.0,0.892924249,0.892924249,0.097539775,0.097539775,,
2024-01-10,594.1300048828125,598.0,582.3400268554688,589.1900024414062,589.1900024414062,401700.0,-0.7679995888157894,1.6149860958837616,2.162813765612253,2.3327911134736423,2.648365975177564,583.7400024414062,600.0559997558594,594.6953328450521,538.1289993286133,515.1084002685546,590.1043642946095,595.7283191405678,586.5635552638502,558.8712495799556,537.6662750128946,597.003592766172,590.6084762226999,6.395116543472113,14.242445065697025,0.1289923051096885,-0.1289923051096885,-0.1289923051096885,-0.1289923051096885,0.1289923051096885,0.1289923051096885,-0.1289923051096885,-0.1289923051096885,0.1289923051096885,18.42999267578125,16.759503173828126,598.0,565.5879943847656,568.8699951171875,572.1519958496094,0.0,0.9728092089386798,0.7679995888157894,-1.0,0.7679995888157894,0.9905595308041226,-1.0,0.7679995888157894,0.8808416719359327,-1.0,0.7679995888157894,1.0,0.0,1.0,0.898056149,0.4588658734999999,0.872516274,0.483532976,,
2024-01-11,589.1900024414062,595.3599853515625,576.9299926757812,588.4299926757812,588.4299926757812,366400.0,-0.1289923051096885,1.3934708616139118,2.161002347200298,2.3289147426460977,2.644789056921192,587.2140014648437,595.2429992675782,596.194999186198,539.8841659545899,516.1698001098633,589.5462404216668,594.4013506924248,586.683970580749,559.8403886978515,538.671497144833,595.6845773676504,590.4471070710763,5.237470296574088,12.441450111872438,1.6433531652905242,1.6433531652905242,-1.6433531652905242,-1.6433531652905242,1.6433531652905242,1.6433531652905242,-1.6433531652905242,-1.6433531652905242,1.6433531652905242,14.08001708984375,16.311505126953126,595.3599853515625,561.1290930175782,564.4809936523437,567.8328942871094,0.0,0.9865113948209154,0.1289923051096885,-1.0,0.1289923051096885,0.9918319326409635,-1.0,0.1289923051096885,0.8805672938458068,-1.0,0.1289923051096885,0.0,0.0,0.0,0.0,0.0,0.0,0.0,,
2024-01-12,588.8599853515625,589.989990234375,575.9099731445312,578.760009765625,578.760009765625,280700.0,-1.6433531652905242,1.724800579459574,2.1783681505186765,2.294873651028874,2.6481928274036437,588.1680053710937,589.8970031738281,597.0716654459635,541.5874994913737,516.9685000610351,585.9508302029863,591.5574705239158,586.172747302354,560.4607041426965,539.4653290779179,593.0807977365696,589.5813961595615,3.4994015770081432,10.65304040489958,-3.0496169536754603,-3.0496169536754603,3.0496169536754603,3.0496169536754603,-3.0496169536754603,-3.0496169536754603,3.0496169536754603,3.0496169536754603,-3.0496169536754603,26.92999267578125,16.407003784179686,589.989990234375,559.4746740722657,562.7369750976562,565.9992761230469,1.0,0.9970689835794523,1.6433531652905242,-1.0,1.6433531652905242,0.9905222390041597,-1.0,1.6433531652905242,0.8665810235876317,-1.0,1.6433531652905242,1.0,0.0,0.0,0.939170837,0.939170837,0.053872399,0.053872399,,
2024-01-16,573.2100219726562,596.9299926757812,570.0,596.4099731445312,596.4099731445312,577300.0,3.0496169536754603,1.7792136838292685,2.5056751598505755,2.131073933986044,2.627442020009912,589.3079956054687,586.4599975585937,598.6613321940105,543.843332417806,517.9262997436523,589.4372111835013,592.439743727664,586.8332134857202,561.6393687001337,540.5929457921083,593.5929785685637,590.0872166769667,3.5057618915969897,9.223584702239062,-2.022098573403833,2.022098573403833,-2.022098573403833,-2.022098573403833,2.022098573403833,2.022098573403833,-2.022098573403833,-2.022098573403833,2.022098573403833,14.98004150390625,16.338006591796876,596.9299926757812,553.8945819091797,557.1759826660157,560.4573834228515,0.0,1.0048562528710074,-3.0496169536754603,1.0,-3.0496169536754603,0.994931919109156,-1.0,-3.0496169536754603,0.8110831438929352,-1.0,-3.0496169536754603,1.0,0.0,0.0,0.978614151,0.978614151,0.016549595,0.016549595,,
2024-01-17,588.1599731445312,591.8900146484375,576.9099731445312,584.3499755859375,584.3499755859375,399500.0,-2.022098573403833,2.014844243463409,2.221949396243716,2.164484756665037,2.5124659805985954,587.4279907226562,584.4949951171875,599.4859985351562,546.353332010905,518.5752993774414,587.7414659843134,590.9688767928046,586.67300458896,562.3839787619632,541.4594216296099,592.1709781096981,589.662235855409,2.508742254289132,7.880616212649077,4.543518428575756,-4.543518428575756,4.543518428575756,4.543518428575756,-4.543518428575756,-4.543518428575756,4.543518428575756,4.543518428575756,-4.543518428575756,16.47998046875,16.350503540039064,591.8900146484375,560.9863781738281,564.2539794921875,567.5215808105469,1.0,1.0050179995209039,2.022098573403833,1.0,-2.022098573403833,0.9945387804075125,-1.0,2.022098573403833,0.8614981350511056,-1.0,2.022098573403833,1.0,0.0,0.0,0.975340366,0.975340366,0.020939173,0.020939173,,
2024-01-18,598.6699829101562,612.5399780273438,596.0599975585938,610.9000244140625,610.9000244140625,696700.0,4.543518428575756,2.9096324243451823,2.227336299550698,2.427852459854599,2.5175854300845537,591.7699951171875,587.7549987792969,601.1980000813802,549.5343322753906,519.8041995239258,595.4609854608965,594.5927218148514,588.2360381260635,563.9746687833435,542.8344830708862,595.0523698488312,591.2354053782722,3.8169644705590144,7.067885864231065,3.3442448615673954,-3.3442448615673954,3.3442448615673954,3.3442448615673954,-3.3442448615673954,3.3442448615673954,3.3442448615673954,3.3442448615673954,-3.3442448615673954,20.42999267578125,16.702001953125,612.5399780273438,555.9189068603515,559.1890075683593,562.4591082763671,1.0,1.006831071358354,-4.543518428575756,1.0,4.543518428575756,1.0014602661858942,1.0,-4.543518428575756,0.9643575271934501,-1.0,-4.543518428575756,0.0,0.0,0.0,0.0,0.0,0.0,0.0,,
2024-01-19,621.0,632.9099731445312,612.47998046875,631.3300170898438,631.3300170898438,674100.0,3.3442448615673954,3.055364151732846,2.28268516046632,2.551254979690159,2.524001889323107,600.35,593.7820007324219,603.7960001627604,553.1649993896484,521.2266998291016,607.4173293372123,601.2722300466681,591.0162948334041,566.1830408589665,544.5868698831429,600.6335463474485,594.2053766161664,6.4281697312820825,6.939942637641268,1.0184835983913316,-1.0184835983913316,1.0184835983913316,1.0184835983913316,-1.0184835983913316,1.0184835983913316,1.0184835983913316,1.0184835983913316,-1.0184835983913316,22.77996826171875,16.56549987792969,632.9099731445312,575.7955737304687,579.1359741210938,582.4763745117187,1.0,1.0110612973439352,-3.3442448615673954,1.0,3.3442448615673954,1.0102201614900246,1.0,3.3442448615673954,1.0107975713022785,1.0,-3.3442448615673954,1.0,0.0,0.0,0.955040634,0.955040634,0.036330823,0.036330823,,
2024-01-22,636.2100219726562,647.6199951171875,624.8400268554688,637.760009765625,637.760009765625,390700.0,1.0184835983913316,2.574779115122232,2.2755138641922508,2.395077433322502,2.523848352135124,612.15,600.1590026855469,606.580000813802,556.8276662190755,522.6655999755859,617.5315561466832,607.9063718137512,594.0320183774184,568.5298267247585,546.4318825540831,606.3453099502449,597.4316457383485,8.91366421189639,7.334686952492293,0.664825352711153,-0.664825352711153,0.664825352711153,0.664825352711153,-0.664825352711153,0.664825352711153,0.664825352711153,0.664825352711153,0.664825352711153,14.760009765625,16.708499145507812,647.6199951171875,596.4658734130859,599.7789733886718,603.0920733642578,1.0,1.0199797008139455,-1.0184835983913316,1.0,1.0184835983913316,1.015833333518473,1.0,1.0184835983913316,0.9489783454288431,-1.0,1.0184835983913316,1.0,0.0,0.0,0.933931291,0.933931291,0.055893373,0.055893373,,
2024-01-23,640.5499877929688,643.8200073242188,629.0599975585938,642.0,642.0,277700.0,0.664825352711153,2.549427237034582,2.1837372880209536,2.371240398550201,2.4331984420551427,621.2680053710938,605.2880004882812,609.0300008138021,560.8654993693034,523.9573999023437,625.6877040977888,614.10521330216,597.1267268691978,570.9386848649303,548.3243205233092,611.8306468809765,600.7330053132856,11.097641567690856,8.087277875532006,-1.557632398753894,1.557632398753894,-1.557632398753894,-1.557632398753894,1.557632398753894,-1.557632398753894,-1.557632398753894,-1.557632398753894,-1.557632398753894,25.239990234375,17.369998168945312,643.8200073242188,610.8612969970703,614.2029968261719,617.5446966552735,0.0,1.0264006636013296,0.664825352711153,1.0,0.664825352711153,1.0188607595974435,1.0,0.664825352711153,0.9745363787704013,-1.0,-0.664825352711153,0.0,0.0,0.0,0.0,0.0,0.0,0.0,,
2024-01-24,643.4099731445312,648.0,622.760009765625,632.0,632.0,538500.0,-1.557632398753894,2.3921752685854822,2.314288341488399,2.396519123817232,2.4521933285285304,630.7980102539062,609.1130004882813,610.9056681315104,564.6644994099935,525.1259997558594,627.7918027318592,617.3588108835854,599.3766154582818,572.9406951972277,549.9812646713624,614.9336242839032,603.0490789937829,11.884545290120286,8.846731358449663,-2.5822796399080303,2.5822796399080303,-2.5822796399080303,-2.5822796399080303,2.5822796399080303,-2.5822796399080303,-2.5822796399080303,-2.5822796399080303,-2.5822796399080303,29.969970703125,18.087496948242187,648.0,605.6060113525391,609.0800109863281,612.5540106201172,0.0,1.035600963611418,-1.557632398753894,1.0,-1.557632398753894,1.0168993973429192,1.0,-1.557632398753894,0.9772961601095675,-1.0,1.557632398753894,0.0,0.0,0.0,0.0,0.0,0.0,0.0,,
2024-01-25,641.6099853515625,642.9099731445312,612.9400024414062,615.6799926757812,615.6799926757812,519900.0,-2.5822796399080303,2.3237943394617644,2.5013628477364014,2.3610390003875725,2.49003359937356,631.75400390625,611.7619995117187,611.6816670735677,568.1603327433269,526.0706994628906,623.7545327131666,617.0535712094392,600.4284462465076,574.3419836391474,551.2822295823411,615.048450190346,603.9847022294865,11.063747960859471,9.290134678931626,-2.3616128833669188,-2.3616128833669188,-2.3616128833669188,-2.3616128833669188,2.3616128833669188,-2.3616128833669188,-2.3616128833669188,-2.3616128833669188,-2.3616128833669188,11.19000244140625,18.098995971679688,642.9099731445312,608.2075067138671,611.8250061035156,615.442505493164,0.0,1.032679382522105,-2.5822796399080303,1.0,-2.5822796399080303,1.0108596106017074,1.0,-2.5822796399080303,0.9481956392000334,-1.0,2.5822796399080303,0.0,0.0,0.0,0.0,0.0,0.0,0.0,,
2024-01-26,609.0800170898438,610.0,598.8099975585938,601.1400146484375,601.1400146484375,376000.0,-2.3616128833669188,1.69616205007936,2.655518834939628,2.4123336093541,2.517224647024231,625.7160034179688,613.0330017089843,611.8590006510417,571.4459996541341,526.8328997802735,616.2163600249236,614.160197289257,600.4743538853419,575.2206076066651,552.2695124549371,612.9086908762063,603.7739846308904,9.134706245315895,9.25904899220848,3.1007775550158097,3.1007775550158097,3.1007775550158097,3.1007775550158097,-3.1007775550158097,3.1007775550158097,3.1007775550158097,3.1007775550158097,-3.1007775550158097,20.79998779296875,18.806494140625,610.0,603.092182006836,606.7119812011719,610.3317803955078,1.0,1.0206889379097492,-2.3616128833669188,1.0,-2.3616128833669188,1.0033479257443612,1.0,-2.3616128833669188,0.9583306806589036,-1.0,2.3616128833669188,0.0,0.0,0.0,0.0,0.0,0.0,0.0,,
2024-01-29,607.3099975585938,619.969970703125,599.1699829101562,619.780029296875,619.780029296875,462500.0,3.1007775550158097,2.4099461913518403,2.703935611755952,2.523112729640166,2.2707671296339176,622.1200073242187,617.1350036621094,612.2276692708333,574.4133336385091,527.7435003662109,617.4042497822408,615.1819849270057,601.7198813312473,576.6815722522457,553.6063543725992,613.9658198640016,604.9596175691114,9.006202294890159,9.208479652744815,-1.0261780125335862,-1.0261780125335862,-1.0261780125335862,-1.0261780125335862,1.0261780125335862,-1.0261780125335862,-1.0261780125335862,-1.0261780125335862,1.0261780125335862,19.25,19.0304931640625,619.969970703125,568.625712890625,572.38701171875,576.148310546875,0.0,1.0080776550228525,-3.1007775550158097,1.0,3.1007775550158097,1.0036123698510104,1.0,3.1007775550158097,1.1111279077070886,1.0,-3.1007775550158097,0.0,0.0,0.0,0.0,0.0,0.0,0.0,,
2024-01-30,619.5599975585938,625.9299926757812,606.6799926757812,613.4199829101562,613.4199829101562,307200.0,-1.0261780125335862,2.3140835840078453,2.619594202716592,2.5320556079745677,2.250741659080263,616.40400390625,618.8360046386719,611.4286682128907,577.0276667277018,528.6459002685547,616.0761608248793,614.8616209239422,602.4747265944027,577.8861103066033,554.7907826604716,613.8818449480253,605.5863112980777,8.295533649947629,9.02589045218538,1.744320776162001,-1.744320776162001,-1.744320776162001,-1.744320776162001,1.744320776162001,-1.744320776162001,-1.744320776162001,-1.744320776162001,1.744320776162001,18.02996826171875,18.743991088867187,625.9299926757812,578.1028857421875,581.908984375,585.7150830078125,0.0,0.9960700400199858,1.0261780125335862,-1.0,-1.0261780125335862,1.001975306084501,1.0,-1.0261780125335862,1.124987222660312,1.0,-1.0261780125335862,0.0,0.0,0.0,0.0,0.0,0.0,0.0,,
2024-01-31,605.0,617.6699829101562,599.6400146484375,602.719970703125,602.719970703125,439200.0,-1.744320776162001,2.3290993376809515,2.593433443269128,2.37382011221933,2.2388058825321355,610.547998046875,620.6730041503906,610.4090006510417,579.2109995524089,529.6116998291016,611.6240974509612,612.6540481565208,602.4905487949654,578.7003352376368,555.7398754929994,612.1646335257329,605.3739897725256,6.790643753207291,8.578841112389762,-1.8930904456968145,1.8930904456968145,1.8930904456968145,1.8930904456968145,-1.8930904456968145,-1.8930904456968145,1.8930904456968145,1.8930904456968145,-1.8930904456968145,22.80999755859375,18.95499267578125,617.6699829101562,584.6932122802734,588.4420104980469,592.1908087158204,1.0,0.983687052544882,1.744320776162001,-1.0,1.744320776162001,0.9983188706437854,-1.0,-1.744320776162001,1.0603063582870753,1.0,-1.744320776162001,0.0,0.0,0.0,0.0,0.0,0.0,0.0,,
2024-02-01,607.0,617.1699829101562,594.3599853515625,614.1300048828125,614.1300048828125,429200.0,1.8930904456968145,2.3910093220848765,2.2254344628595057,2.1819513163046023,2.183277175353693,610.2380004882813,620.9960021972656,609.7356669108073,581.2309997558593,530.7442999267578,612.459399928245,612.9224039249375,603.2414814457943,579.8619637505933,556.8961156789363,612.466998349899,606.0225834843986,6.444414865500335,8.151955863011876,-3.538335579759938,3.538335579759938,3.538335579759938,3.538335579759938,-3.538335579759938,-3.538335579759938,3.538335579759938,3.538335579759938,-3.538335579759938,25.719970703125,19.5304931640625,617.1699829101562,575.9689990234375,579.7599975585938,583.55099609375,1.0,0.9826762142253422,-1.8930904456968145,-1.0,-1.8930904456968145,0.9992445960635024,-1.0,-1.8930904456968145,0.9993927206934339,-1.0,1.8930904456968145,0.0,0.0,1.0,0.00135906,0.00135906,0.996893406,0.996893406,,
2024-02-02,614.719970703125,637.5999755859375,611.8800048828125,635.8599853515625,635.8599853515625,481100.0,3.538335579759938,2.4070043320647616,2.257727829117385,2.261388696144718,2.220396598518681,617.1819946289063,621.4489990234375,609.7556660970052,583.6029993693033,532.2412997436523,620.2595950693509,617.0928732752329,605.345901052618,581.6979644588217,558.4597566625526,616.065919427078,608.2327614004848,7.833158026593196,8.08819629572814,-1.6277225898043084,1.6277225898043084,1.6277225898043084,1.6277225898043084,-1.6277225898043084,1.6277225898043084,1.6277225898043084,1.6277225898043084,-1.6277225898043084,20.54998779296875,19.890994262695312,637.5999755859375,574.2028979492187,578.1089965820313,582.0150952148438,1.0,0.9931337818529976,-3.538335579759938,-1.0,-3.538335579759938,1.005131677793183,1.0,-3.538335579759938,1.0184616107110707,1.0,-3.538335579759938,1.0,0.0,0.0,0.994044483,0.994044483,0.002675128,0.002675128,,
2024-02-05,641.0,652.8599853515625,632.3099975585938,646.2100219726562,646.2100219726562,516900.0,1.6277225898043084,2.1891941300693665,2.2933746917810467,2.273796044760771,2.22390793163706,622.4679931640625,622.2940002441406,610.9283325195313,586.1638331095378,533.9639999389649,628.9097373704527,622.3869003111281,607.982295950685,583.8131138855048,560.1973856785943,620.7034736648593,611.0458918132382,9.657581851621105,8.402073406906734,-2.047328431013728,-2.047328431013728,-2.047328431013728,-2.047328431013728,2.047328431013728,-2.047328431013728,-2.047328431013728,-2.047328431013728,-2.047328431013728,27.66998291015625,20.44249267578125,652.8599853515625,593.8397882080078,597.8179870605469,601.796185913086,0.0,1.0002795992245683,-1.6277225898043084,1.0,-1.6277225898043084,1.0104803572441257,1.0,1.6277225898043084,1.0224326341994685,1.0,1.6277225898043084,1.0,0.0,0.0,0.939582109,0.939582109,0.057616916,0.057616916,,
2024-02-06,650.6300048828125,650.6300048828125,622.9600219726562,632.97998046875,632.97998046875,556200.0,-2.047328431013728,2.441924913780256,2.3849606974286397,2.28088856715335,2.247184387483671,626.3799926757813,621.3919982910156,611.3033325195313,588.4978327433269,535.5901998901368,630.2664850698852,624.3129148852411,609.5950497905602,585.4251422980702,561.6386251793895,622.592167019304,612.6706391210539,9.921527898250131,8.705964305175414,1.9637260354705504,1.9637260354705504,1.9637260354705504,1.9637260354705504,-1.9637260354705504,1.9637260354705504,1.9637260354705504,1.9637260354705504,1.9637260354705504,25.69000244140625,20.57249145507813,650.6300048828125,607.8865014648437,611.975,616.0634985351562,1.0,1.0080271300539496,-2.047328431013728,1.0,-2.047328431013728,1.0095361957805062,1.0,-2.047328431013728,1.0149984041618498,1.0,-2.047328431013728,0.0,0.0,0.0,0.0,0.0,0.0,0.0,,
2024-02-07,641.469970703125,655.8800048828125,630.1900024414062,645.4099731445312,645.4099731445312,860500.0,1.9637260354705504,2.06574536028045,2.4082933876667667,2.308550490935925,2.228267656695408,634.9179931640625,622.7329956054688,612.2289978027344,591.2203323364258,537.2525994873047,635.3143144281006,628.1487436596574,611.9056900069455,587.3918580635279,563.2974637529567,626.1025987308775,615.0957749746448,11.006823756232734,9.166136195386878,14.201831083134104,14.201831083134104,14.201831083134104,14.201831083134104,-14.201831083134104,14.201831083134104,14.201831083134104,14.201831083134104,14.201831083134104,80.530029296875,23.815994262695312,655.8800048828125,605.3705236816406,609.4850219726562,613.5995202636718,1.0,1.0195669695432577,1.9637260354705504,1.0,1.9637260354705504,1.011407442649166,1.0,1.9637260354705504,1.0360292597701566,1.0,1.9637260354705504,0.0,0.0,0.0,0.0,0.0,0.0,0.0,,
2024-02-08,680.0,760.0,679.469970703125,737.0700073242188,737.0700073242188,1658500.0,14.201831083134104,6.134580982985732,4.843363235437621,3.82436105780113,2.796923260329112,659.5059936523437,634.8719970703125,615.5633321126302,595.095166015625,539.9809994506836,669.2328787268067,647.9526097804867,619.9808072532212,592.2993383671571,566.7385042197143,643.1745077452376,624.1309032968354,19.04360444840222,11.141629845989948,2.0676448753763097,2.0676448753763097,2.0676448753763097,2.0676448753763097,-2.0676448753763097,2.0676448753763097,2.0676448753763097,2.0676448753763097,2.0676448753763097,24.280029296875,24.10849609375,760.0,603.4848175048828,608.2480163574219,613.0112152099609,1.0,1.038801516991941,14.201831083134104,1.0,14.201831083134104,1.03284232307287,1.0,14.201831083134104,1.367345723082556,1.0,14.201831083134104,0.0,0.0,0.0,0.0,0.0,0.0,0.0,,
2024-02-09,747.0,761.5,737.219970703125,752.3099975585938,752.3099975585938,661900.0,2.0676448753763097,6.188690781213699,4.605540893531923,3.815971695878965,2.802622228422836,682.79599609375,649.9889953613281,619.4216654459635,599.1816660563151,542.8721994018555,696.9252516707357,666.9266802855971,628.5181743696969,597.5455894881878,570.4131872561278,659.9645831011386,633.6256510199286,26.338932081210032,14.181090293033964,-2.98281327035781,-2.98281327035781,-2.98281327035781,-2.98281327035781,2.98281327035781,-2.98281327035781,-2.98281327035781,-2.98281327035781,-2.98281327035781,30.23004150390625,24.91599731445313,761.5,706.96130859375,711.7830078125,716.60470703125,0.0,1.050473163340534,2.0676448753763097,1.0,2.0676448753763097,1.0449803138364362,1.0,2.0676448753763097,1.3615719083290034,1.0,2.0676448753763097,1.0,0.0,0.0,0.976775527,0.976775527,0.02189314,0.02189314,,
2024-02-12,752.3900146484375,758.27001953125,728.0399780273438,729.8699951171875,729.8699951171875,645400.0,-2.98281327035781,6.856528820750566,4.889500145224625,3.881565744274916,2.767220560173418,699.5279907226562,660.9979919433594,622.6766662597656,602.4216664632162,545.5930993652344,707.9068328195531,678.3709193458861,635.0570015146964,601.884094590778,573.5707478078319,670.7192618728384,640.7548616937996,29.96440017903876,17.337752270234922,-2.431939950778504,-2.431939950778504,-2.431939950778504,-2.431939950778504,2.431939950778504,-2.431939950778504,-2.431939950778504,-2.431939950778504,-2.431939950778504,34.260009765625,25.282498168945317,758.27001953125,706.6848059082031,711.6680053710937,716.6512048339844,0.0,1.0582906442211983,-2.98281327035781,1.0,-2.98281327035781,1.0435394746905524,1.0,-2.98281327035781,1.4026947472635372,1.0,-2.98281327035781,1.0,0.0,0.0,0.90190953,0.90190953,0.094880238,0.094880238,,
2024-02-13,703.0,724.3599853515625,690.0999755859375,712.1199951171875,712.1199951171875,759500.0,-2.431939950778504,6.924094932345589,4.9971815950317655,3.9397436073870016,2.7843729092893663,715.3559936523437,670.8679931640625,625.387998453776,605.163666788737,548.1856994628906,709.3112202520979,684.5071149406681,640.0288075535668,605.498386411316,576.3142972595023,677.0886054488922,646.0411678733099,31.047437575582308,20.0796893313044,4.642475676189004,4.642475676189004,4.642475676189004,4.642475676189004,-4.642475676189004,4.642475676189004,4.642475676189004,4.642475676189004,4.642475676189004,27.6199951171875,25.914495849609374,724.3599853515625,702.6485235595703,707.7050231933594,712.7615228271484,1.0,1.0663140900171126,-2.431939950778504,1.0,-2.431939950778504,1.036236446298414,1.0,-2.431939950778504,1.4149482615072964,1.0,-2.431939950778504,0.0,0.0,0.0,0.0,0.0,0.0,0.0,,
2024-02-14,724.2000122070312,746.25,718.6300048828125,745.1799926757812,745.1799926757812,602700.0,4.642475676189004,6.969551941206427,4.9287105393924575,3.956018549717761,2.8170800406150875,735.3099975585938,685.1139953613281,630.0939982096354,608.6336669921875,551.2336993408203,721.2674777266591,695.5385472561431,646.8127549808065,610.0781112068722,579.6581724162603,687.5642034837982,653.3847845253448,34.179418958453425,22.899635256734207,-1.4573640540947197,-1.4573640540947197,-1.4573640540947197,-1.4573640540947197,1.4573640540947197,-1.4573640540947197,-1.4573640540947197,-1.4573640540947197,-1.4573640540947197,25.989990234375,26.389996337890626,746.25,667.3480944824219,672.5309936523438,677.7138928222656,0.0,1.073266642539965,4.642475676189004,1.0,4.642475676189004,1.036991379661149,1.0,4.642475676189004,1.4042975324385867,1.0,4.642475676189004,0.0,0.0,0.0,0.0,0.0,0.0,0.0,,
2024-02-15,748.6099853515625,749.989990234375,724.0,734.3200073242188,734.3200073242188,600100.0,-1.4573640540947197,3.2694764130959637,5.067390671089177,3.9239964787268176,2.8293982258818637,734.7599975585938,697.1329956054688,635.2946655273438,611.8720001220703,554.0839993286132,725.6183209258456,702.589721813975,652.4583841642525,614.1516159976048,582.720783008497,694.7574040746322,659.3799862141503,35.37741786048184,25.39519177748374,-0.5202101653390101,-0.5202101653390101,-0.5202101653390101,-0.5202101653390101,0.5202101653390101,-0.5202101653390101,-0.5202101653390101,-0.5202101653390101,-0.5202101653390101,27.30999755859375,26.73399658203125,749.989990234375,688.1920080566406,693.4700073242187,698.7480065917969,0.0,1.0539739220354152,-1.4573640540947197,1.0,-1.4573640540947197,1.0327767378270416,1.0,-1.4573640540947197,1.3868660985336523,1.0,-1.4573640540947197,0.0,0.0,0.0,0.0,0.0,0.0,0.0,,
2024-02-16,735.6599731445312,748.1799926757812,720.8699951171875,730.5,730.5,373000.0,-0.5202101653390101,3.0514864816633747,5.085178816446867,3.897208770221469,2.8255922958227577,730.397998046875,706.5969970703125,640.6093322753907,614.8603332519531,556.8574993896484,727.2455472838972,707.6643178477977,657.4933271213976,617.9663171124374,585.6471041370417,700.2562649862272,664.6481353834725,35.608129602754616,27.437779342537915,-2.4887053628721767,-2.4887053628721767,-2.4887053628721767,-2.4887053628721767,2.4887053628721767,-2.4887053628721767,-2.4887053628721767,-2.4887053628721767,-2.4887053628721767,21.54998779296875,26.67249755859375,748.1799926757812,691.1751977539062,696.5219970703125,701.8687963867187,0.0,1.0336839826311832,-0.5202101653390101,1.0,-0.5202101653390101,1.0276702229323238,1.0,-0.5202101653390101,1.379253750083813,1.0,-0.5202101653390101,0.0,0.0,0.0,0.0,0.0,0.0,0.0,,
2024-02-20,720.0,720.0,698.4500122070312,712.3200073242188,712.3200073242188,466700.0,-2.4887053628721767,2.9596207208058347,5.238562479838024,3.965189673294396,2.827536799106152,726.8880004882812,713.2079956054688,645.2203328450521,617.7641662597656,559.5352993774414,722.2703672973378,708.5108068435106,661.0305322957732,621.0598807259385,588.1554784575798,702.1122253459182,668.1793851568611,33.93284018905706,28.736791511841748,0.2246147194359594,0.2246147194359594,0.2246147194359594,0.2246147194359594,-0.2246147194359594,0.2246147194359594,0.2246147194359594,0.2246147194359594,0.2246147194359594,18.27996826171875,26.84849548339844,720.0,689.500498046875,694.8349975585937,700.1694970703124,1.0,1.0191809471670308,-2.4887053628721767,1.0,-2.4887053628721767,1.0194203960206725,1.0,-2.4887053628721767,1.4023476810444628,1.0,-2.4887053628721767,0.0,0.0,0.0,0.0,0.0,0.0,0.0,,
2024-02-21,696.5999755859375,714.0499877929688,695.77001953125,713.9199829101562,713.9199829101562,477400.0,0.2246147194359594,2.7458644039745166,5.135402408531692,3.966178651062561,2.824836669136893,727.247998046875,721.3019958496094,649.3273315429688,620.5616658528646,562.2626992797851,719.486905834944,709.4942934010826,664.4427549160561,624.104474240175,590.6458646843635,703.9288034327241,671.5675775830312,32.361225849692914,29.461678379411985,3.8351643795153656,3.8351643795153656,3.8351643795153656,3.8351643795153656,-3.8351643795153656,3.8351643795153656,3.8351643795153656,3.8351643795153656,3.8351643795153656,12.17999267578125,26.19549560546875,714.0499877929688,660.9333099365234,666.3030090332031,671.6727081298828,1.0,1.0082434295641478,0.2246147194359594,1.0,0.2246147194359594,1.0140841336241904,1.0,0.2246147194359594,1.4040382208272582,1.0,0.2246147194359594,0.0,0.0,0.0,0.0,0.0,0.0,0.0,,
2024-02-22,746.22998046875,750.0,737.8200073242188,741.2999877929688,741.2999877929688,660200.0,3.8351643795153656,2.414232385613253,5.195141458367665,3.994769078617102,2.8577353829760983,726.4719970703125,730.8909973144531,654.245664469401,623.7593322753906,565.1564990234375,726.7579331542856,715.27714692688,669.4012860694053,627.946950094365,593.6291146469101,709.6782164112233,676.7329413022858,32.945275108937494,30.158397725317087,2.7208934631453614,-2.7208934631453614,-2.7208934631453614,-2.7208934631453614,2.7208934631453614,-2.7208934631453614,-2.7208934631453614,-2.7208934631453614,-2.7208934631453614,28.75,26.1344970703125,750.0,656.4198974609375,661.6589965820312,666.898095703125,0.0,0.9939539544742272,3.8351643795153656,-1.0,3.8351643795153656,1.016050822085861,1.0,3.8351643795153656,1.3978792796612525,1.0,3.8351643795153656,0.0,0.0,0.0,0.0,0.0,0.0,0.0,,
2024-02-23,736.5599975585938,741.719970703125,712.969970703125,721.1300048828125,721.1300048828125,564300.0,-2.7208934631453614,2.6489937645681287,2.809784339803572,4.001193702344649,2.88548205982714,723.8339965820312,729.2969970703125,658.6436645507813,626.6694986979167,567.7477990722656,724.8819570637946,716.3413029188678,672.7386227670445,631.0021322185764,596.1538847505913,711.440030022237,680.0216126786211,31.418417343615943,30.410401648976865,-0.5214052584368642,0.5214052584368642,0.5214052584368642,0.5214052584368642,-0.5214052584368642,0.5214052584368642,0.5214052584368642,0.5214052584368642,0.5214052584368642,8.46002197265625,25.997998046875,741.719970703125,692.5041064453125,697.731005859375,702.9579052734375,1.0,0.9925092239372616,-2.7208934631453614,-1.0,2.7208934631453614,1.0119226046440801,1.0,-2.7208934631453614,1.3866638639175417,1.0,-2.7208934631453614,0.0,1.0,0.0,0.001646832,0.001646832,0.003331782,0.003331782,,
2024-02-26,729.4500122070312,732.0800170898438,723.6199951171875,724.8900146484375,724.8900146484375,302200.0,0.5214052584368642,2.671550846686047,2.7130356985977837,3.930105568385945,2.88208438397594,722.7119995117188,726.5549987792969,663.1923319498698,629.6936655680339,570.403299255371,724.8846429253423,717.8956141424259,676.1032286948763,634.080423445785,598.7031150455981,713.5092584262679,683.3451980097186,30.16406041654932,30.361133402491355,2.152055664425116,-2.152055664425116,-2.152055664425116,-2.152055664425116,2.152055664425116,-2.152055664425116,-2.152055664425116,-2.152055664425116,2.152055664425116,21.36004638671875,26.0260009765625,732.0800170898438,684.524375,689.723974609375,694.92357421875,0.0,0.9947106560769181,0.5214052584368642,-1.0,-0.5214052584368642,1.009735438753537,1.0,0.5214052584368642,1.363633067177659,1.0,0.5214052584368642,0.0,0.0,0.0,0.0,0.0,0.0,0.0,,
2024-02-27,725.5599975585938,728.52001953125,707.1599731445312,709.2899780273438,709.2899780273438,301900.0,-2.152055664425116,2.600402878303853,2.634630928134833,3.958434968365084,2.89851712849376,722.1059936523437,724.4969970703125,667.5433308919271,632.3074981689454,573.0068991088867,719.6864212926762,716.3309530305927,678.244309296971,636.5463104812459,600.8929539165238,712.860138364895,685.2670335665798,27.593104798315157,29.80752768165612,-0.1804662883345651,0.1804662883345651,0.1804662883345651,0.1804662883345651,-0.1804662883345651,0.1804662883345651,0.1804662883345651,0.1804662883345651,-0.1804662883345651,14.25,25.7760009765625,728.52001953125,674.8228149414062,680.0280151367188,685.2332153320312,1.0,0.9966997745640942,2.152055664425116,-1.0,2.152055664425116,1.0046842430134946,1.0,-2.152055664425116,1.3656758931840847,1.0,-2.152055664425116,0.0,0.0,0.0,0.0,0.0,0.0,0.0,,
2024-02-28,702.0,714.4400024414062,700.1900024414062,710.5700073242188,710.5700073242188,266600.0,0.1804662883345651,2.5992765641359905,2.521866948532221,3.939131845744191,2.8949417468269703,721.4359985351563,724.3419982910157,671.3486653645833,635.0049987792969,575.5408990478516,716.6476166365237,715.2835083567065,680.3298382019548,638.9733169351139,603.0647767562801,712.5078105124832,687.1413279189975,25.36648259348567,28.91931866402203,-1.332728739675617,1.332728739675617,1.332728739675617,1.332728739675617,-1.332728739675617,1.332728739675617,1.332728739675617,1.332728739675617,-1.332728739675617,26.45001220703125,26.19700317382813,714.4400024414062,671.8128173828125,676.968017578125,682.1232177734375,1.0,0.9959880833049641,-0.1804662883345651,-1.0,-0.1804662883345651,1.0019070875588214,1.0,0.1804662883345651,1.3606946841198844,1.0,0.1804662883345651,0.0,0.0,0.0,0.0,0.0,0.0,0.0,,
2024-02-29,706.3400268554688,722.5900268554688,696.1400146484375,720.0399780273438,720.0399780273438,859400.0,1.332728739675617,1.7680467619733835,2.0113405728682,3.894049700163089,2.890386511218525,717.1839965820312,721.8279968261719,675.8716654459636,637.6788319905598,578.2236987304688,717.778403766797,716.1483210240951,682.8917827068186,641.6312402496131,605.3811173755091,713.6666055147693,689.5782649640603,24.088340550709063,27.95312304135944,-3.292875770261169,3.292875770261169,3.292875770261169,3.292875770261169,-3.292875770261169,3.292875770261169,3.292875770261169,3.292875770261169,-3.292875770261169,35.39996337890625,26.82650146484375,722.5900268554688,656.8065954589844,662.04599609375,667.2853967285156,1.0,0.9935663339956887,-1.332728739675617,-1.0,-1.332728739675617,1.0022761803593576,1.0,1.332728739675617,1.3472418602318488,1.0,1.332728739675617,0.0,0.0,0.0,0.0,0.0,0.0,0.0,,
2024-03-01,726.9500122070312,751.989990234375,716.5900268554688,743.75,743.75,634200.0,3.292875770261169,1.97093333892347,2.2596662391439333,3.924139967237565,2.912629166653159,721.7079956054688,722.77099609375,680.2999979654948,640.7489990234375,580.9243988037109,726.4356025111981,721.1668081106233,686.8181193063788,644.9793963070028,608.1210952492614,718.2948200509586,693.5909860778336,24.70383397312503,27.30326522771256,1.0850430015756305,-1.0850430015756305,-1.0850430015756305,-1.0850430015756305,1.0850430015756305,-1.0850430015756305,-1.0850430015756305,-1.0850430015756305,1.0850430015756305,23.41998291015625,26.711502075195312,751.989990234375,663.5717236328124,668.9370239257812,674.30232421875,0.0,0.998529270690127,-3.292875770261169,-1.0,-3.292875770261169,1.0073059302526395,1.0,3.292875770261169,1.3472844439536775,1.0,3.292875770261169,0.0,0.0,1.0,0.001522415,0.001522415,0.995760858,0.995760858,,
2024-03-04,743.75,749.510009765625,726.0900268554688,735.6799926757812,735.6799926757812,802000.0,-1.0850430015756305,2.119439312698044,2.285210384040458,3.904816802860979,2.912497532920133,723.8659912109375,723.2889953613281,683.778330485026,643.7871653238932,583.520998840332,729.5170658993925,723.8055689406519,689.9704982334371,647.9531863518808,610.6470140101826,720.9694619932391,696.7086902702741,24.26077172296493,26.694766526763036,-2.4521501477469267,-2.4521501477469267,-2.4521501477469267,-2.4521501477469267,2.4521501477469267,-2.4521501477469267,-2.4521501477469267,-2.4521501477469267,2.4521501477469267,27.19000244140625,27.043502807617188,749.510009765625,693.2246856689453,698.5669860839844,703.9092864990234,0.0,1.0007977390134646,1.0850430015756305,1.0,1.0850430015756305,1.0078909270718928,1.0,-1.0850430015756305,1.3407107675541703,1.0,-1.0850430015756305,0.0,0.0,0.0,0.0,0.0,0.0,0.0,,
2024-03-05,722.3599853515625,734.3599853515625,707.1699829101562,717.6400146484375,717.6400146484375,480600.0,-2.4521501477469267,2.20907861889968,2.2806445086111045,3.965410538358515,2.9373147414548875,725.5359985351563,723.82099609375,686.4409973144532,646.5104990641277,585.7973989868165,725.5580488157409,722.6845590693401,691.7556283247275,650.2380003943908,612.765687290148,720.457239324808,698.2591587427306,22.19808058207741,25.79542933782591,1.9132127791781703,1.9132127791781703,1.9132127791781703,1.9132127791781703,-1.9132127791781703,1.9132127791781703,1.9132127791781703,1.9132127791781703,-1.9132127791781703,19.760009765625,26.648004150390623,734.3599853515625,690.0143035888672,695.4230041503906,700.8317047119141,1.0,1.0023693737134758,2.4521501477469267,1.0,-2.4521501477469267,1.0039761327543806,1.0,-2.4521501477469267,1.3500121326441168,1.0,-2.4521501477469267,0.0,0.0,0.0,0.0,0.0,0.0,0.0,,
2024-03-06,723.8200073242188,743.5800170898438,723.8200073242188,731.3699951171875,731.3699951171875,473600.0,1.9132127791781703,2.327444362245193,2.3524658272441106,3.925134592034029,2.930546561231301,729.69599609375,725.5659973144532,689.4199971516927,649.2249989827474,588.090698852539,727.4953642495565,724.2637292598579,694.3113939242411,652.8980657951382,615.1142874451389,722.136124831328,700.7118132889867,21.42431154234123,24.92120577872897,4.953714359439214,4.953714359439214,4.953714359439214,4.953714359439214,-4.953714359439214,4.953714359439214,4.953714359439214,4.953714359439214,-4.953714359439214,33.719970703125,27.04950256347656,743.5800170898438,675.7343762207031,681.0639770507812,686.3935778808593,1.0,1.0056921062929949,-1.9132127791781703,1.0,1.9132127791781703,1.0044619588958308,1.0,1.9132127791781703,1.3393865308131603,1.0,1.9132127791781703,0.0,0.0,0.0,0.0,0.0,0.0,0.0,,
2024-03-07,743.280029296875,777.0,743.280029296875,767.5999755859375,767.5999755859375,770300.0,4.953714359439214,3.0602804850449687,2.558562916149601,4.027624522627783,2.985828332499168,739.2079956054688,728.19599609375,693.9399963378906,652.4228322347005,590.8362985229492,740.8635680283502,732.1430467736905,699.0396895153183,656.6587841489348,618.1338060221844,729.1305634089601,705.6664919776498,23.464071431310344,24.629778909245253,-4.610468308869707,-4.610468308869707,-4.610468308869707,-4.610468308869707,4.610468308869707,-4.610468308869707,-4.610468308869707,-4.610468308869707,4.610468308869707,46.48004150390625,25.347003173828124,777.0,684.0711114501953,689.4810119628906,694.890912475586,0.0,1.0151223016478947,-4.953714359439214,1.0,4.953714359439214,1.0119109527749914,1.0,4.953714359439214,1.348913626007635,1.0,4.953714359439214,0.0,0.0,0.0,0.0,0.0,0.0,0.0,,
2024-03-08,770.4199829101562,778.1500244140625,731.6699829101562,732.2100219726562,732.2100219726562,537700.0,-4.610468308869707,3.752278964286669,2.8643873514211733,2.768153914471923,3.0414622552062096,736.9,729.3039978027343,697.8243306477865,654.752998860677,593.4008987426757,737.9790526764523,732.1552240825933,701.1797109641789,659.1358739136471,620.3927409915008,729.6043262649134,707.6326793846873,21.971646880226103,24.098152503441423,-1.780915129701266,-1.780915129701266,-1.780915129701266,-1.780915129701266,1.780915129701266,-1.780915129701266,-1.780915129701266,-1.780915129701266,1.780915129701266,15.969970703125,24.931500244140626,778.1500244140625,721.2365930175781,726.3059936523438,731.3753942871094,0.0,1.010415412804744,4.610468308869707,1.0,-4.610468308869707,1.0079543632310435,1.0,-4.610468308869707,0.9101391640595071,-1.0,-4.610468308869707,1.0,0.0,0.0,0.986128807,0.986128807,0.012722186,0.012722186,,
2024-03-11,720.9099731445312,727.969970703125,712.0,719.1699829101562,719.1699829101562,494900.0,-1.780915129701266,3.803268053822026,2.926594461987204,2.7507979064521453,3.054313798331645,733.597998046875,728.7319946289062,701.7586629231771,656.8088317871094,595.7613986206055,731.7093627543536,729.7942711421503,702.340373670371,661.1042053561555,622.348725979989,727.9990426718739,708.487294460648,19.51174821122595,23.180871644998334,2.416675514248171,2.416675514248171,2.416675514248171,2.416675514248171,-2.416675514248171,2.416675514248171,2.416675514248171,2.416675514248171,-2.416675514248171,22.98004150390625,24.569000244140625,727.969970703125,723.3007238769532,728.2870239257812,733.2733239746094,1.0,1.006677356632937,1.780915129701266,1.0,-1.780915129701266,1.0026241527070447,1.0,-1.780915129701266,0.9006271418328763,-1.0,1.780915129701266,0.0,0.0,1.0,0.070622988,0.070622988,0.924207985,0.924207985,,
2024-03-12,727.1799926757812,739.1400146484375,716.1599731445312,736.5499877929688,736.5499877929688,417400.0,2.416675514248171,3.768125527502879,2.9169755479448267,2.727062306569896,3.057007584255836,737.3799926757813,731.4579956054688,705.6509948730469,658.9393320719402,598.3612985229493,733.3229044338921,731.0225832604809,704.5474455492484,663.5778375671986,624.6101371049984,729.3145726905038,710.5660124852643,18.748560205239528,22.294409357046572,-3.8517406268916816,-3.8517406268916816,-3.8517406268916816,-3.8517406268916816,3.8517406268916816,-3.8517406268916816,-3.8517406268916816,-3.8517406268916816,3.8517406268916816,32.3399658203125,24.472998046875,739.1400146484375,673.9181701660157,678.8319702148438,683.7457702636718,0.0,1.0080961546744875,-2.416675514248171,1.0,2.416675514248171,1.00314671697713,1.0,2.416675514248171,0.8920691988514452,-1.0,-2.416675514248171,0.0,0.0,0.0,0.0,0.0,0.0,0.0,,
2024-03-13,723.4299926757812,737.9199829101562,705.5800170898438,708.1799926757812,708.1799926757812,537300.0,-3.8517406268916816,4.122895485332507,3.2164830059839904,2.813037197874628,3.050464398575842,732.7419921875,731.218994140625,708.8096618652344,660.1191650390625,600.832498474121,724.9419338478551,726.8693849723537,704.7818034283797,665.0402033084636,626.2649857301625,726.063098842085,710.3892702771544,15.673828564930544,20.97029319862337,-2.143521821115744,-2.143521821115744,-2.143521821115744,-2.143521821115744,2.143521821115744,2.143521821115744,-2.143521821115744,-2.143521821115744,2.143521821115744,32.29998779296875,24.706997680664063,737.9199829101562,685.2994189453125,690.1940185546875,695.0886181640625,0.0,1.0020828206858399,3.8517406268916816,1.0,-3.8517406268916816,0.9973482840736622,-1.0,-3.8517406268916816,0.92216686717863,-1.0,3.8517406268916816,0.0,0.0,0.0,0.0,0.0,0.0,0.0,,
2024-03-14,708.5,718.2000122070312,685.9000244140625,693.0,693.0,517300.0,-2.143521821115744,2.7303354682564285,3.245707681928567,2.628002130272052,3.063794924546748,717.8219970703125,728.5149963378906,711.8189961751302,661.1139984130859,603.4249984741211,714.2946225652368,720.7113149773803,704.0216870781618,665.9569179540877,627.5864711612484,720.976468250995,709.1011761825505,11.875292068444535,19.151292972587605,0.867245276424964,-0.867245276424964,-0.867245276424964,-0.867245276424964,0.867245276424964,0.867245276424964,-0.867245276424964,-0.867245276424964,0.867245276424964,17.22003173828125,24.268499755859374,718.2000122070312,683.5645880126953,688.5059875488281,693.447387084961,0.0,0.9853221974546443,2.143521821115744,-1.0,-2.143521821115744,0.9910967230862124,-1.0,2.143521821115744,0.857760455576456,-1.0,2.143521821115744,0.0,0.0,0.0,0.0,0.0,0.0,0.0,,
2024-03-15,686.0700073242188,699.27001953125,682.0499877929688,686.989990234375,686.989990234375,960500.0,-0.867245276424964,2.315178652790106,2.9852396695214574,2.617967469937136,3.0668624251796053,708.7779907226562,722.8389953613281,714.2476623535156,661.9916646321615,606.0944982910156,705.1930784549495,714.5801650241066,702.9228679269497,666.6465268813101,628.762778469627,715.7477793253612,707.4633105567597,8.284468768601528,16.97792813179039,1.8471888414381263,-1.8471888414381263,-1.8471888414381263,-1.8471888414381263,1.8471888414381263,1.8471888414381263,-1.8471888414381263,-1.8471888414381263,1.8471888414381263,33.1400146484375,24.56000061035156,699.27001953125,664.8093127441406,669.6630126953125,674.5167126464844,0.0,0.9805475289394935,0.867245276424964,-1.0,0.867245276424964,0.986863494078596,-1.0,0.867245276424964,0.8536305536378338,-1.0,0.867245276424964,0.0,0.0,0.0,0.0,0.0,0.0,0.0,,
2024-03-18,699.989990234375,705.0,671.8599853515625,674.2999877929688,674.2999877929688,624400.0,-1.8471888414381263,2.31919761931775,3.004390221917552,2.640557152938167,3.077987921361147,699.8039916992187,716.7009948730469,715.5289957682292,662.6423309326171,608.7025982666015,694.8953815676226,707.2564964366269,701.076230498951,666.8974600259547,629.664505386921,709.3711960126855,705.0067681298121,4.364427882873315,14.455228082006975,3.5622065743635503,-3.5622065743635503,-3.5622065743635503,-3.5622065743635503,3.5622065743635503,3.5622065743635503,-3.5622065743635503,-3.5622065743635503,3.5622065743635503,28.55999755859375,24.91050109863281,705.0,645.2380181884765,650.1500183105469,655.0620184326172,0.0,0.9764239155593454,1.8471888414381263,-1.0,1.8471888414381263,0.9825224442175033,-1.0,1.8471888414381263,0.8578841829146816,-1.0,1.8471888414381263,0.0,0.0,1.0,0.00293076,0.00293076,0.902546585,0.902546585,,
2024-03-19,663.0,669.1699829101562,640.6099853515625,650.280029296875,650.280029296875,955600.0,-3.5622065743635503,1.2413910525740643,3.09038558586736,2.6962894971721005,3.072662284213974,682.55,709.9649963378906,715.6646626790365,663.2964975992838,611.0253985595704,680.0235974773734,696.8971387748538,697.7990562278494,666.3526262315586,630.0727335831576,700.2802472871762,700.9529356236687,-0.6726883364925698,11.429644798307068,-2.572734778098528,-2.572734778098528,2.572734778098528,2.572734778098528,-2.572734778098528,-2.572734778098528,-2.572734778098528,2.572734778098528,-2.572734778098528,22.300048828125,25.111505126953126,669.1699829101562,650.1968975830079,655.1789978027343,660.1610980224609,1.0,0.9613854253670231,3.5622065743635503,-1.0,3.5622065743635503,0.9757876157632902,-1.0,3.5622065743635503,0.8775092241749066,-1.0,3.5622065743635503,0.0,0.0,0.0,0.0,0.0,0.0,0.0,,
2024-03-20,653.9199829101562,668.780029296875,646.47998046875,667.010009765625,667.010009765625,581400.0,2.572734778098528,2.303730912894942,3.16415081421307,2.775792135745144,3.08174142114295,674.3160034179688,703.5289978027344,716.7989969889323,664.0511647542318,613.6981985473633,675.6857349067907,691.4631153186303,695.8126661335125,666.3741797900526,630.8041647946916,695.1617492069375,698.4386448193693,-3.2768956124317583,8.488336716159303,-1.233861613507399,-1.233861613507399,1.233861613507399,1.233861613507399,-1.233861613507399,-1.233861613507399,-1.233861613507399,1.233861613507399,-1.233861613507399,19.89996337890625,25.497503662109374,668.780029296875,613.9246716308594,618.94697265625,623.9692736816406,1.0,0.9584764885654979,-2.572734778098528,-1.0,-2.572734778098528,0.9771826145714666,-1.0,-2.572734778098528,0.90072194788999,-1.0,-2.572734778098528,0.0,0.0,0.0,0.0,0.0,0.0,0.0,,
2024-03-21,683.5,689.0399780273438,669.1400146484375,675.239990234375,675.239990234375,635200.0,1.233861613507399,2.437964910236242,2.565118749669623,2.6287485664383463,3.082883027531525,670.7640014648438,694.2929992675781,717.7933308919271,665.0111643473307,616.409998474121,675.5371533493188,688.513456212402,694.4853967206649,666.6648620997025,631.6840821301308,692.0968632111587,696.7202259612216,-4.6233627500628245,5.865996822914879,0.433918713073296,0.433918713073296,-0.433918713073296,-0.433918713073296,0.433918713073296,0.433918713073296,0.433918713073296,-0.433918713073296,0.433918713073296,16.33001708984375,24.876504516601564,689.0399780273438,612.6855212402344,617.7850219726563,622.8845227050781,0.0,0.9661108525830514,-1.233861613507399,-1.0,-1.233861613507399,0.9811531601220004,-1.0,-1.233861613507399,0.8526916340848633,-1.0,-1.233861613507399,0.0,0.0,0.0,0.0,0.0,0.0,0.0,,
2024-03-22,667.969970703125,679.3900146484375,663.0599975585938,672.3099975585938,672.3099975585938,490300.0,-0.433918713073296,2.429065799612636,2.280284734165435,2.5731316374555475,3.059419155508369,667.8280029296875,688.3029968261719,715.6346638997396,665.5989980061848,619.0737985229492,674.4614347524105,685.5673728208005,693.0547258069829,666.8499485081908,632.4885557029717,689.052730033841,694.9120608943603,-5.859330860519208,3.520931286228061,0.4372986348682135,0.4372986348682135,-0.4372986348682135,-0.4372986348682135,0.4372986348682135,0.4372986348682135,0.4372986348682135,-0.4372986348682135,0.4372986348682135,12.92999267578125,25.100003051757813,679.3900146484375,634.3116680908203,639.2869689941406,644.2622698974609,0.0,0.9702529351304636,0.433918713073296,-1.0,0.433918713073296,0.9838003695790041,-1.0,0.433918713073296,0.841052339239859,-1.0,0.433918713073296,0.0,0.0,0.0,0.0,0.0,0.0,0.0,,
2024-03-25,662.9500122070312,672.1400146484375,659.2100219726562,669.3699951171875,669.3699951171875,299400.0,-0.4372986348682135,2.29845749325107,2.257257743481868,2.5655814537621984,3.0601965871641035,666.8420043945313,683.322998046875,712.8699971516927,666.1458312988282,621.7274984741211,672.7642882073362,682.6223950565072,691.5266786657058,666.9325729871742,633.2188812359265,686.0246169697405,693.0200560219771,-6.995439052236634,1.4176572185351222,0.4302560473013574,0.4302560473013574,-0.4302560473013574,-0.4302560473013574,0.4302560473013574,0.4302560473013574,0.4302560473013574,-0.4302560473013574,0.4302560473013574,12.60003662109375,24.66200256347656,672.1400146484375,624.1700079345703,629.1900085449219,634.2100091552734,0.0,0.9758811079102402,0.4372986348682135,-1.0,0.4372986348682135,0.9855584772480912,-1.0,0.4372986348682135,0.8383714512078889,-1.0,0.4372986348682135,0.0,0.0,0.0,0.0,0.0,0.0,0.0,,
2024-03-26,677.5,678.2000122070312,665.5999755859375,666.489990234375,666.489990234375,375500.0,-0.4302560473013574,1.3648155815160097,1.9846954261718392,2.531165203222091,3.059239980462582,670.0839965820312,676.3169982910156,710.7573303222656,666.7169982910157,623.9749984741211,670.6728555496825,679.6892305433923,689.9114084443297,666.9180620772463,633.8777150774798,683.0192897796843,691.0548659636362,-8.035576183951889,-0.4729894619622801,-0.9977680852677144,-0.9977680852677144,0.9977680852677144,0.9977680852677144,-0.9977680852677144,-0.9977680852677144,-0.9977680852677144,0.9977680852677144,-0.9977680852677144,19.21002197265625,24.91000366210937,678.2000122070312,617.8836090087891,622.8160095214844,627.7484100341796,1.0,0.9907839049961268,0.4302560473013574,-1.0,0.4302560473013574,0.9867345625198423,-1.0,0.4302560473013574,0.8273836702537334,-1.0,0.4302560473013574,0.0,0.0,0.0,0.0,0.0,0.0,0.0,,
2024-03-27,670.2100219726562,676.6199951171875,657.4099731445312,673.1400146484375,673.1400146484375,503100.0,0.9977680852677144,0.8528706372184918,1.786735767062265,2.545552115639147,3.0608839207545127,671.3099975585938,672.8130004882812,709.457997639974,667.422998046875,626.1407986450196,671.4952419159342,678.4984640170369,688.8293830381431,667.1220605222034,634.6551863561126,681.4994012979539,689.727839940288,-8.22843864233414,-2.024079298036652,-0.6358213994980019,-0.6358213994980019,0.6358213994980019,0.6358213994980019,-0.6358213994980019,-0.6358213994980019,-0.6358213994980019,0.6358213994980019,-0.6358213994980019,12.030029296875,24.189004516601564,676.6199951171875,623.3980041503906,628.3800048828125,633.3620056152344,1.0,0.9977660911299325,-0.9977680852677144,-1.0,-0.9977680852677144,0.9896783523139607,-1.0,-0.9977680852677144,0.8316395464652787,-1.0,-0.9977680852677144,0.0,0.0,0.0,0.0,0.0,0.0,0.0,,
2024-03-28,674.969970703125,683.760009765625,671.72998046875,677.4199829101562,677.4199829101562,353400.0,0.6358213994980019,0.6968474719238396,1.7160124156468863,2.5276053681131168,3.0063777048153195,671.74599609375,671.2549987792969,707.1993306477865,668.6466644287109,628.1977984619141,673.4701555806749,678.3023765430585,688.0932927073052,667.4596973218083,635.502014010648,680.8717984690619,688.816146826945,-7.9443483578830865,-3.208133110005939,-1.3197134225359766,1.3197134225359766,-1.3197134225359766,-1.3197134225359766,1.3197134225359766,1.3197134225359766,1.3197134225359766,-1.3197134225359766,1.3197134225359766,23.19000244140625,23.57850646972656,683.760009765625,623.4041851806641,628.2419860839843,633.0797869873047,0.0,1.0007314616879517,-0.6358213994980019,1.0,-0.6358213994980019,0.9928760076191819,-1.0,-0.6358213994980019,0.8407477756586099,-1.0,-0.6358213994980019,0.0,0.0,0.0,0.0,0.0,0.0,0.0,,
2024-04-01,677.4199829101562,688.1599731445312,664.969970703125,668.47998046875,668.47998046875,435500.0,-1.3197134225359766,0.9295821482151692,1.7409408381952969,2.3917804904198507,2.955538927067475,670.9799926757812,669.4039978027344,705.0046630859375,670.1496643066406,629.9532983398437,671.8067638767,676.5164863477297,686.8279177241726,667.4931492282655,636.1550430494223,678.9653649305524,687.3097641337454,-8.344399203193007,-4.235386328643353,-2.918563058828514,2.918563058828514,-2.918563058828514,-2.918563058828514,2.918563058828514,2.918563058828514,2.918563058828514,-2.918563058828514,2.918563058828514,13.6500244140625,23.09000854492188,688.1599731445312,631.8872955322265,636.6029968261719,641.3186981201172,0.0,1.0023543254570035,1.3197134225359766,1.0,-1.3197134225359766,0.9930382739133885,-1.0,1.3197134225359766,0.8092535911184926,-1.0,1.3197134225359766,0.0,0.0,0.0,0.0,0.0,0.0,0.0,,
2024-04-02,658.1199951171875,658.3900146484375,644.739990234375,648.969970703125,648.969970703125,564000.0,-2.918563058828514,1.5813292083176655,1.87717097090081,2.4496272585184378,2.977958874871414,666.8999877929688,666.87099609375,702.2869954427083,671.4481638590495,631.5075979614257,664.1944994855083,671.5080289578015,684.3854695292663,666.8858318995723,636.4088039930599,674.3506888955635,684.4697794351808,-10.119090539617332,-5.412127170838149,0.1340672437279478,-0.1340672437279478,0.1340672437279478,0.1340672437279478,-0.1340672437279478,-0.1340672437279478,-0.1340672437279478,0.1340672437279478,-0.1340672437279478,17.34002685546875,22.597509765625,658.3900146484375,637.3619543457031,641.9799560546875,646.5979577636718,1.0,1.0000434742242332,2.918563058828514,1.0,-2.918563058828514,0.9891087981723109,-1.0,2.918563058828514,0.8225859931071784,-1.0,2.918563058828514,0.0,0.0,0.0,0.0,0.0,0.0,0.0,,
2024-04-03,643.9000244140625,661.0900268554688,643.75,649.8400268554688,649.8400268554688,443900.0,0.1340672437279478,1.6168368411194265,1.504930170401237,2.414528688750015,2.977805283697566,663.5699951171875,666.8269958496094,700.2043294270833,672.7123311360677,633.0803982543945,659.4096752754951,667.5683922119227,682.1567312922472,666.3269530456672,636.6747688022165,670.579817812472,681.9046125774245,-11.324794764952458,-6.59466068966101,1.031024856910115,1.031024856910115,-1.031024856910115,-1.031024856910115,1.031024856910115,1.031024856910115,1.031024856910115,-1.031024856910115,1.031024856910115,26.57000732421875,22.93800964355469,661.0900268554688,608.6754931640625,613.1949951171875,617.7144970703125,0.0,0.9951156735514703,-0.1340672437279478,-1.0,0.1340672437279478,0.9877784553139275,-1.0,-0.1340672437279478,0.8108416967250036,-1.0,-0.1340672437279478,0.0,0.0,0.0,0.0,0.0,0.0,0.0,,
2024-04-04,659.97998046875,666.97998046875,640.4099731445312,643.1400146484375,643.1400146484375,655600.0,-1.031024856910115,1.3870802121159036,1.2271711510501155,2.350663804044763,2.9614942241759583,657.5699951171875,664.4399963378906,697.8449971516927,673.5861643473307,634.5823983764649,653.986455066476,663.1268690185618,679.6395237668402,665.5667255572334,636.8027934724387,666.3583096333898,679.033160878981,-12.674851245591183,-7.810698800847046,-1.736788670545114,-1.736788670545114,1.736788670545114,1.736788670545114,-1.736788670545114,-1.736788670545114,-1.736788670545114,1.736788670545114,-1.736788670545114,15.4000244140625,22.022012329101564,666.97998046875,610.6264056396484,615.2140075683594,619.8016094970703,1.0,0.989660464062116,1.031024856910115,-1.0,1.031024856910115,0.986216191231078,-1.0,1.031024856910115,0.7937424914947588,-1.0,1.031024856910115,0.0,0.0,0.0,0.0,0.0,0.0,0.0,,
2024-04-05,643.6599731445312,659.0599975585938,643.6599731445312,654.3099975585938,654.3099975585938,406800.0,1.736788670545114,1.735453021082526,1.3072993056366833,2.0390024639392683,2.9680063453969137,652.947998046875,662.3469970703125,694.9453308105469,674.5954976399739,636.3048983764648,654.0943025638486,661.5238014803857,678.005360785663,665.1976525080977,637.1494707810755,664.5047231603443,677.2018154478412,-12.697092287496956,-8.787977498177028,-4.128014223595329,-4.128014223595329,4.128014223595329,4.128014223595329,-4.128014223595329,-4.128014223595329,-4.128014223595329,4.128014223595329,-4.128014223595329,22.1199951171875,20.804010009765623,659.0599975585938,618.5315533447266,622.9359558105468,627.3403582763672,1.0,0.985809554410285,-1.736788670545114,-1.0,-1.736788670545114,0.9887691132202484,-1.0,-1.736788670545114,0.6869939705828327,-1.0,-1.736788670545114,0.0,0.0,0.0,0.0,0.0,0.0,0.0,,
2024-04-08,668.760009765625,690.8800048828125,668.760009765625,681.3200073242188,681.3200073242188,574600.0,4.128014223595329,2.6840278221787117,1.9134045804555253,2.108994660605568,3.007870099240973,655.5160034179687,663.247998046875,693.618330891927,676.1309977213542,638.0722985839843,663.169537483972,665.1231116338098,678.2192089494409,665.7262543053475,638.0241348710387,667.0916899547865,677.5068666979432,-10.415176743156737,-9.11341734717297,-0.1218248518935348,-0.1218248518935348,0.1218248518935348,0.1218248518935348,-0.1218248518935348,-0.1218248518935348,-0.1218248518935348,0.1218248518935348,-0.1218248518935348,28.3499755859375,21.42301025390625,690.8800048828125,613.2911755371093,617.4519775390625,621.6127795410156,1.0,0.98834222696235,-4.128014223595329,-1.0,-4.128014223595329,0.9970628382690853,-1.0,-4.128014223595329,0.7011588236931398,-1.0,-4.128014223595329,1.0,0.0,0.0,0.965586364,0.965586364,0.028050624,0.028050624,,
