Date_MSI_L01d,Open_MSI_L01d,High_MSI_L01d,Low_MSI_L01d,Close_MSI_L01d,Adj Close_MSI_L01d,Volume_MSI_L01d,Daily_Return_MSI_L01d,Vol5_MSI_L01d,Vol10_MSI_L01d,Vol20_MSI_L01d,Vol60_MSI_L01d,SMA5_MSI_L01d,SMA10_MSI_L01d,SMA30_MSI_L01d,SMA60_MSI_L01d,SMA100_MSI_L01d,EMA5_MSI_L01d,EMA10_MSI_L01d,EMA30_MSI_L01d,EMA60_MSI_L01d,EMA100_MSI_L01d,Short12_MSI_L01d,Long26_MSI_L01d,MACD_MSI_L01d,SIGNAL9_MSI_L01d,Ret5/10_MSI_L01d,Ret10/30_MSI_L01d,Ret30/60_MSI_L01d,Ret30/100_MSI_L01d,Emaret5/10_MSI_L01d,Emaret10/30_MSI_L01d,Emaret30/60_MSI_L01d,Emaret30/100_MSI_L01d,RetMACD_MSI_L01d,DayRange_MSI_L01d,average20r_MSI_L01d,PRVHI_MSI_L01d,HitLevel_MSI_L01d,hitlevel_2_MSI_L01d,hitlevel_1.8_MSI_L01d,positive_return_dummy,sma_ratio_L01d,RetMACD_L01d,R_sma_ratio_L01d,ret_sma_ratio_L01d,ema_ratio_L01d,R_ema_ratio_L01d,ret_ema_ratio_L01d,volatility_ratio_L01d,R_vol_ratio_L01d,ret_vol_ratio_L01d,negative_L01d,neutral_L01d,positive_L01d,negative_max_L01d,negative_avg_L01d,positive_max_L01d,positive_avg_L01d,ret_best,best
2024-01-03,312.9599914550781,314.239990234375,310.5299987792969,312.0,312.0,720200.0,0.1155131994100953,0.3962558976392811,0.5298187679840591,1.037995100944627,1.3339199486521844,311.6440063476563,311.09800415039064,317.9759999593099,305.3955006917318,295.04630096435545,311.77576347181264,312.5058309718937,312.970931295786,307.0466522662327,300.70445454504545,312.9322940848986,313.5012129580483,-0.5689188731496984,0.5681536398460073,-0.0801282051282051,0.0801282051282051,-0.0801282051282051,-0.0801282051282051,0.0801282051282051,0.0801282051282051,0.0801282051282051,-0.0801282051282051,0.0801282051282051,2.58001708984375,3.8910003662109376,314.239990234375,305.8362124633789,306.62201232910155,307.4078121948242,0.0,1.0777155955523217,-0.1155131994100953,1.0,0.1155131994100953,0.9976638275906387,-1.0,-0.1155131994100953,0.7781539679299609,-1.0,-0.1155131994100953,0.0,0.0,0.0,0.0,0.0,0.0,0.0,,1
2024-01-04,313.0899963378906,314.2900085449219,311.7099914550781,311.75,311.75,739200.0,-0.0801282051282051,0.4070045850532702,0.4950750988097926,1.0327871056250493,1.254049203301421,311.9100036621094,310.9760040283203,317.7200002034505,305.8195007324219,295.3042010498047,311.7671756478751,312.3684071588221,312.8921615347675,307.2008603886513,300.9231782174208,312.7504026872219,313.3714934796744,-0.6210907924524918,0.3303047533863075,-0.8307927306786287,0.8307927306786287,-0.8307927306786287,-0.8307927306786287,0.8307927306786287,0.8307927306786287,0.8307927306786287,-0.8307927306786287,0.8307927306786287,4.880004882812386,3.957000732421869,314.2900085449219,305.67978942871093,306.45798950195314,307.23618957519534,0.0,1.0759074848036627,0.0801282051282051,1.0,-0.0801282051282051,0.998075248657777,-1.0,0.0801282051282051,0.8235618689491009,-1.0,0.0801282051282051,0.0,0.0,0.0,0.0,0.0,0.0,0.0,-0.0801282051282051,1
2024-01-05,311.7099914550781,312.1900024414062,307.3099975585938,309.1600036621094,309.1600036621094,492800.0,-0.8307927306786287,0.5638980445027715,0.4218499778902491,1.0378847243420666,1.258170730898265,311.5280029296875,310.9530029296875,317.35900065104164,306.2213343302409,295.54540100097654,310.89811831928654,311.7850610685107,312.6513771558864,307.2650945943384,301.08628367177107,312.1980336064354,313.05953127096586,-0.861497664530475,0.091944269802951,1.196785368619982,-1.196785368619982,1.196785368619982,1.196785368619982,-1.196785368619982,-1.196785368619982,-1.196785368619982,1.196785368619982,-1.196785368619982,4.410003662109375,4.019000244140619,312.1900024414062,305.58460693359376,306.3760070800781,307.1674072265625,1.0,1.0738079482075684,0.8307927306786287,1.0,-0.8307927306786287,0.99715527502766,-1.0,0.8307927306786287,0.8249156484518391,-1.0,0.8307927306786287,0.0,0.0,0.0,0.0,0.0,0.0,0.0,-0.8307927306786287,1
2024-01-08,310.3599853515625,313.0199890136719,308.6099853515625,312.8599853515625,312.8599853515625,525400.0,1.196785368619982,0.767462233072189,0.5614173541702157,1.0799317971645894,1.2618296337048658,311.48200073242185,311.1840026855469,317.1370005289713,306.642333984375,295.861100769043,311.5520739967119,311.9805018472473,312.6648357491558,307.4485336355589,301.3194262792917,312.29987233645494,313.0447500917508,-0.7448777552958745,-0.0754201352168141,-0.2716792257668802,0.2716792257668802,-0.2716792257668802,-0.2716792257668802,0.2716792257668802,0.2716792257668802,0.2716792257668802,-0.2716792257668802,0.2716792257668802,3.410003662109432,4.058500671386722,313.0199890136719,303.34820190429684,304.15200195312497,304.9558020019531,0.0,1.071911784633482,-1.196785368619982,1.0,1.196785368619982,0.9986267479922666,-1.0,-1.196785368619982,0.8558459623378752,-1.0,-1.196785368619982,0.0,1.0,0.0,0.010483553,0.010483553,0.160997584,0.160997584,1.196785368619982,1
2024-01-09,311.7000122070312,312.8500061035156,309.4400024414062,312.010009765625,312.010009765625,629600.0,-0.2716792257668802,0.7437608612269421,0.5643568421847608,1.0731944473618802,1.2629314939915477,311.5559997558594,311.40000305175784,316.8426676432292,307.03783416748047,296.1648007202148,311.70471925301626,311.985866923316,312.6225889115087,307.59809022998724,301.53112100179334,312.2552780947888,312.96810266018593,-0.7128245653971135,-0.202901021252874,0.971122298791934,-0.971122298791934,0.971122298791934,0.971122298791934,-0.971122298791934,-0.971122298791934,-0.971122298791934,0.971122298791934,-0.971122298791934,3.100006103515625,4.072500610351568,312.8500061035156,304.0912875366211,304.9029876708984,305.7146878051758,1.0,1.0698187862728112,0.2716792257668802,1.0,-0.2716792257668802,0.9990988448512995,-1.0,0.2716792257668802,0.8497645774673054,-1.0,0.2716792257668802,0.0,0.0,0.0,0.0,0.0,0.0,0.0,-0.2716792257668802,1
2024-01-10,312.4599914550781,315.1199951171875,312.0199890136719,315.0400085449219,315.0400085449219,418700.0,0.971122298791934,0.8590189540779045,0.6316819414042837,1.0913022943239938,1.2672186986606968,312.1640014648437,311.90400390625,316.6550008138021,307.48600107828776,296.5406008911133,312.8164823503181,312.5411653999716,312.7785514685031,307.8420875517884,301.79862372541965,312.68369816404004,313.1215771701664,-0.4378790061263657,-0.2498966182275723,-0.2412423009811559,0.2412423009811559,-0.2412423009811559,-0.2412423009811559,0.2412423009811559,-0.2412423009811559,0.2412423009811559,-0.2412423009811559,0.2412423009811559,3.29998779296875,4.082501220703131,315.1199951171875,303.89050476074215,304.7050048828125,305.51950500488283,0.0,1.06783017186262,-0.971122298791934,1.0,0.971122298791934,1.000880898201023,1.0,-0.971122298791934,0.8611791283362326,-1.0,-0.971122298791934,0.0,0.0,0.0,0.0,0.0,0.0,0.0,0.971122298791934,1
2024-01-11,315.4700012207031,316.0299987792969,312.7300109863281,314.2799987792969,314.2799987792969,624900.0,-0.2412423009811559,0.8748912494112625,0.6446194283286646,1.068027947243228,1.2497605854089224,312.6700012207031,312.2900024414063,316.5156677246094,307.8353342692057,296.90660095214844,313.30432115997775,312.85731692348526,312.8754190369414,308.053166608428,302.0457796670806,312.92928287407955,313.20738617825015,-0.2781033041705996,-0.2555379554161778,0.645920449020524,-0.645920449020524,0.645920449020524,0.645920449020524,-0.645920449020524,0.645920449020524,-0.645920449020524,0.645920449020524,-0.645920449020524,2.66998291015625,3.986000061035159,316.0299987792969,306.1384924316406,306.9549926757812,307.77149291992185,1.0,1.0660445632046467,0.2412423009811559,1.0,-0.2412423009811559,1.0014287798696484,1.0,-0.2412423009811559,0.8545860380880619,-1.0,0.2412423009811559,0.0,0.0,0.0,0.0,0.0,0.0,0.0,-0.2412423009811559,1
2024-01-12,315.2900085449219,316.3399963378906,313.6700134277344,316.3099975585938,316.3099975585938,692300.0,0.645920449020524,0.6829641620945464,0.6653764757532847,1.080801660352802,1.2396379675896585,314.1,312.8140014648437,316.42466735839844,308.27633412679035,297.2981008911133,314.30621329284975,313.4850770389595,313.0970047480158,308.3238823772859,302.3282394273086,313.44939282554327,313.4372092434608,0.0121835820824571,-0.2019936479164508,-0.2086572246225545,0.2086572246225545,-0.2086572246225545,-0.2086572246225545,0.2086572246225545,-0.2086572246225545,-0.2086572246225545,-0.2086572246225545,-0.2086572246225545,3.07000732421875,3.571000671386721,316.3399963378906,307.2607986450195,308.05799865722656,308.8551986694336,0.0,1.0643346405845033,-0.645920449020524,1.0,0.645920449020524,1.002619379083835,1.0,0.645920449020524,0.8718687944467395,-1.0,-0.645920449020524,0.0,0.0,0.0,0.0,0.0,0.0,0.0,0.645920449020524,1
2024-01-16,315.6400146484375,317.1499938964844,314.0799865722656,315.6499938964844,315.6499938964844,499900.0,-0.2086572246225545,0.5864012872539245,0.6517568867651191,0.7670386555433826,1.2370159313061078,314.6580017089844,313.07000122070315,316.1840006510417,308.7335006713867,297.69570068359377,314.754140160728,313.8786982857822,313.2617137253364,308.5640827549645,302.5920365455101,313.7879468364573,313.6011192177589,0.1868276186984303,-0.1242293945934746,0.4371946489772671,-0.4371946489772671,0.4371946489772671,0.4371946489772671,-0.4371946489772671,0.4371946489772671,0.4371946489772671,0.4371946489772671,0.4371946489772671,2.149993896484375,3.33600158691406,317.1499938964844,308.48379486083985,309.1979949951172,309.91219512939455,1.0,1.0621046925602,-0.2086572246225545,1.0,-0.2086572246225545,1.0027891089128602,1.0,-0.2086572246225545,0.6200717679791738,-1.0,0.2086572246225545,0.0,0.0,1.0,0.010828813,0.010828813,0.717385709,0.717385709,-0.2086572246225545,-1
2024-01-17,315.7200012207031,317.8699951171875,315.7200012207031,317.0299987792969,317.0299987792969,446100.0,0.4371946489772671,0.5334760048384782,0.6296880727629869,0.6612059453623472,1.1987256303604454,315.6619995117188,313.60899963378904,315.9076670328776,309.3183339436849,298.0881005859375,315.51275970025097,314.4516620118758,313.50482889010806,308.8416537721557,302.8779367877633,314.2867240584326,313.85511029639133,0.4316137620412519,-0.0130607632665293,1.2427853693899535,-1.2427853693899535,1.2427853693899535,1.2427853693899535,-1.2427853693899535,1.2427853693899535,1.2427853693899535,1.2427853693899535,1.2427853693899535,4.240020751953068,3.3780029296874945,317.8699951171875,309.81079040527345,310.4779907226563,311.1451910400391,1.0,1.0597795296488286,0.4371946489772671,1.0,0.4371946489772671,1.00337443816193,1.0,0.4371946489772671,0.5515907298682926,-1.0,-0.4371946489772671,0.0,0.0,0.0,0.0,0.0,0.0,0.0,-0.4371946489772671,1
2024-01-18,317.1700134277344,321.0400085449219,316.7999877929688,320.9700012207031,320.9700012207031,724500.0,1.2427853693899535,0.6226410764601681,0.713498063060985,0.641840072826559,1.2046836610639775,316.847998046875,314.50599975585936,315.8180002848307,309.98033396403,298.5418005371094,317.33184020706835,315.6368145952989,313.9864529114368,309.23930450817363,303.2361954894057,315.3149205449357,314.38213925374777,0.9327812911879504,0.1761076476243666,1.6543594536557724,-1.6543594536557724,1.6543594536557724,1.6543594536557724,-1.6543594536557724,1.6543594536557724,1.6543594536557724,1.6543594536557724,1.6543594536557724,5.980010986328182,3.430003356933588,321.0400085449219,310.43838867187503,311.11398925781253,311.78958984375004,1.0,1.0578686124242553,1.2427853693899535,1.0,1.2427853693899535,1.005370177157385,1.0,1.2427853693899535,0.5327872316784684,-1.0,-1.2427853693899535,0.0,0.0,0.0,0.0,0.0,0.0,0.0,1.2427853693899535,-1
2024-01-19,323.0199890136719,328.0599975585938,322.0799865722656,326.2799987792969,326.2799987792969,736400.0,1.6543594536557724,0.7225499154529726,0.817773023701615,0.7057028301044738,1.2129769672248172,319.247998046875,315.95899963378906,315.8753336588542,310.7611673990885,299.01680053710936,320.3145597311445,317.5719389923894,314.77958490291167,309.79801579575144,303.6925084258392,317.00185565791435,315.2634621815662,1.7383934763481648,0.4885648133691262,-0.3953685637330364,-0.3953685637330364,-0.3953685637330364,-0.3953685637330364,0.3953685637330364,-0.3953685637330364,-0.3953685637330364,-0.3953685637330364,-0.3953685637330364,3.3699951171875,3.3540039062499973,328.0599975585938,313.494001159668,314.1800018310547,314.8660025024414,0.0,1.0563798859845421,1.6543594536557724,1.0,1.6543594536557724,1.0086362187649736,1.0,1.6543594536557724,0.5817940893956616,-1.0,-1.6543594536557724,1.0,0.0,0.0,0.876877844,0.876877844,0.066273347,0.066273347,-1.6543594536557724,-1
2024-01-22,327.4400024414062,328.1499938964844,324.7799987792969,324.989990234375,324.989990234375,797300.0,-0.3953685637330364,0.8918367863145595,0.7502363069026126,0.6475284158680822,1.214448471393209,320.98399658203124,317.5419982910156,315.95933329264324,311.4870005289713,299.457900390625,321.8730365655547,318.9206755818413,315.43832073074805,310.2961133183293,304.1142407388795,318.23079943890826,315.9839457410335,2.2468536978747693,0.8402225902702549,1.3785073759032542,1.3785073759032542,1.3785073759032542,1.3785073759032542,-1.3785073759032542,1.3785073759032542,1.3785073759032542,1.3785073759032542,1.3785073759032542,4.300018310546875,3.3760040283203123,328.1499938964844,320.68118896484384,321.3519897460938,322.02279052734383,1.0,1.0551043498284502,-0.3953685637330364,1.0,-0.3953685637330364,1.00925735209336,1.0,-0.3953685637330364,0.5331872295291713,-1.0,0.3953685637330364,0.0,0.0,1.0,0.002869988,0.002869988,0.993374527,0.993374527,0.3953685637330364,1
2024-01-23,325.8399963378906,329.5400085449219,325.239990234375,329.4700012207031,329.4700012207031,596000.0,1.3785073759032542,0.8368146415240827,0.7708234438577133,0.6950069112958001,1.2206948856157551,323.747998046875,319.2029998779297,316.1630004882812,312.303000386556,299.93230041503904,324.40535811727085,320.83873478890706,316.3435904397774,310.9247653807022,304.61633500584634,319.95990740533824,316.9829128136016,2.976994591736627,1.2675769905635297,-0.3399384202014937,-0.3399384202014937,-0.3399384202014937,-0.3399384202014937,0.3399384202014937,-0.3399384202014937,-0.3399384202014937,-0.3399384202014937,-0.3399384202014937,2.759979248046818,3.3275024414062444,329.5400085449219,320.7227850341797,321.3979858398437,322.0731866455078,0.0,1.0541145453516763,1.3785073759032542,1.0,1.3785073759032542,1.0111165608813113,1.0,1.3785073759032542,0.5693535047009046,-1.0,-1.3785073759032542,0.0,0.0,0.0,0.0,0.0,0.0,0.0,1.3785073759032542,-1
2024-01-24,329.8299865722656,330.9299926757812,328.1700134277344,328.3500061035156,328.3500061035156,559700.0,-0.3399384202014937,0.9933238198231096,0.7788858052515611,0.7000043467546387,1.1858718749015156,326.0119995117187,320.8369995117188,316.29066772460936,313.19483388264973,300.38390045166017,325.7202407793525,322.20442048247224,317.1181979019541,311.4960847486633,305.0863086909487,321.25069182044246,317.82491972396565,3.425772096476805,1.6992160117461848,0.073089760899636,0.073089760899636,0.073089760899636,0.073089760899636,-0.073089760899636,0.073089760899636,0.073089760899636,0.073089760899636,0.073089760899636,4.010009765625,3.389501953124994,330.9299926757812,322.2195031738281,322.8850036621094,323.5505041503906,1.0,1.0529547930133127,-0.3399384202014937,1.0,-0.3399384202014937,1.0109117692786946,1.0,-0.3399384202014937,0.5902866587613209,-1.0,0.3399384202014937,0.0,0.0,0.0,0.0,0.0,0.0,0.0,0.3399384202014937,-1
2024-01-25,329.5400085449219,330.8399963378906,326.8299865722656,328.5899963378906,328.5899963378906,392600.0,0.073089760899636,0.9734485630739655,0.7721257662624873,0.699572640696679,1.1758916325617157,327.53599853515624,322.19199829101564,316.3633341471354,314.1315002441406,300.8341003417969,326.67682596553186,323.36543427436646,317.858313930079,312.05654086634286,305.5517282483139,322.37981559235755,318.62233280647865,3.757482785878892,2.1108693665727265,-0.7577802921956673,-0.7577802921956673,-0.7577802921956673,-0.7577802921956673,0.7577802921956673,-0.7577802921956673,-0.7577802921956673,-0.7577802921956673,-0.7577802921956673,3.19000244140625,3.4510025024414004,330.8399963378906,323.4730883789062,324.1509887695312,324.8288891601562,0.0,1.0516205901780906,0.073089760899636,1.0,0.073089760899636,1.0102404009216266,1.0,0.073089760899636,0.5949295167384079,-1.0,-0.073089760899636,0.0,0.0,0.0,0.0,0.0,0.0,0.0,-0.073089760899636,-1
2024-01-26,328.0,329.2699890136719,326.0799865722656,326.1000061035156,326.1000061035156,487000.0,-0.7577802921956673,0.8293650906255526,0.8362394017186701,0.7376966273095719,1.175193569971828,327.5,323.3739990234375,316.2680013020833,314.9628336588541,301.2583004760742,326.48455267819315,323.86262915239354,318.3900360057846,312.5169823495288,305.958624839506,322.95215259407416,319.1762345321851,3.775918061889058,2.443879105635993,0.199323484918318,0.199323484918318,0.199323484918318,0.199323484918318,-0.199323484918318,0.199323484918318,0.199323484918318,0.199323484918318,0.199323484918318,3.160003662109318,3.536502075195304,329.2699890136719,323.2477908325196,323.9379913330078,324.6281918334961,1.0,1.0498233602270526,-0.7577802921956673,1.0,-0.7577802921956673,1.0080957890469229,1.0,-0.7577802921956673,0.6277235054368585,-1.0,0.7577802921956673,0.0,0.0,0.0,0.0,0.0,0.0,0.0,0.7577802921956673,-1
2024-01-29,325.1000061035156,328.2300109863281,325.0700073242188,326.75,326.75,622800.0,0.199323484918318,0.8021747285475448,0.8319595450885338,0.7377287051759824,1.1731939507673788,327.852001953125,324.4179992675781,316.2616678873698,315.76766713460285,301.71510040283204,326.5730351187955,324.38760567014015,318.92938852154043,312.9836386659377,306.3703352387237,323.53643681037045,319.7372541964677,3.799182613902758,2.7149398072893463,0.2356508075506886,0.2356508075506886,0.2356508075506886,0.2356508075506886,-0.2356508075506886,0.2356508075506886,0.2356508075506886,0.2356508075506886,0.2356508075506886,2.42999267578125,3.5330017089843664,328.2300109863281,321.4896844482422,322.1969848632813,322.90428527832034,1.0,1.0482129249252559,0.199323484918318,1.0,0.199323484918318,1.00673709294207,1.0,0.199323484918318,0.6288207543973772,-1.0,-0.199323484918318,0.0,0.0,0.0,0.0,0.0,0.0,0.0,-0.199323484918318,-1
2024-01-30,325.8599853515625,328.0799865722656,325.6499938964844,327.5199890136719,327.5199890136719,791900.0,0.2356508075506886,0.4245155607495652,0.8117117848237336,0.7316800711219049,1.171651316306855,327.4619995117188,325.60499877929686,316.65166727701825,316.55133361816405,302.1811001586914,326.8886864170876,324.9571299144186,319.48362081135537,313.4602403166831,306.78914026397024,324.14929099549374,320.3137530718161,3.8355379236776335,2.939059430567004,-2.4487021503097,-2.4487021503097,-2.4487021503097,-2.4487021503097,2.4487021503097,-2.4487021503097,-2.4487021503097,-2.4487021503097,-2.4487021503097,7.100006103515625,3.6910018920898353,328.0799865722656,320.4574072265625,321.1640075683594,321.87060791015625,0.0,1.0478870687502548,0.2356508075506886,1.0,0.2356508075506886,1.0059440348429276,1.0,0.2356508075506886,0.6244861939200674,-1.0,-0.2356508075506886,0.0,0.0,0.0,0.0,0.0,0.0,0.0,-0.2356508075506886,-1
2024-01-31,326.5799865722656,326.5899963378906,319.489990234375,319.5,319.5,832400.0,-2.4487021503097,1.1417841411025216,1.2043287699172205,0.9364554295451992,1.2229289240810717,325.69199829101564,325.8519989013672,316.9516672770182,317.1901667277018,302.5520001220703,324.4257909447251,323.9649244754333,319.4846775332034,313.6582652243328,307.0408404567629,323.4340154577254,320.25347506649643,3.180540391228988,2.987355622699401,-1.7683861960827465,1.7683861960827465,-1.7683861960827465,1.7683861960827465,-1.7683861960827465,1.7683861960827465,1.7683861960827465,1.7683861960827465,1.7683861960827465,6.410003662109318,3.826002502441395,326.5899963378906,319.959782409668,320.69798278808594,321.4361831665039,1.0,1.0475940239996366,-2.4487021503097,1.0,-2.4487021503097,1.0014225813798765,1.0,-2.4487021503097,0.7657480423474871,-1.0,2.4487021503097,0.0,0.0,0.0,0.0,0.0,0.0,0.0,2.4487021503097,1
2024-02-01,319.5,325.2099914550781,318.7999877929688,325.1499938964844,325.1499938964844,533100.0,1.7683861960827465,1.5485132671780726,1.2701800059894377,1.0056027167730963,0.929241342612961,325.0039978027344,326.26999816894534,317.2913340250651,317.6189997355143,302.9785000610352,324.6671919286449,324.1803916428971,319.8501818147054,314.03504321358366,307.39943755457915,323.6980121406114,320.6161801650141,3.0818319755973107,3.006250893278983,-0.7596497822754016,0.7596497822754016,-0.7596497822754016,0.7596497822754016,-0.7596497822754016,0.7596497822754016,0.7596497822754016,0.7596497822754016,0.7596497822754016,5.269989013671875,3.960501098632801,325.2099914550781,318.1727908325196,318.93799133300786,319.70319183349613,1.0,1.04724042782292,1.7683861960827465,1.0,1.7683861960827465,1.0015016339615137,1.0,1.7683861960827465,1.0821760404518943,1.0,-1.7683861960827465,0.0,0.0,0.0,0.0,0.0,0.0,0.0,1.7683861960827465,1
2024-02-02,324.7200012207031,329.989990234375,324.7200012207031,327.6199951171875,327.6199951171875,568900.0,0.7596497822754016,1.5606695948623823,1.1796908880469787,1.0103088953844728,0.9095617474151588,325.3079956054688,326.40399780273435,317.7796671549479,318.0029998779297,303.4195999145508,325.6514596581591,324.80577409276805,320.3514600922849,314.4804514727182,307.79984463502683,324.3013941370077,321.1349812725825,3.16641286442524,3.038283287508235,0.7081397224820914,-0.7081397224820914,0.7081397224820914,-0.7081397224820914,0.7081397224820914,-0.7081397224820914,-0.7081397224820914,-0.7081397224820914,-0.7081397224820914,2.97998046875,3.8654998779296816,329.989990234375,316.49688903808595,317.28898925781255,318.0810894775391,0.0,1.047327421315041,0.7596497822754016,1.0,0.7596497822754016,1.0026036654297579,1.0,0.7596497822754016,1.1107644953799152,1.0,0.7596497822754016,0.0,0.0,0.0,0.0,0.0,0.0,0.0,0.7596497822754016,1
2024-02-05,326.6000061035156,326.6099853515625,323.6300048828125,325.2999877929688,325.2999877929688,670400.0,-0.7081397224820914,1.5989433023348838,1.1967537142543685,1.003732042729358,0.9159080366590192,325.0179931640625,326.4349975585937,318.3099995930989,318.3416661580404,303.8595999145508,325.5343023697624,324.8956311291681,320.670719943942,314.83519036846405,308.14638212330294,324.45502393023247,321.44350027409257,3.0115236561399,3.032931361234568,-0.0245979381636554,0.0245979381636554,-0.0245979381636554,0.0245979381636554,-0.0245979381636554,0.0245979381636554,0.0245979381636554,0.0245979381636554,-0.0245979381636554,5.5,3.919999694824213,326.6099853515625,321.4858905029297,322.2589904785156,323.0320904541016,1.0,1.0475561729252976,-0.7081397224820914,1.0,-0.7081397224820914,1.0019657735574177,1.0,-0.7081397224820914,1.09588736265564,1.0,-0.7081397224820914,0.0,0.0,1.0,0.007556004,0.007556004,0.986726284,0.986726284,-0.7081397224820914,1
2024-02-06,324.9100036621094,326.9599914550781,321.4599914550781,325.3800048828125,325.3800048828125,706500.0,0.0245979381636554,1.5913400976357428,1.0979945481798203,0.9800699420161536,0.900674888076538,324.5899963378906,326.0259979248047,318.80433349609376,318.6114995320638,304.31260009765623,325.48286987411245,324.9836990843762,320.97454477870787,315.18092199188527,308.4876419799269,324.5973286921678,321.7350932080718,2.8622354840960043,2.998792185806856,-0.7836952961774912,0.7836952961774912,0.7836952961774912,0.7836952961774912,-0.7836952961774912,0.7836952961774912,0.7836952961774912,0.7836952961774912,-0.7836952961774912,2.58001708984375,3.878500366210929,326.9599914550781,317.98598602294925,318.7699859619141,319.5539859008789,1.0,1.0476212072513167,-0.0245979381636554,1.0,0.0245979381636554,1.0015359871622564,1.0,0.0245979381636554,1.0881506245934869,1.0,0.0245979381636554,0.0,0.0,0.0,0.0,0.0,0.0,0.0,0.0245979381636554,1
2024-02-07,328.5,328.9200134277344,326.3399963378906,327.9299926757812,327.9299926757812,543400.0,0.7836952961774912,0.9272306580995746,1.129945230866007,0.9816934683987952,0.9046397804047492,326.2759948730469,325.98399658203124,319.40699971516926,318.93033294677736,304.7436001586914,326.2985774746687,325.519388828268,321.4232833527126,315.59892430939004,308.87263902340914,325.1100462281084,322.19397465012435,2.9160715779839848,2.982248064242281,0.1280802113607498,0.1280802113607498,0.1280802113607498,0.1280802113607498,-0.1280802113607498,0.1280802113607498,0.1280802113607498,0.1280802113607498,-0.1280802113607498,4.240020751953125,3.935501098632804,328.9200134277344,318.4272906494141,319.2029907226563,319.97869079589844,1.0,1.0481171698071496,-0.7836952961774912,1.0,0.7836952961774912,1.0023936781437366,1.0,0.7836952961774912,1.0851760995515487,1.0,0.7836952961774912,0.0,0.0,0.0,0.0,0.0,0.0,0.0,0.7836952961774912,1
2024-02-08,330.0,330.3900146484375,326.1499938964844,328.3500061035156,328.3500061035156,941500.0,0.1280802113607498,0.6153321888494503,1.1305120982692636,0.967261656222687,0.901044459293634,326.91599731445314,325.9599975585937,320.01866658528644,319.2191665649414,305.19500030517577,326.9823870176177,326.0340465146767,321.87016869147413,316.01699256493515,309.258329460639,325.6085015935556,322.6499769800052,2.9585246135504235,2.97750337410391,0.7735673816680582,0.7735673816680582,0.7735673816680582,0.7735673816680582,-0.7735673816680582,0.7735673816680582,0.7735673816680582,0.7735673816680582,-0.7735673816680582,9.829986572265623,4.262001037597647,330.3900146484375,320.2619110107422,321.04901123046875,321.83611145019535,1.0,1.048571130802562,-0.1280802113607498,1.0,0.1280802113607498,1.0029087161696113,1.0,0.1280802113607498,1.07348937807238,1.0,0.1280802113607498,0.0,0.0,1.0,0.041146968,0.041146968,0.662861347,0.662861347,0.1280802113607498,1
2024-02-09,323.8200073242188,333.0,323.1700134277344,330.8900146484375,330.8900146484375,1203300.0,0.7735673816680582,0.6185335856163598,1.120359985026361,0.968873899647691,0.9024255806272572,327.57000122070315,326.4389984130859,320.7009999593099,319.57333323160805,305.6299005126953,328.2849295612243,326.91694981172407,322.4520942370847,316.5046326332467,309.6866796623776,326.42104206353747,323.26035014062984,3.160691922907631,3.0141410838646543,-3.263929956309388,-3.263929956309388,-3.263929956309388,-3.263929956309388,3.263929956309388,-3.263929956309388,-3.263929956309388,-3.263929956309388,-3.263929956309388,11.25,4.691001892089835,333.0,321.0136123657227,321.8660125732422,322.7184127807617,0.0,1.0493116001455773,-0.7735673816680582,1.0,0.7735673816680582,1.0041844870701506,1.0,0.7735673816680582,1.0736330179982785,1.0,0.7735673816680582,0.0,2.0,1.0,0.002724522,0.001933952,0.998240352,0.5084130765,0.7735673816680582,1
2024-02-12,330.0,330.7999877929688,319.5499877929688,320.0899963378906,320.0899963378906,907100.0,-3.263929956309388,1.688183693163827,1.5549594146580406,1.2430541609671126,0.9970011765998904,326.5280029296875,325.772998046875,321.0016662597656,319.7038330078125,305.97280059814454,325.55328515344644,325.67568554375435,322.29970082423347,316.6221855415956,309.8926859331798,325.44703502882254,323.0255091182047,2.421525910617845,2.8956180492152925,-0.2717970343156627,-0.2717970343156627,-0.2717970343156627,-0.2717970343156627,0.2717970343156627,0.2717970343156627,-0.2717970343156627,-0.2717970343156627,0.2717970343156627,6.920013427734375,4.883502197265616,330.7999877929688,322.6797958374024,323.6179962158203,324.5561965942383,0.0,1.049118306046293,-3.263929956309388,1.0,-3.263929956309388,0.9996241647880358,-1.0,-3.263929956309388,1.2467930732101498,1.0,-3.263929956309388,0.0,0.0,1.0,0.001302409,0.001302409,0.99798584,0.99798584,-3.263929956309388,1
2024-02-13,319.75,321.760009765625,314.8399963378906,319.2200012207031,319.2200012207031,747500.0,-0.2717970343156627,1.6786391418924478,1.5476170283740809,1.243870520783201,0.9951865431633672,325.29600219726564,324.9429992675781,321.2059997558593,319.78883310953773,306.30760070800784,323.44219050919867,324.501924757745,322.10101052723155,316.7073598261565,310.077385245804,324.4890298275734,322.7436196443157,1.745410183257718,2.665576476023778,0.0532590148124304,0.0532590148124304,0.0532590148124304,0.0532590148124304,-0.0532590148124304,-0.0532590148124304,0.0532590148124304,0.0532590148124304,-0.0532590148124304,3.769989013671875,4.964501953124992,321.760009765625,320.05628295898447,321.0329833984376,322.0096838378907,1.0,1.0486386854698182,0.2717970343156627,1.0,-0.2717970343156627,0.9967342743826945,-1.0,0.2717970343156627,1.249886796930905,1.0,-0.2717970343156627,0.0,0.0,0.0,0.0,0.0,0.0,0.0,-0.2717970343156627,1
2024-02-14,319.8099975585938,320.1099853515625,316.3399963378906,319.3900146484375,319.3900146484375,496800.0,0.0532590148124304,1.582137255036672,1.340192288611401,1.2407611099416926,0.9870530767750234,323.5880065917969,324.9320007324219,321.46433308919273,319.824333190918,306.70980072021484,322.0914652222783,323.5724865560527,321.9261075673094,316.79531572196896,310.26179374882645,323.7045659538602,322.49520445943585,1.2093614944243427,2.3743334797038917,-1.4120601901130658,1.4120601901130658,1.4120601901130658,1.4120601901130658,-1.4120601901130658,-1.4120601901130658,1.4120601901130658,1.4120601901130658,-1.4120601901130658,6.689971923828125,5.086999511718744,320.1099853515625,310.83810546875003,311.831005859375,312.82390625,1.0,1.048105839247169,-0.0532590148124304,1.0,0.0532590148124304,0.9954229070909655,-1.0,-0.0532590148124304,1.2570358566690292,1.0,0.0532590148124304,0.0,0.0,4.0,0.00541874,0.00377052125,0.990644097,0.96942000075,0.0532590148124304,1
2024-02-15,318.8599853515625,325.1099853515625,318.4200134277344,323.8999938964844,323.8999938964844,725000.0,1.4120601901130658,1.8017984333709884,1.291959817177244,1.2499091919404817,1.0027365933872634,322.6980041503906,324.8070007324219,321.8609995524088,319.9184997558594,307.171400756836,322.69430811368034,323.6320333452221,322.0534550724175,317.02825598998584,310.531857118087,323.734631791187,322.59926293625426,1.1353688549327217,2.1265405547496576,1.0527952227128423,-1.0527952227128423,-1.0527952227128423,-1.0527952227128423,1.0527952227128423,1.0527952227128423,-1.0527952227128423,-1.0527952227128423,1.0527952227128423,4.760009765625,5.025999450683585,325.1099853515625,308.91858642578126,309.935986328125,310.9533862304688,0.0,1.0478221564878087,-1.4120601901130658,1.0,1.4120601901130658,0.9971024956279854,-1.0,-1.4120601901130658,1.246498033664319,1.0,1.4120601901130658,0.0,0.0,0.0,0.0,0.0,0.0,0.0,1.4120601901130658,1
2024-02-16,324.1600036621094,324.1600036621094,319.3999938964844,320.489990234375,320.489990234375,548700.0,-1.0527952227128423,1.7234675269158153,1.295859317850917,1.213407479341836,1.011444664971364,320.6179992675781,324.0940002441406,322.15233256022134,319.936166381836,307.6097006225586,321.95953548724526,323.06075277961355,321.9525863731889,317.1417554734084,310.7290478728649,323.23545616706207,322.44302051389286,0.7924356531692069,1.8597195744335675,-0.7956623882955101,0.7956623882955101,0.7956623882955101,0.7956623882955101,-0.7956623882955101,-0.7956623882955101,0.7956623882955101,0.7956623882955101,-0.7956623882955101,7.869995117187614,5.250999450683591,324.1600036621094,314.0527865600586,315.05798645019536,316.06318634033204,1.0,1.0472762461919456,1.0527952227128423,1.0,-1.0527952227128423,0.9965912996769387,-1.0,1.0527952227128423,1.1996775714627848,1.0,-1.0527952227128423,0.0,0.0,1.0,0.002967515,0.002967515,0.98793602,0.98793602,-1.0527952227128423,1
2024-02-20,319.3399963378906,326.0700073242188,318.2000122070312,323.0400085449219,323.0400085449219,641700.0,0.7956623882955101,0.9535087244424956,1.3189545846687378,1.2263978609585071,1.0163159325224111,321.2080017089844,323.8680023193359,322.61499938964846,319.9870000203451,308.1051007080078,322.31969317313747,323.0569811005787,322.022742642333,317.3351408200154,310.9728292723116,323.2053873021174,322.48724184952465,0.7181454525927506,1.6314047500654043,-0.5510149616806382,0.5510149616806382,0.5510149616806382,0.5510149616806382,-0.5510149616806382,-0.5510149616806382,0.5510149616806382,0.5510149616806382,-0.5510149616806382,4.0,5.235998535156247,326.0700073242188,312.6078048706055,313.6580047607422,314.7082046508789,1.0,1.0470939904866805,-0.7956623882955101,1.0,0.7956623882955101,0.9977177774492615,-1.0,-0.7956623882955101,1.2067092738718463,1.0,0.7956623882955101,0.0,0.0,0.0,0.0,0.0,0.0,0.0,0.7956623882955101,1
2024-02-21,325.0400085449219,325.989990234375,321.989990234375,324.8200073242188,324.8200073242188,430200.0,0.5510149616806382,0.9250495314896632,1.333212274415186,1.1900512618437378,1.0183544046627326,322.3280029296875,323.81200256347654,323.013666788737,320.07533365885416,308.6235006713867,323.1531312234979,323.37753132305875,322.2032113314869,317.5805462791696,311.2470308178939,323.4537903824407,322.6600392920946,0.7937510903460634,1.4638740181215362,-1.9149070501973664,1.9149070501973664,1.9149070501973664,1.9149070501973664,-1.9149070501973664,-1.9149070501973664,1.9149070501973664,1.9149070501973664,-1.9149070501973664,6.980010986328125,5.447000122070312,325.989990234375,314.5508105468751,315.5980102539063,316.6452099609376,1.0,1.04662692920677,-0.5510149616806382,1.0,0.5510149616806382,0.999306073929618,-1.0,-0.5510149616806382,1.168602263018511,1.0,0.5510149616806382,0.0,1.0,2.0,0.010895211,0.0064973976666666,0.982206345,0.6455974826666667,0.5510149616806382,1
2024-02-22,327.75,332.760009765625,325.7799987792969,331.0400085449219,331.0400085449219,563500.0,1.9149070501973664,1.127358291313914,1.4507641975611336,1.2668874096020415,1.0459485917472813,324.6580017089844,324.1230041503906,323.6480000813802,320.2453338623047,309.1920007324219,325.7820903306392,324.7707089997611,322.77332728074083,318.0218401239484,311.6389709709044,324.62090086897626,323.28077775526697,1.3401231137092964,1.4391238372390882,-0.2326061839578248,-0.2326061839578248,-0.2326061839578248,-0.2326061839578248,0.2326061839578248,-0.2326061839578248,-0.2326061839578248,-0.2326061839578248,0.2326061839578248,3.459991455078125,5.419499206542969,332.760009765625,314.0065899658203,315.0959899902344,316.1853900146484,0.0,1.046754118200712,-1.9149070501973664,1.0,1.9149070501973664,1.003114139615586,1.0,-1.9149070501973664,1.2112329607764727,1.0,1.9149070501973664,0.0,0.0,0.0,0.0,0.0,0.0,0.0,1.9149070501973664,1
2024-02-23,331.3299865722656,333.6099853515625,330.1499938964844,330.2699890136719,330.2699890136719,442200.0,-0.2326061839578248,1.1163544137123345,1.4545777280378338,1.2684181587200505,1.0465273514201667,325.9320007324219,324.31500244140625,324.1556660970052,320.40533345540365,309.77230072021484,327.2780565583168,325.7705780931994,323.2569828764138,318.42341877607043,312.0079020212562,325.4899913527756,323.7984971077413,1.691494245034221,1.4895979187981148,-0.5207864104878954,-0.5207864104878954,-0.5207864104878954,-0.5207864104878954,0.5207864104878954,-0.5207864104878954,-0.5207864104878954,-0.5207864104878954,-0.5207864104878954,4.42999267578125,5.481498718261719,333.6099853515625,320.8371115112305,321.92101135253904,323.00491119384765,0.0,1.0464320578158517,0.2326061839578248,1.0,-0.2326061839578248,1.0046274236118589,1.0,-0.2326061839578248,1.2120258080199928,1.0,-0.2326061839578248,0.0,0.0,0.0,0.0,0.0,0.0,0.0,-0.2326061839578248,1
2024-02-26,331.75,332.3999938964844,327.9700012207031,328.5499877929688,328.5499877929688,553100.0,-0.5207864104878954,0.9579514641071184,1.4423478564458585,1.2617291441203589,1.0447230231218134,327.54400024414065,324.0809997558593,324.63133239746094,320.57350006103513,310.3286004638672,327.70203363653417,326.2759253113393,323.5984670645787,318.75543743236216,312.33546807614164,325.96076003588223,324.15045938072114,1.810300655161086,1.5537384660707092,0.0395692855402895,-0.0395692855402895,0.0395692855402895,0.0395692855402895,-0.0395692855402895,0.0395692855402895,0.0395692855402895,0.0395692855402895,0.0395692855402895,2.55999755859375,5.4514984130859405,332.3999938964844,321.5506881713867,322.64698791503906,323.74328765869143,1.0,1.0460889905481305,-0.5207864104878954,1.0,-0.5207864104878954,1.0043708659283828,1.0,-0.5207864104878954,1.2077164149691022,1.0,-0.5207864104878954,0.0,0.0,0.0,0.0,0.0,0.0,0.0,-0.5207864104878954,1
2024-02-27,328.2900085449219,328.7799987792969,326.2200012207031,328.6799926757812,328.6799926757812,352300.0,0.0395692855402895,0.9596101260957908,0.9059470246886164,1.261206678983861,1.0445966576486372,328.6719970703125,324.93999938964845,325.0436655680339,320.7341664632161,310.90050048828124,328.0280199829499,326.7130284685105,323.9263074265918,319.0808326862448,312.6591220286098,326.3791035189436,324.4859803655404,1.893123153403224,1.621615403537212,0.7819177867494757,-0.7819177867494757,0.7819177867494757,0.7819177867494757,-0.7819177867494757,0.7819177867494757,0.7819177867494757,0.7819177867494757,0.7819177867494757,4.039978027343693,5.531997680664063,328.7799987792969,320.4066973876953,321.4969970703125,322.58729675292966,1.0,1.0454909691606808,0.0395692855402895,1.0,0.0395692855402895,1.0040249129965937,1.0,0.0395692855402895,1.2073623534492326,1.0,0.0395692855402895,0.0,1.0,0.0,0.006365838,0.006365838,0.473354012,0.473354012,0.0395692855402895,1
2024-02-28,328.8200073242188,332.1099853515625,328.0700073242188,331.25,331.25,370100.0,0.7819177867494757,0.9770741111361922,0.8973151601808629,1.2716059061710274,1.0381956061146205,329.95799560546874,326.14299926757815,325.56366577148435,320.87383321126305,311.470700378418,329.10201332196664,327.5379323833268,324.3988037216504,319.47982177849906,313.02725822606305,327.1284722083369,324.9870188569818,2.1414533513550964,1.7255829931007889,-0.2596182193396226,-0.2596182193396226,-0.2596182193396226,-0.2596182193396226,0.2596182193396226,-0.2596182193396226,-0.2596182193396226,-0.2596182193396226,-0.2596182193396226,6.549987792968693,5.504496765136716,332.1099853515625,316.60960388183594,317.71600341796875,318.8224029541016,0.0,1.0452465203819952,0.7819177867494757,1.0,0.7819177867494757,1.0047752665691538,1.0,0.7819177867494757,1.2248230474890274,1.0,0.7819177867494757,0.0,0.0,0.0,0.0,0.0,0.0,0.0,0.7819177867494757,1
2024-02-29,332.6300048828125,334.6799926757812,328.1300048828125,330.3900146484375,330.3900146484375,1064400.0,-0.2596182193396226,0.4995874865475113,0.9150298335823588,1.1302639700039616,1.034697531146023,329.8279968261719,327.2429992675781,326.0089996337891,320.9583333333333,312.04230041503905,329.53134709745694,328.05649279516507,324.78533345886245,319.8375330201364,313.37107518492195,327.6302479683524,325.38724076746,2.243007200892407,1.8290678346591127,1.5648120950802944,1.5648120950802944,1.5648120950802944,1.5648120950802944,-1.5648120950802944,1.5648120950802944,1.5648120950802944,1.5648120950802944,1.5648120950802944,5.850006103515625,5.476496887207031,334.6799926757812,320.0000924682617,321.1009918212891,322.2018911743164,1.0,1.0447589932524317,-0.2596182193396226,1.0,-0.2596182193396226,1.004495732700565,1.0,-0.2596182193396226,1.09236171536245,1.0,-0.2596182193396226,0.0,0.0,0.0,0.0,0.0,0.0,0.0,-0.2596182193396226,1
2024-03-01,330.8800048828125,335.8800048828125,330.0299987792969,335.5599975585938,335.5599975585938,463300.0,1.5648120950802944,0.8491817677215957,0.9358975941513688,1.1159746207749082,1.050849933132149,330.88599853515626,328.40899963378905,326.4953328450521,321.1566665649414,312.6365002441406,331.54089725116927,329.42076638851574,325.4804730782,320.35302366074154,313.8104597863808,328.85020944377413,326.140778307544,2.709431136230137,2.0051404949733174,0.0625794065460381,0.0625794065460381,0.0625794065460381,0.0625794065460381,-0.0625794065460381,0.0625794065460381,0.0625794065460381,0.0625794065460381,0.0625794065460381,2.959991455078182,5.360997009277346,335.8800048828125,322.6316995239257,323.72699890136715,324.82229827880855,1.0,1.0443289014241426,1.5648120950802944,1.0,1.5648120950802944,1.0064359356755095,1.0,1.5648120950802944,1.06197334708739,1.0,1.5648120950802944,0.0,0.0,0.0,0.0,0.0,0.0,0.0,1.5648120950802944,1
2024-03-04,335.0499877929688,335.7999877929688,332.8399963378906,335.7699890136719,335.7699890136719,507500.0,0.0625794065460381,0.7372827931695571,0.8065839782556813,1.1072322132698835,1.050479874279694,332.3299987792969,329.93699951171874,326.81166585286456,321.3434997558594,313.1311001586914,332.9505945053368,330.57517050218047,326.1443128159724,320.8584979346081,314.24530194929747,329.91479091606607,326.8540531746646,3.0607377414014536,2.216259944258945,-1.1793762351157673,-1.1793762351157673,-1.1793762351157673,-1.1793762351157673,1.1793762351157673,-1.1793762351157673,-1.1793762351157673,-1.1793762351157673,-1.1793762351157673,6.019989013671818,5.512997436523437,335.7999877929688,324.0858114624023,325.1580108642578,326.23021026611326,0.0,1.0436895782221567,0.0625794065460381,1.0,0.0625794065460381,1.0071857302517544,1.0,0.0625794065460381,1.05402515591182,1.0,0.0625794065460381,0.0,0.0,0.0,0.0,0.0,0.0,0.0,0.0625794065460381,1
2024-03-05,335.3200073242188,335.6799926757812,329.6600036621094,331.8099975585938,331.8099975585938,574500.0,-1.1793762351157673,1.0409102085016926,0.9474234784031362,1.1307439667093484,1.0588202865856202,332.9559997558593,330.8139984130859,327.0389994303385,321.4991663614909,313.5987002563477,332.5703955230892,330.7996845124374,326.5098408638835,321.2175634960503,314.593117703937,330.20636116876267,327.22116016606674,2.9852010026959306,2.3700481559463418,1.723878503598428,1.723878503598428,1.723878503598428,1.723878503598428,-1.723878503598428,1.723878503598428,1.723878503598428,1.723878503598428,1.723878503598428,5.6300048828125,5.519497680664062,335.6799926757812,323.67139343261726,324.7739929199219,325.8765924072266,1.0,1.042858274485845,-1.1793762351157673,1.0,-1.1793762351157673,1.0053528195266015,1.0,-1.1793762351157673,1.067928128158236,1.0,-1.1793762351157673,0.0,0.0,0.0,0.0,0.0,0.0,0.0,-1.1793762351157673,1
2024-03-06,334.9599914550781,339.6300048828125,334.0,337.5299987792969,337.5299987792969,772000.0,1.723878503598428,1.2400887606898192,1.0525353532491215,1.1868171466577748,1.080267237967113,334.2119995117188,332.0849975585937,327.307666015625,321.73533325195314,314.09800018310546,334.2235966084918,332.0233780155027,327.2208187939101,321.7523974397633,315.04731336879564,331.33307464730643,327.98477784112083,3.3482968061856013,2.5656978859941937,-0.9865749960918536,-0.9865749960918536,-0.9865749960918536,-0.9865749960918536,0.9865749960918536,-0.9865749960918536,-0.9865749960918536,-0.9865749960918536,-0.9865749960918536,4.309997558593807,5.605996704101566,339.6300048828125,323.53709777832023,324.64099731445305,325.74489685058586,0.0,1.0420558737235477,1.723878503598428,1.0,1.723878503598428,1.006626697813087,1.0,1.723878503598428,1.0986329168800597,1.0,1.723878503598428,0.0,0.0,0.0,0.0,0.0,0.0,0.0,1.723878503598428,1
2024-03-07,338.25,338.2999877929688,333.989990234375,334.2000122070312,334.2000122070312,529200.0,-0.9865749960918536,1.369997497978005,0.982937362985486,1.206082183357155,1.0882583710315257,334.9739990234375,332.4009979248047,327.50266621907554,321.8966669718424,314.5572003173828,334.21573514133826,332.4191296866897,327.67108933669215,322.16051595672286,315.426574731929,331.77414196418715,328.445165571929,3.328976392258141,2.718353587246983,0.3620560774631609,0.3620560774631609,0.3620560774631609,0.3620560774631609,-0.3620560774631609,0.3620560774631609,0.3620560774631609,0.3620560774631609,0.3620560774631609,5.02001953125,5.644996643066409,338.2999877929688,327.29681213378905,328.4180114746094,329.53921081542967,1.0,1.0411545686718695,-0.9865749960918536,1.0,-0.9865749960918536,1.005404639186505,1.0,-0.9865749960918536,1.1082682343292685,1.0,-0.9865749960918536,0.0,0.0,0.0,0.0,0.0,0.0,0.0,-0.9865749960918536,1
2024-03-08,333.8699951171875,337.3800048828125,332.3599853515625,335.4100036621094,335.4100036621094,622400.0,0.3620560774631609,1.1695036977172228,0.9785996174572262,1.207485571037568,1.08681878162869,334.9440002441406,332.9149993896484,327.72999979654946,322.04666697184246,315.02980041503906,334.613824648262,332.9629249549478,328.17037413188035,322.5949253896863,315.82228619589296,332.333505302329,328.9610795045349,3.372425797794051,2.849168029356397,0.7811320737549832,0.7811320737549832,0.7811320737549832,0.7811320737549832,-0.7811320737549832,0.7811320737549832,0.7811320737549832,0.7811320737549832,0.7811320737549832,8.419982910156307,5.574496459960943,337.3800048828125,325.8809951782227,327.009994506836,328.13899383544924,1.0,1.0403142793627091,0.3620560774631609,1.0,0.3620560774631609,1.0049582087661488,1.0,0.3620560774631609,1.1110275157630682,1.0,0.3620560774631609,0.0,2.0,0.0,0.071854249,0.0408667535,0.375128865,0.2443561964999999,0.3620560774631609,1
2024-03-11,331.9800109863281,338.1199951171875,329.7000122070312,338.0299987792969,338.0299987792969,491900.0,0.7811320737549832,1.2225950857162948,0.964639033032137,1.2077044149013254,1.0868177542690736,335.3960021972656,333.8630004882813,328.12766621907554,322.19783376057944,315.47690032958985,335.752549358607,333.8842111048295,328.8064789478427,323.1009933696735,316.26204288071284,333.20988891417016,329.6328513026655,3.577037611504693,2.994741945786056,0.7070421729042943,0.7070421729042943,0.7070421729042943,0.7070421729042943,-0.7070421729042943,0.7070421729042943,0.7070421729042943,0.7070421729042943,0.7070421729042943,4.72998046875,5.248495483398443,338.1199951171875,325.1161126708984,326.2310119628906,327.3459112548828,1.0,1.0401004507026315,0.7811320737549832,1.0,0.7811320737549832,1.005595767010351,1.0,0.7811320737549832,1.1112299280697275,1.0,0.7811320737549832,0.0,1.0,0.0,0.003159754,0.003159754,0.002209896,0.002209896,0.7811320737549832,1
2024-03-12,338.6099853515625,340.7999877929688,336.0700073242188,340.4200134277344,340.4200134277344,645000.0,0.7070421729042943,0.980711681160606,0.9685440151511822,0.9138451752544628,1.086494243799271,337.1180053710938,335.03700256347656,328.5833333333333,322.4225006103516,315.982600402832,337.3083707149828,335.07253879990304,329.555739236868,323.6688300928886,316.7404185351093,334.3191388393339,330.43190034896685,3.8872384903670536,3.173241254702256,0.9576344279003028,0.9576344279003028,0.9576344279003028,0.9576344279003028,-0.9576344279003028,0.9576344279003028,0.9576344279003028,0.9576344279003028,0.9576344279003028,5.44000244140625,5.174494934082037,340.7999877929688,326.5733050537109,327.6230041503906,328.6727032470704,1.0,1.039877932881232,0.7070421729042943,1.0,0.7070421729042943,1.0066726802592885,1.0,0.7070421729042943,0.84109527544197,-1.0,0.7070421729042943,0.0,0.0,0.0,0.0,0.0,0.0,0.0,0.7070421729042943,1
2024-03-13,341.0,344.8500061035156,339.4100036621094,343.6799926757812,343.6799926757812,875800.0,0.9576344279003028,0.785514990236313,0.9786750441618566,0.9138356923362884,0.9918443046339096,338.34800415039064,336.2800018310547,329.1220001220703,322.8868336995443,316.5372003173828,339.4322447019156,336.63753041369904,330.46698139421727,324.32493378413096,317.273875448786,335.75927019878736,331.4132405213235,4.346029677463889,3.4077989392545827,-0.2880558238689591,-0.2880558238689591,-0.2880558238689591,-0.2880558238689591,0.2880558238689591,-0.2880558238689591,-0.2880558238689591,-0.2880558238689591,-0.2880558238689591,3.959991455078125,5.18399505615235,344.8500061035156,329.41609893798835,330.4509979248047,331.4858969116211,0.0,1.0397577276606638,0.9576344279003028,1.0,0.9576344279003028,1.0083018500188676,1.0,0.9576344279003028,0.9213499417870689,-1.0,-0.9576344279003028,0.0,0.0,0.0,0.0,0.0,0.0,0.0,0.9576344279003028,1
2024-03-14,344.5400085449219,344.6300048828125,340.6700134277344,342.6900024414062,342.6900024414062,799600.0,-0.2880558238689591,0.4927760653750492,0.9807577556517092,0.9232748260464084,0.9641639736352364,340.04600219726564,337.51000061035154,329.89500020345054,323.4233337402344,317.1447003173828,340.5181639484125,337.73797987328214,331.2555633972617,324.9270671827302,317.7771650922042,336.8255366976518,332.2485562191074,4.576980478544385,3.6416352471125433,0.437713382156946,0.437713382156946,0.437713382156946,0.437713382156946,-0.437713382156946,0.437713382156946,0.437713382156946,0.437713382156946,0.437713382156946,5.6300048828125,5.130996704101568,344.6300048828125,333.44521697998044,334.4820159912109,335.5188150024414,1.0,1.0402034146347325,-0.2880558238689591,1.0,-0.2880558238689591,1.0082317780078316,1.0,-0.2880558238689591,0.9575910854305606,-1.0,0.2880558238689591,0.0,0.0,0.0,0.0,0.0,0.0,0.0,-0.2880558238689591,1
2024-03-15,339.9400024414062,344.6700134277344,339.0400085449219,344.1900024414062,344.1900024414062,1231100.0,0.437713382156946,0.4884720610811932,0.8887007915083331,0.889755918801598,0.9504385718062508,341.802001953125,338.3730010986328,330.5296671549479,323.9105005900065,317.7741003417969,341.7421101127438,338.9110748856683,332.09004333559363,325.5586388305556,318.30019157436664,337.9585314274601,333.13310779112953,4.825423636330584,3.878392924956152,-1.2086358210876575,-1.2086358210876575,-1.2086358210876575,-1.2086358210876575,1.2086358210876575,-1.2086358210876575,-1.2086358210876575,-1.2086358210876575,-1.2086358210876575,7.259979248046818,5.255995178222659,344.6700134277344,333.34181213378906,334.3680114746094,335.3942108154297,0.0,1.0401403600841954,0.437713382156946,1.0,0.437713382156946,1.0083533275742922,1.0,0.437713382156946,0.9361529984106925,-1.0,-0.437713382156946,0.0,0.0,0.0,0.0,0.0,0.0,0.0,0.437713382156946,1
2024-03-18,345.010009765625,347.0799865722656,339.8200073242188,340.0299987792969,340.0299987792969,749600.0,-1.2086358210876575,0.8773494097326779,1.0032631959719227,0.9028858477380856,0.961360582191168,342.202001953125,338.7990020751953,330.9433339436849,324.3615005493164,318.38010040283206,341.1714063349282,339.1145155936008,332.60229852551004,326.0331096485471,318.7304847863454,338.2772187123581,333.6439886050679,4.633230107290217,4.029360361422965,1.696905871360208,1.696905871360208,1.696905871360208,1.696905871360208,-1.696905871360208,1.696905871360208,1.696905871360208,1.696905871360208,1.696905871360208,6.1199951171875,5.168495178222654,347.0799865722656,333.10682403564454,334.15802307128905,335.2092221069336,1.0,1.0394598579652343,-1.2086358210876575,1.0,-1.2086358210876575,1.0060654753681861,1.0,-1.2086358210876575,0.939175023881461,-1.0,1.2086358210876575,0.0,0.0,0.0,0.0,0.0,0.0,0.0,-1.2086358210876575,1
2024-03-19,341.5199890136719,347.1300048828125,341.010009765625,345.7999877929688,345.7999877929688,756900.0,1.696905871360208,1.1205756670031266,0.9982396568414472,0.9501668159056512,0.9668528701351587,343.27799682617183,340.1980010986328,331.6266672770182,324.9683334350586,319.02370025634764,342.71426682094176,340.33005599348587,333.4537623492171,326.681204013938,319.2665145488528,339.4345678016828,334.54443298935684,4.890134812325982,4.201515251603569,0.0665156143573308,0.0665156143573308,0.0665156143573308,0.0665156143573308,-0.0665156143573308,0.0665156143573308,0.0665156143573308,0.0665156143573308,0.0665156143573308,2.779998779296932,5.1074951171875,347.1300048828125,335.7092971801758,336.7429962158203,337.77669525146484,1.0,1.0395047985793646,1.696905871360208,1.0,1.696905871360208,1.007005584095404,1.0,1.696905871360208,0.9827418889213465,-1.0,-1.696905871360208,0.0,0.0,0.0,0.0,0.0,0.0,0.0,1.696905871360208,1
2024-03-20,346.5,347.2099914550781,344.4299926757812,346.0299987792969,346.0299987792969,686400.0,0.0665156143573308,1.0630187584125022,0.8890010211418689,0.9508213601923308,0.9666740333517516,343.747998046875,341.0480010986328,332.31500040690105,325.5596669514974,319.67890014648435,343.81951080706017,341.3664092272697,334.2651324414803,327.31559072755635,319.7964845336141,340.4492494905465,335.3952156404635,5.054033850083044,4.372018971299465,0.9074400079515212,0.9074400079515212,0.9074400079515212,0.9074400079515212,-0.9074400079515212,0.9074400079515212,0.9074400079515212,0.9074400079515212,0.9074400079515212,4.489990234375,4.982994079589844,347.2099914550781,335.893515625,336.9150146484375,337.936513671875,1.0,1.039527476648057,0.0665156143573308,1.0,0.0665156143573308,1.007186124684451,1.0,0.0665156143573308,0.9836008079119961,-1.0,-0.0665156143573308,0.0,0.0,0.0,0.0,0.0,0.0,0.0,0.0665156143573308,1
2024-03-21,346.5400085449219,349.739990234375,345.25,349.1700134277344,349.1700134277344,457100.0,0.9074400079515212,1.0767777279727506,0.7921516388402399,0.8864443577140642,0.9695796543533638,345.04400024414065,342.5450012207031,333.0230010986328,326.215000406901,320.4222003173828,345.60301168061824,342.7852463546269,335.2267376664,328.0321291767425,320.3781385711214,341.7909054808832,336.4155710321132,5.375334448769991,4.57268206679357,-0.1747045409633434,-0.1747045409633434,-0.1747045409633434,-0.1747045409633434,0.1747045409633434,-0.1747045409633434,-0.1747045409633434,-0.1747045409633434,-0.1747045409633434,2.839996337890625,4.951994323730469,349.739990234375,336.24740447998045,337.24400329589844,338.24060211181643,0.0,1.0393256171662535,0.9074400079515212,1.0,0.9074400079515212,1.008220205962646,1.0,0.9074400079515212,0.9142563519500163,-1.0,-0.9074400079515212,0.0,0.0,0.0,0.0,0.0,0.0,0.0,0.9074400079515212,1
2024-03-22,350.0,351.3299865722656,348.489990234375,348.5599975585938,348.5599975585938,374400.0,-0.1747045409633434,1.1030799294495817,0.8159951783373777,0.8848071896253723,0.970613610449969,345.9179992675781,343.8600006103516,333.6966674804688,326.8576670328776,321.18390014648435,346.5886736399434,343.8352011189845,336.0869479820254,328.7051740417212,320.9361951847347,342.83230426206944,337.31515818222283,5.517146079846611,4.761574869404178,-0.1836080259760298,-0.1836080259760298,-0.1836080259760298,-0.1836080259760298,0.1836080259760298,-0.1836080259760298,-0.1836080259760298,-0.1836080259760298,-0.1836080259760298,2.170013427734375,4.838995361328125,351.3299865722656,338.845602722168,339.83600158691405,340.82640045166016,0.0,1.0389582644966877,-0.1747045409633434,1.0,-0.1747045409633434,1.0080081170048847,1.0,-0.1747045409633434,0.9115956958559261,-1.0,0.1747045409633434,0.0,0.0,0.0,0.0,0.0,0.0,0.0,-0.1747045409633434,1
2024-03-25,347.3800048828125,349.1300048828125,346.9599914550781,347.9200134277344,347.9200134277344,411100.0,-0.1836080259760298,0.8218908545806795,0.8214026044672043,0.8719945426271848,0.9718478193988704,347.4960021972656,344.8490020751953,334.2643341064453,327.4826670328776,321.90090026855466,347.03245356920706,344.57789426602994,336.8503715591679,329.3351687756888,321.4705282192495,343.6150287490948,338.1007030152237,5.51432573387109,4.912125042297561,-0.0891090090269469,-0.0891090090269469,-0.0891090090269469,-0.0891090090269469,0.0891090090269469,-0.0891090090269469,-0.0891090090269469,-0.0891090090269469,-0.0891090090269469,3.08001708984375,4.864996337890625,349.1300048828125,340.68419677734374,341.65199584960936,342.619794921875,0.0,1.0384075776972854,-0.1836080259760298,1.0,-0.1836080259760298,1.0071233800659367,1.0,-0.1836080259760298,0.8972542050529586,-1.0,0.1836080259760298,0.0,0.0,0.0,0.0,0.0,0.0,0.0,-0.1836080259760298,1
2024-03-26,347.7000122070312,350.1000061035156,347.0199890136719,347.6099853515625,347.6099853515625,451800.0,-0.0891090090269469,0.4595100852861158,0.8152463472405995,0.8744142796816357,0.9725362560338096,347.8580017089844,345.5679992675781,335.1816670735677,328.09166666666664,322.5924002075195,347.2249641633256,345.1291835543086,337.5445401909353,329.9343430896519,321.98814123177056,344.22963745716675,338.80509429939696,5.42454315776979,5.014608665392007,1.6685419162170807,1.6685419162170807,1.6685419162170807,1.6685419162170807,-1.6685419162170807,1.6685419162170807,1.6685419162170807,1.6685419162170807,1.6685419162170807,4.589996337890682,4.892497253417974,350.1000061035156,338.4270129394531,339.40001220703124,340.37301147460937,1.0,1.0390253051775233,-0.0891090090269469,1.0,-0.0891090090269469,1.006072452602917,1.0,-0.0891090090269469,0.8991071276331288,-1.0,0.0891090090269469,0.0,0.0,0.0,0.0,0.0,0.0,0.0,-0.0891090090269469,1
2024-03-27,350.5,353.5299987792969,348.9400024414062,353.4100036621094,353.4100036621094,537500.0,1.6685419162170807,0.8326913687469104,0.912648535487218,0.9221582320698358,0.98944987186168,349.33400268554686,346.54100036621094,336.3213338216146,328.763666788737,323.3215002441406,349.2866439962536,346.63478721027235,338.5681184793982,330.7040368789128,322.61035632940104,345.64200148869634,339.88693943737564,5.755062051320692,5.162699342577745,0.4442452980815487,0.4442452980815487,0.4442452980815487,0.4442452980815487,-0.4442452980815487,0.4442452980815487,0.4442452980815487,0.4442452980815487,0.4442452980815487,3.490020751953125,4.739498901367196,353.5299987792969,339.3365121459961,340.31501159667965,341.29351104736327,1.0,1.0402071423263153,1.6685419162170807,1.0,1.6685419162170807,1.007650290403117,1.0,1.6685419162170807,0.9319908550139757,-1.0,-1.6685419162170807,0.0,0.0,0.0,0.0,0.0,0.0,0.0,1.6685419162170807,1
2024-03-28,353.9500122070312,355.3900146484375,351.8999938964844,354.9800109863281,354.9800109863281,705400.0,0.4442452980815487,0.7903909584027274,0.890828268716517,0.9119131000909628,0.9859632143457032,350.4960021972656,347.77000122070314,337.5076670328776,329.4860000610352,324.0596002197266,351.18443299294506,348.1521006241006,339.62695025403883,331.4999704562051,323.2513395899343,347.07861833448584,341.00494473729805,6.073673597187792,5.344894193499754,-0.3915754705667175,-0.3915754705667175,-0.3915754705667175,-0.3915754705667175,0.3915754705667175,-0.3915754705667175,-0.3915754705667175,-0.3915754705667175,-0.3915754705667175,3.0,4.596998596191415,355.3900146484375,343.10310119628906,344.0510009765625,344.9989007568359,0.0,1.0414987453049767,0.4442452980815487,1.0,0.4442452980815487,1.008709791965663,1.0,0.4442452980815487,0.9248956622546198,-1.0,-0.4442452980815487,0.0,1.0,1.0,0.005142739,0.003260665,0.964885592,0.4844262495,0.4442452980815487,1
2024-04-01,353.8099975585938,354.4299926757812,351.4299926757812,353.5899963378906,353.5899963378906,492200.0,-0.3915754705667175,0.830172015102881,0.9205357661535226,0.880664364485386,0.9890603839882024,351.502001953125,348.7100006103516,338.49733378092446,330.1791666666667,324.60130004882814,351.9862874412603,349.14080893569883,340.527791936868,332.2242335998669,323.8521050700918,348.08036879654816,341.9371707817864,6.143198014761765,5.504554957752156,-0.4298733079030088,-0.4298733079030088,-0.4298733079030088,-0.4298733079030088,0.4298733079030088,-0.4298733079030088,-0.4298733079030088,-0.4298733079030088,-0.4298733079030088,4.180023193359318,4.658000183105472,354.4299926757812,345.2766177368164,346.1960174560547,347.115417175293,0.0,1.0428095442932792,-0.3915754705667175,1.0,-0.3915754705667175,1.0081499453307547,1.0,-0.3915754705667175,0.8904050538696843,-1.0,0.3915754705667175,0.0,0.0,0.0,0.0,0.0,0.0,0.0,-0.3915754705667175,-1
2024-04-02,352.6700134277344,354.2000122070312,350.0199890136719,352.0700073242188,352.0700073242188,529400.0,-0.4298733079030088,0.8715471469739899,0.8071676794101582,0.8934341111877695,0.991847523744086,352.3320007324219,349.9140014648437,339.5500010172526,330.851166788737,325.07620025634765,352.0141940689132,349.67339046088426,341.2724509941164,332.87491470558336,324.4108754117577,348.6941593392667,342.687751266411,6.00640807285572,5.6049255807728695,-0.4885395475108576,-0.4885395475108576,-0.4885395475108576,-0.4885395475108576,0.4885395475108576,-0.4885395475108576,-0.4885395475108576,-0.4885395475108576,-0.4885395475108576,4.02001953125,4.5580017089843805,354.2000122070312,344.1823922729492,345.1139923095702,346.04559234619137,0.0,1.0445243322934477,-0.4298733079030088,1.0,-0.4298733079030088,1.0066942571893835,1.0,-0.4298733079030088,0.9007776798344773,-1.0,0.4298733079030088,0.0,0.0,0.0,0.0,0.0,0.0,0.0,0.4298733079030088,1
2024-04-03,351.7799987792969,354.1400146484375,350.1199951171875,350.3500061035156,350.3500061035156,719900.0,-0.4885395475108576,0.925916046343178,0.6897271924232812,0.8478161498859734,0.986744438433678,352.8800048828125,350.36900329589844,340.4603342692057,331.5376668294271,325.5299002075195,351.459464747114,349.79641148681725,341.85809971085183,333.447868521909,324.92452156406966,348.948904995305,343.25532569878914,5.69357929651585,5.622656323921466,-0.6907416542243205,-0.6907416542243205,-0.6907416542243205,-0.6907416542243205,0.6907416542243205,-0.6907416542243205,-0.6907416542243205,-0.6907416542243205,-0.6907416542243205,7.570007324218807,4.655001831054696,354.1400146484375,344.1724084472656,345.0840087890624,345.9956091308593,0.0,1.0458650159391452,-0.4885395475108576,1.0,-0.4885395475108576,1.0047543462588078,1.0,-0.4885395475108576,0.8592053999633034,-1.0,0.4885395475108576,0.0,0.0,0.0,0.0,0.0,0.0,0.0,-0.4885395475108576,1
2024-04-04,353.260009765625,355.3200073242188,347.75,347.9299926757812,347.9299926757812,706400.0,-0.6907416542243205,0.4378191133591363,0.7377290720692569,0.8013784781334441,0.98495066037553,351.78400268554685,350.5590026855469,341.2306671142578,332.1221669514974,325.9173001098633,350.28297405666973,349.4570626120834,342.2498347408473,333.9226922646589,325.3800754474699,348.7921492538398,343.6015973267145,5.190551927125284,5.536235444562229,1.255998393119215,1.255998393119215,1.255998393119215,1.255998393119215,-1.255998393119215,1.255998393119215,1.255998393119215,1.255998393119215,-1.255998393119215,4.490020751953125,4.664002990722662,355.3200073242188,343.8990106201172,344.8300109863281,345.7610113525391,1.0,1.046985437714514,-0.6907416542243205,1.0,-0.6907416542243205,1.0023634132285464,1.0,-0.6907416542243205,0.813622966482305,-1.0,0.6907416542243205,0.0,0.0,0.0,0.0,0.0,0.0,0.0,-0.6907416542243205,1
2024-04-05,348.9400024414062,352.6400146484375,348.1499938964844,352.2999877929688,352.2999877929688,422000.0,1.255998393119215,0.7938079535563217,0.7888284280862335,0.790069300298207,0.9927383923373196,351.247998046875,350.8720001220703,341.9393330891927,332.7936665852865,326.3523001098633,350.9553119687695,349.9739580995171,342.8982317119519,334.5252265442756,325.9131430186679,349.3318167213981,344.24592254643704,5.085894174961084,5.446167190642001,-0.0766361121279948,-0.0766361121279948,-0.0766361121279948,-0.0766361121279948,0.0766361121279948,-0.0766361121279948,-0.0766361121279948,-0.0766361121279948,0.0766361121279948,3.970001220703125,4.611502075195318,352.6400146484375,345.0592007446289,345.9920013427735,346.92480194091803,0.0,1.0477613700717974,-1.255998393119215,1.0,1.255998393119215,1.0028040768364066,1.0,1.255998393119215,0.7958484394242624,-1.0,-1.255998393119215,0.0,0.0,0.0,0.0,0.0,0.0,0.0,1.255998393119215,1
2024-04-08,351.989990234375,354.1400146484375,350.1700134277344,352.0299987792969,352.0299987792969,393700.0,-0.0766361121279948,0.7821519622888539,0.7857470082667142,0.7933746982145953,0.9882831570922914,350.9359985351563,351.2190002441406,342.6646667480469,333.41016642252606,326.76240020751953,351.31354090561194,350.34778367765887,343.48737797436127,335.09915350280085,326.43030847927434,349.74692165338257,344.8225207859082,4.9244008674743895,5.341813926008479,-0.2641799502900613,0.2641799502900613,0.2641799502900613,0.2641799502900613,-0.2641799502900613,0.2641799502900613,0.2641799502900613,0.2641799502900613,-0.2641799502900613,5.08001708984375,4.44450378417969,354.1400146484375,342.4947100830078,343.41701049804686,344.3393109130859,1.0,1.048666145585992,0.0766361121279948,1.0,-0.0766361121279948,1.0027565672538739,1.0,-0.0766361121279948,0.802780754200899,-1.0,0.0766361121279948,0.0,0.0,1.0,0.008003273,0.008003273,0.899016023,0.899016023,-0.0766361121279948,-1
