Date_NTAP_L01d,Open_NTAP_L01d,High_NTAP_L01d,Low_NTAP_L01d,Close_NTAP_L01d,Adj Close_NTAP_L01d,Volume_NTAP_L01d,Daily_Return_NTAP_L01d,Vol5_NTAP_L01d,Vol10_NTAP_L01d,Vol20_NTAP_L01d,Vol60_NTAP_L01d,SMA5_NTAP_L01d,SMA10_NTAP_L01d,SMA30_NTAP_L01d,SMA60_NTAP_L01d,SMA100_NTAP_L01d,EMA5_NTAP_L01d,EMA10_NTAP_L01d,EMA30_NTAP_L01d,EMA60_NTAP_L01d,EMA100_NTAP_L01d,Short12_NTAP_L01d,Long26_NTAP_L01d,MACD_NTAP_L01d,SIGNAL9_NTAP_L01d,Ret5/10_NTAP_L01d,Ret10/30_NTAP_L01d,Ret30/60_NTAP_L01d,Ret30/100_NTAP_L01d,Emaret5/10_NTAP_L01d,Emaret10/30_NTAP_L01d,Emaret30/60_NTAP_L01d,Emaret30/100_NTAP_L01d,RetMACD_NTAP_L01d,DayRange_NTAP_L01d,average20r_NTAP_L01d,PRVHI_NTAP_L01d,HitLevel_NTAP_L01d,hitlevel_2_NTAP_L01d,hitlevel_1.8_NTAP_L01d,positive_return_dummy,sma_ratio_L01d,RetMACD_L01d,R_sma_ratio_L01d,ret_sma_ratio_L01d,ema_ratio_L01d,R_ema_ratio_L01d,ret_ema_ratio_L01d,volatility_ratio_L01d,R_vol_ratio_L01d,ret_vol_ratio_L01d,negative_L01d,neutral_L01d,positive_L01d,negative_max_L01d,negative_avg_L01d,positive_max_L01d,positive_avg_L01d,ret_best,best
2024-01-03,86.19999694824219,86.98999786376953,85.91000366210938,86.30999755859375,86.30999755859375,1824600.0,0.1159940554263438,0.9304050068955854,1.0290595942301557,0.986484839843194,2.2154729568733216,87.49799957275391,88.53799972534179,86.98566614786783,81.11833267211914,79.28339950561524,87.31203133685197,87.96089435409006,86.33277666573277,83.19674106487044,80.54100613749077,88.02027323931956,86.8386360433447,1.181637195974858,2.018708290492414,0.289653582518388,-0.289653582518388,-0.289653582518388,-0.289653582518388,0.289653582518388,0.289653582518388,-0.289653582518388,-0.289653582518388,0.289653582518388,0.9099960327148438,1.310999298095703,86.98999786376953,84.43349906921387,84.69499893188477,84.95649879455567,0.0,1.072330548255528,-0.1159940554263438,1.0,0.1159940554263438,1.0719108291043065,1.0,0.1159940554263438,1.043158042239888,1.0,0.1159940554263438,0.0,1.0,0.0,0.006927314,0.006927314,0.19152306,0.19152306,,-1
2024-01-04,85.73999786376953,86.5999984741211,85.69000244140625,86.05999755859375,86.05999755859375,1370500.0,-0.289653582518388,0.9387672940956644,0.9040874117698922,0.9788873770559522,2.215565892899733,86.98999938964843,88.08099975585938,87.25633265177409,81.28549931844076,79.37639945983886,86.89468674409923,87.6152767549089,86.31517801365929,83.29061832695972,80.65029309632449,87.71869236536175,86.78095911854834,0.9377332468134084,1.802513281756613,1.1503577641813123,-1.1503577641813123,-1.1503577641813123,-1.1503577641813123,1.1503577641813123,1.1503577641813123,-1.1503577641813123,-1.1503577641813123,1.1503577641813123,1.4800033569335938,1.2769996643066406,86.5999984741211,84.10579940795898,84.36799926757813,84.63019912719727,0.0,1.0734550858812129,0.289653582518388,1.0,-0.289653582518388,1.0702401032885145,1.0,-0.289653582518388,0.9235867505912434,-1.0,-0.289653582518388,0.0,0.0,0.0,0.0,0.0,0.0,0.0,0.289653582518388,1
2024-01-05,85.8499984741211,86.5,85.0199966430664,85.06999969482422,85.06999969482422,1485900.0,-1.1503577641813123,0.9663100974918128,0.8063589338809615,0.9708319679660316,2.222481386698323,86.36199951171875,87.69499969482422,87.5109992980957,81.43666598002116,79.46259948730469,86.28645772767423,87.15249910762077,86.23484392857317,83.34895869967657,80.73781203886904,87.31120118527905,86.65422138345767,0.6569798018213788,1.5734065857695665,-1.0697116085269491,1.0697116085269491,1.0697116085269491,1.0697116085269491,-1.0697116085269491,-1.0697116085269491,1.0697116085269491,1.0697116085269491,-1.0697116085269491,2.399993896484375,1.317499542236328,86.5,83.79059921264648,84.0459991455078,84.30139907836914,1.0,1.0745896611185526,1.1503577641813123,1.0,-1.1503577641813123,1.0680849746963386,1.0,-1.1503577641813123,0.830585477701508,-1.0,1.1503577641813123,0.0,0.0,1.0,0.002846657,0.002846657,0.996608615,0.996608615,-1.1503577641813123,1
2024-01-08,83.8499984741211,86.0199966430664,83.62000274658203,85.9800033569336,85.9800033569336,1821800.0,1.0697116085269491,1.2490998492546947,0.8707573865041983,1.0135161383099849,2.220060273639172,85.92599945068359,87.3379997253418,87.7773328145345,81.58549931844075,79.55949951171876,86.18430627076069,86.93931806204128,86.21840260137063,83.4352224589309,80.84161780754357,87.10640151937974,86.60427930741885,0.502122211960895,1.359149711007832,-0.1046712425876726,-0.1046712425876726,0.1046712425876726,0.1046712425876726,-0.1046712425876726,-0.1046712425876726,0.1046712425876726,0.1046712425876726,-0.1046712425876726,1.2600021362304688,1.3159996032714845,86.0199966430664,83.60150100708007,83.86500091552735,84.1285008239746,1.0,1.075893799116508,-1.0697116085269491,1.0,1.0697116085269491,1.0665101087737674,1.0,1.0697116085269491,0.8591450630042916,-1.0,-1.0697116085269491,0.0,0.0,0.0,0.0,0.0,0.0,0.0,1.0697116085269491,1
2024-01-09,85.33999633789062,86.31999969482422,85.05999755859375,86.06999969482422,86.06999969482422,1684300.0,0.1046712425876726,0.8017851497873435,0.8830874948309888,1.0083924439982213,2.2094097823062344,85.8979995727539,87.00499954223633,88.03499959309896,81.75449930826822,79.6660994720459,86.14620407878186,86.78126017709272,86.20882822030312,83.52160859781264,80.94515012214319,86.94695508483275,86.56470303981925,0.3822520450135016,1.163770177808966,-0.6854931676276466,-0.6854931676276466,0.6854931676276466,0.6854931676276466,-0.6854931676276466,-0.6854931676276466,0.6854931676276466,0.6854931676276466,-0.6854931676276466,0.9199981689453124,1.2929996490478517,86.31999969482422,83.12479751586915,83.38799743652343,83.65119735717774,1.0,1.0768214635031783,-0.1046712425876726,1.0,0.1046712425876726,1.0650277143252838,1.0,0.1046712425876726,0.8757379134353633,-1.0,-0.1046712425876726,0.0,0.0,0.0,0.0,0.0,0.0,0.0,0.1046712425876726,1
2024-01-10,86.2699966430664,86.93000030517578,86.01000213623047,86.66000366210938,86.66000366210938,1229000.0,0.6854931676276466,0.8656074156652118,0.940996676554232,1.0189813664367782,2.2012029508143534,85.96800079345704,86.73300018310547,88.32066650390625,81.94949938456217,79.78239952087402,86.3174706065577,86.75921353800483,86.23793631332289,83.62450679664205,81.05831553877617,86.90280871210608,86.57176234517406,0.3310463669320143,0.9972254156335756,-0.3346333647336402,-0.3346333647336402,0.3346333647336402,0.3346333647336402,-0.3346333647336402,-0.3346333647336402,0.3346333647336402,0.3346333647336402,-0.3346333647336402,1.5999984741210938,1.2659996032714844,86.93000030517578,83.47540046691894,83.73400039672852,83.99260032653808,1.0,1.077745040142909,-0.6854931676276466,1.0,0.6854931676276466,1.063899931057276,1.0,0.6854931676276466,0.9234679922016173,-1.0,-0.6854931676276466,0.0,0.0,0.0,0.0,0.0,0.0,0.0,0.6854931676276466,1
2024-01-11,86.6500015258789,87.41999816894531,85.81999969482422,86.94999694824219,86.94999694824219,1348100.0,0.3346333647336402,0.8429697252713803,0.937450227986264,0.9554894809932089,2.1968590570281763,86.14600067138672,86.56800003051758,88.6153330485026,82.13283271789551,79.8987995147705,86.52831272045253,86.79390143077526,86.28387570912415,83.73353926062894,81.17498249737946,86.9100684407424,86.59977972317911,0.3102887175632958,0.8598380760195197,0.3220227591998041,0.3220227591998041,-0.3220227591998041,-0.3220227591998041,0.3220227591998041,0.3220227591998041,-0.3220227591998041,-0.3220227591998041,0.3220227591998041,1.2100067138671875,1.2304996490478517,87.41999816894531,84.14480117797852,84.39800109863282,84.65120101928711,0.0,1.078927027305545,-0.3346333647336402,1.0,0.3346333647336402,1.062936794743499,1.0,0.3346333647336402,0.9811204064871615,-1.0,-0.3346333647336402,0.0,0.0,0.0,0.0,0.0,0.0,0.0,0.3346333647336402,1
2024-01-12,87.27999877929688,87.55000305175781,86.33999633789062,86.66999816894531,86.66999816894531,1234800.0,-0.3220227591998041,0.5337548107332086,0.9346004038151312,0.8803564782363995,2.193858939457809,86.46600036621093,86.41399993896485,88.5196662902832,82.2953327178955,80.00089950561524,86.57554120328346,86.771373564988,86.30878683556423,83.82981660188521,81.28379468889561,86.87313455277362,86.60498108953216,0.268153463241461,0.741501153463908,-0.819198222536776,0.819198222536776,-0.819198222536776,-0.819198222536776,0.819198222536776,0.819198222536776,-0.819198222536776,-0.819198222536776,0.819198222536776,1.410003662109375,1.2165000915527344,87.55000305175781,84.71289894104004,84.95899887084961,85.20509880065919,0.0,1.0756341017992408,0.3220227591998041,1.0,-0.3220227591998041,1.0618203439677147,1.0,-0.3220227591998041,1.0616158646181573,1.0,0.3220227591998041,0.0,0.0,0.0,0.0,0.0,0.0,0.0,-0.3220227591998041,1
2024-01-16,85.62999725341797,86.22000122070312,84.80999755859375,85.95999908447266,85.95999908447266,2321500.0,-0.819198222536776,0.5847150762524899,0.9550281203915671,0.8916947367103276,2.186620351021039,86.46199951171874,86.19399948120117,88.33866628011067,82.46516609191895,80.09539947509765,86.3703604970132,86.62385093216702,86.28628440000995,83.89965865049463,81.37639279573872,86.73265217303502,86.55720464471294,0.1754475283220813,0.6282904284355427,-0.6165644310629257,0.6165644310629257,-0.6165644310629257,-0.6165644310629257,0.6165644310629257,0.6165644310629257,-0.6165644310629257,-0.6165644310629257,0.6165644310629257,1.19000244140625,1.2170001983642578,86.22000122070312,84.8737028503418,85.11700286865235,85.36030288696288,0.0,1.071224014532935,0.819198222536776,1.0,-0.819198222536776,1.0603355768864742,1.0,-0.819198222536776,1.0710258579240821,1.0,-0.819198222536776,0.0,0.0,0.0,0.0,0.0,0.0,0.0,-0.819198222536776,1
2024-01-17,85.54000091552734,85.76000213623047,84.56999969482422,85.43000030517578,85.43000030517578,1760600.0,-0.6165644310629257,0.6379632296969173,0.6858897959500764,0.8965324812699336,2.183861606362358,86.33399963378906,86.11599960327149,88.1436663309733,82.63833274841309,80.18439949035644,86.05690709973406,86.40678718180497,86.23104026485936,83.94983378671368,81.45666225137114,86.53224419336436,86.47370802696945,0.0585361663949157,0.5143395760274173,1.205664023899661,-1.205664023899661,1.205664023899661,1.205664023899661,-1.205664023899661,-1.205664023899661,1.205664023899661,1.205664023899661,-1.205664023899661,1.4599990844726562,1.2220001220703125,85.76000213623047,83.54260078430175,83.7860008239746,84.02940086364747,1.0,1.0666196110141868,0.6165644310629257,1.0,-0.6165644310629257,1.0586124926007245,1.0,-0.6165644310629257,0.7650473466153921,-1.0,-0.6165644310629257,0.0,0.0,0.0,0.0,0.0,0.0,0.0,-0.6165644310629257,1
2024-01-18,86.30000305175781,86.5,85.04000091552734,86.45999908447266,86.45999908447266,1693200.0,1.205664023899661,0.8232680459743584,0.7992223818079282,0.9199333885943772,2.181231816546064,86.29399871826172,86.13099975585938,88.0153330485026,82.84116605122884,80.2936994934082,86.19127109464694,86.4164620731991,86.24581180160861,84.03213428827955,81.55573822826425,86.52112956122717,86.47269254974746,0.0484370114797059,0.421159063117875,1.5614139352489766,-1.5614139352489766,1.5614139352489766,1.5614139352489766,-1.5614139352489766,-1.5614139352489766,1.5614139352489766,1.5614139352489766,-1.5614139352489766,1.6599960327148438,1.2509998321533202,86.5,83.07160186767578,83.31600189208984,83.5604019165039,1.0,1.0624588866128957,-1.205664023899661,1.0,1.205664023899661,1.0575075853058609,1.0,1.205664023899661,0.8687828833227905,-1.0,-1.205664023899661,0.0,0.0,0.0,0.0,0.0,0.0,0.0,1.205664023899661,1
2024-01-19,86.76000213623047,88.06999969482422,86.41000366210938,87.80999755859375,87.80999755859375,5402700.0,1.5614139352489766,1.1003227946601002,0.9240823890750302,0.962922590519673,2.176545781338431,86.46599884033203,86.30599975585938,87.92299957275391,83.08349939982097,80.4245994567871,86.73084658262921,86.66983216145266,86.34672701173669,84.15599865779805,81.6795849476767,86.71941694543742,86.57175218003238,0.1476647654050396,0.3664602035753079,0.9224521244836408,-0.9224521244836408,0.9224521244836408,0.9224521244836408,-0.9224521244836408,0.9224521244836408,0.9224521244836408,0.9224521244836408,-0.9224521244836408,0.779998779296875,1.2004997253417968,88.06999969482422,83.74780036926269,83.99800033569336,84.24820030212402,1.0,1.0582486318931261,-1.5614139352489766,1.0,1.5614139352489766,1.057139639813911,1.0,1.5614139352489766,0.9596642535682111,-1.0,-1.5614139352489766,0.0,0.0,0.0,0.0,0.0,0.0,0.0,1.5614139352489766,1
2024-01-22,88.70999908447266,88.94000244140625,88.16000366210938,88.62000274658203,88.62000274658203,1420900.0,0.9224521244836408,1.092920518313687,0.8118576321971891,0.9007954882912178,2.17713653774274,86.85599975585937,86.66100006103515,87.89699961344401,83.32983283996582,80.55069946289062,87.36056530394683,87.02440863147618,86.49338996237188,84.30235944759424,81.81701896349661,87.01181476099812,86.72347444422124,0.2883403167768819,0.3508362262156227,-0.5190691381358571,0.5190691381358571,-0.5190691381358571,-0.5190691381358571,0.5190691381358571,-0.5190691381358571,-0.5190691381358571,-0.5190691381358571,0.5190691381358571,0.9200057983398438,1.1985000610351562,88.94000244140625,85.42890029907227,85.66900024414062,85.90910018920898,0.0,1.0548083035549753,-0.9224521244836408,1.0,0.9224521244836408,1.0571564578875903,1.0,0.9224521244836408,0.9012674272350751,-1.0,-0.9224521244836408,0.0,0.0,0.0,0.0,0.0,0.0,0.0,0.9224521244836408,1
2024-01-23,88.5999984741211,88.91000366210938,87.98999786376953,88.16000366210938,88.16000366210938,1839800.0,-0.5190691381358571,1.0108986255072687,0.8243438705841944,0.8912899468472332,2.16145006183063,87.29600067138672,86.87900009155274,87.8663330078125,83.59116617838542,80.66809951782227,87.62704475666769,87.23088045522766,86.60091342687107,84.42883958577507,81.94262262089488,87.18845920732292,86.82988401591666,0.3585751914062598,0.3523840192537502,0.6011782637035724,-0.6011782637035724,0.6011782637035724,0.6011782637035724,-0.6011782637035724,0.6011782637035724,0.6011782637035724,0.6011782637035724,0.6011782637035724,1.1399993896484375,1.206500244140625,88.91000366210938,86.3033023071289,86.54300231933594,86.78270233154296,1.0,1.051143763448685,0.5190691381358571,1.0,-0.5190691381358571,1.056848202522485,1.0,-0.5190691381358571,0.9248885545047966,-1.0,0.5190691381358571,0.0,0.0,0.0,0.0,0.0,0.0,0.0,-0.5190691381358571,1
2024-01-24,88.9000015258789,89.48999786376953,88.3499984741211,88.69000244140625,88.69000244140625,1428300.0,0.6011782637035724,0.7950397392143039,0.8293047961075297,0.9035532789562029,2.148726339175951,87.94800109863282,87.14100036621093,87.84299977620442,83.87883288065592,80.79069953918457,87.98136398491388,87.49617536180558,86.73569336329271,84.56854984333674,82.07623410248915,87.41946585872034,86.96767056595293,0.4517952927674145,0.3722662739564831,0.6201323793249865,-0.6201323793249865,0.6201323793249865,0.6201323793249865,-0.6201323793249865,0.6201323793249865,0.6201323793249865,0.6201323793249865,0.6201323793249865,0.5200042724609375,1.208500289916992,89.48999786376953,86.255703125,86.49700317382812,86.73830322265626,1.0,1.0472606348873355,0.6011782637035724,1.0,0.6011782637035724,1.056769895838365,1.0,0.6011782637035724,0.9178261154290248,-1.0,-0.6011782637035724,0.0,0.0,1.0,0.003307596,0.003307596,0.99365145,0.99365145,0.6011782637035724,1
2024-01-25,89.19999694824219,89.33000183105469,88.80999755859375,89.23999786376953,89.23999786376953,1065800.0,0.6201323793249865,0.7540038725503261,0.826210543154536,0.9154064501021952,2.1488603585883523,88.50400085449219,87.39899978637695,87.82599970499675,84.1693328857422,80.91609954833984,88.4009086111991,87.8132339985263,86.89726139558154,84.72171207351487,82.21809081063331,87.69954770565099,87.13599110653193,0.5635565991190532,0.4105243389889971,-1.3222773794516736,1.3222773794516736,-1.3222773794516736,-1.3222773794516736,1.3222773794516736,-1.3222773794516736,-1.3222773794516736,-1.3222773794516736,-1.3222773794516736,1.6299972534179688,1.2275001525878906,89.33000183105469,86.83129722595214,87.07299728393555,87.31469734191894,0.0,1.043444170149458,0.6201323793249865,1.0,0.6201323793249865,1.056911691074479,1.0,0.6201323793249865,0.9025614174581122,-1.0,-0.6201323793249865,0.0,0.0,0.0,0.0,0.0,0.0,0.0,0.6201323793249865,1
2024-01-26,89.2699966430664,89.2699966430664,87.63999938964844,88.05999755859375,88.05999755859375,1551200.0,-1.3222773794516736,0.9482162880024104,0.9712114391013256,0.9429711130985632,2.1540488459783123,88.55400085449219,87.5099998474121,87.82133305867514,84.45066617329915,81.02069953918458,88.28727159366399,87.85810010035674,86.9722766319049,84.8311640566322,82.3337721323751,87.75500152918065,87.20443602890688,0.5505655002737626,0.4385325712459502,0.4883037895721786,-0.4883037895721786,0.4883037895721786,0.4883037895721786,-0.4883037895721786,0.4883037895721786,0.4883037895721786,0.4883037895721786,0.4883037895721786,0.9500045776367188,1.238500213623047,89.2699966430664,86.62950149536132,86.8750015258789,87.12050155639649,1.0,1.0399128513499125,-1.3222773794516736,1.0,-1.3222773794516736,1.056337811075534,1.0,-1.3222773794516736,1.0299482408426763,1.0,1.3222773794516736,0.0,0.0,0.0,0.0,0.0,0.0,0.0,-1.3222773794516736,1
2024-01-29,88.05999755859375,88.51000213623047,87.55999755859375,88.48999786376953,88.48999786376953,1137500.0,0.4883037895721786,0.8658521284663963,0.9629677198062222,0.9443784720689018,2.14007424835177,88.52799987792969,87.69199981689454,87.78633295694986,84.71249949137369,81.11069953918457,88.35484701703251,87.97299060279542,87.07019413073489,84.95112582080064,82.45567759240271,87.86807788834817,87.2996628314893,0.5684150568588677,0.4645090683685338,0.5198317274013561,-0.5198317274013561,0.5198317274013561,0.5198317274013561,-0.5198317274013561,0.5198317274013561,0.5198317274013561,0.5198317274013561,0.5198317274013561,1.0699996948242188,1.2415000915527343,88.51000213623047,86.5452961730957,86.79299621582031,87.04069625854493,1.0,1.0362854771613625,0.4883037895721786,1.0,0.4883037895721786,1.0559635997552868,1.0,0.4883037895721786,1.0196841078943657,1.0,0.4883037895721786,0.0,0.0,1.0,0.009246423,0.009246423,0.957679987,0.957679987,0.4883037895721786,1
2024-01-30,88.94999694824219,89.75,88.68000030517578,88.94999694824219,88.94999694824219,1696300.0,0.5198317274013561,0.842388199894956,0.8942598966279302,0.9506891095565672,2.139435082862931,88.68599853515624,87.99099960327149,87.77766621907553,84.97249946594238,81.20099952697754,88.55323032743574,88.15062812014938,87.1914717318644,85.08223634956921,82.58427797568665,88.0345269744857,87.42190980310063,0.6126171713850681,0.4941306889718406,-1.967397481776511,-1.967397481776511,-1.967397481776511,-1.967397481776511,1.967397481776511,-1.967397481776511,-1.967397481776511,-1.967397481776511,-1.967397481776511,1.5400009155273438,1.256500244140625,89.75,85.77870193481445,86.027001953125,86.27530197143555,0.0,1.0330126425698174,0.5198317274013561,1.0,0.5198317274013561,1.0557877827246263,1.0,0.5198317274013561,0.9406438841453044,-1.0,0.5198317274013561,0.0,0.0,0.0,0.0,0.0,0.0,0.0,0.5198317274013561,1
2024-01-31,88.5,88.6500015258789,87.11000061035156,87.19999694824219,87.19999694824219,1649300.0,-1.967397481776511,1.2206806997017772,1.1274552123767718,0.9212022633075914,2.150196815839127,88.38799743652343,88.16799926757812,87.72033284505208,85.18033269246419,81.28439949035645,88.10215253437123,87.97778608889351,87.19202174582426,85.1516711232962,82.67567835138082,87.906137739679,87.40547181385186,0.5006659258271355,0.4954377363428996,0.2866972577400298,0.2866972577400298,0.2866972577400298,0.2866972577400298,-0.2866972577400298,0.2866972577400298,0.2866972577400298,0.2866972577400298,0.2866972577400298,1.1999969482421875,1.2625003814697269,88.6500015258789,86.98569946289062,87.23699951171875,87.48829956054688,1.0,1.0298190917116787,-1.967397481776511,1.0,-1.967397481776511,1.054627231182168,1.0,-1.967397481776511,1.2238953998317654,1.0,1.967397481776511,0.0,0.0,0.0,0.0,0.0,0.0,0.0,-1.967397481776511,1
2024-02-01,87.04000091552734,87.66999816894531,86.47000122070312,87.44999694824219,87.44999694824219,942200.0,0.2866972577400298,1.1634058043953777,1.0735384664666283,0.922527031326238,2.143552387720482,88.02999725341797,88.26699905395508,87.64533284505208,85.37283261617024,81.36799949645996,87.88476733899489,87.8818244269569,87.20866530727059,85.22702606837639,82.77021931369491,87.8359622333041,87.40876997195485,0.4271922613492478,0.4817886413441693,-0.4459684428339786,0.4459684428339786,0.4459684428339786,0.4459684428339786,-0.4459684428339786,0.4459684428339786,0.4459684428339786,0.4459684428339786,-0.4459684428339786,1.4499969482421875,1.2895004272460937,87.66999816894531,85.87250068664551,86.12500076293945,86.37750083923339,1.0,1.026618540807927,0.2866972577400298,1.0,0.2866972577400298,1.053623707057658,1.0,0.2866972577400298,1.1636932360922738,1.0,0.2866972577400298,0.0,0.0,0.0,0.0,0.0,0.0,0.0,0.2866972577400298,1
2024-02-02,87.41000366210938,88.37999725341797,86.93000030517578,87.83999633789062,87.83999633789062,857300.0,0.4459684428339786,1.078208289621154,0.9588519989246684,0.9221108116027736,2.143152312292393,87.98599700927734,88.26999893188477,87.55233281453451,85.57316589355469,81.4610994720459,87.86984367196014,87.87421931985392,87.24939634150415,85.3126972247539,82.8706109379364,87.83658286477896,87.44071266572787,0.3958701990510889,0.4646049528855532,0.7285967854399462,-0.7285967854399462,-0.7285967854399462,-0.7285967854399462,0.7285967854399462,0.7285967854399462,-0.7285967854399462,-0.7285967854399462,0.7285967854399462,1.2699966430664062,1.2790000915527344,88.37999725341797,84.83309722900391,85.09099731445312,85.34889739990234,0.0,1.0231283592270237,-0.4459684428339786,1.0,0.4459684428339786,1.0528388213144357,1.0,0.4459684428339786,1.0398446551754803,1.0,0.4459684428339786,0.0,0.0,0.0,0.0,0.0,0.0,0.0,0.4459684428339786,1
2024-02-05,87.62000274658203,87.68000030517578,86.41000366210938,87.19999694824219,87.19999694824219,1341600.0,-0.7285967854399462,1.064903481129472,0.9253798023284044,0.89631734128144,2.145828696290223,87.72799682617188,88.12799835205078,87.49466603597006,85.76649920145671,81.54989944458008,87.64656143072082,87.75163343410634,87.24620928387435,85.37457590421253,82.95634135398207,87.73864656992714,87.42288187184005,0.3157646980870936,0.4348369019258614,-0.4587173622452398,0.4587173622452398,0.4587173622452398,0.4587173622452398,-0.4587173622452398,-0.4587173622452398,0.4587173622452398,0.4587173622452398,-0.4587173622452398,1.1200027465820312,1.215000534057617,87.68000030517578,85.56619705200195,85.8219970703125,86.07779708862304,1.0,1.0201496720818004,0.7285967854399462,1.0,-0.7285967854399462,1.051712356884051,1.0,-0.7285967854399462,1.0324242985251346,1.0,-0.7285967854399462,0.0,0.0,0.0,0.0,0.0,0.0,0.0,-0.7285967854399462,1
2024-02-06,87.62999725341797,87.88999938964844,86.7699966430664,87.5999984741211,87.5999984741211,1122300.0,0.4587173622452398,1.0535938424980358,0.934545624988574,0.87261403753541,2.1459774122320705,87.45799713134765,88.07199783325196,87.42966588338216,85.96366589864095,81.64619941711426,87.63104044518758,87.72406344138174,87.26903439292253,85.44754057863577,83.04829496032146,87.71731609364929,87.43600162015716,0.2813144734921309,0.4041324162391153,0.4223688625939925,-0.4223688625939925,-0.4223688625939925,-0.4223688625939925,0.4223688625939925,0.4223688625939925,-0.4223688625939925,-0.4223688625939925,0.4223688625939925,1.19000244140625,1.2115005493164062,87.88999938964844,85.00699913024903,85.24999923706055,85.49299934387207,0.0,1.0170537164674869,-0.4587173622452398,1.0,0.4587173622452398,1.050822710262958,1.0,0.4587173622452398,1.0709724858748342,1.0,0.4587173622452398,0.0,0.0,0.0,0.0,0.0,0.0,0.0,0.4587173622452398,1
2024-02-07,87.88999938964844,87.9800033569336,86.79000091552734,87.2300033569336,87.2300033569336,1229500.0,-0.4223688625939925,0.5478199536306221,0.9098408231248372,0.880294452624834,2.147663640229425,87.46399841308593,87.92599792480469,87.35733261108399,86.15383262634278,81.73299942016601,87.49736141576959,87.63423433511844,87.26651626156841,85.50598198120291,83.13110106718507,87.64234490338534,87.420742489548,0.2216024138373313,0.3676264157587585,-1.9374008333995865,1.9374008333995865,1.9374008333995865,1.9374008333995865,-1.9374008333995865,-1.9374008333995865,1.9374008333995865,1.9374008333995865,-1.9374008333995865,2.290000915527344,1.2800006866455078,87.9800033569336,85.22469818115235,85.46699829101563,85.70929840087891,1.0,1.0139691984448436,0.4223688625939925,1.0,-0.4223688625939925,1.0497457045713996,1.0,-0.4223688625939925,1.0335641902682708,1.0,-0.4223688625939925,0.0,0.0,0.0,0.0,0.0,0.0,0.0,-0.4223688625939925,1
2024-02-08,87.4800033569336,89.48999786376953,87.19999694824219,88.91999816894531,88.91999816894531,1385800.0,1.9374008333995865,1.036834382949385,1.1091932400492417,0.9665950061015796,2.150115453503396,87.75799865722657,87.89399795532226,87.34199930826823,86.35016593933105,81.84499938964844,87.97157366682816,87.86800957763242,87.37319251365724,85.61791693817807,83.2457326929625,87.83890694424072,87.53179846579967,0.3071084784410516,0.3555228282952171,-1.0458843053604303,1.0458843053604303,1.0458843053604303,1.0458843053604303,-1.0458843053604303,1.0458843053604303,1.0458843053604303,1.0458843053604303,-1.0458843053604303,1.55999755859375,1.278000640869141,89.48999786376953,85.16400184631348,85.42000198364258,85.67600212097167,1.0,1.0114861779146322,-1.9374008333995865,1.0,1.9374008333995865,1.0495816384476806,1.0,1.9374008333995865,1.147526350795854,1.0,1.9374008333995865,0.0,0.0,0.0,0.0,0.0,0.0,0.0,1.9374008333995865,1
2024-02-09,89.06999969482422,90.33999633789062,88.77999877929688,89.8499984741211,89.8499984741211,1405500.0,1.0458843053604303,1.0859668903090156,1.054159826692075,0.987257542638731,2.1500201983750005,88.15999908447266,88.072998046875,87.3836659749349,86.56866594950358,81.9817993927002,88.59771526925914,88.22837119517581,87.5329864465904,85.75667370984833,83.37651023318347,88.1483056411454,87.70351698493458,0.4447886562108181,0.3733759938783373,0.9015082935383484,0.9015082935383484,0.9015082935383484,0.9015082935383484,-0.9015082935383484,0.9015082935383484,0.9015082935383484,0.9015082935383484,0.9015082935383484,1.1199951171875,1.2735000610351563,90.33999633789062,86.67839645385742,86.93399658203126,87.18959671020508,1.0,1.0094144921432278,-1.0458843053604303,1.0,1.0458843053604303,1.049851885162647,1.0,1.0458843053604303,1.0677657867009336,1.0,1.0458843053604303,0.0,0.0,0.0,0.0,0.0,0.0,0.0,1.0458843053604303,1
2024-02-12,89.95999908447266,90.9499969482422,89.83000183105469,90.66000366210938,90.66000366210938,1461600.0,0.9015082935383484,0.8622440833648227,1.074340730567847,0.9931331714206384,2.1309526937945376,88.8520004272461,88.28999862670898,87.46533279418945,86.7679993947347,82.12799942016602,89.28514473354255,88.67048618916373,87.73472949275292,85.9174386263159,83.52073782583547,88.5347207212937,87.92251599805864,0.6122047232350525,0.4211417397496803,-3.772342444509748,-3.772342444509748,-3.772342444509748,-3.772342444509748,3.772342444509748,-3.772342444509748,-3.772342444509748,-3.772342444509748,-3.772342444509748,2.529998779296875,1.3294998168945311,90.9499969482422,87.53829620361329,87.79299621582031,88.04769622802735,0.0,1.0080367578406684,0.9015082935383484,1.0,0.9015082935383484,1.0504544353487972,1.0,0.9015082935383484,1.0817690532187585,1.0,0.9015082935383484,0.0,0.0,0.0,0.0,0.0,0.0,0.0,0.9015082935383484,1
2024-02-13,88.94000244140625,89.0999984741211,86.56999969482422,87.23999786376953,87.23999786376953,1312200.0,-3.772342444509748,2.238853854636846,1.654382579852183,1.3223133068736148,2.1935080522218606,88.78000030517578,88.11899871826172,87.43466593424479,86.9066660563151,82.23959938049316,88.60342911028488,88.4103974027284,87.70281132314109,85.9608012242652,83.59438653945793,88.33553258936689,87.87195909922241,0.4635734901444834,0.429628089828641,0.596061766614157,0.596061766614157,0.596061766614157,0.596061766614157,-0.596061766614157,0.596061766614157,0.596061766614157,0.596061766614157,0.596061766614157,0.8899993896484375,1.314499664306641,89.0999984741211,88.02509735107422,88.29099731445312,88.55689727783204,1.0,1.0060754819151334,-3.772342444509748,1.0,-3.772342444509748,1.04914713719137,1.0,-3.772342444509748,1.251127528742556,1.0,-3.772342444509748,1.0,0.0,0.0,0.991041124,0.991041124,0.006368604,0.006368604,-3.772342444509748,1
2024-02-14,87.86000061035156,88.26000213623047,87.37000274658203,87.76000213623047,87.76000213623047,1536100.0,0.596061766614157,2.244190959812344,1.5416669982370483,1.3163683829164678,2.1609767460573703,88.88600006103516,88.17499923706055,87.48633270263672,87.0894994099935,82.35819938659668,88.32228678560008,88.29214371791059,87.70650105301783,86.01979141810011,83.67687397701778,88.24698944273051,87.86366599085264,0.383323451877871,0.420367162238487,-0.5583471755201459,-0.5583471755201459,-0.5583471755201459,-0.5583471755201459,0.5583471755201459,-0.5583471755201459,-0.5583471755201459,-0.5583471755201459,0.5583471755201459,2.1300048828125,1.3479999542236327,88.26000213623047,86.20809921264649,86.47099914550782,86.73389907836913,0.0,1.0045566146932943,0.596061766614157,1.0,0.596061766614157,1.0481569982777657,1.0,0.596061766614157,1.171151645880025,1.0,0.596061766614157,0.0,0.0,1.0,0.005204839,0.005204839,0.954598725,0.954598725,0.596061766614157,1
2024-02-15,87.77999877929688,88.58000183105469,86.44999694824219,87.2699966430664,87.2699966430664,1684300.0,-0.5583471755201459,2.010308305285556,1.5518933345558883,1.300416677705382,2.161397507947756,88.55599975585938,88.15699920654296,87.51833267211914,87.25199940999349,82.47069938659668,87.97152340475553,88.10629879521164,87.67833947818227,86.0607817533449,83.74802492089992,88.0966828581668,87.81969048360921,0.2769923745575937,0.3916922047023083,-1.7875531323487126,-1.7875531323487126,-1.7875531323487126,-1.7875531323487126,1.7875531323487126,1.7875531323487126,-1.7875531323487126,-1.7875531323487126,1.7875531323487126,1.8700027465820312,1.3585002899169922,88.58000183105469,85.29440223693848,85.5640022277832,85.83360221862793,0.0,1.0030524602751414,0.5583471755201459,1.0,-0.5583471755201459,1.0469302357995252,1.0,-0.5583471755201459,1.1933815992688153,1.0,-0.5583471755201459,0.0,0.0,0.0,0.0,0.0,0.0,0.0,-0.5583471755201459,1
2024-02-16,87.26000213623047,87.51000213623047,85.63999938964844,85.70999908447266,85.70999908447266,1195500.0,-1.7875531323487126,1.9128217961451357,1.6374104937824052,1.3117666555813106,2.1763712576085354,87.72799987792969,87.94399948120117,87.5066660563151,87.38149935404459,82.5726993560791,87.21768196466124,87.67060793871364,87.5513497753623,86.04928068223433,83.78687589443602,87.72950073913692,87.66341704663613,0.066083692500797,0.3265705022620061,0.2916812538448508,-0.2916812538448508,-0.2916812538448508,-0.2916812538448508,0.2916812538448508,0.2916812538448508,-0.2916812538448508,-0.2916812538448508,0.2916812538448508,1.1200027465820312,1.37550048828125,87.51000213623047,85.5913011932373,85.86300125122071,86.1347013092041,0.0,1.001432416509167,1.7875531323487126,1.0,-1.7875531323487126,1.0449291591402594,1.0,-1.7875531323487126,1.2482482969174005,1.0,-1.7875531323487126,0.0,0.0,0.0,0.0,0.0,0.0,0.0,-1.7875531323487126,1
2024-02-20,85.2699966430664,85.93000030517578,84.80999755859375,85.45999908447266,85.45999908447266,1546400.0,-0.2916812538448508,1.6895142825131368,1.6285209411706152,1.2892411915220134,2.1745166882510185,86.68799896240235,87.76999969482422,87.51966603597005,87.51533266703288,82.67879936218262,86.63178767126504,87.26867905612437,87.41642392433717,86.02995997411098,83.82000704671397,87.38034663841934,87.50020090129068,-0.1198542628713426,0.2372855492353364,1.0063194705882197,-1.0063194705882197,-1.0063194705882197,-1.0063194705882197,1.0063194705882197,1.0063194705882197,1.0063194705882197,-1.0063194705882197,1.0063194705882197,1.25,1.3920001983642578,85.93000030517578,84.48390106201173,84.75900115966797,85.03410125732422,0.0,1.000049515539793,0.2916812538448508,1.0,-0.2916812538448508,1.042906425379073,1.0,-0.2916812538448508,1.2631623561826046,1.0,-0.2916812538448508,0.0,0.0,0.0,0.0,0.0,0.0,0.0,-0.2916812538448508,1
2024-02-21,85.05000305175781,85.05000305175781,83.80000305175781,84.5999984741211,84.5999984741211,1367900.0,-1.0063194705882197,0.8806644355025403,1.6296477832065508,1.300670144462067,2.178738564082004,86.15999908447266,87.46999969482422,87.47366587320964,87.62549934387206,82.7752993774414,85.9545246055504,86.78346440485105,87.2347190565813,85.98307599050474,83.8354524215141,86.95260076698884,87.28537109187072,-0.3327703248818778,0.1232743744118935,-1.6903077198201302,-1.6903077198201302,-1.6903077198201302,1.6903077198201302,-1.6903077198201302,-1.6903077198201302,-1.6903077198201302,1.6903077198201302,-1.6903077198201302,1.30999755859375,1.4005001068115237,85.05000305175781,82.86759986877442,83.14599990844727,83.42439994812011,1.0,0.998267245587194,1.0063194705882197,-1.0,-1.0063194705882197,1.0405468872282828,1.0,-1.0063194705882197,1.2529293381148092,1.0,-1.0063194705882197,0.0,0.0,0.0,0.0,0.0,0.0,0.0,-1.0063194705882197,1
2024-02-22,85.66000366210938,86.58999633789062,85.27999877929688,86.02999877929688,86.02999877929688,1738400.0,1.6903077198201302,1.2940913242193617,1.749696562557426,1.357441495076667,2.1874298723535874,85.81399841308594,87.34999923706054,87.47233250935872,87.75366605122885,82.87309936523438,85.9796826634659,86.64647065475027,87.15699516772425,85.9846144425963,83.87890878503455,86.81066199965161,87.19238055019858,-0.3817185505469638,0.022275789420122,-1.592470958992647,-1.592470958992647,-1.592470958992647,1.592470958992647,-1.592470958992647,-1.592470958992647,-1.592470958992647,1.592470958992647,-1.592470958992647,1.6200027465820312,1.455500030517578,86.58999633789062,81.96890281677246,82.24900283813477,82.52910285949707,1.0,0.996794053689952,-1.6903077198201302,-1.0,-1.6903077198201302,1.0390811758303962,1.0,1.6903077198201302,1.2889664629403457,1.0,1.6903077198201302,0.0,0.0,0.0,0.0,0.0,0.0,0.0,1.6903077198201302,1
2024-02-23,86.58999633789062,87.58000183105469,85.95999908447266,87.4000015258789,87.4000015258789,1602700.0,1.592470958992647,1.555508554181928,1.7074214983507932,1.402875005949934,2.1939747782766585,85.83999938964844,87.1979995727539,87.4969991048177,87.90883280436198,82.98829940795899,86.45312228427024,86.78347626768276,87.1726729972826,86.03102057647442,83.94863339376414,86.9013296190712,87.20775988173047,-0.3064302626592621,-0.0434654209957547,-0.0343235455070243,-0.0343235455070243,-0.0343235455070243,0.0343235455070243,-0.0343235455070243,-0.0343235455070243,-0.0343235455070243,0.0343235455070243,-0.0343235455070243,1.0800018310546875,1.428000259399414,87.58000183105469,83.38789627075195,83.67899627685547,83.97009628295899,1.0,0.9953152182049693,-1.592470958992647,-1.0,-1.592470958992647,1.0384049087302707,1.0,1.592470958992647,1.217087403445926,1.0,1.592470958992647,0.0,0.0,0.0,0.0,0.0,0.0,0.0,1.592470958992647,1
2024-02-26,87.4000015258789,88.12000274658203,87.04000091552734,87.43000030517578,87.43000030517578,1254300.0,0.0343235455070243,1.1912897114110352,1.6573370117119115,1.3728716253182287,2.1939626593726853,86.18399963378906,86.95599975585938,87.5129992167155,88.06416613260905,83.10459938049317,86.77874829123876,86.90102609268148,87.18927475908217,86.07688876430069,84.01757135240595,86.9826635707796,87.224222135319,-0.2415585645394031,-0.0830840497044844,0.297383204075177,0.297383204075177,0.297383204075177,-0.297383204075177,0.297383204075177,0.297383204075177,0.297383204075177,-0.297383204075177,0.297383204075177,0.9599990844726562,1.428499984741211,88.12000274658203,84.43840126037598,84.72400131225587,85.00960136413575,0.0,0.9937413031872284,-0.0343235455070243,-1.0,-0.0343235455070243,1.0377504771397488,1.0,0.0343235455070243,1.2072046512926833,1.0,0.0343235455070243,0.0,0.0,0.0,0.0,0.0,0.0,0.0,0.0343235455070243,1
2024-02-27,87.7300033569336,87.94000244140625,86.9800033569336,87.16999816894531,87.16999816894531,1301200.0,-0.297383204075177,1.1921243796616097,1.6065518251269195,1.3685890317002996,1.1086292700861389,86.5259994506836,86.60699920654297,87.52966588338217,88.02466608683268,83.2276993560791,86.90916491714094,86.94993010654763,87.1880311081056,86.11272841691199,84.07999564580277,87.0114842781897,87.22020554521724,-0.208721267027542,-0.1082114931690959,-0.9865786720389556,-0.9865786720389556,-0.9865786720389556,0.9865786720389556,-0.9865786720389556,-0.9865786720389556,-0.9865786720389556,0.9865786720389556,-0.9865786720389556,1.9499969482421875,1.4724998474121094,87.94000244140625,84.97730278015136,85.26300277709962,85.54870277404785,1.0,0.994376573914382,0.297383204075177,-1.0,0.297383204075177,1.0369652191158027,1.0,-0.297383204075177,1.1738745437196594,1.0,-0.297383204075177,0.0,0.0,0.0,0.0,0.0,0.0,0.0,-0.297383204075177,1
2024-02-28,86.55000305175781,88.37999725341797,86.43000030517578,88.02999877929688,88.02999877929688,1853900.0,0.9865786720389556,0.9008290702241296,1.1217217058839726,1.3830105365335248,1.0823402712793158,87.21199951171874,86.68599929809571,87.59866587320964,87.96866607666016,83.35469932556153,87.28277620452626,87.14630622886565,87.24235160302118,86.17558974026888,84.15821352963434,87.16817881682157,87.28019022922314,-0.1120114124015714,-0.108971477015591,1.238218769056153,-1.238218769056153,-1.238218769056153,1.238218769056153,-1.238218769056153,1.238218769056153,-1.238218769056153,1.238218769056153,-1.238218769056153,1.1700057983398438,1.4540000915527345,88.37999725341797,84.70050277709962,84.99500274658203,85.28950271606445,1.0,0.995793954598242,-0.9865786720389556,-1.0,-0.9865786720389556,1.0366469052043368,1.0,0.9865786720389556,0.8110724222647898,-1.0,0.9865786720389556,0.0,0.0,0.0,0.0,0.0,0.0,0.0,0.9865786720389556,1
2024-02-29,89.66000366210938,89.66000366210938,88.48999786376953,89.12000274658203,89.12000274658203,4798300.0,1.238218769056153,0.8070969383511754,1.170844882024603,1.3330772123971824,1.0951196794610214,87.83000030517579,86.82199935913086,87.72166595458984,87.93266614278157,83.49069938659667,87.89518505187819,87.50516014117773,87.36349038647673,86.2721278716234,84.25646678145509,87.4684594214001,87.41647263791639,0.0519867834837128,-0.0767798249157302,18.166510674431844,-18.166510674431844,-18.166510674431844,18.166510674431844,-18.166510674431844,18.166510674431844,18.166510674431844,18.166510674431844,18.166510674431844,7.550003051757798,1.771500396728515,89.66000366210938,85.18119705200195,85.4719970703125,85.76279708862305,1.0,0.9976004345433003,-1.238218769056153,-1.0,-1.238218769056153,1.0368757879805315,1.0,1.238218769056153,0.8783023752383794,-1.0,-1.238218769056153,0.0,0.0,0.0,0.0,0.0,0.0,0.0,1.238218769056153,1
2024-03-01,105.879997253418,112.4800033569336,104.9300003051758,105.3099975585938,105.3099975585938,12903300.0,18.166510674431844,7.930778192700268,5.783040037994033,4.252054530737101,2.586780832045789,91.41199951171876,88.6259994506836,88.34999923706054,88.18266614278157,83.78909934997559,93.70012255411672,90.74240330798064,88.52132955887137,86.89632032037652,84.67336838100239,90.21331144250682,88.74191892833694,1.471392514169878,0.2328546429013913,-1.8801593138746853,-1.8801593138746853,-1.8801593138746853,-1.8801593138746853,1.8801593138746853,-1.8801593138746853,-1.8801593138746853,-1.8801593138746853,-1.8801593138746853,4.550003051757798,1.9265007019042957,112.4800033569336,85.76270278930664,86.11700286865235,86.47130294799805,0.0,1.0018975735436264,18.166510674431844,1.0,-18.166510674431844,1.0454447632289106,1.0,18.166510674431844,1.3600578252677145,1.0,-18.166510674431844,0.0,1.0,2.0,0.002459643,0.0021725375,0.997139096,0.9957722425,18.166510674431844,1
2024-03-04,106.0,107.5100021362305,102.9599990844727,103.3300018310547,103.3300018310547,4380400.0,-1.8801593138746853,8.212853000744175,5.789907088844707,4.299881038390531,2.6018566973749127,94.59199981689454,90.3879997253418,88.86733271280924,88.39516614278158,84.06209938049317,96.91008231309608,93.0310575849032,89.47672776997999,87.43512955023482,85.04280666714205,92.23126380997572,89.8225176618716,2.408746148104129,0.6680329439419389,-0.6290540156397785,-0.6290540156397785,-0.6290540156397785,-0.6290540156397785,0.6290540156397785,-0.6290540156397785,-0.6290540156397785,-0.6290540156397785,-0.6290540156397785,2.139999389648395,1.970000839233395,107.5100021362305,108.24170181274414,108.627001953125,109.01230209350588,0.0,1.0053415428765073,-1.8801593138746853,1.0,-1.8801593138746853,1.0521375208157502,1.0,-1.8801593138746853,1.3465272729991389,1.0,-1.8801593138746853,0.0,1.0,2.0,0.003464725,0.0018374936666666,0.99843806,0.6730049096666667,-1.8801593138746853,1
2024-03-05,103.4199981689453,103.6999969482422,101.5599975585938,102.6800003051758,102.6800003051758,2884200.0,-0.6290540156397785,8.253869978582266,5.805855946945441,4.2979597880843095,2.596489879010618,97.69400024414064,92.10999984741213,89.3359992980957,88.61649945576985,84.32889938354492,98.83338831045596,94.78541080677095,90.32855180450876,87.93496137826567,85.39205802631103,93.8387617323142,90.77492378359784,3.063837948716369,1.147193944896825,2.064669595131604,2.064669595131604,2.064669595131604,2.064669595131604,-2.064669595131604,2.064669595131604,2.064669595131604,2.064669595131604,2.064669595131604,4.0,2.114000701904293,103.6999969482422,103.17600028991704,103.57000045776373,103.96400062561038,1.0,1.0081192537139765,-0.6290540156397785,1.0,-0.6290540156397785,1.057809752947712,1.0,-0.6290540156397785,1.3508399876242754,1.0,-0.6290540156397785,0.0,0.0,0.0,0.0,0.0,0.0,0.0,-0.6290540156397785,1
2024-03-06,103.879997253418,106.370002746582,102.370002746582,104.8000030517578,104.8000030517578,2712500.0,2.064669595131604,8.183079125804987,5.710214869023453,4.304275926239431,2.605515978279401,101.04800109863282,94.13000030517578,89.89066594441732,88.87849947611491,84.60639938354493,100.82225989088992,96.60624576040492,91.26219382046033,88.4879135642818,85.77637376938918,95.52510655069014,91.81381854420226,3.7112880064878766,1.6600127572150352,-0.5248120570055396,-0.5248120570055396,-0.5248120570055396,-0.5248120570055396,0.5248120570055396,-0.5248120570055396,-0.5248120570055396,-0.5248120570055396,-0.5248120570055396,2.1500015258789062,2.162000656127926,106.370002746582,99.04919540405275,99.4719955444336,99.89479568481448,0.0,1.0113882038318438,2.064669595131604,1.0,2.064669595131604,1.0639549075112436,1.0,2.064669595131604,1.3266377357950576,1.0,2.064669595131604,0.0,0.0,0.0,0.0,0.0,0.0,0.0,2.064669595131604,1
2024-03-07,105.5199966430664,105.7900009155273,103.6399993896484,104.25,104.25,2354700.0,-0.5248120570055396,8.356773885632402,5.778901269233971,4.3060937194877065,2.6076892524255317,104.0740005493164,95.95200042724608,90.40933252970378,89.1261661529541,84.88959938049317,101.96483992725994,97.99601925851312,92.10011679978544,89.00470328348567,86.14218815019335,96.86739785058396,92.73501717055764,4.132380680026301,2.1544863417772886,-0.9496382386278204,-0.9496382386278204,-0.9496382386278204,-0.9496382386278204,0.9496382386278204,-0.9496382386278204,-0.9496382386278204,-0.9496382386278204,-0.9496382386278204,2.5500030517577983,2.1750007629394488,105.7900009155273,101.61360130310057,102.04600143432614,102.47840156555174,0.0,1.014397190321724,-0.5248120570055396,1.0,-0.5248120570055396,1.0691638879570151,1.0,-0.5248120570055396,1.342028679747705,1.0,-0.5248120570055396,0.0,0.0,0.0,0.0,0.0,0.0,0.0,-0.5248120570055396,1
2024-03-08,104.7799987792969,105.8000030517578,103.25,103.2600021362305,103.2600021362305,1630900.0,-0.9496382386278204,1.4692090898845982,5.857866150118965,4.3205110595632,2.612514310621714,103.66400146484376,97.53800048828126,90.87666600545248,89.35133285522461,85.17259941101074,102.39656066358349,98.95310705446173,92.82010940213677,89.47209013111664,86.48115476377824,97.85087543299112,93.5146456865334,4.336229746457704,2.590835022713372,-0.4745356217576179,-0.4745356217576179,-0.4745356217576179,-0.4745356217576179,0.4745356217576179,-0.4745356217576179,-0.4745356217576179,-0.4745356217576179,-0.4745356217576179,1.4899978637696023,2.1715007781982414,105.8000030517578,101.00499923706052,101.4399993896484,101.8749995422363,0.0,1.0170711851909289,-0.9496382386278204,1.0,-0.9496382386278204,1.073298681726363,1.0,-0.9496382386278204,1.355827139280877,1.0,-0.9496382386278204,0.0,1.0,2.0,0.134656698,0.0515320193333333,0.9298985,0.6316080886666666,-0.9496382386278204,1
2024-03-11,102.8499984741211,103.3600006103516,101.870002746582,102.7699966430664,102.7699966430664,1635900.0,-0.4745356217576179,1.2255900830463176,5.877288338157288,4.329896374796309,2.601309852178739,103.5520004272461,99.07200012207032,91.36699930826823,89.59416618347169,85.44079940795899,102.52103932341112,99.64708697966256,93.462037611229,89.90808706593467,86.80370608812058,98.60766331146424,94.2002272388692,4.407436072595061,2.95415523268971,-0.2335291151200935,-0.2335291151200935,-0.2335291151200935,-0.2335291151200935,0.2335291151200935,-0.2335291151200935,-0.2335291151200935,-0.2335291151200935,-0.2335291151200935,2.0400009155274006,2.2175010681152365,103.3600006103516,101.02270133972166,101.45700149536133,101.89130165100096,0.0,1.0197873723291997,-0.4745356217576179,1.0,-0.4745356217576179,1.0767056134256419,1.0,-0.4745356217576179,1.3573739021488183,1.0,-0.4745356217576179,0.0,0.0,0.0,0.0,0.0,0.0,0.0,-0.4745356217576179,1
2024-03-12,103.7200012207031,103.9599990844727,101.9199981689453,102.5299987792969,102.5299987792969,1747600.0,-0.2335291151200935,1.195516981373212,5.874826774835736,4.335309288278641,2.597059104742304,103.52200012207032,100.60800018310547,91.8349993387858,89.81066614786783,85.6968994140625,102.5240258087064,100.17125276141424,94.04706736400756,90.32192023686456,87.11511782457951,99.21109953728468,94.81724735297496,4.393852184309722,3.2420946230137124,0.6437176143247544,0.6437176143247544,0.6437176143247544,0.6437176143247544,-0.6437176143247544,0.6437176143247544,0.6437176143247544,0.6437176143247544,0.6437176143247544,1.6899948120117043,2.175500869750978,103.9599990844727,98.48149826049809,98.92499847412114,99.36849868774418,1.0,1.0225400086397871,-0.2335291151200935,1.0,-0.2335291151200935,1.079572291383301,1.0,-0.2335291151200935,1.3551113390501301,1.0,-0.2335291151200935,0.0,0.0,0.0,0.0,0.0,0.0,0.0,-0.2335291151200935,1
2024-03-13,102.7900009155273,103.1999969482422,101.5100021362305,103.1900024414062,103.1900024414062,2420900.0,0.6437176143247544,0.5911330754400349,5.8809458809650295,4.206170025272386,2.596218464770531,103.2,102.1240005493164,92.30966618855794,90.04366620381673,85.97109947204589,102.74601801960634,100.7201163395946,94.63693414319458,90.7438245714397,87.43343237144737,99.82323844561104,95.43745143359948,4.385787012011576,3.4708331008132856,-1.0272363241682183,-1.0272363241682183,-1.0272363241682183,-1.0272363241682183,1.0272363241682183,-1.0272363241682183,-1.0272363241682183,-1.0272363241682183,-1.0272363241682183,1.6599960327149006,2.2140007019043013,103.1999969482422,99.17389717102054,99.60899734497076,100.04409751892094,0.0,1.0251655677769944,0.6437176143247544,1.0,0.6437176143247544,1.0823884134062616,1.0,0.6437176143247544,1.398171221236875,1.0,0.6437176143247544,0.0,0.0,0.0,0.0,0.0,0.0,0.0,0.6437176143247544,1
2024-03-14,103.0100021362305,103.2099990844727,101.5500030517578,102.129997253418,102.129997253418,2007900.0,-1.0272363241682183,0.6741294992663872,5.945792113645512,4.228333168908438,2.600540080115065,102.7759994506836,103.425,92.80733286539711,90.2638328552246,86.2419994354248,102.54067776421024,100.97645832392612,95.1203575696606,91.11714170855376,87.72445345821906,100.17812441604288,95.93319556840083,4.244928847642044,3.6256522501790376,-0.2154129311853416,0.2154129311853416,0.2154129311853416,0.2154129311853416,-0.2154129311853416,0.2154129311853416,0.2154129311853416,0.2154129311853416,0.2154129311853416,1.3499984741210938,2.1750003814697307,103.2099990844727,98.32919540405274,98.7719955444336,99.21479568481446,1.0,1.028178506603548,-1.0272363241682183,1.0,-1.0272363241682183,1.0843083521171668,1.0,-1.0272363241682183,1.406178717742917,1.0,-1.0272363241682183,0.0,0.0,0.0,0.0,0.0,0.0,0.0,-1.0272363241682183,1
2024-03-15,101.25,102.4199981689453,101.0699996948242,102.3499984741211,102.3499984741211,7019900.0,0.2154129311853416,0.6407367854804429,1.0742037878511943,4.218414440225546,2.599287770512656,102.59399871826172,103.12900009155274,93.30399958292644,90.47466621398924,86.52259941101075,102.47711800084718,101.22619289668884,95.58678601510968,91.48543209431004,88.01406821100919,100.51225888651646,96.4085143021579,4.103744584358566,3.721270717014944,0.5373672990355347,-0.5373672990355347,-0.5373672990355347,-0.5373672990355347,0.5373672990355347,-0.5373672990355347,-0.5373672990355347,-0.5373672990355347,-0.5373672990355347,1.2999954223633097,2.1465000152587947,102.4199981689453,98.4249982452393,98.85999832153324,99.2949983978272,0.0,1.031272106185452,0.2154129311853416,1.0,0.2154129311853416,1.086039856559582,1.0,0.2154129311853416,0.2546463376400162,-1.0,0.2154129311853416,1.0,0.0,0.0,0.572082043,0.572082043,0.425104618,0.425104618,0.2154129311853416,-1
2024-03-18,102.5999984741211,103.0599975585938,101.7600021362305,101.8000030517578,101.8000030517578,1542500.0,-0.5373672990355347,0.6486416579406845,0.9255235428845354,4.185998228553211,2.599161339601869,102.4,102.97600021362304,93.76933314005534,90.66083297729492,86.80789947509766,102.25141301781738,101.33052201579228,95.9876387271515,91.8236147486526,88.28705701973688,100.71037337347668,96.8078838391653,3.9024895343113712,3.757514480474229,-1.4832951488894237,1.4832951488894237,1.4832951488894237,1.4832951488894237,-1.4832951488894237,1.4832951488894237,1.4832951488894237,1.4832951488894237,1.4832951488894237,2.75,2.227999877929693,103.0599975585938,97.69769813537594,98.12699813842772,98.55629814147947,1.0,1.034287134374101,-0.5373672990355347,1.0,-0.5373672990355347,1.0872220908404857,1.0,-0.5373672990355347,0.22109984102989463,-1.0,0.5373672990355347,0.0,0.0,1.0,0.005486626,0.005486626,0.648197651,0.648197651,0.5373672990355347,1
2024-03-19,101.4400024414062,103.4100036621094,100.6600036621094,103.3099975585938,103.3099975585938,1574700.0,1.4832951488894237,0.9853826974211892,1.0371532449239675,4.177339295684684,2.5893186151194705,102.55599975585938,103.03899993896484,94.30633316040038,90.90049959818522,87.10259948730469,102.60427453140954,101.690426659938,96.46004897434132,92.20021746373264,88.58454099080335,101.1103155558024,97.2895218924563,3.82079366334608,3.7701703170486,-1.0938001253668477,1.0938001253668477,1.0938001253668477,1.0938001253668477,-1.0938001253668477,1.0938001253668477,1.0938001253668477,1.0938001253668477,1.0938001253668477,1.5199966430664062,2.2414997100830134,103.4100036621094,98.15839782714848,98.60399780273444,99.04959777832036,1.0,1.0374677100485723,1.4832951488894237,1.0,1.4832951488894237,1.0889038639863313,1.0,1.4832951488894237,0.24828082458979997,-1.0,-1.4832951488894237,0.0,0.0,1.0,0.008275307,0.008275307,0.601448596,0.601448596,1.4832951488894237,1
2024-03-20,103.0,104.4499969482422,102.9300003051758,104.4400024414062,104.4400024414062,1730200.0,1.0938001253668477,1.0589374498808373,0.8594967092220898,4.14982186185173,2.5909068011501653,102.80599975585938,103.00299987792968,94.86766662597655,91.14866625467936,87.42219947814941,103.21618383474176,102.19034952929589,96.97488468189393,92.60152188923011,88.89851052447865,101.6225750766645,97.81918711830444,3.8033879583600623,3.7768138453108926,-0.603214514258038,0.603214514258038,0.603214514258038,0.603214514258038,-0.603214514258038,0.603214514258038,0.603214514258038,0.603214514258038,0.603214514258038,1.1699981689452983,2.234499740600591,104.4499969482422,98.47870429992678,98.92700424194338,99.37530418395998,1.0,1.0408014787721183,1.0938001253668477,1.0,1.0938001253668477,1.090849375425603,1.0,1.0938001253668477,0.20711653122347906,-1.0,-1.0938001253668477,0.0,0.0,0.0,0.0,0.0,0.0,0.0,1.0938001253668477,1
2024-03-21,105.0,105.5400009155273,104.370002746582,105.0699996948242,105.0699996948242,1432200.0,0.603214514258038,0.784467680342793,0.8615197215070968,4.149254346802735,2.5905264174704694,103.39400024414064,103.0849998474121,95.46233317057292,91.40983289082844,87.7585994720459,103.83412245476926,102.71392228666464,97.49715016659908,93.0103244402332,89.21873803280234,102.15294809484293,98.3562843461948,3.796663748648129,3.780783825978341,-0.323590310153355,-0.323590310153355,-0.323590310153355,-0.323590310153355,0.323590310153355,-0.323590310153355,-0.323590310153355,-0.323590310153355,-0.323590310153355,1.0199966430664062,2.2044994354248098,105.5400009155273,99.5340975189209,99.98099746704102,100.42789741516114,0.0,1.0443333080433963,0.603214514258038,1.0,0.603214514258038,1.092787819199517,1.0,0.603214514258038,0.2076324200686691,-1.0,-0.603214514258038,0.0,0.0,0.0,0.0,0.0,0.0,0.0,0.603214514258038,1
2024-03-22,105.2600021362305,105.2799987792969,104.2600021362305,104.7300033569336,104.7300033569336,1040000.0,-0.323590310153355,0.8772152472074007,0.7987029347734252,4.158869783787383,2.5914528854584944,103.87000122070312,103.23199996948242,95.98933334350586,91.66566632588705,88.0877995300293,104.13274942215736,103.080482481259,97.96378585629807,93.39457620799384,89.52589180159701,102.54941813516456,98.8284116803236,3.721006454840975,3.768828351750868,0.1814139271667711,0.1814139271667711,0.1814139271667711,0.1814139271667711,-0.1814139271667711,0.1814139271667711,0.1814139271667711,0.1814139271667711,-0.1814139271667711,1.480003356933608,2.224499511718756,105.2799987792969,100.69010215759272,101.13100204467769,101.57190193176264,1.0,1.0471677912889157,-0.323590310153355,1.0,-0.323590310153355,1.0942508796606094,1.0,-0.323590310153355,0.19204807466851384,-1.0,0.323590310153355,0.0,0.0,0.0,0.0,0.0,0.0,0.0,-0.323590310153355,1
2024-03-25,104.5400009155273,105.5800018310547,104.0999984741211,104.9199981689453,104.9199981689453,1214100.0,0.1814139271667711,0.7162404880732286,0.7685994843035514,4.157234293102216,2.586973920750621,104.49400024414062,103.4470001220703,96.49166666666666,91.9376663208008,88.42519950866699,104.39516567108669,103.41493987902015,98.41257374743662,93.77245889523816,89.83072559104946,102.91412275574622,99.2796403091104,3.634482446635829,3.74195917072786,-0.1906185205228089,-0.1906185205228089,-0.1906185205228089,-0.1906185205228089,0.1906185205228089,-0.1906185205228089,-0.1906185205228089,-0.1906185205228089,0.1906185205228089,1.1399993896485086,2.2334995269775484,105.5800018310547,100.38609985351565,100.8309997558594,101.27589965820314,0.0,1.0495335647304278,-0.1814139271667711,1.0,0.1814139271667711,1.095533550463075,1.0,0.1814139271667711,0.18488240741659193,-1.0,-0.1814139271667711,0.0,0.0,0.0,0.0,0.0,0.0,0.0,0.1814139271667711,1
2024-03-26,105.4300003051758,105.7799987792969,104.6399993896484,104.7200012207031,104.7200012207031,1194300.0,-0.1906185205228089,0.5835247400376883,0.7659639498765789,4.1555624236788615,2.5859440490399503,104.77600097656249,103.66600036621094,96.96033325195312,92.21283302307128,88.74459953308106,104.50344418762548,103.65222375932612,98.81950455216352,94.13139470918784,90.12556273223072,103.19195021189344,99.6826300062654,3.509320205628029,3.6954313777078944,0.4774637071921178,0.4774637071921178,0.4774637071921178,0.4774637071921178,-0.4774637071921178,0.4774637071921178,0.4774637071921178,0.4774637071921178,-0.4774637071921178,1.25,2.198499679565439,105.7799987792969,100.66630287170408,101.1130027770996,101.55970268249511,1.0,1.0514841597773492,0.1906185205228089,1.0,-0.1906185205228089,1.0964647715516973,1.0,-0.1906185205228089,0.18432257099833954,-1.0,0.1906185205228089,0.0,0.0,0.0,0.0,0.0,0.0,0.0,-0.1906185205228089,1
2024-03-27,105.4700012207031,105.5500030517578,104.3000030517578,105.2200012207031,105.2200012207031,956300.0,0.4774637071921178,0.4043298692305281,0.7573614068348791,4.157177783634519,2.585557230053176,104.93200073242188,103.86900024414062,97.55966669718424,92.49716631571452,89.06329956054688,104.74229653198468,103.9372742068492,99.23243982110156,94.49495557841784,90.42446250427967,103.5039580594026,100.0928056517793,3.4111524076233053,3.638575583690977,-0.2375974121836543,-0.2375974121836543,-0.2375974121836543,-0.2375974121836543,0.2375974121836543,-0.2375974121836543,-0.2375974121836543,-0.2375974121836543,0.2375974121836543,0.969993591308608,2.188499069213877,105.5500030517578,100.94329948425292,101.38299942016604,101.82269935607911,0.0,1.0547314105190013,-0.4774637071921178,1.0,0.4774637071921178,1.0974070187744276,1.0,0.4774637071921178,0.18218162567315957,-1.0,-0.4774637071921178,0.0,0.0,0.0,0.0,0.0,0.0,0.0,0.4774637071921178,1
2024-03-28,104.9700012207031,105.7699966430664,104.8000030517578,104.9700012207031,104.9700012207031,1363500.0,-0.2375974121836543,0.3378809327514448,0.6488639651094503,4.165253812697657,2.5652029573637045,104.91200103759766,104.15300064086914,98.13333333333334,92.80983301798504,89.36569953918458,104.81819809489085,104.12504275482264,99.60260507268876,94.83839969783702,90.71249297391182,103.72950316114115,100.4540793976255,3.275423763515647,3.5659452196559114,0.0666854282272777,0.0666854282272777,0.0666854282272777,0.0666854282272777,-0.0666854282272777,0.0666854282272777,0.0666854282272777,0.0666854282272777,-0.0666854282272777,0.9799957275390055,1.8599987030029372,105.7699966430664,100.73530509948726,101.17300491333005,101.61070472717282,1.0,1.0573592273818302,0.2375974121836543,1.0,-0.2375974121836543,1.0980031725214923,1.0,-0.2375974121836543,0.1557801743392941,-1.0,0.2375974121836543,0.0,1.0,1.0,0.047209945,0.029584559,0.649874032,0.3454614565,-0.2375974121836543,1
2024-04-01,104.7300033569336,105.4899978637695,104.5100021362305,105.0400009155273,105.0400009155273,1473300.0,0.0666854282272777,0.2917337992531465,0.6521171708143035,0.9083515653691672,2.565289774727336,104.9740005493164,104.42200088500977,98.72566680908204,93.1219997406006,89.65709953308105,104.89213236843632,104.29139878404166,99.9534048044848,95.17287842628588,90.99620600245866,103.93111820027748,100.79377728784046,3.137340912437025,3.4802243582121344,-0.3046455560120823,-0.3046455560120823,-0.3046455560120823,-0.3046455560120823,0.3046455560120823,-0.3046455560120823,-0.3046455560120823,-0.3046455560120823,0.3046455560120823,1.1699981689452983,1.6909984588623126,105.4899978637695,101.67799949645996,102.04999923706052,102.42199897766112,0.0,1.0601755448131585,-0.0666854282272777,1.0,0.0666854282272777,1.0984348600400342,1.0,0.0666854282272777,0.7179127506091474,-1.0,-0.0666854282272777,0.0,0.0,2.0,0.001868188,0.0016109505,0.996006191,0.994317055,0.0666854282272777,1
2024-04-02,104.2099990844727,104.75,103.5800018310547,104.7200012207031,104.7200012207031,991400.0,-0.3046455560120823,0.320504654024922,0.623978991380136,0.7993011385799095,2.565354597924082,104.93400115966791,104.7140007019043,99.35933354695638,93.43299980163576,89.94609954833984,104.83475531919191,104.36932649979828,100.26092715391825,95.48589884577495,91.26796432361202,104.05248481880449,101.08460869027472,2.967876128529767,3.377754712275661,1.6806742892613198,1.6806742892613198,1.6806742892613198,1.6806742892613198,-1.6806742892613198,1.6806742892613198,1.6806742892613198,1.6806742892613198,-1.6806742892613198,2.6299972534178977,1.7154983520507876,104.75,101.7698012542724,102.10800094604488,102.44620063781734,1.0,1.0634287003296758,0.3046455560120823,1.0,-0.3046455560120823,1.0985336190738249,1.0,-0.3046455560120823,0.7806557019157233,-1.0,0.3046455560120823,0.0,0.0,0.0,0.0,0.0,0.0,0.0,-0.3046455560120823,1
2024-04-03,104.3300018310547,106.8899993896484,104.2600021362305,106.4800033569336,106.4800033569336,1813300.0,1.6806742892613198,0.8124239427744573,0.667688424919588,0.8577295154279668,2.5631915853406912,105.28600158691404,105.03100128173828,100.06000035603842,93.78983319600424,90.25489959716796,105.38317133177247,104.75308592836832,100.66215787669344,95.84636128876376,91.56919281932136,104.42594920928587,101.48426755447169,2.941681654814204,3.2905401007833697,-1.5777613187560064,-1.5777613187560064,-1.5777613187560064,-1.5777613187560064,1.5777613187560064,-1.5777613187560064,-1.5777613187560064,-1.5777613187560064,1.5777613187560064,4.370002746582003,1.733998489379888,106.8899993896484,100.97590362548829,101.31900329589844,101.66210296630858,0.0,1.066853377880848,-1.6806742892613198,1.0,1.6806742892613198,1.0993015748791601,1.0,1.6806742892613198,0.7784370397775606,-1.0,-1.6806742892613198,0.0,1.0,0.0,0.006978759,0.006978759,0.192885786,0.192885786,1.6806742892613198,-1
2024-04-04,107.4100036621094,108.8199996948242,104.4499969482422,104.8000030517578,104.8000030517578,2552300.0,-1.5777613187560064,1.1661831376255614,0.8312922530067728,0.8237133972448201,2.5743069441822355,105.20200195312498,105.06700134277344,100.73333384195963,94.10349985758464,90.54519966125488,105.18878190510092,104.76161631443912,100.9291156299234,96.13992331377996,91.83118906154782,104.48349595428157,101.72987759130768,2.753618362973881,3.1831557532214725,0.2385496113740874,0.2385496113740874,0.2385496113740874,0.2385496113740874,-0.2385496113740874,0.2385496113740874,0.2385496113740874,0.2385496113740874,-0.2385496113740874,1.2900009155274006,1.6909984588623126,108.8199996948242,103.07520271301264,103.42200241088862,103.7688021087646,1.0,1.0704525760934347,1.5777613187560064,1.0,-1.5777613187560064,1.0990722940794972,1.0,-1.5777613187560064,1.0092008407138973,1.0,1.5777613187560064,0.0,0.0,0.0,0.0,0.0,0.0,0.0,1.5777613187560064,1
2024-04-05,105.3499984741211,105.4599990844727,104.1699981689453,105.0500030517578,105.0500030517578,1017100.0,0.2385496113740874,1.1689756276510332,0.8114820931324565,0.815604448278055,2.574139706723401,105.21800231933592,105.0650016784668,101.367333984375,94.41983324686686,90.83749969482422,105.14252228731988,104.81405026667888,101.19497933455789,96.43205707568087,92.09294775442326,104.57065089235482,101.97581281060026,2.59483808175456,3.06549221892809,0.7329810763423124,0.7329810763423124,0.7329810763423124,0.7329810763423124,-0.7329810763423124,0.7329810763423124,0.7329810763423124,0.7329810763423124,-0.7329810763423124,1.2099990844725994,1.6239982604980523,105.4599990844727,105.09980308532712,105.43800277709958,105.77620246887204,1.0,1.0735809469112643,-0.2385496113740874,1.0,0.2385496113740874,1.0988352724293966,1.0,0.2385496113740874,0.9949456441117972,-1.0,0.2385496113740874,0.0,0.0,0.0,0.0,0.0,0.0,0.0,0.2385496113740874,1
2024-04-08,105.5999984741211,106.0699996948242,104.8600006103516,105.8199996948242,105.8199996948242,1581500.0,0.7329810763423124,1.2126886566710144,0.8330139749865778,0.794508060796639,2.5742480139059776,105.37400207519528,105.17400131225584,101.98133392333985,94.73916651407878,91.12429969787598,105.36834808982132,104.9969501627053,101.49336774489764,96.73985847302984,92.36477056512427,104.76285840042704,102.26056739461686,2.5022910058101786,2.952851976304508,-1.5781498523544033,-1.5781498523544033,-1.5781498523544033,-1.5781498523544033,1.5781498523544033,-1.5781498523544033,-1.5781498523544033,-1.5781498523544033,1.5781498523544033,3.4000015258789062,1.7194984436035177,106.0699996948242,101.887202911377,102.2120025634766,102.5368022155762,0.0,1.0764432248639726,-0.7329810763423124,1.0,0.7329810763423124,1.0988320235509814,1.0,0.7329810763423124,1.0484651019793676,1.0,-0.7329810763423124,0.0,0.0,0.0,0.0,0.0,0.0,0.0,0.7329810763423124,1
