Date_ORCL_L01d,Open_ORCL_L01d,High_ORCL_L01d,Low_ORCL_L01d,Close_ORCL_L01d,Adj Close_ORCL_L01d,Volume_ORCL_L01d,Daily_Return_ORCL_L01d,Vol5_ORCL_L01d,Vol10_ORCL_L01d,Vol20_ORCL_L01d,Vol60_ORCL_L01d,SMA5_ORCL_L01d,SMA10_ORCL_L01d,SMA30_ORCL_L01d,SMA60_ORCL_L01d,SMA100_ORCL_L01d,EMA5_ORCL_L01d,EMA10_ORCL_L01d,EMA30_ORCL_L01d,EMA60_ORCL_L01d,EMA100_ORCL_L01d,Short12_ORCL_L01d,Long26_ORCL_L01d,MACD_ORCL_L01d,SIGNAL9_ORCL_L01d,Ret5/10_ORCL_L01d,Ret10/30_ORCL_L01d,Ret30/60_ORCL_L01d,Ret30/100_ORCL_L01d,Emaret5/10_ORCL_L01d,Emaret10/30_ORCL_L01d,Emaret30/60_ORCL_L01d,Emaret30/100_ORCL_L01d,RetMACD_ORCL_L01d,DayRange_ORCL_L01d,average20r_ORCL_L01d,PRVHI_ORCL_L01d,HitLevel_ORCL_L01d,hitlevel_2_ORCL_L01d,hitlevel_1.8_ORCL_L01d,positive_return_dummy,sma_ratio_L01d,RetMACD_L01d,R_sma_ratio_L01d,ret_sma_ratio_L01d,ema_ratio_L01d,R_ema_ratio_L01d,ret_ema_ratio_L01d,volatility_ratio_L01d,R_vol_ratio_L01d,ret_vol_ratio_L01d,negative_L01d,neutral_L01d,positive_L01d,negative_max_L01d,negative_avg_L01d,positive_max_L01d,positive_avg_L01d,ret_best,best
2024-01-03,103.3000030517578,103.379997253418,101.7399978637695,102.4599990844727,102.4599990844727,9455600.0,-1.537573045992227,0.7527604440068604,1.171117416289047,3.188846691205342,2.172678634600961,104.82799987792968,105.27900009155272,109.89833297729491,109.09316647847494,111.1630997467041,104.29181080174487,105.12815311938527,107.76433397417838,109.19871118806024,109.42305009498465,105.4637203852206,107.41003751297156,-1.946317127750973,-1.7691747850259696,-0.1268761024589918,-0.1268761024589918,0.1268761024589918,-0.1268761024589918,0.1268761024589918,-0.1268761024589918,-0.1268761024589918,-0.1268761024589918,-0.1268761024589918,0.9599990844726988,2.126998901367186,103.379997253418,99.945602722168,100.37600250244144,100.80640228271488,1.0,0.9957161426948316,1.537573045992227,-1.0,-1.537573045992227,0.9848412549333398,-1.0,1.537573045992227,1.4677028808685335,1.0,-1.537573045992227,0.0,0.0,3.0,0.005652264,0.0041789206666666,0.995678008,0.974377672,,1
2024-01-04,102.7699966430664,103.3600006103516,102.4000015258789,102.5899963378906,102.5899963378906,6822300.0,0.1268761024589918,0.8239710530097005,1.0709428808799264,3.189865464931287,2.172174863821266,104.1579986572266,104.9129997253418,109.4206662495931,108.96433308919272,111.05839973449709,103.72453931379349,104.66667006820444,107.4305057395792,108.98203201264484,109.28774209979466,105.02160899332368,107.05299742592854,-2.031388432604871,-1.82161751454175,-0.1364723891614829,-0.1364723891614829,0.1364723891614829,-0.1364723891614829,0.1364723891614829,-0.1364723891614829,-0.1364723891614829,-0.1364723891614829,-0.1364723891614829,1.4300003051757957,2.0454990386962906,103.3600006103516,98.70059967041018,99.12599945068362,99.55139923095706,1.0,0.9928035508460175,-0.1268761024589918,-1.0,-0.1268761024589918,0.9830059956905365,-1.0,-0.1268761024589918,1.4685122814282598,1.0,0.1268761024589918,0.0,0.0,0.0,0.0,0.0,0.0,0.0,0.1268761024589918,-1
2024-01-05,102.5299987792969,103.7200012207031,102.2900009155273,102.7300033569336,102.7300033569336,6131500.0,0.1364723891614829,0.7817676327358283,0.9095119494515528,3.1674468179754904,2.17154311368622,103.4539993286133,104.77099990844728,108.97566630045571,108.84799982706706,110.92999977111816,103.39302732817352,104.31454884797336,107.127247521344,108.77704746655594,109.15788588706474,104.6690542800329,106.73277564304,-2.0637213630071187,-1.870038284234824,-1.8787114203336075,-1.8787114203336075,1.8787114203336075,-1.8787114203336075,1.8787114203336075,-1.8787114203336075,-1.8787114203336075,-1.8787114203336075,-1.8787114203336075,2.639999389648409,2.116498947143556,103.7200012207031,98.85990272521975,99.26900253295902,99.67810234069827,1.0,0.9874297221465403,-0.1364723891614829,-1.0,-0.1364723891614829,0.9813972362214706,-1.0,-0.1364723891614829,1.4586156719673466,1.0,0.1364723891614829,0.0,0.0,3.0,0.053313352,0.0195913813333333,0.995459616,0.972696642,-0.1364723891614829,-1
2024-01-08,102.9400024414062,104.7699966430664,102.129997253418,104.6600036621094,104.6600036621094,7038700.0,1.8787114203336075,1.371164560564594,0.9624254798790944,3.198572655194692,2.1862957070004603,103.30000000000004,104.65100021362304,108.58966649373372,108.76499989827474,110.80369979858398,103.81535277281884,104.3773588141799,106.96807049816758,108.6420624237872,109.06881891231316,104.66766187727544,106.5792369777859,-1.911575100510461,-1.8783456474899516,0.9841452060490464,0.9841452060490464,0.9841452060490464,0.9841452060490464,-0.9841452060490464,0.9841452060490464,0.9841452060490464,0.9841452060490464,0.9841452060490464,1.1900024414062926,2.0734989166259807,104.7699966430664,99.06370353698728,99.487003326416,99.9103031158447,0.0,0.987090422347945,-1.8787114203336075,-1.0,-1.8787114203336075,0.9807392393619436,-1.0,-1.8787114203336075,1.463010079081685,1.0,1.8787114203336075,1.0,1.0,0.0,0.894069016,0.5980455725,0.189929932,0.1342547645,-1.8787114203336075,1
2024-01-09,103.8499984741211,104.4800033569336,103.2900009155273,103.629997253418,103.629997253418,6725200.0,-0.9841452060490464,1.310355240629629,0.9857191146404184,3.193125636317327,2.1889218996950413,103.21399993896485,104.39400024414064,108.16899973551432,108.67366650899253,110.68659980773926,103.75356759968524,104.24147489404136,106.7527109339902,108.47773241820131,108.96111947352314,104.50802116591277,106.36077477598086,-1.852753610068106,-1.8732272400055825,-0.2798426355431908,-0.2798426355431908,-0.2798426355431908,-0.2798426355431908,0.2798426355431908,-0.2798426355431908,-0.2798426355431908,-0.2798426355431908,0.2798426355431908,1.349998474121108,2.053998947143562,104.4800033569336,100.20829902648924,100.62299880981443,101.03769859313964,1.0,0.9886966654940303,0.9841452060490464,-1.0,0.9841452060490464,0.9797321416097458,-1.0,0.9841452060490464,1.4587663619986582,1.0,-0.9841452060490464,0.0,0.0,1.0,0.00199218,0.00199218,0.995477855,0.995477855,-0.9841452060490464,1
2024-01-10,103.0899963378906,104.0699996948242,102.7200012207031,103.9199981689453,103.9199981689453,7270500.0,0.2798426355431908,1.02441487103004,0.9974220383302308,3.171386307505242,2.1872503809922,103.50599975585938,104.16699981689452,107.75066630045576,108.60149981180828,110.57699981689451,103.80904445610524,104.18302458038754,106.56995527172924,108.32829850838964,108.86129528927408,104.4175560894562,106.17997650879305,-1.76242041933682,-1.85106587587183,-0.8179354206100393,-0.8179354206100393,-0.8179354206100393,-0.8179354206100393,0.8179354206100393,-0.8179354206100393,-0.8179354206100393,-0.8179354206100393,0.8179354206100393,1.2999954223632957,1.905998992919926,104.0699996948242,99.96120567321776,100.37200546264648,100.78280525207518,1.0,0.9936544197087652,0.2798426355431908,-1.0,-0.2798426355431908,0.9789517476210794,-1.0,-0.2798426355431908,1.4499420528465559,1.0,0.2798426355431908,0.0,0.0,1.0,0.001690989,0.001690989,0.997149765,0.997149765,0.2798426355431908,1
2024-01-11,104.3499984741211,104.8399963378906,103.5400009155273,104.7699966430664,104.7699966430664,6119000.0,0.8179354206100393,1.043752997529047,1.048894571144669,1.4593498519992223,2.1892636352213546,103.94199981689454,104.04999923706056,107.36833292643227,108.5358331044515,110.46009979248046,104.129361851759,104.28974677360186,106.4538289085897,108.211632873461,108.78027947449768,104.47177771308856,106.07553355577625,-1.60375584268769,-1.801603869235002,-1.7466850144981805,-1.7466850144981805,-1.7466850144981805,-1.7466850144981805,1.7466850144981805,-1.7466850144981805,-1.7466850144981805,-1.7466850144981805,1.7466850144981805,1.7299957275391051,1.8004989624023502,104.8399963378906,99.87680191040036,100.25800170898437,100.63920150756834,1.0,0.9989620430470166,0.8179354206100393,-1.0,-0.8179354206100393,0.9786133058570291,-1.0,-0.8179354206100393,0.6665939307266978,-1.0,0.8179354206100393,0.0,0.0,0.0,0.0,0.0,0.0,0.0,0.8179354206100393,-1
2024-01-12,105.0999984741211,106.6999969482422,104.9700012207031,106.5999984741211,106.5999984741211,9696700.0,1.7466850144981805,1.172632634458494,1.2001791913902544,1.4326829076882623,2.200961157537554,104.71599884033203,104.08499908447266,107.04799957275392,108.49516639709472,110.36019981384275,104.95290739254636,104.70979253733265,106.46325920314013,108.1587924013515,108.73710559330208,104.79919629170897,106.11438280898696,-1.315186517278022,-1.7043203988436062,-0.0281414443961478,0.0281414443961478,0.0281414443961478,0.0281414443961478,-0.0281414443961478,-0.0281414443961478,0.0281414443961478,0.0281414443961478,-0.0281414443961478,1.2400054931641051,1.743499374389657,106.6999969482422,100.87889862060544,101.2389984130859,101.59909820556636,0.0,1.006062350592397,1.7466850144981805,1.0,-1.7466850144981805,0.979088588226115,-1.0,-1.7466850144981805,0.6509351165884067,-1.0,-1.7466850144981805,0.0,1.0,0.0,0.022759322,0.022759322,0.265054077,0.265054077,-1.7466850144981805,1
2024-01-16,106.4100036621094,106.6600036621094,105.4199981689453,106.5699996948242,106.5699996948242,7547200.0,-0.0281414443961478,1.0119533627295871,1.1669146084504465,1.2764960338896922,2.1989788331352,105.097998046875,104.1989990234375,106.72666625976562,108.46716639200848,110.26049980163576,105.49193815997232,105.04801202051291,106.4701456864746,108.10670083720306,108.69419260521342,105.07162758449591,106.14813220793788,-1.076504623441977,-1.5787572437632804,-0.1313684808570084,0.1313684808570084,0.1313684808570084,0.1313684808570084,-0.1313684808570084,-0.1313684808570084,0.1313684808570084,0.1313684808570084,-0.1313684808570084,1.8199996948242043,1.60299949645997,106.6600036621094,102.86429832458496,103.21299819946287,103.56169807434082,0.0,1.008627712663874,-0.0281414443961478,1.0,-0.0281414443961478,0.9795384935898392,-1.0,0.0281414443961478,0.5804949163924987,-1.0,0.0281414443961478,0.0,0.0,0.0,0.0,0.0,0.0,0.0,-0.0281414443961478,1
2024-01-17,106.4599990844727,107.5,105.6800003051758,106.4300003051758,106.4300003051758,7771500.0,-0.1313684808570084,0.7704696186235012,1.0636311764248627,1.110456758522073,2.199014051310058,105.65799865722656,104.43599929809572,106.3689994812012,108.43533312479654,110.1463998413086,105.80462554170684,105.29928261772434,106.46755566187468,108.05172704926774,108.64935711412356,105.28060800306206,106.16901132625182,-0.8884033231897632,-1.4406864596485771,2.1328541168443595,-2.1328541168443595,-2.1328541168443595,-2.1328541168443595,2.1328541168443595,2.1328541168443595,-2.1328541168443595,-2.1328541168443595,2.1328541168443595,2.2599945068359943,1.5534992218017698,107.5,103.13340476989748,103.45400466918946,103.77460456848144,1.0,1.0117009399760981,-0.1313684808570084,1.0,-0.1313684808570084,0.9799188737954782,-1.0,0.1313684808570084,0.5049793828559307,-1.0,0.1313684808570084,1.0,0.0,0.0,0.584647954,0.584647954,0.073347509,0.073347509,-0.1313684808570084,1
2024-01-18,106.9899978637695,108.879997253418,106.620002746582,108.6999969482422,108.6999969482422,10362300.0,2.1328541168443595,1.0208352712266189,1.0180182511474454,1.1508602503449097,2.070549220291534,106.61399841308594,105.05999908447264,106.13299942016604,108.5494997660319,110.10429977416992,106.7697493438853,105.91759431418214,106.61158413196291,108.07298180005378,108.650359883116,105.80666784078208,106.35649174269555,-0.5498239019134701,-1.2625139481015557,0.8923654534829153,-0.8923654534829153,-0.8923654534829153,-0.8923654534829153,0.8923654534829153,0.8923654534829153,-0.8923654534829153,-0.8923654534829153,0.8923654534829153,1.2000045776366903,1.5364997863769645,108.879997253418,104.08230171203611,104.39300155639646,104.7037014007568,1.0,1.014791541425427,2.1328541168443595,1.0,2.1328541168443595,0.9812354441039463,-1.0,-2.1328541168443595,0.5558236621792879,-1.0,-2.1328541168443595,0.0,1.0,0.0,0.005411255,0.005411255,0.139153436,0.139153436,2.1328541168443595,1
2024-01-19,109.3199996948242,110.2200012207031,109.0199966430664,109.6699981689453,109.6699981689453,11121300.0,0.8923654534829153,1.019743110507173,1.0074170102740672,1.138947352880864,2.061757450196005,107.59399871826172,105.76799926757812,105.97099939982095,108.64966634114585,110.04039978027345,107.73649895223863,106.59984956050272,106.80890116660696,108.12534299247646,108.67055074026112,106.4010263528072,106.6019366631585,-0.2009103103513041,-1.0501932205515054,0.3920856317635614,-0.3920856317635614,-0.3920856317635614,-0.3920856317635614,0.3920856317635614,0.3920856317635614,-0.3920856317635614,-0.3920856317635614,0.3920856317635614,1.420005798339787,1.505500411987314,110.2200012207031,105.49969772338868,105.80699768066408,106.11429763793946,1.0,1.0172641958184732,0.8923654534829153,1.0,0.8923654534829153,0.9828688677753756,-1.0,-0.8923654534829153,0.5524157813871791,-1.0,-0.8923654534829153,1.0,0.0,0.0,0.91002363,0.91002363,0.087136082,0.087136082,0.8923654534829153,1
2024-01-22,110.0599975585938,110.6900024414062,109.2699966430664,110.0999984741211,110.0999984741211,7485300.0,0.3920856317635614,0.9212108247360282,0.9954309693732684,1.0216987617720217,2.0607344394318123,108.29399871826172,106.50499877929688,105.9066660563151,108.76466636657716,109.97299980163574,108.52433212619944,107.2362402720697,107.02123002515626,108.19008579515334,108.69885663598112,106.97009898685548,106.86105235285945,0.1090466339960585,-0.8183452496419927,1.5713018900179585,1.5713018900179585,-1.5713018900179585,-1.5713018900179585,1.5713018900179585,1.5713018900179585,1.5713018900179585,-1.5713018900179585,1.5713018900179585,3.1200027465819886,1.591000366210944,110.6900024414062,106.907900314331,107.20900039672848,107.51010047912592,1.0,1.0167973330779718,0.3920856317635614,1.0,0.3920856317635614,0.9845662901823979,-1.0,-0.3920856317635614,0.495793510421326,-1.0,-0.3920856317635614,0.0,0.0,4.0,0.269593954,0.0687694645,0.996894598,0.9230445175,0.3920856317635614,1
2024-01-23,110.2900009155273,112.6800003051758,109.5599975585938,111.8300018310547,111.8300018310547,9185900.0,1.5713018900179585,0.9037156426325128,0.9590566204049454,1.0168703758014814,2.054528084849025,109.34599914550782,107.2219985961914,105.87199935913088,108.9379997253418,109.8847998046875,109.62622202781787,108.0714696464306,107.3314733674723,108.30942730452716,108.76085951113107,107.71777634750153,107.2291226845776,0.4886536629239231,-0.5569454671288097,2.2176479360929613,2.2176479360929613,-2.2176479360929613,-2.2176479360929613,2.2176479360929613,2.2176479360929613,2.2176479360929613,-2.2176479360929613,2.2176479360929613,2.0899963378905966,1.6440002441406336,112.6800003051758,107.18980163574211,107.50800170898432,107.82620178222648,1.0,1.0198093728630784,1.5713018900179585,1.0,1.5713018900179585,0.9868575317436464,-1.0,-1.5713018900179585,0.49494109294505223,-1.0,-1.5713018900179585,0.0,0.0,1.0,0.008775268,0.008775268,0.855969489,0.855969489,1.5713018900179585,1
2024-01-24,113.4199981689453,115.4199981689453,113.3300018310547,114.3099975585938,114.3099975585938,11702700.0,2.2176479360929613,0.7905763120470868,0.8767841762252883,1.1055129675301518,2.064888068876291,110.9219985961914,108.28999862670898,105.89533259073896,109.16983299255372,109.81669975280762,111.18748053807651,109.20574744864209,107.78170073464145,108.5061673128572,108.870743432863,108.73196422613108,107.75363193450472,0.9783322916263728,-0.2498899153777731,0.6036238790509176,0.6036238790509176,-0.6036238790509176,-0.6036238790509176,-0.6036238790509176,0.6036238790509176,0.6036238790509176,-0.6036238790509176,0.6036238790509176,1.8300018310547017,1.670000076293953,115.4199981689453,109.0631997680664,109.39199981689453,109.72079986572264,1.0,1.0243051066844622,2.2176479360929613,1.0,2.2176479360929613,0.9899969205327129,-1.0,-2.2176479360929613,0.5353863893125065,-1.0,-2.2176479360929613,0.0,0.0,0.0,0.0,0.0,0.0,0.0,2.2176479360929613,1
2024-01-25,114.8899993896484,116.1800003051758,114.3499984741211,115.0,115.0,8877200.0,0.6036238790509176,0.7509392346280325,0.8533465719019373,1.1028063296741764,2.0649348731224766,112.18199920654295,109.39799880981444,105.89099934895832,109.40333302815756,109.76279975891111,112.45832035871769,110.25924791252534,108.24739746143877,108.71907985997665,108.99211485003404,109.69627742211092,108.29039993935622,1.4058774827546898,0.0812635642487194,-0.3130440090013958,-0.3130440090013958,0.3130440090013958,0.3130440090013958,0.3130440090013958,-0.3130440090013958,-0.3130440090013958,0.3130440090013958,-0.3130440090013958,1.2100067138671875,1.6920001983642678,116.1800003051758,111.7459980010986,112.0799980163574,112.4139980316162,0.0,1.0254483667618859,0.6036238790509176,1.0,0.6036238790509176,0.9931672360920791,-1.0,-0.6036238790509176,0.5340634922817569,-1.0,-0.6036238790509176,0.0,0.0,0.0,0.0,0.0,0.0,0.0,0.6036238790509176,1
2024-01-26,114.6399993896484,115.4800033569336,114.2699966430664,114.6399993896484,114.6399993896484,5541800.0,-0.3130440090013958,1.000496470685176,0.9525088905472096,1.105312586021315,2.0654155717414677,113.1759994506836,110.38499908447264,106.3519994099935,109.61983299255373,109.69989974975586,113.18554670236126,111.05574818109316,108.659823392291,108.9132083691462,109.1039541478482,110.4568500325013,108.76074063937789,1.6961093931234217,0.4042327300236599,-0.7763428073855685,-0.7763428073855685,0.7763428073855685,0.7763428073855685,0.7763428073855685,-0.7763428073855685,-0.7763428073855685,0.7763428073855685,-0.7763428073855685,1.5799942016600994,1.7194999694824276,115.4800033569336,112.4575998687744,112.79599990844726,113.13439994812012,0.0,1.0252842359864056,-0.3130440090013958,1.0,-0.3130440090013958,0.995929288181844,-1.0,0.3130440090013958,0.5351526352100483,-1.0,0.3130440090013958,0.0,0.0,0.0,0.0,0.0,0.0,0.0,-0.3130440090013958,1
2024-01-29,114.1900024414062,114.5899963378906,113.0100021362305,113.75,113.75,7014400.0,-0.7763428073855685,1.2519794094860328,1.036261085794863,1.1362504346339508,2.059860072482337,113.90599975585936,111.09999923706054,106.71066614786784,109.7923329671224,109.59759971618652,113.3736978015742,111.54561214816714,108.98822188311097,109.07179170130532,109.1959550558116,110.96348848903956,109.13031540683136,1.8331730822081909,0.6900208004605661,0.3604427798763986,0.3604427798763986,-0.3604427798763986,0.3604427798763986,-0.3604427798763986,0.3604427798763986,0.3604427798763986,-0.3604427798763986,0.3604427798763986,1.770004272460909,1.701000213623053,114.5899963378906,111.69710342407224,112.04100341796874,112.38490341186522,1.0,1.0252565304956618,-0.7763428073855685,1.0,-0.7763428073855685,0.9980976111011214,-1.0,0.7763428073855685,0.5516153499031882,-1.0,0.7763428073855685,0.0,0.0,0.0,0.0,0.0,0.0,0.0,-0.7763428073855685,1
2024-01-30,113.3600006103516,114.4000015258789,112.629997253418,114.1600036621094,114.1600036621094,8231900.0,0.3604427798763986,1.144266222616673,1.014815899837864,1.1053229459137823,2.0416631311196363,114.37200012207032,111.85899963378908,107.17233301798504,109.93249969482422,109.49589973449709,113.63579975508594,112.020956059793,109.3218852236915,109.23861832297104,109.2942530480155,111.45526005412722,109.50288490722232,1.9523751469048989,0.9424916697494328,-2.1548761693704264,-2.1548761693704264,2.1548761693704264,-2.1548761693704264,2.1548761693704264,-2.1548761693704264,-2.1548761693704264,-2.1548761693704264,-2.1548761693704264,2.599998474121108,1.7190002441406285,114.4000015258789,110.84779586791988,111.18799591064447,111.5281959533691,0.0,1.0224657872545655,0.3604427798763986,1.0,0.3604427798763986,1.0002528236838204,1.0,-0.3604427798763986,0.5413836048984386,-1.0,-0.3604427798763986,0.0,0.0,0.0,0.0,0.0,0.0,0.0,0.3604427798763986,1
2024-01-31,113.8099975585938,114.2699966430664,111.6699981689453,111.6999969482422,111.6999969482422,7386700.0,-2.1548761693704264,1.0952873753745138,1.3456901282092142,1.188168847108612,2.059472215660436,113.85,112.3859992980957,107.45166625976564,110.01299959818522,109.36199974060058,112.9905321528047,111.96259985769288,109.47531178656574,109.31931926150452,109.3418915410893,111.49291188399106,109.66563394729786,1.8272779366931928,1.1194489231381848,3.4288289486967383,3.4288289486967383,-3.4288289486967383,3.4288289486967383,-3.4288289486967383,3.4288289486967383,3.4288289486967383,3.4288289486967383,3.4288289486967383,3.229995727539105,1.7985000610351591,114.2699966430664,110.61820098876952,110.96200103759764,111.30580108642576,1.0,1.0130265398808365,-2.1548761693704264,1.0,-2.1548761693704264,1.0012202116096218,1.0,-2.1548761693704264,0.5769288063580831,-1.0,2.1548761693704264,0.0,0.0,0.0,0.0,0.0,0.0,0.0,-2.1548761693704264,1
2024-02-01,112.9100036621094,115.7799987792969,112.5500030517578,115.5299987792969,115.5299987792969,7882200.0,3.4288289486967383,2.071930021894334,1.56563703293927,1.2853682203653014,2.1002290612874983,113.95599975585938,113.06899948120116,107.80266621907552,110.1376661936442,109.25409973144532,113.83702102830212,112.61121784343904,109.86593675383872,109.52294809815344,109.46442831808348,112.11400217557656,110.10003134226076,2.0139708333158097,1.29835330517371,0.2250516220701201,0.2250516220701201,-0.2250516220701201,0.2250516220701201,-0.2250516220701201,0.2250516220701201,0.2250516220701201,0.2250516220701201,0.2250516220701201,1.3299942016600994,1.8169998168945287,115.7799987792969,110.31329650878904,110.6729965209961,111.03269653320312,1.0,1.0078447698195623,3.4288289486967383,1.0,3.4288289486967383,1.0036679352546247,1.0,3.4288289486967383,0.6120133484760635,-1.0,-3.4288289486967383,0.0,0.0,0.0,0.0,0.0,0.0,0.0,3.4288289486967383,1
2024-02-02,115.8199996948242,116.4899978637695,115.1600036621094,115.7900009155273,115.7900009155273,6499400.0,0.2250516220701201,2.0584588672436057,1.567063248830329,1.283612797079957,2.0973299225392394,114.18600006103516,113.68099975585938,108.1206662495931,110.2489995320638,109.14489974975588,114.48801432404386,113.18917840200056,110.2481344416896,109.72842523970668,109.5896871813992,112.67954044326127,110.52151056991012,2.158029873351168,1.4702886188092017,0.5181781409249775,0.5181781409249775,-0.5181781409249775,0.5181781409249775,-0.5181781409249775,0.5181781409249775,0.5181781409249775,0.5181781409249775,0.5181781409249775,1.9500045776366903,1.8430000305175736,116.4899978637695,111.78259918212892,112.14599914550784,112.50939910888675,1.0,1.0044422577762364,0.2250516220701201,1.0,0.2250516220701201,1.00600829582806,1.0,0.2250516220701201,0.6120223543684942,-1.0,-0.2250516220701201,0.0,1.0,2.0,0.00353375,0.0025066296666666,0.995865703,0.6654470333333333,0.2250516220701201,-1
2024-02-05,115.5299987792969,116.7200012207031,114.7699966430664,116.3899993896484,116.3899993896484,8084500.0,0.5181781409249775,1.9823480172565549,1.5661095049887306,1.2789557951499275,2.097720773073112,114.71399993896485,114.30999984741212,108.52866617838542,110.37233289082845,109.21269973754885,115.12200934591203,113.77114585430016,110.64438379317085,109.94683750691786,109.7243468290873,113.250380281167,110.95621344544628,2.2941668357207163,1.6350642621915048,-0.9365034312282502,-0.9365034312282502,0.9365034312282502,-0.9365034312282502,0.9365034312282502,-0.9365034312282502,-0.9365034312282502,-0.9365034312282502,-0.9365034312282502,1.969993591308608,1.809499740600584,116.7200012207031,112.43539779663084,112.80399780273436,113.17259780883786,0.0,1.0035342497777273,0.5181781409249775,1.0,0.5181781409249775,1.008384984651735,1.0,0.5181781409249775,0.6096882919628465,-1.0,-0.5181781409249775,0.0,0.0,0.0,0.0,0.0,0.0,0.0,-0.5181781409249775,1
2024-02-06,116.7399978637695,116.9499969482422,114.9800033569336,115.3000030517578,115.3000030517578,4637500.0,-0.9365034312282502,2.0834455411374364,1.5882452003208922,1.2896157744465466,2.06628903845356,114.94199981689452,114.65699996948244,108.8433329264323,110.4218329111735,109.2472998046875,115.18134058119398,114.04911989020154,110.94474632598288,110.12235113133885,109.83475586319958,113.5657068612579,111.2779756385064,2.2877312227515034,1.7655976543035046,1.7085806931195693,1.7085806931195693,-1.7085806931195693,1.7085806931195693,-1.7085806931195693,1.7085806931195693,1.7085806931195693,1.7085806931195693,1.7085806931195693,2.2899932861327983,1.8644992828369087,116.9499969482422,112.7391017913818,113.10100173950192,113.46290168762204,1.0,1.0024856733342746,-0.9365034312282502,1.0,-0.9365034312282502,1.0101060038241976,1.0,-0.9365034312282502,0.6241216743867127,-1.0,0.9365034312282502,0.0,0.0,0.0,0.0,0.0,0.0,0.0,-0.9365034312282502,-1
2024-02-07,115.8000030517578,117.5899963378906,115.3000030517578,117.2699966430664,117.2699966430664,7672900.0,1.7085806931195693,1.657061807409206,1.52756635759104,1.267645055224445,2.076937415570269,116.05599975585938,114.95299987792968,109.21233291625975,110.50666618347168,109.28339973449708,115.8775592684848,114.63473384526787,111.3528269916012,110.35670016451022,109.98198835389002,114.13559759692076,111.72182904625156,2.4137685506691757,1.8952318335766387,-0.5031093670842144,-0.5031093670842144,0.5031093670842144,-0.5031093670842144,0.5031093670842144,-0.5031093670842144,-0.5031093670842144,-0.5031093670842144,-0.5031093670842144,1.8199996948242043,1.887999343872064,117.5899963378906,112.848098526001,113.22099838256838,113.59389823913575,0.0,1.0095952248231972,1.7085806931195693,1.0,1.7085806931195693,1.012464210351428,1.0,1.7085806931195693,0.6103434054975533,-1.0,-1.7085806931195693,0.0,0.0,0.0,0.0,0.0,0.0,0.0,-1.7085806931195693,1
2024-02-08,117.0899963378906,117.7900009155273,115.9700012207031,116.6800003051758,116.6800003051758,4472800.0,-0.5031093670842144,1.0202516473262755,1.5404565090411333,1.2908324525434371,2.0763069187260395,116.28600006103514,115.12099990844726,109.56199951171877,110.56683286031088,109.31109970092774,116.14503961404846,115.00660047434204,111.69651559247696,110.5640214805976,110.11462225391548,114.52704416742152,112.08910099135709,2.437943176064437,2.0037741020741984,-0.0342825809245615,-0.0342825809245615,0.0342825809245615,-0.0342825809245615,0.0342825809245615,-0.0342825809245615,-0.0342825809245615,-0.0342825809245615,-0.0342825809245615,1.6099929809570028,1.9034992218017488,117.7900009155273,113.43639778137204,113.81399765014646,114.19159751892089,0.0,1.010119788340219,-0.5031093670842144,1.0,-0.5031093670842144,1.0143658789921084,1.0,-0.5031093670842144,0.6216963594840081,-1.0,0.5031093670842144,0.0,0.0,2.0,0.009977563,0.0063305865,0.948251128,0.9322241545,-0.5031093670842144,1
2024-02-09,117.0599975585938,117.3399963378906,115.7300033569336,116.6399993896484,116.6399993896484,5787100.0,-0.0342825809245615,1.0253936928835534,1.5335379008691803,1.296915589440694,2.0731226073719875,116.45599975585937,115.32099990844728,109.91866607666016,110.60833282470703,109.35539970397949,116.31002620591512,115.30358209530682,112.01545003100416,110.76323387105828,110.24383764274188,114.85211420161023,112.4262045764157,2.4259096251945493,2.0882012066982685,-0.6858736762208841,-0.6858736762208841,0.6858736762208841,-0.6858736762208841,0.6858736762208841,-0.6858736762208841,-0.6858736762208841,-0.6858736762208841,-0.6858736762208841,1.7200012207030966,1.9029994964599488,117.3399963378906,113.60230262756345,113.9830024719238,114.36370231628416,0.0,1.0098420916252302,-0.0342825809245615,1.0,-0.0342825809245615,1.0160699448254278,1.0,-0.0342825809245615,0.6255855706888175,-1.0,0.0342825809245615,0.0,1.0,1.0,0.012148867,0.006526069,0.763007402,0.3820169785,-0.0342825809245615,-1
2024-02-12,116.2600021362305,117.0999984741211,115.379997253418,115.8399963378906,115.8399963378906,5439600.0,-0.6858736762208841,1.0583347183519969,1.5275006032565703,1.2924437611941892,2.063845381692244,116.3459991455078,115.52999954223633,110.2383326212565,110.60399945576984,109.38609970092772,116.15334958324028,115.40111195759478,112.2621949540291,110.929685099479,110.35465266640816,115.00409606873028,112.67907804022866,2.3250180285016318,2.135564571058941,-1.8646375181283383,-1.8646375181283383,1.8646375181283383,-1.8646375181283383,1.8646375181283383,-1.8646375181283383,-1.8646375181283383,-1.8646375181283383,-1.8646375181283383,1.2099990844726989,1.9014991760253783,117.0999984741211,113.1533974456787,113.5339973449707,113.9145972442627,0.0,1.0070630970873773,-0.6858736762208841,1.0,-0.6858736762208841,1.0172855628786877,1.0,-0.6858736762208841,0.6262309050179203,-1.0,0.6858736762208841,0.0,0.0,1.0,0.01548293,0.01548293,0.977238238,0.977238238,0.6858736762208841,1
2024-02-13,113.7900009155273,114.2099990844727,113.0,113.6800003051758,113.6800003051758,8171700.0,-1.8646375181283383,1.2981074691116308,1.656920639978433,1.3879929294683435,2.065459320086131,116.02199859619138,115.48199920654297,110.51333262125652,110.5976661682129,109.39419967651368,115.32889982388544,115.08818256624588,112.35366626700632,111.01985936851824,110.42050113450256,114.80038902818345,112.75322043022474,2.047168597958702,2.117885376438893,0.5102056909726227,0.5102056909726227,-0.5102056909726227,0.5102056909726227,-0.5102056909726227,0.5102056909726227,0.5102056909726227,0.5102056909726227,-0.5102056909726227,1.1900024414061932,1.8699993133544777,114.2099990844727,112.91670028686526,113.29700012207032,113.6772999572754,1.0,1.0046760481577965,-1.8646375181283383,1.0,-1.8646375181283383,1.0175073026534174,1.0,-1.8646375181283383,0.6720020655795164,-1.0,1.8646375181283383,0.0,1.0,1.0,0.016685586,0.010632345,0.973561823,0.5311599855,-1.8646375181283383,-1
2024-02-14,114.3199996948242,114.7200012207031,113.5299987792969,114.2600021362305,114.2600021362305,5946100.0,0.5102056909726227,0.8850134351059884,1.482273338972826,1.384115304110519,2.0653571366565657,115.4199996948242,115.7379997253418,110.8533327738444,110.59083290100098,109.44249969482422,114.97260059466714,114.93760430624307,112.476655677924,111.12609355762352,110.49653085730904,114.7172525832676,112.86483388992887,1.852418693338734,2.0647920398188617,1.295294354334956,-1.295294354334956,-1.295294354334956,-1.295294354334956,1.295294354334956,-1.295294354334956,-1.295294354334956,-1.295294354334956,1.295294354334956,1.7399978637696023,1.8439994812011584,114.7200012207031,110.09600059509285,110.47000045776376,110.84400032043465,0.0,0.9972524146669871,-0.5102056909726227,-1.0,0.5102056909726227,1.0179202442398125,1.0,0.5102056909726227,0.6701578528695273,-1.0,-0.5102056909726227,0.0,0.0,2.0,0.004408177,0.0039592255,0.98404628,0.9823823865,-0.5102056909726227,1
2024-02-15,114.25,114.3099975585938,112.5699996948242,112.7799987792969,112.7799987792969,8455600.0,-1.295294354334956,0.9507032726522312,1.0381213343329303,1.3657620839817577,2.0707539588497017,114.63999938964844,115.4629997253418,111.19733276367188,110.5478328704834,109.47999969482422,114.24173332287708,114.54531239225284,112.49622620059324,111.18031995833412,110.54174804388308,114.4192135365029,112.85854980765984,1.5606637288430534,1.9639663776237,1.3034236891417184,-1.3034236891417184,-1.3034236891417184,-1.3034236891417184,1.3034236891417184,1.3034236891417184,-1.3034236891417184,-1.3034236891417184,1.3034236891417184,1.860000610351605,1.876999282836904,114.3099975585938,110.66320236206056,111.03200225830078,111.400802154541,0.0,0.9928721725777861,1.295294354334956,-1.0,1.295294354334956,1.0176809050996214,1.0,-1.295294354334956,0.6595482182443514,-1.0,1.295294354334956,0.0,2.0,0.0,0.022350457,0.022350457,0.344940424,0.344940424,-1.295294354334956,1
2024-02-16,113.0199966430664,113.1100006103516,111.25,111.3099975585938,111.3099975585938,8931100.0,-1.3034236891417184,0.9055659149092078,1.0746147604540146,1.3945545892786668,2.06940509552416,113.5739990234375,115.01499938964844,111.48799947102864,110.45433286031088,109.51009963989256,113.26448806811598,113.95707333158757,112.41969532046424,111.1845716829328,110.5569609055605,113.94087261682458,112.74384223365496,1.1970303831696183,1.810579178732884,2.569401377307636,-2.569401377307636,-2.569401377307636,-2.569401377307636,2.569401377307636,2.569401377307636,-2.569401377307636,-2.569401377307636,2.569401377307636,3.089996337890611,1.9604988098144451,113.1100006103516,110.1805991363526,110.55599899292,110.93139884948738,0.0,0.9874711961582583,1.3034236891417184,-1.0,1.3034236891417184,1.0168486398291547,1.0,-1.3034236891417184,0.6738915412428903,-1.0,1.3034236891417184,0.0,0.0,0.0,0.0,0.0,0.0,0.0,-1.3034236891417184,1
2024-02-20,110.5400009155273,110.7699966430664,107.6800003051758,108.4499969482422,108.4499969482422,10975600.0,-2.569401377307636,1.140939544871907,1.218988944136949,1.5123105594757251,2.0930524811878377,112.09599914550786,114.22099914550782,111.67866592407226,110.327166112264,109.54579963684084,111.65965769482472,112.95578671643386,112.16358574806284,111.09491349491014,110.51523884699974,113.09612251396577,112.42577961992068,0.6703428940450635,1.58253192179532,0.267398150569979,-0.267398150569979,-0.267398150569979,-0.267398150569979,0.267398150569979,0.267398150569979,-0.267398150569979,-0.267398150569979,0.267398150569979,1.8699951171875,1.8979984283447209,110.7699966430664,108.79690322875985,109.18900299072271,109.5811027526856,0.0,0.981395715184623,2.569401377307636,-1.0,2.569401377307636,1.0149151096107671,1.0,-2.569401377307636,0.7225382894448337,-1.0,2.569401377307636,0.0,1.0,4.0,0.013036064,0.0050316774,0.996447563,0.8038176342,-2.569401377307636,-1
2024-02-21,106.7600021362305,108.379997253418,106.5100021362305,108.1600036621094,108.1600036621094,7867600.0,-0.267398150569979,1.16818196460585,1.222762469881352,1.4626997753067716,2.0929567364035075,110.99199981689456,113.50699920654296,111.79533259073894,110.19249954223632,109.5811996459961,110.49310635058627,112.08382616110214,111.90529012961424,110.99868694301504,110.46860052650683,112.33671961368016,112.10979621563835,0.2269233980417908,1.3114102170446142,-2.634983707123805,2.634983707123805,2.634983707123805,2.634983707123805,-2.634983707123805,-2.634983707123805,2.634983707123805,2.634983707123805,-2.634983707123805,2.2299957275389914,1.9049983978271403,108.379997253418,106.594400100708,106.97399978637696,107.35359947204591,1.0,0.977842781438773,0.267398150569979,-1.0,0.267398150569979,1.0130054114586404,1.0,-0.267398150569979,0.6988676592619129,-1.0,0.267398150569979,1.0,1.0,0.0,0.974151313,0.4875726735,0.009736623,0.005540401,0.267398150569979,1
2024-02-22,111.4899978637695,111.8899993896484,109.6600036621094,111.0100021362305,111.0100021362305,8957800.0,2.634983707123805,1.963706134983924,1.436141739610195,1.5008328275231144,2.122466549672414,110.34199981689456,112.88099975585938,112.04133275349936,110.10516624450683,109.6297996520996,110.66540494580104,111.88858542930728,111.84752961391206,110.99905793295652,110.47932135046176,112.13260923253404,112.02832998753408,0.1042792449999723,1.0699840226356858,-0.8467658714735914,0.8467658714735914,0.8467658714735914,0.8467658714735914,-0.8467658714735914,-0.8467658714735914,0.8467658714735914,0.8467658714735914,-0.8467658714735914,1.660003662109304,1.8964984893798704,111.8899993896484,104.18900077819828,104.57000045776373,104.95100013732916,1.0,0.9775072869264428,-2.634983707123805,-1.0,-2.634983707123805,1.0123842927954823,1.0,2.634983707123805,0.7071173054551819,-1.0,-2.634983707123805,1.0,0.0,0.0,0.968034327,0.968034327,0.029759962,0.029759962,2.634983707123805,1
2024-02-23,112.0,113.370002746582,111.7099990844727,111.9499969482422,111.9499969482422,7504500.0,0.8467658714735914,1.9966016498951065,1.5017098851409345,1.5081039844086532,2.1254368273451134,110.17599945068362,112.40799942016602,112.3089993794759,110.02983283996583,109.69009963989258,111.0936022799481,111.89975116002272,111.8541404096753,111.03023626132654,110.50844363952672,112.1045150349507,112.02252754017913,0.0819874947715675,0.8723847170628622,0.8753870069261245,-0.8753870069261245,-0.8753870069261245,-0.8753870069261245,0.8753870069261245,0.8753870069261245,-0.8753870069261245,-0.8753870069261245,0.8753870069261245,1.6100006103515057,1.916498184204087,113.370002746582,107.71770271301268,108.09700241088863,108.47630210876464,0.0,0.9801437621788865,-0.8467658714735914,-1.0,-0.8467658714735914,1.0121773208076135,1.0,0.8467658714735914,0.709550133415364,-1.0,-0.8467658714735914,0.0,0.0,1.0,0.008098191,0.008098191,0.894299507,0.894299507,0.8467658714735914,1
2024-02-26,112.0,112.5400009155273,110.9300003051758,110.9700012207031,110.9700012207031,6342900.0,-0.8753870069261245,1.9422383324579988,1.50232860135271,1.5170384225473916,2.1280742539153183,110.10800018310547,111.84099960327148,112.51566619873049,109.9419995625814,109.73269966125488,111.05240192686644,111.73070571651006,111.79709917167708,111.02826134196182,110.51758339360944,111.92997444814335,111.94456262762534,-0.0145881794819757,0.6949901377538947,-0.3694656467557196,-0.3694656467557196,0.3694656467557196,0.3694656467557196,-0.3694656467557196,-0.3694656467557196,-0.3694656467557196,0.3694656467557196,-0.3694656467557196,1.720001220703196,1.9234985351562413,112.5400009155273,109.153706741333,109.53700637817384,109.92030601501465,1.0,0.984504793176801,0.8753870069261245,-1.0,0.8753870069261245,1.0115774860323414,1.0,-0.8753870069261245,0.7128691208759667,-1.0,0.8753870069261245,0.0,0.0,3.0,0.022067729,0.010338948,0.992195725,0.954071899,-0.8753870069261245,-1
2024-02-27,110.620002746582,111.5100021362305,109.7900009155273,111.379997253418,111.379997253418,6593100.0,0.3694656467557196,1.338594593067847,1.5237167906810911,1.5138386020534724,2.1287744130082142,110.69400024414062,111.39499969482424,112.6749994913737,109.8614995320638,109.8012996673584,111.16160036905028,111.6669405414024,111.77018937049908,111.0397936669276,110.53466089578386,111.84536257203176,111.90274297027663,-0.0573803982448737,0.544516030554141,-0.2693509240040782,-0.2693509240040782,0.2693509240040782,0.2693509240040782,-0.2693509240040782,-0.2693509240040782,-0.2693509240040782,0.2693509240040782,-0.2693509240040782,0.9199981689453124,1.8809982299804615,111.5100021362305,108.30830413818356,108.69300384521482,109.07770355224606,1.0,0.9937070833286588,-0.3694656467557196,-1.0,-0.3694656467557196,1.0111777470044452,1.0,0.3694656467557196,0.7111315284526727,-1.0,-0.3694656467557196,0.0,0.0,0.0,0.0,0.0,0.0,0.0,-0.3694656467557196,-1
2024-02-28,111.2600021362305,112.0199966430664,111.0999984741211,111.6800003051758,111.6800003051758,5278300.0,0.2693509240040782,1.2776219355599645,1.440044752622634,1.5125346402083075,2.129159853369684,111.3979995727539,111.19499969482423,112.84533284505208,109.78599955240884,109.8472996520996,111.3344003477588,111.66931504390666,111.76437072112338,111.06078404850952,110.55734088408865,111.8199222232847,111.88624351360252,-0.0663212903178021,0.4223485663797524,0.0,0.0,0.0,0.0,0.0,0.0,0.0,0.0,0.0,1.8000030517577983,1.840998458862296,112.0199966430664,107.37180603027348,107.74800567626956,108.12420532226568,0.0,1.0018256205628564,-0.2693509240040782,1.0,-0.2693509240040782,1.010917681516058,1.0,0.2693509240040782,0.7103903625716579,-1.0,-0.2693509240040782,0.0,0.0,0.0,0.0,0.0,0.0,0.0,-0.2693509240040782,-1
2024-02-29,111.6800003051758,112.4400024414062,110.6399993896484,111.6800003051758,111.6800003051758,12193900.0,0.0,0.6359838723442635,1.4222742553660923,1.4330349756864893,2.1261747782394647,111.53199920654296,110.93699951171877,113.02033284505208,109.69466616312664,109.88059967041016,111.44960033356446,111.67125781868288,111.7589274684816,111.08108622085923,110.57957176371411,111.79839577434488,111.87096623890424,-0.0725704645593623,0.3233647601919295,1.880371121402821,-1.880371121402821,1.880371121402821,-1.880371121402821,-1.880371121402821,-1.880371121402821,-1.880371121402821,1.880371121402821,-1.880371121402821,2.420005798339787,1.8004989624023302,112.4400024414062,107.96980003356936,108.33799972534182,108.70619941711428,1.0,1.0053634017274944,0.0,1.0,0.0,1.0106652222101884,1.0,0.0,0.6739967900818974,-1.0,-0.0,0.0,0.0,0.0,0.0,0.0,0.0,0.0,-0.0,1
2024-03-01,111.6800003051758,113.9400024414062,111.5199966430664,113.7799987792969,113.7799987792969,7603700.0,1.880371121402821,0.9963353617053924,1.5072585825314184,1.2712303501290667,2.135472502893859,111.8979995727539,111.03699951171878,113.18966623942056,109.66133282979332,109.9187996673584,112.22639981547528,112.05466526606725,111.88931916595357,111.16957515720144,110.6429465561019,112.10325777510673,112.01237605671108,0.0908817183956358,0.2768681518326708,0.246087873352879,-0.246087873352879,0.246087873352879,-0.246087873352879,-0.246087873352879,0.246087873352879,0.246087873352879,0.246087873352879,-0.246087873352879,1.2099990844726989,1.79449920654296,113.9400024414062,108.47890472412108,108.83900451660152,109.199104309082,1.0,1.0077541726165273,-1.880371121402821,1.0,1.880371121402821,1.011264817583466,1.0,1.880371121402821,0.5952923057573323,-1.0,-1.880371121402821,0.0,1.0,0.0,0.0,0.0,0.0,0.0,1.880371121402821,1
2024-03-04,113.5800018310547,114.5999984741211,113.3899993896484,114.0599975585938,114.0599975585938,6588100.0,0.246087873352879,0.7543307943740774,1.424493988167226,1.2714947951449225,2.1310239195682774,112.51599884033207,111.31199951171877,113.33599955240884,109.6534994761149,109.9561996459961,112.83759906318146,112.4192711374357,112.0293629332207,111.26434310478808,110.71061093238887,112.40429466487396,112.16405172351722,0.2402429413567546,0.2695431097374876,-2.735398197413462,2.735398197413462,-2.735398197413462,2.735398197413462,2.735398197413462,-2.735398197413462,-2.735398197413462,-2.735398197413462,2.735398197413462,2.829994201660199,1.838498687744136,114.5999984741211,109.99210418701168,110.35100402832028,110.70990386962886,0.0,1.0108164378853561,-0.246087873352879,1.0,0.246087873352879,1.0119117037628595,1.0,0.246087873352879,0.5966590911858529,-1.0,-0.246087873352879,0.0,0.0,2.0,0.004913465,0.0040492365,0.987322867,0.976823956,0.246087873352879,1
2024-03-05,112.8199996948242,113.1999969482422,110.370002746582,110.9400024414062,110.9400024414062,8242000.0,-2.735398197413462,1.667951136461431,1.4615299250716849,1.394768897487482,2.1418565726712933,112.4279998779297,111.56100006103516,113.36399968465167,109.6353328704834,109.96849967956544,112.20506685592304,112.15031319270304,111.95908161116814,111.2537089846772,110.71515333850805,112.17901893818662,112.0733814063238,0.1056375318628113,0.2367619941625523,1.1988409702466518,-1.1988409702466518,1.1988409702466518,-1.1988409702466518,-1.1988409702466518,1.1988409702466518,1.1988409702466518,1.1988409702466518,-1.1988409702466518,2.3800048828125,1.8589992523193304,113.1999969482422,110.555301361084,110.92300109863282,111.29070083618166,1.0,1.007771531417074,2.735398197413462,1.0,-2.735398197413462,1.011235393125066,1.0,-2.735398197413462,0.6511962170034317,-1.0,2.735398197413462,0.0,0.0,0.0,0.0,0.0,0.0,0.0,-2.735398197413462,1
2024-03-06,111.5,113.0500030517578,110.6699981689453,112.2699966430664,112.2699966430664,6706400.0,1.1988409702466518,1.7639714387491436,1.4787645737620057,1.419372095391114,2.1452763602268914,112.5459991455078,111.97199935913086,113.37866617838542,109.62533276875814,109.99479965209962,112.22671011830418,112.17207382004185,111.97914064548416,111.28702989150965,110.74594231483591,112.19301550816812,112.08794549793436,0.1050700102337458,0.210423597376791,2.021915329415917,-2.021915329415917,2.021915329415917,-2.021915329415917,-2.021915329415917,2.021915329415917,2.021915329415917,2.021915329415917,-2.021915329415917,2.510002136230497,1.8699996948242152,113.0500030517578,109.11019859313969,109.48199844360354,109.8537982940674,1.0,1.0051262796919072,-1.1988409702466518,1.0,1.1988409702466518,1.0111353816209576,1.0,1.1988409702466518,0.6616266890858745,-1.0,-1.1988409702466518,0.0,1.0,0.0,0.00085493,0.00085493,0.000999443,0.000999443,1.1988409702466518,1
2024-03-07,113.9400024414062,114.8000030517578,112.2900009155273,114.5400009155273,114.5400009155273,7670100.0,2.021915329415917,1.951909427692378,1.3847724452792978,1.4422039074987707,2.1593978013921813,113.11799926757811,112.32499923706057,113.38633295694989,109.6408327738444,110.04909965515137,112.9978070507119,112.602606019221,112.14435743709986,111.39368467918231,110.82107218811691,112.55409018622336,112.26957923257088,0.2845109536524859,0.22524106863193,-1.85088417115126,1.85088417115126,-1.85088417115126,1.85088417115126,1.85088417115126,-1.85088417115126,-1.85088417115126,-1.85088417115126,-1.85088417115126,2.7900009155274006,1.918499755859375,114.8000030517578,108.93600372314452,109.31000366210937,109.6840036010742,0.0,1.007059871229947,-2.021915329415917,1.0,2.021915329415917,1.0119407367466784,1.0,2.021915329415917,0.6678731943549123,-1.0,-2.021915329415917,0.0,0.0,0.0,0.0,0.0,0.0,0.0,2.021915329415917,1
2024-03-08,114.0699996948242,114.3300018310547,111.5400009155273,112.4199981689453,112.4199981689453,8304100.0,-1.85088417115126,2.0151592772893,1.5267159080322126,1.49226618029367,2.166084590056304,112.8459991455078,112.37199935913084,113.3003328959147,109.59566612243653,110.0907996368408,112.80520409012304,112.56940459189816,112.16214071012216,111.4273343017975,110.8527340887274,112.53346064510364,112.280721376006,0.2527392690976313,0.2307407087250703,1.521080868461592,-1.521080868461592,1.521080868461592,-1.521080868461592,-1.521080868461592,1.521080868461592,1.521080868461592,1.521080868461592,1.521080868461592,3.5699996948242045,2.016500091552735,114.3300018310547,110.57930358886718,110.96300354003904,111.34670349121092,1.0,1.0042181307539266,-1.85088417115126,1.0,-1.85088417115126,1.0118121274333811,1.0,-1.85088417115126,0.688923316819719,-1.0,1.85088417115126,0.0,1.0,3.0,0.189252064,0.05358397775,0.9974491,0.8136914,-1.85088417115126,-1
2024-03-11,111.6100006103516,114.75,111.1800003051758,114.129997253418,114.129997253418,20438300.0,1.521080868461592,2.1646237741214285,1.5527577034624245,1.5397686258082597,1.4357134421568911,112.85999908447263,112.68799896240236,113.28333282470705,109.81766611735026,110.14499961853028,113.24680181122136,112.85314871217447,112.2890991967864,111.51594620185064,110.91763038901829,112.7790816617674,112.41770477433283,0.3613768874345595,0.2568679444669681,11.74976253818117,-11.74976253818117,11.74976253818117,-11.74976253818117,-11.74976253818117,11.74976253818117,11.74976253818117,11.74976253818117,11.74976253818117,4.769996643066406,2.1689998626709004,114.75,109.89370162963868,110.29700164794924,110.70030166625978,1.0,1.0015263393054628,1.521080868461592,1.0,1.521080868461592,1.0123647503373268,1.0,1.521080868461592,1.0724762899029803,1.0,-1.521080868461592,0.0,0.0,2.0,0.008994132,0.005494192,0.991143107,0.8748724459999999,-1.521080868461592,1
2024-03-12,126.2600021362305,129.3699951171875,124.5999984741211,127.5400009155273,127.5400009155273,48536100.0,11.74976253818117,5.15876995809254,3.9443465045550767,3.05497309103276,2.055582144708381,116.17999877929688,114.30399932861329,113.74299952189128,110.22683283487956,110.32999961853028,118.01120151265668,115.52348547642045,113.27302833993096,112.041325044922,111.24678624102836,115.049992316192,113.53787485886576,1.512117457326255,0.5079178470388256,-1.58382018030468,-1.58382018030468,-1.58382018030468,1.58382018030468,1.58382018030468,-1.58382018030468,-1.58382018030468,-1.58382018030468,-1.58382018030468,3.970001220703111,2.3069999694824213,129.3699951171875,109.97820030212402,110.4120002746582,110.8458002471924,0.0,1.0164123693108085,11.74976253818117,1.0,11.74976253818117,1.0182139382841364,1.0,11.74976253818117,1.4861839011868627,1.0,11.74976253818117,0.0,1.0,2.0,0.005760907,0.003749146,0.997520626,0.9936128855,11.74976253818117,1
2024-03-13,128.0,128.8000030517578,124.8300018310547,125.5199966430664,125.5199966430664,15870300.0,-1.58382018030468,5.52879544142058,4.047136483150284,3.044041014053923,2.0346643348120974,118.82999877929689,115.68799896240236,114.12166595458984,110.64699948628744,110.50269958496094,120.51413322279328,117.34103296126516,114.06315532723004,112.48324870387756,111.52942407077168,116.6607622126342,114.4254394354732,2.2353227771610023,0.8533988330632609,0.0079685599888435,0.0079685599888435,0.0079685599888435,0.0079685599888435,-0.0079685599888435,0.0079685599888435,0.0079685599888435,0.0079685599888435,0.0079685599888435,2.860000610351605,2.390499877929692,128.8000030517578,124.29459518432616,124.75599517822266,125.21739517211914,1.0,1.027159254590579,-1.58382018030468,1.0,-1.58382018030468,1.0227180520079666,1.0,-1.58382018030468,1.4960900242717639,1.0,-1.58382018030468,0.0,0.0,0.0,0.0,0.0,0.0,0.0,-1.58382018030468,1
2024-03-14,127.2300033569336,127.8000030517578,124.9400024414062,125.5299987792969,125.5299987792969,10965900.0,0.0079685599888435,5.633019568595526,4.046864933505119,3.0463564935277723,2.006160489536949,121.0279983520508,117.07299880981444,114.582666015625,111.01716613769533,110.674599609375,122.1860884082945,118.82993583727092,114.8029516789763,112.91101100143229,111.8066631739108,118.02526014596694,115.24799938686756,2.7772607590993914,1.238171218270487,0.007967925059876,0.007967925059876,0.007967925059876,0.007967925059876,-0.007967925059876,0.007967925059876,0.007967925059876,0.007967925059876,0.007967925059876,2.4500045776366903,2.426000213623046,127.8000030517578,123.5409033203125,124.01900329589844,124.49710327148436,1.0,1.0337823373659478,0.0079685599888435,1.0,0.0079685599888435,1.0267988366704486,1.0,0.0079685599888435,1.5185008923343493,1.0,0.0079685599888435,0.0,0.0,0.0,0.0,0.0,0.0,0.0,0.0079685599888435,1
2024-03-15,124.0400009155273,126.0100021362305,123.5599975585938,125.5400009155273,125.5400009155273,17841600.0,0.007967925059876,5.373252433584695,4.0575337791413215,3.0194539946003003,1.9994999095800896,123.6519989013672,118.2489990234375,114.91633275349936,111.35949948628743,110.91149963378906,123.30405924403875,120.04994766968116,115.49566453294732,113.32507624451736,112.078610455923,119.1813741105147,116.01036987047198,3.17100424004272,1.6247378226249336,1.800224724987214,1.800224724987214,1.800224724987214,1.800224724987214,-1.800224724987214,1.800224724987214,1.800224724987214,1.800224724987214,1.800224724987214,2.0699996948241903,2.436500167846676,126.0100021362305,122.4628025817871,122.9480026245117,123.43320266723632,1.0,1.0456917176682299,0.007967925059876,1.0,0.007967925059876,1.0304880125041178,1.0,0.007967925059876,1.510104591719841,1.0,0.007967925059876,0.0,2.0,2.0,0.025997596,0.00907042225,0.997418523,0.6117102437499999,0.007967925059876,1
2024-03-18,127.1999969482422,128.9499969482422,126.879997253418,127.8000030517578,127.8000030517578,12231400.0,1.800224724987214,5.364051195947504,4.052725980291583,2.9973202620119688,2.005554536591201,126.38600006103512,119.62299957275388,115.31666615804036,111.71866620381674,111.15289962768554,124.80270717994512,121.45904864824054,116.2894928244835,113.79966400868916,112.38992516079102,120.5073170245521,116.8836760320487,3.6236409925033968,2.0245184566006262,1.0876364291520857,1.0876364291520857,1.0876364291520857,1.0876364291520857,-1.0876364291520857,1.0876364291520857,1.0876364291520857,1.0876364291520857,1.0876364291520857,2.7200088500976847,2.418000793457029,128.9499969482422,120.6497017669678,121.13700180053716,121.62430183410648,1.0,1.0565359547280706,1.800224724987214,1.0,1.800224724987214,1.034696772491961,1.0,1.800224724987214,1.494509477217434,1.0,1.800224724987214,2.0,2.0,4.0,0.862039149,0.20620828625,0.997925162,0.539784784125,1.800224724987214,1
2024-03-19,127.75,129.2100067138672,126.4899978637695,129.1900024414062,129.1900024414062,10221000.0,1.0876364291520857,1.282956284660585,3.8119657152057056,2.895016516458399,1.984803739360553,126.71600036621092,121.4479995727539,115.74333292643227,112.13599955240883,111.4127996826172,126.26513893376548,122.86467661063428,117.12178376751078,114.30426526877824,112.72259995842695,121.8431147809912,117.7952557660752,4.047859014916,2.429186568263701,0.0387050474595172,0.0387050474595172,0.0387050474595172,0.0387050474595172,-0.0387050474595172,0.0387050474595172,0.0387050474595172,0.0387050474595172,0.0387050474595172,2.419998168945284,2.4455009460449184,129.2100067138672,123.63039520263672,124.11399536132814,124.59759552001954,1.0,1.043376595843402,1.0876364291520857,1.0,1.0876364291520857,1.0390266353926034,1.0,1.0876364291520857,1.4585908213731453,1.0,1.0876364291520857,0.0,0.0,2.0,0.00357318,0.002951025,0.987048924,0.9687055945,1.0876364291520857,1
2024-03-20,129.9799957275391,130.6900024414062,128.2700042724609,129.2400054931641,129.2400054931641,8373300.0,0.0387050474595172,0.8206282222732312,3.8429263308194415,2.889231644450564,1.9782857321392764,127.46000213623049,123.14500045776369,116.20799967447915,112.52566630045573,111.69089973449708,127.25676112023169,124.0238273165488,117.90360452400456,114.79396166957778,113.0496772957485,122.98109796747931,118.6430150051188,4.338082962360517,2.8109658470830645,-0.1779719719528701,-0.1779719719528701,-0.1779719719528701,-0.1779719719528701,0.1779719719528701,-0.1779719719528701,-0.1779719719528701,-0.1779719719528701,-0.1779719719528701,3.8200073242187216,2.525001525878905,130.6900024414062,123.82990463256836,124.31900482177736,124.80810501098634,0.0,1.0350400070033436,0.0387050474595172,1.0,0.0387050474595172,1.0429362324985478,1.0,0.0387050474595172,1.4604723663078791,1.0,0.0387050474595172,0.0,0.0,0.0,0.0,0.0,0.0,0.0,0.0387050474595172,1
2024-03-21,130.5200042724609,132.7700042724609,128.9499969482422,129.0099945068359,129.0099945068359,17842400.0,-0.1779719719528701,0.8569233733613676,3.871322463927616,2.8703617201287512,1.979464978697052,128.15600128173827,124.59199981689451,116.59933293660482,112.9058329264323,111.97699966430665,127.84117224909976,124.93040316932826,118.62014581321948,115.26006110686492,113.36572318111656,123.90862051199574,119.41093941265342,4.497681099342316,3.148308897534915,-0.9456581995621772,-0.9456581995621772,-0.9456581995621772,-0.9456581995621772,0.9456581995621772,-0.9456581995621772,-0.9456581995621772,-0.9456581995621772,-0.9456581995621772,1.6600036621093892,2.525001525878909,132.7700042724609,125.1349990844726,125.63999938964838,126.14499969482416,0.0,1.0286053797200587,-0.1779719719528701,1.0,-0.1779719719528701,1.0463493063393445,1.0,-0.1779719719528701,1.450069463728586,1.0,-0.1779719719528701,0.0,0.0,0.0,0.0,0.0,0.0,0.0,-0.1779719719528701,1
2024-03-22,129.0099945068359,129.2100067138672,127.5500030517578,127.7900009155273,127.7900009155273,6655800.0,-0.9456581995621772,1.0840996184228135,3.8004312866332746,2.896397627659272,1.9859718489626583,128.6060012817383,126.12900009155274,116.9696662902832,113.26583290100098,112.24499969482422,127.82411513790896,125.45033003227354,119.21174936820708,115.6708788055096,113.65135244318412,124.5057559586929,120.03161063508853,4.4741453236043895,3.41347618274881,-1.3381321482288395,-1.3381321482288395,-1.3381321482288395,-1.3381321482288395,1.3381321482288395,-1.3381321482288395,-1.3381321482288395,-1.3381321482288395,-1.3381321482288395,1.6199951171875,2.525501251220709,129.2100067138672,127.21500091552733,127.7200012207031,128.22500152587887,0.0,1.0196386333704983,-0.9456581995621772,1.0,-0.9456581995621772,1.048925039654083,1.0,-0.9456581995621772,1.4584283403474025,1.0,-0.9456581995621772,0.0,0.0,0.0,0.0,0.0,0.0,0.0,-0.9456581995621772,1
2024-03-25,127.6699981689453,127.6699981689453,126.0500030517578,126.0800018310547,126.0800018310547,7446100.0,-1.3381321482288395,0.9413185454970352,3.89261621522434,2.9114664156202004,1.9963463312431835,128.26200103759766,127.32400054931638,117.28433303833008,113.60149955749512,112.48929969787598,127.2427440356242,125.56481581387013,119.65486243032628,116.0121615276586,113.89746431225086,124.74794763136396,120.47963961256748,4.268308018796475,3.584442549958343,0.3093269225764988,0.3093269225764988,0.3093269225764988,0.3093269225764988,-0.3093269225764988,0.3093269225764988,0.3093269225764988,0.3093269225764988,0.3093269225764988,1.1000061035155966,2.494501495361329,127.6699981689453,123.65390396118164,124.15900421142577,124.66410446166992,1.0,1.0073670359416484,-1.3381321482288395,1.0,-1.3381321482288395,1.0505489578090295,1.0,-1.3381321482288395,1.4583974584245334,1.0,-1.3381321482288395,0.0,0.0,0.0,0.0,0.0,0.0,0.0,-1.3381321482288395,1
2024-03-26,126.75,126.9400024414062,125.8399963378906,126.4700012207031,126.4700012207031,7063900.0,0.3093269225764988,0.6928475890839486,1.0372556403893751,2.9118332788879173,1.996345130920801,127.71800079345704,127.21700057983398,117.63866653442383,113.93849957784018,112.71999969482422,126.98516309731718,125.72939497874884,120.094548803899,116.35504151759449,114.1464254391509,125.01287895280076,120.923370102059,4.089508850741737,3.685455810115022,-0.9488452329043308,-0.9488452329043308,-0.9488452329043308,-0.9488452329043308,0.9488452329043308,-0.9488452329043308,-0.9488452329043308,-0.9488452329043308,-0.9488452329043308,3.349998474121108,2.6160015106201184,126.9400024414062,122.18209487915036,122.68099517822264,123.1798954772949,0.0,1.0039381545810668,0.3093269225764988,1.0,0.3093269225764988,1.052109589431856,1.0,0.3093269225764988,1.4585821027573793,1.0,0.3093269225764988,0.0,0.0,0.0,0.0,0.0,0.0,0.0,0.3093269225764988,1
2024-03-27,127.3300018310547,127.8199996948242,124.4700012207031,125.2699966430664,125.2699966430664,8115900.0,-0.9488452329043308,0.6687569085751217,0.9507539467752544,2.933434382505751,1.998100969526197,126.92399902343747,127.192000579834,118.02499974568686,114.26916618347168,112.91519966125487,126.41344094590026,125.64586800862476,120.42844866449045,116.6473351282657,114.36669417586212,125.05243552053392,121.24534243842992,3.807093082103989,3.709783264512816,-0.2714169205687592,0.2714169205687592,0.2714169205687592,0.2714169205687592,-0.2714169205687592,0.2714169205687592,0.2714169205687592,0.2714169205687592,0.2714169205687592,0.9700012207030966,2.574501419067384,127.8199996948242,121.18479911804194,121.70799942016596,122.23119972229,1.0,0.9978929370151048,-0.9488452329043308,-1.0,-0.9488452329043308,1.0530027953707146,1.0,-0.9488452329043308,1.4681111851926816,1.0,-0.9488452329043308,0.0,0.0,0.0,0.0,0.0,0.0,0.0,-0.9488452329043308,1
2024-03-28,125.3899993896484,126.1699981689453,125.1999969482422,125.6100006103516,125.6100006103516,6587400.0,0.2714169205687592,0.7661623008201933,0.9551280720702844,2.931068989022957,1.98696052872358,126.24400024414062,127.20000076293944,118.40333302815756,114.62833290100096,113.10259963989256,126.14562750071738,125.63934666348418,120.76274233841698,116.94119301292424,114.58933390723814,125.13821476512126,121.56865045116488,3.5695643139563917,3.681739474401531,0.1034927575721214,-0.1034927575721214,-0.1034927575721214,-0.1034927575721214,0.1034927575721214,-0.1034927575721214,-0.1034927575721214,-0.1034927575721214,0.1034927575721214,1.7099990844725994,2.539001083374024,126.1699981689453,122.15609657287597,122.67099685668944,123.18589714050292,0.0,0.9924842726960317,0.2714169205687592,-1.0,-0.2714169205687592,1.0538741977170083,1.0,0.2714169205687592,1.4751520962048856,1.0,0.2714169205687592,0.0,0.0,6.0,0.059904762,0.0149504818333333,0.988552809,0.8924037715,0.2714169205687592,-1
2024-04-01,125.5400009155273,126.2699966430664,124.5599975585938,125.4800033569336,125.4800033569336,4133600.0,-0.1034927575721214,0.7443023763619312,0.9558105895813503,2.9200047174577075,1.972654125754311,125.78200073242188,127.19400100708008,118.8266665140788,115.01199963887532,113.27689964294431,125.9237527861228,125.61037515320224,121.06708175896644,117.2211540078098,114.8049907280242,125.19079762540008,121.85838029603664,3.332417329363452,3.611875045393915,0.9085168859935356,-0.9085168859935356,-0.9085168859935356,-0.9085168859935356,0.9085168859935356,-0.9085168859935356,-0.9085168859935356,-0.9085168859935356,0.9085168859935356,1.5,2.5535011291503893,126.2699966430664,120.58419578552244,121.09199600219723,121.59979621887206,0.0,0.9888988453584411,0.1034927575721214,-1.0,0.1034927575721214,1.0545454600120765,1.0,-0.1034927575721214,1.4802416091777593,1.0,-0.1034927575721214,0.0,1.0,5.0,0.045889717,0.0167906881999999,0.992003322,0.9261628866,0.1034927575721214,-1
2024-04-02,124.5100021362305,124.9300003051758,123.4300003051758,124.3399963378906,124.3399963378906,4862400.0,-0.9085168859935356,0.6174200263903196,0.7505073908621088,2.9372517226028823,1.9792165269746351,125.43399963378906,126.84800033569336,119.26099980672204,115.37449963887532,113.42919960021972,125.3958339700454,125.37939718678194,121.27823753825189,117.4545586743698,114.99380272029876,125.05990511962938,122.04220370654431,3.017701413085049,3.493040318932142,-1.5280694722844477,1.5280694722844477,1.5280694722844477,1.5280694722844477,-1.5280694722844477,1.5280694722844477,1.5280694722844477,1.5280694722844477,-1.5280694722844477,2.3500061035155966,2.529501724243159,124.9300003051758,120.65229415893556,121.16299438476562,121.6736946105957,1.0,0.9888527946978883,0.9085168859935356,-1.0,0.9085168859935356,1.0546502043526542,1.0,-0.9085168859935356,1.4840476939087954,1.0,-0.9085168859935356,0.0,0.0,1.0,0.016832635,0.016832635,0.622577906,0.622577906,0.9085168859935356,1
2024-04-03,124.2600021362305,126.4100036621094,124.0599975585938,126.2399978637695,126.2399978637695,7430000.0,1.5280694722844477,1.01733431801059,0.8459839288480548,2.845570407849075,1.9849430613660533,125.38799896240236,126.5529998779297,119.85399983723958,115.76633288065592,113.60169960021972,125.67722193462012,125.5358700371433,121.59835110764011,117.74260586090747,115.21649965383284,125.2414578494971,122.35315142189437,2.8883064276027426,3.3720935406662624,1.623887402608751,-1.623887402608751,-1.623887402608751,-1.623887402608751,1.623887402608751,-1.623887402608751,-1.623887402608751,-1.623887402608751,1.623887402608751,3.9599990844726,2.608501434326164,126.4100036621094,119.36509651184085,119.87099685668947,120.37689720153811,0.0,0.9907943634947329,-1.5280694722844477,-1.0,-1.5280694722844477,1.0553900827831213,1.0,1.5280694722844477,1.433577850787685,1.0,1.5280694722844477,0.0,0.0,1.0,0.020471135,0.020471135,0.847379267,0.847379267,1.5280694722844477,1
2024-04-04,127.5999984741211,127.9899978637695,124.0299987792969,124.1900024414062,124.1900024414062,7588300.0,-1.623887402608751,1.1981100617282128,0.9453851473978406,2.888385273900744,1.9910957686670303,125.17200012207032,126.04799957275388,120.3883331298828,116.09183286031087,113.72029960632324,125.18148210354884,125.29116683791835,121.765554419496,117.95399591272712,115.39419277833925,125.07969547902158,122.4892144603767,2.59048101864488,3.2157710362619865,-0.5717038976689739,0.5717038976689739,0.5717038976689739,0.5717038976689739,-0.5717038976689739,-0.5717038976689739,0.5717038976689739,0.5717038976689739,-0.5717038976689739,1.860000610351605,2.57600135803222,127.9899978637695,120.67130050659183,121.19300079345707,121.71470108032231,1.0,0.9930502708995557,1.623887402608751,-1.0,1.623887402608751,1.0552138845790577,1.0,-1.623887402608751,1.450651103454666,1.0,-1.623887402608751,0.0,0.0,0.0,0.0,0.0,0.0,0.0,-1.623887402608751,1
2024-04-05,124.4199981689453,126.0,124.1399993896484,124.9000015258789,124.9000015258789,4898100.0,0.5717038976689739,1.2326272671466114,0.992927548692904,2.867435252528308,1.9841510420337711,125.03000030517576,125.6370002746582,120.85133310953776,116.44633293151855,113.84749961853028,125.08765524432552,125.220045872093,121.9677768134562,118.18173380168292,115.5824266149242,125.05205025546115,122.66779128004352,2.384258975417623,3.049468624093114,0.4403547198066714,-0.4403547198066714,-0.4403547198066714,-0.4403547198066714,0.4403547198066714,0.4403547198066714,-0.4403547198066714,-0.4403547198066714,0.4403547198066714,1.3600006103515057,2.5045013427734246,126.0,122.3227948760986,122.83799514770506,123.3531954193115,0.0,0.9951686209623323,-0.5717038976689739,-1.0,-0.5717038976689739,1.0552449916958873,1.0,0.5717038976689739,1.4451698443225185,1.0,0.5717038976689739,0.0,0.0,4.0,0.004589877,0.00316266975,0.992895067,0.97903046025,0.5717038976689739,-1
2024-04-08,125.0,125.120002746582,123.7600021362305,124.3499984741211,124.3499984741211,6119200.0,-0.4403547198066714,1.2415460504438047,0.9700766749300324,2.8243535953570507,1.98663769300232,124.80399932861326,125.29300003051758,121.26466649373371,116.78683293660482,113.96029960632325,124.8417696542574,125.06185543609809,122.1214685334991,118.3839719876645,115.75604189926472,124.94404228910116,122.79239922034556,2.1516430687555754,2.8699035130256068,0.9006796388667314,-0.9006796388667314,-0.9006796388667314,-0.9006796388667314,0.9006796388667314,0.9006796388667314,-0.9006796388667314,-0.9006796388667314,0.9006796388667314,3.510002136230497,2.5015014648437397,125.120002746582,120.49009704589848,120.99099731445315,121.49189758300784,0.0,0.9960971426832688,0.4403547198066714,-1.0,0.4403547198066714,1.0549900163291157,1.0,-0.4403547198066714,1.4216752281029796,1.0,-0.4403547198066714,0.0,1.0,2.0,0.158859983,0.0565928083333333,0.95648545,0.5685252893333334,0.4403547198066714,-1
