Date_PANW_L01d,Open_PANW_L01d,High_PANW_L01d,Low_PANW_L01d,Close_PANW_L01d,Adj Close_PANW_L01d,Volume_PANW_L01d,Daily_Return_PANW_L01d,Vol5_PANW_L01d,Vol10_PANW_L01d,Vol20_PANW_L01d,Vol60_PANW_L01d,SMA5_PANW_L01d,SMA10_PANW_L01d,SMA30_PANW_L01d,SMA60_PANW_L01d,SMA100_PANW_L01d,EMA5_PANW_L01d,EMA10_PANW_L01d,EMA30_PANW_L01d,EMA60_PANW_L01d,EMA100_PANW_L01d,Short12_PANW_L01d,Long26_PANW_L01d,MACD_PANW_L01d,SIGNAL9_PANW_L01d,Ret5/10_PANW_L01d,Ret10/30_PANW_L01d,Ret30/60_PANW_L01d,Ret30/100_PANW_L01d,Emaret5/10_PANW_L01d,Emaret10/30_PANW_L01d,Emaret30/60_PANW_L01d,Emaret30/100_PANW_L01d,RetMACD_PANW_L01d,DayRange_PANW_L01d,average20r_PANW_L01d,PRVHI_PANW_L01d,HitLevel_PANW_L01d,hitlevel_2_PANW_L01d,hitlevel_1.8_PANW_L01d,positive_return_dummy,sma_ratio_L01d,RetMACD_L01d,R_sma_ratio_L01d,ret_sma_ratio_L01d,ema_ratio_L01d,R_ema_ratio_L01d,ret_ema_ratio_L01d,volatility_ratio_L01d,R_vol_ratio_L01d,ret_vol_ratio_L01d,negative_L01d,neutral_L01d,positive_L01d,negative_max_L01d,negative_avg_L01d,positive_max_L01d,positive_avg_L01d,ret_best,best
2024-01-03,284.6799926757812,289.1199951171875,282.8200073242188,286.4700012207031,286.4700012207031,2468200.0,-0.8479897871955676,0.6671980157403158,0.9979656196890314,1.8431305875236408,2.209030611252885,292.6700012207031,297.1369995117187,291.5176645914714,270.5603317260742,256.0348991394043,291.8195619557865,294.9028910459693,288.658628648709,275.21236582363355,262.40886457878986,295.22266983331934,290.6786954810172,4.543974352302143,8.121603866918617,1.106577796706911,-1.106577796706911,-1.106577796706911,-1.106577796706911,1.106577796706911,1.106577796706911,-1.106577796706911,-1.106577796706911,1.106577796706911,4.58001708984375,7.1869964599609375,289.1199951171875,275.47590545654293,276.98900451660154,278.50210357666015,0.0,1.0192761386453963,0.8479897871955676,1.0,-0.8479897871955676,1.021631996335919,1.0,-0.8479897871955676,0.5414513906092023,-1.0,0.8479897871955676,0.0,2.0,4.0,0.053250883,0.0214078168333333,0.995678008,0.7078241508333334,,-1
2024-01-04,286.0,287.4800109863281,282.8999938964844,283.2999877929688,283.2999877929688,2542700.0,-1.106577796706911,0.6673446878127752,0.9332467121554364,1.7872985514447024,2.1970020484321227,289.8299987792969,294.6059997558594,292.27533060709635,271.0689982096354,256.6882989501953,288.979703901514,292.79327227269647,288.31290988382256,275.47753375705435,262.8225501869914,293.3884110578808,290.1321245411618,3.256286516719001,7.148540396878694,0.1306018825027272,-0.1306018825027272,-0.1306018825027272,-0.1306018825027272,0.1306018825027272,0.1306018825027272,-0.1306018825027272,-0.1306018825027272,0.1306018825027272,4.610015869140568,6.955497741699216,287.4800109863281,273.30860290527346,274.7460021972656,276.1834014892578,0.0,1.0079742246597478,1.106577796706911,1.0,-1.106577796706911,1.0155399298306804,1.0,-1.106577796706911,0.5221549088153615,-1.0,1.106577796706911,1.0,0.0,0.0,0.977446914,0.977446914,0.021285206,0.021285206,1.106577796706911,-1
2024-01-05,284.1900024414062,286.4500122070312,281.8399963378906,282.9299926757812,282.9299926757812,1857100.0,-0.1306018825027272,0.7630924711864071,0.7576850424560796,1.7388917735410656,2.190036958422259,287.3,292.8009979248047,292.90533040364585,271.5048314412435,257.3241989135742,286.9631334929364,290.999948709621,287.9656249026586,275.72187667242247,263.22071736498725,291.77942361448083,289.5986332918743,2.1807903226065264,6.154990382024261,-2.322131797369251,-2.322131797369251,2.322131797369251,2.322131797369251,-2.322131797369251,-2.322131797369251,2.322131797369251,2.322131797369251,-2.322131797369251,7.239990234375,6.9334976196289,286.4500122070312,272.1779159545898,273.5690155029297,274.96011505126955,1.0,0.9996438013651121,0.1306018825027272,-1.0,-0.1306018825027272,1.010537104239397,1.0,-0.1306018825027272,0.43572869455419627,-1.0,0.1306018825027272,1.0,0.0,1.0,0.936318099,0.4695399719999999,0.973729312,0.511776421,0.1306018825027272,-1
2024-01-08,283.5199890136719,290.739990234375,283.5,289.5,289.5,2915500.0,2.322131797369251,1.643271400933303,1.2004060128617091,1.745258740503579,2.205288222698713,286.2239990234375,291.8109985351563,293.78399658203125,272.00966491699216,258.06259887695313,287.8087556619576,290.72723076241715,288.0646168444226,276.1736184208676,263.7410991993439,291.42874305840684,289.59132712210584,1.8374159363009996,5.291475492879609,-3.772025363638817,-3.772025363638817,3.772025363638817,3.772025363638817,-3.772025363638817,-3.772025363638817,3.772025363638817,3.772025363638817,-3.772025363638817,14.100006103515623,7.224998474121088,290.739990234375,271.1963174438476,272.5830169677734,273.9697164916992,1.0,0.9932841881456124,-2.322131797369251,-1.0,-2.322131797369251,1.009243113392967,1.0,2.322131797369251,0.687809769980205,-1.0,-2.322131797369251,0.0,0.0,4.0,0.231967285,0.0604752005,0.995552003,0.93418638375,-2.322131797369251,1
2024-01-09,287.6099853515625,301.0,286.8999938964844,300.4200134277344,300.4200134277344,3651200.0,3.772025363638817,2.142821324344287,1.765280387025201,1.9115706965863852,2.252486353206772,288.5239990234375,292.03200073242186,294.9286641438802,272.6729985555013,258.9270989990234,292.0125082505499,292.4895548833839,288.86173920463625,276.9685821915845,264.4674143325794,292.8120154229188,290.3934520336339,2.418563389284884,4.716893072160664,-5.216024968298473,-5.216024968298473,5.216024968298473,5.216024968298473,-5.216024968298473,-5.216024968298473,5.216024968298473,5.216024968298473,-5.216024968298473,11.389984130859377,7.554998779296872,301.0,274.8449935913086,276.2899932861328,277.73499298095703,1.0,0.9901784269770224,-3.772025363638817,-1.0,-3.772025363638817,1.012559003794468,1.0,3.772025363638817,0.923471148714288,-1.0,-3.772025363638817,0.0,0.0,1.0,0.001828737,0.001828737,0.996931016,0.996931016,3.772025363638817,1
2024-01-10,305.2000122070312,316.489990234375,305.1000061035156,316.0899963378906,316.0899963378906,5080800.0,5.216024968298473,2.6351415283693647,2.400023617937713,2.233693727803216,2.3391189091363653,294.447998046875,293.5589996337891,296.4953308105469,273.61783192952475,260.0122988891601,300.0383376129968,296.78054423874875,290.6184009551688,278.25125150785686,265.4896436792192,296.39324325599137,292.29689975987515,4.096343496116219,4.592783156951775,2.3411034775596016,-2.3411034775596016,2.3411034775596016,2.3411034775596016,-2.3411034775596016,2.3411034775596016,2.3411034775596016,2.3411034775596016,-2.3411034775596016,8.850006103515625,7.573999023437497,316.489990234375,284.3790026855469,285.89000244140624,287.40100219726565,1.0,0.990096534846837,-5.216024968298473,-1.0,-5.216024968298473,1.0212035551201404,1.0,5.216024968298473,1.0744640538960901,1.0,-5.216024968298473,0.0,0.0,2.0,0.001690989,0.001434288,0.997149765,0.9968500435,5.216024968298473,1
2024-01-11,320.5299987792969,325.3699951171875,316.5199890136719,323.489990234375,323.489990234375,5000700.0,2.3411034775596016,1.9851594751872428,2.3879827245386305,2.252527318869852,2.3524370477274656,302.4859985351562,296.1579986572266,298.0173309326172,274.6506652832031,261.15029876708985,307.85555515345624,301.6368071470444,292.73914865060146,279.7344888431526,266.6381653931827,300.56197356035807,294.6074990542826,5.954474506075485,4.8651214267765175,0.5409750078301001,-0.5409750078301001,0.5409750078301001,0.5409750078301001,-0.5409750078301001,0.5409750078301001,0.5409750078301001,0.5409750078301001,0.5409750078301001,9.0,7.466499328613281,325.3699951171875,299.8271923828125,301.3419921875,302.8567919921875,1.0,0.9937609927933654,-2.3411034775596016,-1.0,-2.3411034775596016,1.030394494680528,1.0,2.3411034775596016,1.060134855872354,1.0,2.3411034775596016,0.0,0.0,0.0,0.0,0.0,0.0,0.0,2.3411034775596016,1
2024-01-12,324.510009765625,330.3999938964844,321.3999938964844,325.239990234375,325.239990234375,3191100.0,0.5409750078301001,1.754761741579736,2.333383762644033,2.1819844167086115,2.352194990564269,310.947998046875,299.1239990234375,299.22833048502605,275.70899861653646,261.99459869384765,313.6503668470958,305.9282949811045,294.8359771398772,281.22647249532383,267.79859756825584,304.35859151020685,296.8765724750302,7.482019035176677,5.388500948456549,2.093837708483011,-2.093837708483011,2.093837708483011,2.093837708483011,-2.093837708483011,2.093837708483011,2.093837708483011,2.093837708483011,2.093837708483011,7.799987792968807,6.862998962402346,330.3999938964844,308.9436965942383,310.43699645996094,311.9302963256836,1.0,0.9996513316054685,0.5409750078301001,-1.0,-0.5409750078301001,1.037621995622213,1.0,0.5409750078301001,1.069386080292818,1.0,0.5409750078301001,0.0,0.0,1.0,0.003828474,0.003828474,0.96601969,0.96601969,0.5409750078301001,1
2024-01-16,328.2999877929688,333.2999877929688,325.5,332.0499877929688,332.0499877929688,3758400.0,2.093837708483011,1.7744150718097924,2.314111802692979,1.946339002996828,2.361273816022557,319.45799560546874,302.84099731445315,300.4603302001953,276.8874984741211,262.9694985961914,319.78357382905347,310.6776936741707,297.2368810529799,282.892817259181,269.0709023251809,308.61880632293946,299.4820106467293,9.13679567621017,6.1381598940072735,-0.5993044142545632,-0.5993044142545632,-0.5993044142545632,-0.5993044142545632,0.5993044142545632,-0.5993044142545632,-0.5993044142545632,-0.5993044142545632,-0.5993044142545632,9.860015869140623,6.866000366210938,333.2999877929688,315.30139617919923,316.6739959716797,318.04659576416014,0.0,1.007923399114524,2.093837708483011,1.0,-2.093837708483011,1.045219195456418,1.0,2.093837708483011,1.1889561885827091,1.0,2.093837708483011,0.0,0.0,0.0,0.0,0.0,0.0,0.0,2.093837708483011,1
2024-01-17,330.5400085449219,332.4700012207031,322.6099853515625,330.0599975585938,330.0599975585938,3932200.0,-0.5993044142545632,2.197721666667883,2.129276577303543,1.9153103395995668,2.3185725114615727,325.3859924316406,306.9549957275391,301.5903299967448,278.16966501871747,263.91349853515624,323.20904840556693,314.201748925884,299.35450147269694,284.4392821870306,270.27860718128807,311.9174511284248,301.7470467142748,10.17040441414997,6.944608798035813,1.7299859108386508,1.7299859108386508,1.7299859108386508,1.7299859108386508,-1.7299859108386508,1.7299859108386508,1.7299859108386508,1.7299859108386508,1.7299859108386508,6.029998779296818,6.89700012207031,332.4700012207031,318.1947869873047,319.5679870605469,320.9411871337892,1.0,1.0177879235413556,-0.5993044142545632,1.0,-0.5993044142545632,1.0495975419783063,1.0,-0.5993044142545632,1.1117136128178111,1.0,-0.5993044142545632,0.0,0.0,0.0,0.0,0.0,0.0,0.0,-0.5993044142545632,1
2024-01-18,336.4100036621094,338.5899963378906,332.5599975585938,335.7699890136719,335.7699890136719,3598700.0,1.7299859108386508,1.2299883905174265,1.983280277528661,1.9374534461223247,2.2495789210125503,329.3219909667969,311.88499450683594,303.2289967854818,279.7141647338867,264.99669845581053,327.3960286082686,318.12324712366353,301.70388776566307,286.1222561813467,271.5754662274739,315.5870723415397,304.2672646623783,11.319807679161386,7.819648574260928,0.5867115243056789,0.5867115243056789,0.5867115243056789,0.5867115243056789,-0.5867115243056789,0.5867115243056789,0.5867115243056789,0.5867115243056789,0.5867115243056789,6.089996337890568,6.966499328613272,338.5899963378906,317.2966009521484,318.6760009765625,320.0554010009766,1.0,1.0285460751218254,1.7299859108386508,1.0,1.7299859108386508,1.0544221006881873,1.0,1.7299859108386508,1.0236531264779836,1.0,1.7299859108386508,0.0,1.0,0.0,0.083435208,0.083435208,0.162680194,0.162680194,1.7299859108386508,-1
2024-01-19,339.5299987792969,340.3999938964844,334.3099975585938,337.739990234375,337.739990234375,2917600.0,0.5867115243056789,1.0705978234346651,1.7874329894503784,1.9374363433375723,2.247714466069588,332.1719909667969,317.32899475097656,304.7276631673177,281.24033126831057,266.0664984130859,330.84401581697074,321.68992768924744,304.0287976023542,287.8146409043968,272.88565482167,318.99521355582203,306.7467258158595,12.248487739962512,8.705416407401247,2.342039406296015,2.342039406296015,2.342039406296015,2.342039406296015,-2.342039406296015,2.342039406296015,2.342039406296015,2.342039406296015,2.342039406296015,8.149993896484432,6.996499633789054,340.3999938964844,323.26369781494145,324.65699768066406,326.0502975463868,1.0,1.0413527654584473,0.5867115243056789,1.0,0.5867115243056789,1.0580903198189555,1.0,0.5867115243056789,0.9225763703653939,-1.0,0.5867115243056789,0.0,0.0,4.0,0.008410207,0.0045807915,0.995551527,0.930295393,-0.5867115243056789,-1
2024-01-22,346.2900085449219,350.6000061035156,342.4500122070312,345.6499938964844,345.6499938964844,3511000.0,2.342039406296015,1.2240308107850495,1.659059223845504,1.849773521904897,2.246965321207657,336.2539916992188,323.6009948730469,306.6759958902995,282.7999977111816,267.1987983703613,335.7793418434753,326.0463033632905,306.71403607294326,289.7108819861046,274.3265328231514,323.095948992847,309.62844937738726,13.467499615459758,9.65783304901295,-0.4252860542920823,-0.4252860542920823,-0.4252860542920823,-0.4252860542920823,0.4252860542920823,-0.4252860542920823,-0.4252860542920823,-0.4252860542920823,-0.4252860542920823,7.679992675781193,6.970500183105457,350.6000061035156,325.00769470214846,326.40699462890626,327.80629455566407,0.0,1.0551885351626986,2.342039406296015,1.0,2.342039406296015,1.0630302660350035,1.0,2.342039406296015,0.896898568499891,-1.0,-2.342039406296015,2.0,0.0,3.0,0.761054516,0.2769831818,0.993749022,0.639333657,-2.342039406296015,1
2024-01-23,345.5700073242188,346.0,338.3200073242188,344.1799926757812,344.1799926757812,3022500.0,-0.4252860542920823,1.2962311022820898,1.8253028396989164,1.846401562857204,2.2051562849202924,338.67999267578125,329.068994140625,308.3616628011068,284.45649770100914,268.3013983154297,338.5795587875773,329.3433377837434,309.13119456344896,291.4967544677333,275.7097696519163,326.3396480209907,312.1878229550461,14.151825065944593,10.55663145239928,-1.1447505739003514,-1.1447505739003514,-1.1447505739003514,-1.1447505739003514,1.1447505739003514,-1.1447505739003514,-1.1447505739003514,-1.1447505739003514,-1.1447505739003514,8.149993896484375,7.215499877929676,346.0,335.26490570068364,336.6590057373047,338.0531057739258,0.0,1.0671527425018281,-0.4252860542920823,1.0,-0.4252860542920823,1.0653837062572664,1.0,-0.4252860542920823,0.9885730582216155,-1.0,0.4252860542920823,0.0,0.0,1.0,0.040645629,0.040645629,0.949839771,0.949839771,-0.4252860542920823,1
2024-01-24,347.8200073242188,347.989990234375,339.8399963378906,340.239990234375,340.239990234375,2927100.0,-1.1447505739003514,1.4496153410520405,1.8843088827153391,1.8774056737190783,2.1635704092018107,340.7159912109375,333.0509918212891,309.7556620279948,286.1739974975586,269.3247982788086,339.1330359365099,331.3245473202218,311.1382136389926,293.0948933453281,276.987595802064,328.4781622076652,314.2657612720334,14.21240093563182,11.28778534904579,-0.0146919217033755,-0.0146919217033755,-0.0146919217033755,-0.0146919217033755,0.0146919217033755,-0.0146919217033755,-0.0146919217033755,-0.0146919217033755,-0.0146919217033755,7.889984130859318,7.435499572753892,347.989990234375,330.1259002685547,331.5690002441406,333.01210021972656,0.0,1.0752055011384714,-1.1447505739003514,1.0,-1.1447505739003514,1.0648789920245894,1.0,-1.1447505739003514,1.0036769937861036,1.0,1.1447505739003514,0.0,0.0,2.0,0.00443454,0.003529901,0.991747975,0.971762955,-1.1447505739003514,1
2024-01-25,344.4599914550781,344.4599914550781,336.5700073242188,340.1900024414062,340.1900024414062,3455000.0,-0.0146919217033755,1.319056264760214,1.302959700909526,1.883020880421848,2.165138037039648,341.5999938964844,335.46099243164065,311.0993286132813,287.8639976501465,270.29369827270506,339.4853581048087,332.93644825134623,313.01252259398706,294.63899528290443,278.23912860680343,330.2799837820869,316.1860754327277,14.093908349359197,11.84900994910847,0.6613950979901405,0.6613950979901405,0.6613950979901405,0.6613950979901405,-0.6613950979901405,0.6613950979901405,0.6613950979901405,0.6613950979901405,0.6613950979901405,6.239990234375,7.493998718261707,344.4599914550781,331.6318911743164,333.11899108886723,334.606091003418,1.0,1.0783083137046645,-0.0146919217033755,1.0,-0.0146919217033755,1.0636521679460178,1.0,-0.0146919217033755,0.6919518070440236,-1.0,-0.0146919217033755,0.0,0.0,0.0,0.0,0.0,0.0,0.0,-0.0146919217033755,1
2024-01-26,340.0,344.2999877929688,338.0599975585938,342.4400024414062,342.4400024414062,2165600.0,0.6613950979901405,1.3239698539117215,1.1764752248426176,1.838150358183727,2.1631060872416,342.5399963378906,337.3559936523437,312.3279958089193,289.595497639974,271.2908982849121,340.47023955034126,334.6643671949935,314.91106968091736,296.2062414192487,279.5104330391718,332.1507558835206,318.13081076670386,14.019945116816755,12.283196982650129,0.8205809889499158,0.8205809889499158,0.8205809889499158,0.8205809889499158,-0.8205809889499158,0.8205809889499158,0.8205809889499158,0.8205809889499158,0.8205809889499158,4.720001220703125,7.536997985839835,344.2999877929688,327.9731942749024,329.4719940185547,330.97079376220705,1.0,1.080133699762017,0.6613950979901405,1.0,0.6613950979901405,1.0627265898721536,1.0,0.6613950979901405,0.640032095092096,-1.0,-0.6613950979901405,0.0,0.0,0.0,0.0,0.0,0.0,0.0,0.6613950979901405,1
2024-01-29,341.989990234375,345.489990234375,340.7699890136719,345.25,345.25,2619100.0,0.8205809889499158,0.8062603454106131,1.178841736469465,1.809777484130765,2.157084294382083,342.4599975585937,339.35699462890625,313.37432963053385,291.2993309020996,272.2926982116699,342.06349303356086,336.58902770499463,316.868420024084,297.81423350386353,280.8122066423565,334.16602420913284,320.1396395987999,14.026384610332968,12.631834508186696,0.1853771610246198,0.1853771610246198,0.1853771610246198,0.1853771610246198,-0.1853771610246198,0.1853771610246198,0.1853771610246198,0.1853771610246198,0.1853771610246198,4.8699951171875,7.541998291015614,345.489990234375,327.71859222412115,329.22599182128914,330.7333914184572,1.0,1.0829125507153243,0.8205809889499158,1.0,0.8205809889499158,1.0622359516906472,1.0,0.8205809889499158,0.6513738549662982,-1.0,-0.8205809889499158,0.0,0.0,3.0,0.248190045,0.138650827,0.996148825,0.792059819,0.8205809889499158,-1
2024-01-30,344.8299865722656,347.6300048828125,342.760009765625,345.8900146484375,345.8900146484375,1744200.0,0.1853771610246198,0.7752800122273091,1.05947741767341,1.7995422580364224,2.1576850700680037,342.802001953125,340.7409973144531,314.8893300374349,292.98316446940106,273.29949829101565,343.33900023851976,338.280116240166,318.7407809675907,299.3904886233578,282.10087610782347,335.96971504594893,322.0470747876619,13.922640258287004,12.889995658206756,-2.1336276186849554,-2.1336276186849554,-2.1336276186849554,-2.1336276186849554,2.1336276186849554,-2.1336276186849554,-2.1336276186849554,-2.1336276186849554,-2.1336276186849554,11.319976806640623,7.743496704101551,347.6300048828125,328.89759399414066,330.4059936523438,331.91439331054687,0.0,1.082097628630176,0.1853771610246198,1.0,0.1853771610246198,1.061301648359085,1.0,0.1853771610246198,0.5887482847051688,-1.0,-0.1853771610246198,0.0,0.0,0.0,0.0,0.0,0.0,0.0,-0.1853771610246198,1
2024-01-31,342.2300109863281,343.989990234375,332.6700134277344,338.510009765625,338.510009765625,2484300.0,-2.1336276186849554,1.1886419014772676,1.3051721352635195,1.8090258915264377,2.1750739893579505,342.456005859375,341.58599853515625,315.9296641031901,294.4523312886556,274.23019836425783,341.72933674755484,338.3219150629768,320.0162150835929,300.6730958739239,283.2178886555027,336.3605296182068,323.26655145269626,13.09397816551052,12.930792159667511,0.431299345058949,0.431299345058949,0.431299345058949,0.431299345058949,-0.431299345058949,0.431299345058949,0.431299345058949,0.431299345058949,0.431299345058949,5.010009765625,7.678997802734367,343.989990234375,330.5943121337891,332.1430114746094,333.6917108154297,1.0,1.0812090074061111,-2.1336276186849554,1.0,-2.1336276186849554,1.0572024138670668,1.0,-2.1336276186849554,0.7214778635159437,-1.0,2.1336276186849554,0.0,0.0,0.0,0.0,0.0,0.0,0.0,-2.1336276186849554,-1
2024-02-01,339.0,340.4500122070312,335.4400024414062,339.9700012207031,339.9700012207031,2175500.0,0.431299345058949,1.2127760115413384,1.203379672227343,1.7694836692663838,2.132761574501225,342.4120056152344,342.00599975585936,317.00933125813805,296.05966466267904,275.1424983215332,341.14289157193764,338.6215670916543,321.30355612469685,301.9615190000478,284.3416928647146,336.91583294166776,324.5038440281042,12.411988913563562,12.827031510446725,1.4971898460494864,1.4971898460494864,1.4971898460494864,1.4971898460494864,-1.4971898460494864,1.4971898460494864,1.4971898460494864,1.4971898460494864,-1.4971898460494864,7.429992675781193,7.821496582031239,340.4500122070312,327.0961950683594,328.6319946289063,330.1677941894532,1.0,1.0788515227564919,0.431299345058949,1.0,0.431299345058949,1.0538992197155652,1.0,0.431299345058949,0.6800739069415974,-1.0,-0.431299345058949,0.0,0.0,1.0,0.001712952,0.001712952,0.996496737,0.996496737,-0.431299345058949,1
2024-02-02,339.5599975585938,346.4299926757812,339.0,345.0599975585938,345.0599975585938,2539600.0,1.4971898460494864,1.3747198606512927,1.2740653139072018,1.7108757673041486,2.092302437663705,342.9360046386719,342.7380004882813,318.2243316650391,297.8606646219889,276.06169830322267,342.4485935674897,339.79219081291603,322.8362297655935,303.37458387081983,285.54403553192014,338.1687813442718,326.0265220673997,12.14225927687204,12.690077063731788,-0.1680828193268609,-0.1680828193268609,-0.1680828193268609,-0.1680828193268609,0.1680828193268609,-0.1680828193268609,-0.1680828193268609,-0.1680828193268609,0.1680828193268609,7.559997558593807,7.968995666503901,346.4299926757812,323.2427197265625,324.8070190429687,326.371318359375,0.0,1.0770326665311223,-1.4971898460494864,1.0,1.4971898460494864,1.0525218655280233,1.0,1.4971898460494864,0.7446860480786193,-1.0,-1.4971898460494864,0.0,1.0,1.0,0.00285838,0.002300525,0.990855217,0.4984396105,1.4971898460494864,-1
2024-02-05,344.2799987792969,345.5,337.9400024414062,344.4800109863281,344.4800109863281,2670300.0,-0.1680828193268609,1.326227998991848,1.0347554653688,1.712204717953703,2.085599111060536,342.7820068359375,342.6210021972656,319.67433166503906,299.5673314412435,277.04919845581054,343.12573270710254,340.6445217535364,324.2326027475764,304.72230279263977,286.7110845508193,339.139739750742,327.39344717250555,11.74629257823642,12.501320166632716,-0.8679809151747252,-0.8679809151747252,-0.8679809151747252,-0.8679809151747252,0.8679809151747252,-0.8679809151747252,-0.8679809151747252,-0.8679809151747252,0.8679809151747252,11.75,8.194496154785151,345.5,328.89820220947263,330.4920013427734,332.08580047607416,0.0,1.0717813983146778,0.1680828193268609,1.0,-0.1680828193268609,1.0506177320444765,1.0,-0.1680828193268609,0.6043409730849598,-1.0,0.1680828193268609,0.0,0.0,2.0,0.029163601,0.019254573,0.96474576,0.8345845940000001,0.1680828193268609,-1
2024-02-06,345.489990234375,347.75,336.0,341.489990234375,341.489990234375,2741600.0,-0.8679809151747252,1.3650539840248208,1.0626834746365552,1.7313101034347018,2.090206749713809,341.902001953125,342.352001953125,321.07733154296875,301.2408312479655,278.00119842529296,342.5804852161934,340.79824329550706,325.3459825854344,305.9278007415491,287.7958153564343,339.501316748224,328.43763554745885,11.063681200765132,12.213792373459198,-6.738121298909092,6.738121298909092,6.738121298909092,6.738121298909092,-6.738121298909092,6.738121298909092,6.738121298909092,6.738121298909092,-6.738121298909092,16.740020751953125,8.326496887207025,347.75,327.4721084594727,329.1110076904297,330.74990692138675,1.0,1.066260269162942,0.8679809151747252,1.0,-0.8679809151747252,1.047494856359614,1.0,-0.8679809151747252,0.613803080411952,-1.0,0.8679809151747252,0.0,0.0,0.0,0.0,0.0,0.0,0.0,0.8679809151747252,-1
2024-02-07,351.3999938964844,366.1400146484375,349.3999938964844,364.5,364.5,6581600.0,6.738121298909092,3.0400028431159303,2.338033642403404,2.086084319889763,2.2352348050019923,347.1,344.7780029296875,323.28699849446616,303.272664642334,279.1879983520508,349.88699014412896,345.10765360541484,327.8720482250838,307.848200717236,289.3147101018514,343.347268017728,331.10892180320263,12.238346214525391,12.218703141672435,0.6913550106095679,0.6913550106095679,0.6913550106095679,0.6913550106095679,-0.6913550106095679,0.6913550106095679,0.6913550106095679,0.6913550106095679,0.6913550106095679,8.720001220703125,8.192997741699212,366.1400146484375,329.43170684814453,331.097006225586,332.76230560302736,1.0,1.0664765503571254,-6.738121298909092,1.0,6.738121298909092,1.0525680840243472,1.0,6.738121298909092,1.1207761930385225,1.0,-6.738121298909092,0.0,0.0,0.0,0.0,0.0,0.0,0.0,-6.738121298909092,1
2024-02-08,363.2200012207031,371.7200012207031,363.0,367.0199890136719,367.0199890136719,2958200.0,0.6913550106095679,3.0187393566857144,2.32417081074094,1.8339412118782588,2.1789745883281566,352.50999755859374,347.46100158691405,325.49366455078126,305.1644978841146,280.4561982727051,355.59798976731,349.09171458873425,330.3977218243476,309.788259349906,290.8534284961449,346.98922509402706,333.76900085583,13.22022423819709,12.419007360977368,2.6919528032693774,2.6919528032693774,2.6919528032693774,2.6919528032693774,-2.6919528032693774,2.6919528032693774,2.6919528032693774,2.6919528032693774,2.6919528032693774,11.839996337890623,8.342497253417964,371.7200012207031,348.1154196166992,349.7540191650391,351.3926187133789,1.0,1.06748929220005,0.6913550106095679,1.0,0.6913550106095679,1.0565802713807,1.0,0.6913550106095679,1.2673093312302006,1.0,0.6913550106095679,0.0,0.0,2.0,0.004729679,0.0046963895,0.972609282,0.943235159,0.6913550106095679,1
2024-02-09,373.0499877929688,380.8399963378906,369.0,376.8999938964844,376.8999938964844,3501000.0,2.6919528032693774,3.0577659400452952,2.3995953045353016,1.8514025690857052,2.1948881931886994,358.87799682617185,350.90700073242186,328.1403310139974,307.1854977925619,281.82629821777346,362.6986578103681,354.14776537196155,333.3978684096467,311.9886440891381,292.55732088031,351.5908818328666,336.96388922921176,14.626992603654855,12.860604409512865,-1.3080373456135617,-1.3080373456135617,-1.3080373456135617,-1.3080373456135617,1.3080373456135617,-1.3080373456135617,-1.3080373456135617,-1.3080373456135617,-1.3080373456135617,8.769989013671932,8.33099670410156,380.8399963378906,353.3665072631836,355.0350067138672,356.7035061645508,0.0,1.0693808945949204,2.6919528032693774,1.0,2.6919528032693774,1.0622376413541414,1.0,2.6919528032693774,1.296095913770021,1.0,2.6919528032693774,0.0,0.0,2.0,0.001669009,0.0015196825,0.996862054,0.995913714,2.6919528032693774,1
2024-02-12,375.4500122070312,376.2999877929688,367.5299987792969,371.9700012207031,371.9700012207031,2868500.0,-1.3080373456135617,3.2773961512818914,2.5081159050712327,1.90937465550467,2.2006744489079115,364.37599487304686,353.57900085449216,330.686664835612,309.032164255778,283.18429824829104,365.7891056138132,357.38817188991453,335.8863931071342,313.95524596230416,294.12984920388215,354.72613096945685,339.5569345619148,15.169196407542074,13.322322809118708,-0.9973899623364664,-0.9973899623364664,-0.9973899623364664,-0.9973899623364664,0.9973899623364664,-0.9973899623364664,-0.9973899623364664,-0.9973899623364664,-0.9973899623364664,20.570007324218693,8.969497680664054,376.2999877929688,362.5118035888672,364.1780029296875,365.8442022705078,0.0,1.0692266681822813,-1.3080373456135617,1.0,-1.3080373456135617,1.0640150337257697,1.0,-1.3080373456135617,1.3135797617510057,1.0,-1.3080373456135617,0.0,0.0,3.0,0.033894446,0.0136043296666666,0.996565044,0.8421328663333334,-1.3080373456135617,-1
2024-02-13,359.1199951171875,374.3800048828125,353.8099975585938,368.260009765625,368.260009765625,7842200.0,-0.9973899623364664,3.302068740819165,2.566264378937267,1.9148967150693408,2.186020735804057,369.72999877929686,355.8160003662109,333.1326649983724,310.9001645406087,284.5138983154297,366.6127403310838,359.3648696854982,337.9750135367143,315.73573002142945,295.59777317540176,356.8082661688673,341.68308828070815,15.125177888159158,13.6828938249268,0.019002010749188,0.019002010749188,0.019002010749188,0.019002010749188,-0.019002010749188,0.019002010749188,0.019002010749188,0.019002010749188,0.019002010749188,9.040008544921877,8.928497314453116,374.3800048828125,356.56709289550787,358.3609924316407,360.1548919677735,1.0,1.0680909972246324,-0.9973899623364664,1.0,-0.9973899623364664,1.0632882766242135,1.0,-0.9973899623364664,1.3401581185773457,1.0,-0.9973899623364664,2.0,0.0,3.0,0.988203347,0.3903629046,0.992929637,0.5701997438,0.9973899623364664,-1
2024-02-14,368.8099975585938,375.1700134277344,366.1300048828125,368.3299865722656,368.3299865722656,3093700.0,0.019002010749188,1.5960937398495598,2.390383671871443,1.9005429857424307,2.0387925419296464,370.49599609375,358.797998046875,335.7796641031901,313.00066426595055,285.9227981567383,367.1851557448111,360.9948909376377,339.9333988938467,317.4601318755552,297.0380150248446,358.5808385386209,343.6569325986013,14.923905940019608,13.931096247945362,-0.3936637641010098,-0.3936637641010098,-0.3936637641010098,-0.3936637641010098,0.3936637641010098,-0.3936637641010098,-0.3936637641010098,-0.3936637641010098,-0.3936637641010098,8.170013427734375,9.035498046874997,375.1700134277344,354.73731079101566,356.52301025390625,358.3087097167969,0.0,1.0685518999644095,0.019002010749188,1.0,0.019002010749188,1.0619577014565964,1.0,0.019002010749188,1.2577372307828438,1.0,0.019002010749188,0.0,0.0,2.0,0.002427821,0.001916016,0.994910419,0.99487105,-0.019002010749188,1
2024-02-15,368.1799926757812,369.7900085449219,361.6199951171875,366.8800048828125,366.8800048828125,2717600.0,-0.3936637641010098,1.5896275047493955,2.4213463643920043,1.891435353679661,2.0345975031572148,370.4679992675781,361.48899841308594,338.4599975585937,314.9888310750326,287.3064982604981,367.0834387908116,362.0649116549422,341.67188960281226,319.08045558071115,298.4210247250023,359.85763336080424,345.37716017520955,14.48047318559469,14.040971635475229,-0.1281076140557867,-0.1281076140557867,-0.1281076140557867,-0.1281076140557867,0.1281076140557867,-0.1281076140557867,-0.1281076140557867,-0.1281076140557867,-0.1281076140557867,8.940002441406193,9.177998352050777,369.7900085449219,355.2919177246094,357.0990173339844,358.9061169433594,0.0,1.0680405395633363,-0.3936637641010098,1.0,-0.3936637641010098,1.0596859814128592,1.0,-0.3936637641010098,1.2801634270404414,1.0,-0.3936637641010098,0.0,0.0,2.0,0.001299119,0.001299119,0.994965255,0.994965255,-0.3936637641010098,1
2024-02-16,369.5,370.989990234375,362.0499877929688,366.4100036621094,366.4100036621094,3258100.0,-0.1281076140557867,0.5701531630511946,2.423168507144261,1.8956753509728423,1.9466022937699876,368.3700012207031,363.6239990234375,341.23033142089844,316.7528310139974,288.70529830932617,366.8589604145775,362.854928383518,343.2678969614766,320.63224404239634,299.7673411395985,360.8656903302358,346.9351485816466,13.930541748589178,14.01888565809802,-0.0873358590159699,-0.0873358590159699,-0.0873358590159699,-0.0873358590159699,0.0873358590159699,-0.0873358590159699,-0.0873358590159699,-0.0873358590159699,0.0873358590159699,9.470001220703068,9.243998718261707,370.989990234375,349.59841217041014,351.43401184082035,353.2696115112305,0.0,1.065626251656149,-0.1281076140557867,1.0,-0.1281076140557867,1.0570604813191709,1.0,-0.1281076140557867,1.2782613362043844,1.0,-0.1281076140557867,0.0,0.0,0.0,0.0,0.0,0.0,0.0,-0.1281076140557867,1
2024-02-20,362.8500061035156,369.2900085449219,359.8200073242188,366.0899963378906,366.0899963378906,10458800.0,-0.0873358590159699,0.4093073083668588,2.420354927569164,1.8434759411785029,1.946061644778387,367.1940002441406,365.7849975585938,344.0023315429688,318.4538309733073,290.0982983398437,366.6026390556819,363.4431225570403,344.7402904696324,322.12266215044536,301.0806610445152,361.6694297160288,348.35402619322025,13.315403522808596,13.878189231040135,-28.44109267085455,-28.44109267085455,-28.44109267085455,-28.44109267085455,28.44109267085455,-28.44109267085455,-28.44109267085455,-28.44109267085455,28.44109267085455,15.8900146484375,9.654499816894525,369.2900085449219,350.6531930541992,352.5019927978516,354.35079254150395,0.0,1.0633212743585843,0.0873358590159699,1.0,-0.0873358590159699,1.054251947348334,1.0,-0.0873358590159699,1.3129300326110425,1.0,-0.0873358590159699,1.0,1.0,2.0,0.733900011,0.18567765175,0.998415232,0.5733701977500001,-0.0873358590159699,1
2024-02-21,275.2000122070312,275.9800109863281,260.0899963378906,261.9700012207031,261.9700012207031,43937300.0,-28.44109267085455,12.654179481406322,9.54462779587276,6.692644683502692,4.220200083376078,345.9359985351563,357.83299865722654,343.0846649169922,318.43433074951173,290.398998413086,331.725093110689,344.9934641322517,339.4002718084112,320.15044375930626,300.30619253315257,346.33105610136334,341.95520952858936,4.37584657277398,11.977720699386904,-2.233082443125692,2.233082443125692,2.233082443125692,2.233082443125692,-2.233082443125692,-2.233082443125692,2.233082443125692,2.233082443125692,-2.233082443125692,11.809997558593809,9.837499999999997,275.9800109863281,348.0501089477539,349.98100891113285,351.9119088745117,1.0,1.042987446681135,28.44109267085455,1.0,-28.44109267085455,1.0164796341913296,1.0,-28.44109267085455,1.4261369379731423,1.0,-28.44109267085455,12.0,3.0,4.0,0.995143056,0.6714386271764705,0.998265803,0.2848368960588235,-28.44109267085455,1
2024-02-22,274.1300048828125,276.8099975585938,265.0,267.8200073242188,267.8200073242188,19297300.0,2.233082443125692,12.944399000696032,9.179318919055628,6.733880997320399,4.227228500243145,325.83400268554686,348.1649993896484,341.997998046875,318.4633310953776,290.7253985595703,310.4233978485323,330.9619265307912,334.78219022878585,318.43469174504105,299.662901736936,334.2524332125719,336.4637130690064,-2.211279856434487,9.139920588222628,-5.328201263319655,5.328201263319655,5.328201263319655,5.328201263319655,-5.328201263319655,-5.328201263319655,-5.328201263319655,5.328201263319655,-5.328201263319655,12.700012207031309,10.078001403808594,276.8099975585938,254.3375109863281,256.3050109863281,258.27251098632814,1.0,1.0180322732237987,-2.233082443125692,1.0,2.233082443125692,0.9885888084566746,-1.0,2.233082443125692,1.3631543121579277,1.0,2.233082443125692,0.0,0.0,2.0,0.002436396,0.00164125,0.998224795,0.997032821,2.233082443125692,-1
2024-02-23,276.9500122070312,284.3200073242188,271.6199951171875,282.0899963378906,282.0899963378906,15331500.0,5.328201263319655,13.723103168063098,9.474837670857545,6.876513047800864,4.278743421460589,308.8760009765625,339.6720001220703,340.8646647135417,318.67999776204425,291.2018984985352,300.9789306783184,322.0761210411729,331.3826938487281,317.2430623874296,299.31492341220246,326.2274429241594,332.436030348183,-6.208587424023619,6.070218985773379,-7.334539583113584,-7.334539583113584,7.334539583113584,7.334539583113584,-7.334539583113584,-7.334539583113584,-7.334539583113584,7.334539583113584,-7.334539583113584,27.089996337890625,11.120501708984374,284.3200073242188,254.6383944702149,256.6539947509766,258.6695950317383,1.0,0.9965010612277054,-5.328201263319655,-1.0,5.328201263319655,0.9719159359245129,-1.0,-5.328201263319655,1.3778549687893975,1.0,5.328201263319655,0.0,2.0,2.0,0.008952777,0.00358472825,0.997746885,0.49149475075,-5.328201263319655,-1
2024-02-26,288.5199890136719,313.8800048828125,286.7900085449219,302.7799987792969,302.7799987792969,21937200.0,7.334539583113584,14.65354608561755,9.842779260445608,7.10226340137097,4.360082633447076,296.15,332.26000061035154,340.17433166503906,319.0958312988281,291.8619984436035,301.57928671197794,318.5677351753772,329.5373586829583,316.7688635806056,299.3835387660063,322.62014382494976,330.2392872690063,-7.619143444056533,3.3323464998073966,-3.953365898990021,-3.953365898990021,3.953365898990021,3.953365898990021,-3.953365898990021,-3.953365898990021,-3.953365898990021,3.953365898990021,-3.953365898990021,20.02001953125,11.88550262451172,313.8800048828125,259.8549035644532,262.0790039062501,264.3031042480469,1.0,0.9767344848861772,-7.334539583113584,-1.0,-7.334539583113584,0.9667120488207385,-1.0,-7.334539583113584,1.385865139632195,1.0,7.334539583113584,4.0,0.0,4.0,0.994127989,0.484597095,0.99715507,0.498527942875,-7.334539583113584,-1
2024-02-27,317.3999938964844,327.5700073242188,307.5499877929688,314.75,314.75,21354300.0,3.953365898990021,14.944027139271713,10.002071861263246,7.163207217583505,4.359581194592588,285.8820007324219,326.5380004882812,339.8246653238932,319.52649790445963,292.69239837646484,305.969524474652,317.8736015071268,328.5833355421223,316.7026713320611,299.6878251270755,321.40935246726514,329.09193265648736,-7.682580189222222,1.1293611620014732,-0.444795519137212,-0.444795519137212,0.444795519137212,0.444795519137212,-0.444795519137212,-0.444795519137212,-0.444795519137212,0.444795519137212,-0.444795519137212,9.040008544921818,12.094003295898435,327.5700073242188,287.7318991088867,290.10899963378904,292.4861001586914,1.0,0.9609014112529229,-3.953365898990021,-1.0,-3.953365898990021,0.9674063384336709,-1.0,-3.953365898990021,1.396311953214363,1.0,3.953365898990021,0.0,2.0,0.0,0.020281684,0.0134044695,0.388419241,0.198500523,-3.953365898990021,-1
2024-02-28,311.2799987792969,316.8500061035156,307.8099975585938,316.1499938964844,316.1499938964844,7995300.0,0.444795519137212,2.671480516565373,10.014392938679403,7.164121488243777,4.3526344176298,296.71799926757814,321.3269989013672,339.29466552734374,319.8774978637695,293.48949829101565,309.36301428192945,317.56021830519177,327.7811844682102,316.6845507604028,300.0138086670638,320.6002203794527,328.13327052611675,-7.5330501466640385,-0.6031210997316292,1.7713130512819666,1.7713130512819666,-1.7713130512819666,-1.7713130512819666,1.7713130512819666,1.7713130512819666,1.7713130512819666,-1.7713130512819666,1.7713130512819666,11.959991455078068,12.126004028320306,316.8500061035156,300.96320007324226,303.38200073242194,305.8008013916016,0.0,0.9470440639022409,-0.444795519137212,-1.0,-0.444795519137212,0.9688177154536772,-1.0,-0.444795519137212,1.3978535896010253,1.0,0.444795519137212,0.0,0.0,0.0,0.0,0.0,0.0,0.0,-0.444795519137212,-1
2024-02-29,315.7799987792969,320.6900024414062,308.7300109863281,310.5499877929688,310.5499877929688,8178000.0,-1.7713130512819666,3.687661415020508,10.010676098448515,7.159319637021399,4.360194515148911,305.2639953613281,315.5489990234375,338.6443318684896,320.1173309326172,294.22719818115235,309.75867211894257,316.28563093933303,326.6694943601301,316.48341754835576,300.2224458774777,319.0540307507629,326.8308051384762,-7.776774387713317,-2.037851757327967,2.6243742446764173,2.6243742446764173,-2.6243742446764173,-2.6243742446764173,2.6243742446764173,2.6243742446764173,2.6243742446764173,-2.6243742446764173,2.6243742446764173,14.720001220703068,12.61150360107421,320.6900024414062,290.17279724121096,292.59799804687503,295.02319885253905,0.0,0.9318006218570903,1.7713130512819666,-1.0,1.7713130512819666,0.9682129381528671,-1.0,1.7713130512819666,1.398271987561853,1.0,-1.7713130512819666,0.0,0.0,0.0,0.0,0.0,0.0,0.0,1.7713130512819666,-1
2024-03-01,311.5299987792969,311.5299987792969,296.8099975585938,302.3999938964844,302.3999938964844,11358200.0,-2.6243742446764173,4.149727459751544,10.016733610466098,7.179063642148964,4.352913341176117,309.32599487304685,309.1009979248047,337.53199869791666,320.38049774169923,294.78429809570315,307.3057793781232,313.76096965881504,325.10372013666915,316.02166595321245,300.2655656402304,316.49187123472,325.0211154168472,-8.529244182127172,-3.3361302422878083,-0.9788331728906804,0.9788331728906804,-0.9788331728906804,-0.9788331728906804,0.9788331728906804,0.9788331728906804,0.9788331728906804,-0.9788331728906804,0.9788331728906804,10.320007324218691,12.756004333496085,311.5299987792969,292.9446945190429,295.46699523925776,297.9892959594726,0.0,0.9157679838273436,2.6243742446764173,-1.0,2.6243742446764173,0.9651103639383586,-1.0,2.6243742446764173,1.395270206501152,1.0,-2.6243742446764173,0.0,0.0,1.0,0.002916093,0.002916093,0.996212602,0.996212602,2.6243742446764173,1
2024-03-04,302.0,302.3800048828125,292.0599975585938,299.4400024414062,299.4400024414062,7214200.0,-0.9788331728906804,2.579694461950408,10.008568564332435,7.167911831506279,4.347855122070454,308.6579956054687,302.40399780273435,336.255332438151,320.4914978027344,295.2508981323242,304.68385373255086,311.157157437468,323.44799641439414,315.4780048544647,300.24921785411505,313.8685068049794,323.1262181594072,-9.257711354427729,-4.520446464715793,-2.775179498677628,2.775179498677628,-2.775179498677628,-2.775179498677628,2.775179498677628,2.775179498677628,2.775179498677628,-2.775179498677628,2.775179498677628,12.869995117187614,13.021504211425777,302.3800048828125,283.46678924560547,286.0179901123047,288.5691909790039,0.0,0.8993284823471369,0.9788331728906804,-1.0,0.9788331728906804,0.9620005716122001,-1.0,0.9788331728906804,1.3963018518643266,1.0,-0.9788331728906804,0.0,1.0,1.0,0.018432135,0.018432135,0.496580064,0.496580064,-0.9788331728906804,-1
2024-03-05,295.8900146484375,297.5499877929688,284.6799926757812,291.1300048828125,291.1300048828125,7267100.0,-2.775179498677628,1.3237596339665232,10.003672788679136,7.186835855120924,4.356249835860358,303.9339965820312,294.9079986572266,334.43799947102866,320.55699768066404,295.5943981933594,300.16590411597144,307.51585697298515,321.3629647026792,314.6797097734269,300.0686393794357,310.37027574003065,320.7561282870668,-10.385852547036166,-5.693527681179868,-4.214618667075902,4.214618667075902,-4.214618667075902,-4.214618667075902,4.214618667075902,4.214618667075902,4.214618667075902,-4.214618667075902,4.214618667075902,23.190002441406197,13.593504333496083,297.5499877929688,273.7326956176758,276.336996459961,278.9412973022461,0.0,0.8818017065156304,2.775179498677628,-1.0,2.775179498677628,0.9569113144618104,-1.0,2.775179498677628,1.391943963983969,1.0,-2.775179498677628,0.0,0.0,0.0,0.0,0.0,0.0,0.0,2.775179498677628,-1
2024-03-06,298.9800109863281,300.0,276.8099975585938,278.8599853515625,278.8599853515625,11691700.0,-4.214618667075902,1.211647760413795,3.867879275865864,7.23351247577112,4.382991241678719,296.4759948730469,296.5969970703125,332.2606658935547,320.3111643473307,295.79089813232423,293.06393119450183,302.3056984963628,318.6208370026072,313.5052925792674,299.6486660323491,305.5225387571893,317.65271029184424,-12.130171534654892,-6.980856451874873,-2.7361418932849944,-2.7361418932849944,2.7361418932849944,2.7361418932849944,2.7361418932849944,-2.7361418932849944,-2.7361418932849944,2.7361418932849944,-2.7361418932849944,10.3800048828125,13.275503540039054,300.0,267.6442782592774,270.3629791259766,273.08167999267584,1.0,0.8926635846968788,4.214618667075902,-1.0,4.214618667075902,0.9487945023943589,-1.0,4.214618667075902,0.5347166108887554,-1.0,-4.214618667075902,1.0,2.0,1.0,0.948464811,0.2383734804999999,0.996717632,0.25896264825,4.214618667075902,1
2024-03-07,280.0,288.1300048828125,277.75,286.489990234375,286.489990234375,8028300.0,2.7361418932849944,2.66695038230216,3.893323521884109,7.070013452586131,4.392125491229827,291.66399536132815,298.4639953613281,330.468999226888,320.1123306274414,296.0495980834961,290.87261754112626,299.4301151760014,316.5478791465922,312.6195449614021,299.3880981947655,302.59445436906407,315.3443606579576,-12.749906288893555,-8.13466641927861,2.1955315165454925,2.1955315165454925,-2.1955315165454925,-2.1955315165454925,-2.1955315165454925,2.1955315165454925,2.1955315165454925,-2.1955315165454925,2.1955315165454925,8.75,13.277003479003898,288.1300048828125,270.79389221191406,273.4489929199219,276.10409362792973,0.0,0.9031527800173885,-2.7361418932849944,-1.0,-2.7361418932849944,0.9459236182003808,-1.0,-2.7361418932849944,0.5506812042146787,-1.0,-2.7361418932849944,0.0,0.0,1.0,0.025094433,0.025094433,0.885127783,0.885127783,2.7361418932849944,-1
2024-03-08,286.1799926757812,288.4500122070312,279.7000122070312,280.2000122070312,280.2000122070312,5732400.0,-2.1955315165454925,2.6312771688540857,3.626692018761249,7.064972897911382,4.401165269148757,287.2239990234375,298.2749969482422,328.4693328857422,319.7843307495117,296.2575982666016,287.3150824297613,295.9337328180068,314.20285547307213,311.55660946125874,299.0081360959985,299.14915557490514,312.74107558751865,-13.591920012613514,-9.226117137945591,-1.1170500459942128,-1.1170500459942128,1.1170500459942128,1.1170500459942128,1.1170500459942128,-1.1170500459942128,-1.1170500459942128,1.1170500459942128,-1.1170500459942128,9.190002441406309,13.14450378417968,288.4500122070312,258.920597229004,261.5759979248047,264.2313986206055,1.0,0.9080756316815638,2.1955315165454925,-1.0,2.1955315165454925,0.9418556440947715,-1.0,2.1955315165454925,0.5133341728506005,-1.0,2.1955315165454925,0.0,0.0,1.0,0.002969309,0.002969309,0.994154632,0.994154632,2.1955315165454925,1
2024-03-11,278.2999877929688,286.7999877929688,277.6099853515625,283.3299865722656,283.3299865722656,4949100.0,1.1170500459942128,2.8867336681025573,2.621481768261045,7.029656772465913,4.396582838004571,284.0019958496094,296.3299957275391,326.4989990234375,319.4134974161784,296.4756982421875,285.9867171439294,293.6421425915084,312.2110574794717,310.631146415718,298.697677689588,296.7154372668068,310.56247640120364,-13.84703913439688,-10.15030153723585,-0.4941321005235047,-0.4941321005235047,0.4941321005235047,0.4941321005235047,0.4941321005235047,-0.4941321005235047,-0.4941321005235047,0.4941321005235047,-0.4941321005235047,6.040008544921818,13.008004760742176,286.7999877929688,259.5321038818359,262.16100463867184,264.7899053955078,1.0,0.9075984815079549,-1.1170500459942128,-1.0,-1.1170500459942128,0.9405244803375221,-1.0,-1.1170500459942128,0.3729174628452682,-1.0,-1.1170500459942128,0.0,3.0,4.0,0.374502689,0.0709837556666666,0.998229086,0.5963046058333333,1.1170500459942128,1
2024-03-12,285.3299865722656,287.4400024414062,281.3999938964844,284.7300109863281,284.7300109863281,4066800.0,0.4941321005235047,2.7708644232124326,2.131859429409637,7.038899568749794,4.382592207505914,282.7219970703125,293.3279968261719,324.4816660563151,318.92799784342446,296.70559844970705,285.5678150913957,292.0217550269301,310.4380867379786,309.781928860656,298.4210902301175,294.87152553134854,308.6489604445462,-13.77743491319768,-10.875728212428218,-1.8930158124842649,-1.8930158124842649,1.8930158124842649,1.8930158124842649,1.8930158124842649,-1.8930158124842649,-1.8930158124842649,1.8930158124842649,-1.8930158124842649,11.05999755859375,12.53250427246093,287.4400024414062,258.182377319336,260.78397827148444,263.3855792236329,1.0,0.9039894314869046,-0.4941321005235047,-1.0,-0.4941321005235047,0.9406763135781321,-1.0,-0.4941321005235047,0.30286828339962873,-1.0,-0.4941321005235047,0.0,0.0,0.0,0.0,0.0,0.0,0.0,0.4941321005235047,1
2024-03-13,285.6199951171875,292.7900085449219,281.7300109863281,290.1199951171875,290.1199951171875,5272800.0,1.8930158124842649,1.8781781338637649,2.282993122689945,7.069584986818023,4.3540926816969705,284.9739990234375,290.72499694824216,322.62266540527344,318.75599772135416,296.9933984375,287.0852084333264,291.675980497886,309.12724211728244,309.1372752952964,298.2567121090694,294.1405208522468,307.2764444943715,-13.13592364212468,-11.32776729836751,0.8755027532300541,0.8755027532300541,-0.8755027532300541,-0.8755027532300541,-0.8755027532300541,0.8755027532300541,0.8755027532300541,0.8755027532300541,0.8755027532300541,9.3800048828125,12.54950408935546,292.7900085449219,259.86849304199217,262.37499389648434,264.8814947509765,0.0,0.9011301068480049,-1.8930158124842649,-1.0,-1.8930158124842649,0.9435466719145527,-1.0,-1.8930158124842649,0.3229317034800237,-1.0,-1.8930158124842649,0.0,0.0,0.0,0.0,0.0,0.0,0.0,1.8930158124842649,1
2024-03-14,292.3599853515625,292.739990234375,283.3599853515625,287.5799865722656,287.5799865722656,4951600.0,-0.8755027532300541,1.6297863172103275,2.25949272872873,7.0662748332769,4.345729327209396,285.19199829101564,288.42799682617186,320.9249979654948,318.42733103434244,297.33789825439453,287.2501344796394,290.9312543295913,307.7370965982491,308.4304789437216,298.04529180140986,293.13120788609586,305.81744761125253,-12.686239725156668,-11.599461783725342,1.8846871003640824,1.8846871003640824,-1.8846871003640824,-1.8846871003640824,-1.8846871003640824,1.8846871003640824,1.8846871003640824,1.8846871003640824,1.8846871003640824,5.680023193359375,12.42500457763671,292.739990234375,265.18109954833983,267.691000366211,270.20090118408206,0.0,0.898739576706901,0.8755027532300541,-1.0,0.8755027532300541,0.9453889620249527,-1.0,0.8755027532300541,0.3197572670239487,-1.0,0.8755027532300541,0.0,0.0,0.0,0.0,0.0,0.0,0.0,-0.8755027532300541,1
2024-03-15,284.239990234375,287.2900085449219,281.6099853515625,282.1600036621094,282.1600036621094,6589000.0,-1.8846871003640824,1.5234268221142564,2.2024229383511997,7.067988639629765,4.352493040540963,285.58399658203126,286.40399780273435,318.997998046875,318.00366465250653,297.72849822998046,285.5534242071294,289.33648148095824,306.08696157011104,307.56915188530803,297.7307316402356,291.4433303131749,304.06504435576045,-12.621714042585552,-11.803912235497384,-1.0915744727427608,-1.0915744727427608,1.0915744727427608,1.0915744727427608,1.0915744727427608,-1.0915744727427608,-1.0915744727427608,-1.0915744727427608,-1.0915744727427608,5.450012207031307,12.250505065917968,287.2900085449219,265.40498016357424,267.8899810791016,270.3749819946289,1.0,0.8978238094166624,1.8846871003640824,-1.0,1.8846871003640824,0.9452754210658659,-1.0,1.8846871003640824,0.311605330829531,-1.0,1.8846871003640824,0.0,1.0,3.0,0.040253364,0.0167662685,0.971682608,0.7134232282499999,-1.8846871003640824,1
2024-03-18,285.3699951171875,286.6300048828125,281.1799926757812,285.239990234375,285.239990234375,3839200.0,1.0915744727427608,1.5194162502311233,2.266384519841216,7.081357480795505,4.354678245235248,285.96599731445315,284.98399658203124,317.0039978027344,317.6141647338867,298.1191981506348,285.4489462162113,288.5916648906704,304.7419956774829,306.8370482246217,297.48339022625817,290.48897030105184,302.67059590232446,-12.181625601272629,-11.879454908652434,-1.633713301658845,1.633713301658845,1.633713301658845,-1.633713301658845,-1.633713301658845,1.633713301658845,1.633713301658845,1.633713301658845,1.633713301658845,7.590026855468693,12.156506347656247,286.6300048828125,260.33889739990235,262.78899841308595,265.23909942626955,0.0,0.8989918062780123,-1.0915744727427608,-1.0,-1.0915744727427608,0.9470032650048507,-1.0,-1.0915744727427608,0.32004944334297536,-1.0,-1.0915744727427608,1.0,1.0,1.0,0.664353728,0.242443338,0.967847049,0.4050612126666666,1.0915744727427608,1
2024-03-19,283.1000061035156,284.1400146484375,276.5499877929688,280.5799865722656,280.5799865722656,5465400.0,-1.633713301658845,1.6856290244256118,2.163301165635108,7.079756702252912,4.348021415774829,285.1359924316406,283.9289947509766,314.8739969889323,317.27416432698567,298.40429794311524,283.8259596682294,287.1349961055058,303.1831563803721,305.97616095733133,297.14866936182267,288.964511265854,301.0342544704682,-12.06974320461427,-11.9175125678448,0.5239152081592146,-0.5239152081592146,-0.5239152081592146,0.5239152081592146,0.5239152081592146,-0.5239152081592146,-0.5239152081592146,-0.5239152081592146,-0.5239152081592146,5.45001220703125,11.634506225585934,284.1400146484375,259.8856909179688,262.3169921875,264.74829345703125,1.0,0.9017225857521559,1.633713301658845,-1.0,1.633713301658845,0.9470677709591084,-1.0,1.633713301658845,0.30556151243823176,-1.0,1.633713301658845,0.0,0.0,0.0,0.0,0.0,0.0,0.0,-1.633713301658845,1
2024-03-20,281.7300109863281,283.7200012207031,278.2699890136719,282.0499877929688,282.0499877929688,3407600.0,0.5239152081592146,1.3143130693638336,1.6890340228883751,2.919296655100909,4.348017311048658,283.52199096679686,284.2479949951172,312.8926635742188,316.98499755859376,298.7768978881836,283.23396904314257,286.21044913959,301.81972614892675,305.1916962634178,296.84968556838,287.90073842387164,299.6280124943572,-11.72727407048552,-11.879464868372946,-1.97837877374402,-1.97837877374402,-1.97837877374402,1.97837877374402,1.97837877374402,-1.97837877374402,-1.97837877374402,-1.97837877374402,1.97837877374402,8.570007324218693,11.47250671386718,283.7200012207031,258.5441009521484,260.8710021972656,263.1979034423828,1.0,0.9084520926381293,-0.5239152081592146,-1.0,-0.5239152081592146,0.9482827805574423,-1.0,-0.5239152081592146,0.5785756716218317,-1.0,-0.5239152081592146,0.0,0.0,0.0,0.0,0.0,0.0,0.0,0.5239152081592146,1
2024-03-21,283.8200073242188,290.1400146484375,281.5700073242188,287.6300048828125,287.6300048828125,3831400.0,1.97837877374402,1.7029335042939515,1.5718898200042175,2.911469195090678,4.355063525189966,283.53199462890626,284.3619964599609,310.33033040364586,316.808664449056,299.28129791259767,284.6993143230326,286.4685501838122,300.90426026079035,304.61590310339795,296.6671176340123,287.8590871098625,298.7392711897984,-10.880184079935816,-11.67960871068552,0.2955206651204342,0.2955206651204342,0.2955206651204342,-0.2955206651204342,-0.2955206651204342,0.2955206651204342,0.2955206651204342,0.2955206651204342,-0.2955206651204342,5.330017089843693,11.104006958007798,290.1400146484375,258.4804864501953,260.7749877929688,263.0694891357422,0.0,0.9163203483529695,1.97837877374402,-1.0,-1.97837877374402,0.952025570975742,-1.0,-1.97837877374402,0.5398957415227815,-1.0,-1.97837877374402,0.0,0.0,0.0,0.0,0.0,0.0,0.0,1.97837877374402,1
2024-03-22,290.8200073242188,290.8900146484375,285.5599975585938,286.7799987792969,286.7799987792969,3792100.0,-0.2955206651204342,1.376785619402695,1.3723551123740512,2.671868008570784,4.35392069348863,284.4559936523437,285.0199951171875,307.6556640625,316.5746643066406,299.7611979675293,285.39287580845405,286.52517720117305,299.993017584565,304.0311193550667,296.47133310223575,287.6930735205447,297.8533991593908,-10.160325638846077,-11.375752096317632,0.596272913856193,0.596272913856193,0.596272913856193,-0.596272913856193,-0.596272913856193,0.596272913856193,0.596272913856193,0.596272913856193,-0.596272913856193,5.059997558593807,10.002507019042955,290.8900146484375,265.7111993408204,267.9320007324219,270.1528021240235,0.0,0.9264253137861486,-0.2955206651204342,-1.0,0.2955206651204342,0.9551061538304121,-1.0,0.2955206651204342,0.513631327584981,-1.0,0.2955206651204342,0.0,0.0,0.0,0.0,0.0,0.0,0.0,-0.2955206651204342,1
2024-03-25,285.6000061035156,286.2999877929688,281.239990234375,285.0700073242188,285.0700073242188,2649000.0,-0.596272913856193,1.350949199020518,1.357684980137831,2.063363997365061,4.352175299060804,284.4219970703125,285.1939971923828,304.59466451009115,316.36749776204425,300.2263980102539,285.2852529803756,286.2606008599086,299.0302427290588,303.4094435507766,296.24556427494826,287.2895248749561,296.90648124567434,-9.616956370718242,-11.023992951197757,-0.5682797472779788,-0.5682797472779788,-0.5682797472779788,0.5682797472779788,0.5682797472779788,-0.5682797472779788,-0.5682797472779788,-0.5682797472779788,0.5682797472779788,5.440002441406193,9.273506164550769,286.2999877929688,268.884499206543,270.8850006103516,272.8855020141602,1.0,0.9363066081642885,-0.596272913856193,-1.0,0.596272913856193,0.9572964869619548,-1.0,0.596272913856193,0.6579958659119816,-1.0,0.596272913856193,0.0,0.0,0.0,0.0,0.0,0.0,0.0,-0.596272913856193,1
2024-03-26,285.8500061035156,288.239990234375,282.7999877929688,286.6900024414062,286.6900024414062,2934700.0,0.5682797472779788,1.000608421366021,1.360461148767876,1.8225594990896723,4.351766768999466,285.6440002441406,285.38999633789064,301.7519978841146,316.2193313598633,300.66309799194335,285.7535028007192,286.33867387472634,298.23409819437154,302.86126515374804,296.0563452287396,287.19729065441,296.14970503795075,-8.95241438354077,-10.60967723766636,-1.545220495328084,1.545220495328084,1.545220495328084,-1.545220495328084,-1.545220495328084,1.545220495328084,1.545220495328084,1.545220495328084,-1.545220495328084,9.41998291015625,9.292504882812487,288.239990234375,265.8982742309571,267.7529754638673,269.60767669677745,0.0,0.9457766587762324,0.5682797472779788,-1.0,-0.5682797472779788,0.9601138019037231,-1.0,-0.5682797472779788,0.7464563705313302,-1.0,-0.5682797472779788,0.0,0.0,0.0,0.0,0.0,0.0,0.0,0.5682797472779788,1
2024-03-27,290.489990234375,290.8999938964844,281.4800109863281,282.260009765625,282.260009765625,3264000.0,-1.545220495328084,1.3290128190805548,1.282742873943204,1.8254621009174423,4.356544684806393,285.6860046386719,284.6039978027344,298.8853312174479,316.00899810791014,301.0370980834961,284.5890051223545,285.59709858216246,297.2035118441298,302.1858141574161,295.7831504670937,286.4377089792123,295.1208387214822,-8.683129742269898,-10.224367738587068,0.6625079899700468,-0.6625079899700468,-0.6625079899700468,0.6625079899700468,0.6625079899700468,-0.6625079899700468,-0.6625079899700468,-0.6625079899700468,0.6625079899700468,5.010009765625,8.945005798339835,290.8999938964844,267.7964794921876,269.65498046875,271.5134814453125,1.0,0.9522180183398715,-1.545220495328084,-1.0,1.545220495328084,0.9609479269274098,-1.0,1.545220495328084,0.7026948810925858,-1.0,1.545220495328084,0.0,0.0,0.0,0.0,0.0,0.0,0.0,-1.545220495328084,1
2024-03-28,281.3599853515625,285.0599975585938,280.0499877929688,284.1300048828125,284.1300048828125,3400500.0,0.6625079899700468,0.9084936080116888,1.2938163477022178,1.8208365481590072,4.348833850493061,284.9860046386719,284.2589996337891,296.0786651611328,315.9291646321615,301.3747981262207,284.4360050425072,285.33035427318976,296.3600597821094,301.59382041070774,295.5523951089891,286.0826775797662,294.3067028815807,-8.224025301814493,-9.824299251232553,-1.6576888657080513,1.6576888657080513,1.6576888657080513,-1.6576888657080513,-1.6576888657080513,1.6576888657080513,1.6576888657080513,1.6576888657080513,-1.6576888657080513,7.240020751953182,8.57100677490234,285.0599975585938,271.2209811401368,273.00998229980473,274.79898345947265,0.0,0.960079306893284,0.6625079899700468,-1.0,-0.6625079899700468,0.9627827531245982,-1.0,-0.6625079899700468,0.7105614993341145,-1.0,-0.6625079899700468,0.0,1.0,0.0,0.062038101,0.062038101,0.159942329,0.159942329,0.6625079899700468,1
2024-04-01,285.0199890136719,285.6700134277344,278.4299926757812,279.4200134277344,279.4200134277344,3140100.0,-1.6576888657080513,1.1105976713253574,1.260851422671352,1.771622570448529,4.353019496435819,283.5140075683594,283.9850006103516,293.1633321126302,315.811664835612,301.73369827270506,282.76400783758294,284.2557468467433,295.2671535656981,300.8668103456922,295.23294200639003,285.0576523256075,293.20398514425875,-8.146332818651274,-9.488705964716296,2.1544697022237247,2.1544697022237247,2.1544697022237247,-2.1544697022237247,-2.1544697022237247,2.1544697022237247,2.1544697022237247,2.1544697022237247,-2.1544697022237247,4.109985351562614,8.260505676269537,285.6700134277344,266.2037826538087,267.9179840087891,269.6321853637696,0.0,0.9686920890271763,-1.6576888657080513,-1.0,1.6576888657080513,0.9627069703284666,-1.0,1.6576888657080513,0.7116930229400594,-1.0,1.6576888657080513,0.0,1.0,3.0,0.093350917,0.0250116885,0.996983469,0.7057176965,-1.6576888657080513,1
2024-04-02,275.4500122070312,275.5599975585938,271.4500122070312,273.3999938964844,273.3999938964844,3869400.0,-2.1544697022237247,1.3354293285336791,1.3382207246570486,1.81161104610225,4.359906241710133,281.1800048828125,282.8010009765625,290.06299845377606,315.6466649373372,302.0976982116699,279.6426698572168,282.2819735830598,293.85636907091015,299.9662589867018,294.8006064002533,283.2641664134347,291.7370228296088,-8.472856416174125,-9.285536055007864,1.411845441746418,1.411845441746418,1.411845441746418,-1.411845441746418,-1.411845441746418,1.411845441746418,1.411845441746418,1.411845441746418,-1.411845441746418,4.6300048828125,7.848506164550781,275.5599975585938,267.4969009399414,269.1490020751953,270.8011032104492,0.0,0.9749640680958112,-2.1544697022237247,-1.0,2.1544697022237247,0.9606120652601635,-1.0,2.1544697022237247,0.7386909720694633,-1.0,2.1544697022237247,1.0,0.0,0.0,0.785520971,0.785520971,0.051505946,0.051505946,-2.1544697022237247,1
2024-04-03,271.3999938964844,273.8800048828125,269.25,269.5400085449219,269.5400085449219,4038200.0,-1.411845441746418,1.0898630099266422,1.3174478641268466,1.7434124860326117,4.363941345415811,277.7500061035156,281.69700317382814,286.8446655273437,315.4234985351562,302.3722982788086,276.2751160864518,279.96525266703475,292.28757161762064,298.96867700500405,294.3003965417319,281.1527575105865,290.0927995492616,-8.940042038675074,-9.216437251741306,1.6101492172978735,1.6101492172978735,1.6101492172978735,-1.6101492172978735,-1.6101492172978735,1.6101492172978735,1.6101492172978735,1.6101492172978735,-1.6101492172978735,8.3900146484375,7.108506774902347,273.8800048828125,258.2932839965821,259.86298522949227,261.4326864624024,0.0,0.9820541813317255,-1.411845441746418,-1.0,1.411845441746418,0.9578417964116985,-1.0,1.411845441746418,0.7556719219815218,-1.0,1.411845441746418,0.0,0.0,2.0,0.006815751,0.006090062,0.991866529,0.9460361005,-1.411845441746418,1
2024-04-04,271.6700134277344,273.3900146484375,265.0,265.2000122070312,265.2000122070312,4818200.0,-1.6101492172978735,1.0950611828934322,1.325275496697721,1.5246740599909154,4.358437273423697,274.3380065917969,280.0120056152344,286.9523325602213,315.01849873860675,302.6134983825684,272.58341479331165,277.28066349248866,290.53998713951813,297.86150766736563,293.7241513073814,278.69848900234723,288.24888937576304,-9.550400373415812,-9.283229876076208,-1.4366505969914858,-1.4366505969914858,-1.4366505969914858,1.4366505969914858,1.4366505969914858,-1.4366505969914858,-1.4366505969914858,-1.4366505969914858,-1.4366505969914858,4.450012207031193,6.812007141113281,273.3900146484375,258.24128997802734,259.6629913330078,261.08469268798825,1.0,0.975813659073392,-1.6101492172978735,-1.0,1.6101492172978735,0.954363171219312,-1.0,1.6101492172978735,0.8692188917450444,-1.0,1.6101492172978735,0.0,0.0,0.0,0.0,0.0,0.0,0.0,-1.6101492172978735,1
2024-04-05,265.7799987792969,269.7000122070312,265.25,269.010009765625,269.010009765625,3678300.0,1.4366505969914858,1.4329094647198946,1.2143146387020012,1.4149179365204492,4.3342055196211575,271.3140075683594,278.15000610351564,286.99199930826825,314.49499867757163,302.8776985168457,271.3922797840828,275.7769082694225,289.15095634120246,296.91555691648887,293.2347623659605,277.2079537351592,286.8237871824195,-9.615833447260286,-9.349750590313024,0.1598539748517286,0.1598539748517286,0.1598539748517286,-0.1598539748517286,-0.1598539748517286,0.1598539748517286,0.1598539748517286,0.1598539748517286,0.1598539748517286,3.459991455078125,6.547506713867188,269.7000122070312,258.4035989379883,259.76600036621096,261.1284017944336,0.0,0.969190802440262,-1.4366505969914858,-1.0,-1.4366505969914858,0.9537471767653489,-1.0,-1.4366505969914858,0.858222662501707,-1.0,-1.4366505969914858,0.0,0.0,2.0,0.00227609,0.001817985,0.995503485,0.9911221265,1.4366505969914858,1
2024-04-08,268.010009765625,269.1199951171875,265.6600036621094,268.5799865722656,268.5799865722656,3692900.0,-0.1598539748517286,1.4383727165739608,1.2195901803041866,1.3431428839749475,4.278159425771795,269.1460021972656,276.3300048828125,286.5416656494141,313.70316518147786,303.0283984375,270.4548487134771,274.4683770517576,287.8237970012711,295.98652182323565,292.74654898390713,275.88057417163714,285.47239454463033,-9.591820372993196,-9.39816454684906,-3.9280731394735655,-3.9280731394735655,-3.9280731394735655,3.9280731394735655,3.9280731394735655,-3.9280731394735655,-3.9280731394735655,-3.9280731394735655,-3.9280731394735655,9.860015869140623,6.581007385253903,269.1199951171875,255.2954974365234,256.6049987792968,257.91450012207025,1.0,0.9643623877754112,0.1598539748517286,-1.0,0.1598539748517286,0.9535986249620128,-1.0,0.1598539748517286,0.9080122411808382,-1.0,0.1598539748517286,0.0,1.0,2.0,0.0175806,0.010725955,0.98597461,0.5970726126666667,-0.1598539748517286,1
