Date_PTC_L01d,Open_PTC_L01d,High_PTC_L01d,Low_PTC_L01d,Close_PTC_L01d,Adj Close_PTC_L01d,Volume_PTC_L01d,Daily_Return_PTC_L01d,Vol5_PTC_L01d,Vol10_PTC_L01d,Vol20_PTC_L01d,Vol60_PTC_L01d,SMA5_PTC_L01d,SMA10_PTC_L01d,SMA30_PTC_L01d,SMA60_PTC_L01d,SMA100_PTC_L01d,EMA5_PTC_L01d,EMA10_PTC_L01d,EMA30_PTC_L01d,EMA60_PTC_L01d,EMA100_PTC_L01d,Short12_PTC_L01d,Long26_PTC_L01d,MACD_PTC_L01d,SIGNAL9_PTC_L01d,Ret5/10_PTC_L01d,Ret10/30_PTC_L01d,Ret30/60_PTC_L01d,Ret30/100_PTC_L01d,Emaret5/10_PTC_L01d,Emaret10/30_PTC_L01d,Emaret30/60_PTC_L01d,Emaret30/100_PTC_L01d,RetMACD_PTC_L01d,DayRange_PTC_L01d,average20r_PTC_L01d,PRVHI_PTC_L01d,HitLevel_PTC_L01d,hitlevel_2_PTC_L01d,hitlevel_1.8_PTC_L01d,positive_return_dummy,sma_ratio_L01d,RetMACD_L01d,R_sma_ratio_L01d,ret_sma_ratio_L01d,ema_ratio_L01d,R_ema_ratio_L01d,ret_ema_ratio_L01d,volatility_ratio_L01d,R_vol_ratio_L01d,ret_vol_ratio_L01d,negative_L01d,neutral_L01d,positive_L01d,negative_max_L01d,negative_avg_L01d,positive_max_L01d,positive_avg_L01d,ret_best,best
2024-01-03,168.75,168.9199981689453,166.0899963378906,166.4600067138672,166.4600067138672,891200.0,-1.286839889765364,1.5734796888970364,1.5457092850740874,1.32796326616333,1.4010250676601528,172.33800354003907,172.33100128173828,165.26266784667968,154.9996676127116,149.975,170.59506361532485,171.1295194455866,165.65214904852127,158.7094381705675,153.14856349883627,170.83237033236878,166.85584048203785,3.976529850330934,5.031021985066426,0.7569352733487205,0.7569352733487205,0.7569352733487205,0.7569352733487205,-0.7569352733487205,-0.7569352733487205,0.7569352733487205,0.7569352733487205,-0.7569352733487205,3.1600036621094034,2.6330001831054703,168.9199981689453,168.43759811401364,168.95599822998042,169.47439834594724,1.0,1.0427702972919217,1.286839889765364,1.0,-1.286839889765364,1.0330654955491156,1.0,-1.286839889765364,1.1639699112610666,1.0,-1.286839889765364,0.0,0.0,0.0,0.0,0.0,0.0,0.0,,1
2024-01-04,169.8399963378906,170.75,167.5899963378906,167.7200012207031,167.7200012207031,1174500.0,0.7569352733487205,1.6907486952059252,1.5789580066576518,1.3318647764103948,1.400177564131848,170.73800354003907,171.90500183105468,165.66866811116537,155.46266759236653,150.21960006713869,169.63670948378427,170.5096070410623,165.7855588660814,159.00486646729323,153.43710682006136,170.35354431518945,166.91985238860565,3.433691926583805,4.711555973369902,1.114950574515421,-1.114950574515421,-1.114950574515421,-1.114950574515421,1.114950574515421,1.114950574515421,-1.114950574515421,-1.114950574515421,1.114950574515421,2.1100006103515057,2.6305000305175765,170.75,163.1273977661133,163.65399780273438,164.18059783935547,0.0,1.0376434107365713,-0.7569352733487205,1.0,0.7569352733487205,1.0284949316894176,1.0,0.7569352733487205,1.1855242623903726,1.0,0.7569352733487205,0.0,0.0,0.0,0.0,0.0,0.0,0.0,0.7569352733487205,1
2024-01-05,166.7599945068359,167.8500061035156,165.7400054931641,165.8500061035156,165.8500061035156,938800.0,-1.114950574515421,1.58994744351991,1.5359659188611052,1.354768775071742,1.3997746397202255,168.72400512695313,171.57300262451173,165.99566853841145,155.8545010884603,150.4202001953125,168.37447502369474,169.66240687059926,165.7897167523675,159.22929727503825,153.68290680587234,169.66069228262424,166.84060451563602,2.820087766988223,4.333262332093566,-2.291219567756324,2.291219567756324,2.291219567756324,2.291219567756324,-2.291219567756324,-2.291219567756324,2.291219567756324,2.291219567756324,-2.291219567756324,3.570007324218807,2.6470001220703123,167.8500061035156,164.96289993286132,165.48899993896484,166.01509994506836,1.0,1.03359927481969,1.114950574515421,1.0,-1.114950574515421,1.0233590490055315,1.0,-1.114950574515421,1.1337476528271533,1.0,-1.114950574515421,0.0,0.0,0.0,0.0,0.0,0.0,0.0,-1.114950574515421,1
2024-01-08,167.0099945068359,169.75,166.1799926757812,169.6499938964844,169.6499938964844,878800.0,2.291219567756324,2.238600742486358,1.6781981498282663,1.3680066887092257,1.4223131615321154,167.66200256347656,171.41900177001952,166.50566813151042,156.29000091552734,150.666600189209,168.7996479812913,169.66014996621473,166.03876689069762,159.57095945934796,153.99908674826068,169.65904637706424,167.0487074327359,2.6103389443283334,3.98867765454052,1.1965805200886426,-1.1965805200886426,-1.1965805200886426,-1.1965805200886426,1.1965805200886426,1.1965805200886426,-1.1965805200886426,-1.1965805200886426,1.1965805200886426,2.810012817382784,2.586500549316402,169.75,162.02660583496092,162.55600585937498,163.08540588378904,0.0,1.0295085067892609,-2.291219567756324,1.0,2.291219567756324,1.0218104671778312,1.0,2.291219567756324,1.2267470354342491,1.0,2.291219567756324,0.0,0.0,0.0,0.0,0.0,0.0,0.0,2.291219567756324,1
2024-01-09,168.6000061035156,170.1000061035156,167.2899932861328,167.6199951171875,167.6199951171875,721900.0,-1.1965805200886426,1.5884715280267412,1.5954399138938555,1.3280612150443876,1.4350220131238958,167.46000061035156,170.78400115966798,166.9290013631185,156.681334177653,150.89960006713866,168.40643035992338,169.28921272093703,166.1407816149873,159.83486226780173,154.2688077060612,169.34534618323704,167.09102503899155,2.2543211442454663,3.641806352481509,-0.882956108722818,0.882956108722818,0.882956108722818,0.882956108722818,-0.882956108722818,-0.882956108722818,0.882956108722818,0.882956108722818,-0.882956108722818,2.1000061035157103,2.544500732421878,170.1000061035156,164.0596987915039,164.5769989013672,165.09429901123048,1.0,1.023093649186601,1.1965805200886426,1.0,-1.1965805200886426,1.018950380968147,1.0,-1.1965805200886426,1.2013301012186637,1.0,-1.1965805200886426,0.0,0.0,0.0,0.0,0.0,0.0,0.0,-1.1965805200886426,1
2024-01-10,167.9299926757812,169.8200073242188,167.7200012207031,169.1000061035156,169.1000061035156,561800.0,0.882956108722818,1.4792364203211774,1.6046799507798104,1.3161225760670503,1.4291698044858832,167.98800048828124,170.16300201416016,167.40733489990234,157.11866760253906,151.178800201416,168.63762227445417,169.2548115177695,166.33169932392462,160.13863747553006,154.5624948030405,169.30760155558758,167.2398384511785,2.0677631044090674,3.326997702867021,-1.756357843585828,1.756357843585828,1.756357843585828,1.756357843585828,-1.756357843585828,-1.756357843585828,1.756357843585828,1.756357843585828,-1.756357843585828,2.460006713867216,2.5510009765625044,169.8200073242188,164.50210449218747,165.01100463867184,165.51990478515623,1.0,1.016460850511153,-0.882956108722818,1.0,0.882956108722818,1.0175739934463859,1.0,0.882956108722818,1.2192481004125404,1.0,0.882956108722818,0.0,0.0,0.0,0.0,0.0,0.0,0.0,0.882956108722818,1
2024-01-11,169.6900024414062,172.1399993896484,169.6799926757812,172.0700073242188,172.0700073242188,792500.0,1.756357843585828,1.613782548554771,1.7331383012442734,1.3694533731121912,1.438023781347181,168.85800170898438,169.79800262451172,167.99466857910156,157.5795010884603,151.5002003479004,169.78175062437572,169.76666530076025,166.70191274329844,160.52982992958542,154.90917821930145,169.73258705845393,167.5976287380704,2.1349583203835323,3.0885898263703235,-0.0581105599293084,0.0581105599293084,0.0581105599293084,0.0581105599293084,-0.0581105599293084,0.0581105599293084,0.0581105599293084,0.0581105599293084,-0.0581105599293084,1.6800079345703978,2.537501525878915,172.1399993896484,164.2078051757813,164.7180053710938,165.2282055664063,1.0,1.0107344718773683,-1.756357843585828,1.0,1.756357843585828,1.0183846274288477,1.0,1.756357843585828,1.265569412783715,1.0,1.756357843585828,0.0,0.0,0.0,0.0,0.0,0.0,0.0,1.756357843585828,1
2024-01-12,172.8399963378906,173.0700073242188,171.3899993896484,172.1699981689453,172.1699981689453,672700.0,0.0581105599293084,1.3850382704174586,1.7321208269689334,1.3688228563903948,1.4333655262187015,170.12200012207032,169.42300262451172,168.55066833496093,158.01283442179363,151.8122003173828,170.57783313923227,170.20363491315754,167.0546924481789,160.91147478989228,155.2509766341459,170.1075733831449,167.93632276998704,2.1712506131578664,2.9051219837278324,-0.3368774102475028,-0.3368774102475028,-0.3368774102475028,-0.3368774102475028,0.3368774102475028,-0.3368774102475028,-0.3368774102475028,-0.3368774102475028,0.3368774102475028,1.739990234375,2.43850097656251,173.0700073242188,166.5574960327148,167.0649963378906,167.57249664306636,0.0,1.005175501813005,-0.0581105599293084,1.0,0.0581105599293084,1.0188497696103656,1.0,0.0581105599293084,1.265409047549484,1.0,0.0581105599293084,0.0,0.0,0.0,0.0,0.0,0.0,0.0,0.0581105599293084,1
2024-01-16,171.5599975585938,172.3399963378906,170.6000061035156,171.5899963378906,171.5899963378906,974800.0,-0.3368774102475028,1.1338109290866725,1.7287676528653249,1.3597141788840812,1.4298511651278,170.51000061035157,169.08600158691405,169.0250015258789,158.45366770426432,152.1129002380371,170.9152208721184,170.45570062674537,167.34729269912805,161.2615902504824,155.5745215787745,170.3356384531058,168.20696525649842,2.128673196607366,2.74983222630374,0.0874230191007756,0.0874230191007756,0.0874230191007756,0.0874230191007756,-0.0874230191007756,0.0874230191007756,0.0874230191007756,0.0874230191007756,-0.0874230191007756,2.0599975585937784,2.456001281738293,172.3399963378906,167.7053051757813,168.1930053710938,168.6807055664063,1.0,1.0003608937168138,0.3368774102475028,1.0,-0.3368774102475028,1.0185745934546184,1.0,-0.3368774102475028,1.2714198908215595,1.0,-0.3368774102475028,0.0,0.0,0.0,0.0,0.0,0.0,0.0,-0.3368774102475028,1
2024-01-17,170.7899932861328,171.9499969482422,169.8899993896484,171.7400054931641,171.7400054931641,775500.0,0.0874230191007756,0.8352243460418849,1.2374830235364347,1.3594999470796316,1.377834708372911,171.33400268554686,169.39700164794922,169.43600158691407,158.96066767374674,152.40170028686524,171.19014907913362,170.68921060245785,167.6306935245497,161.6051448486031,155.89463017113866,170.55169492080705,168.46867194069588,2.083022980111167,2.616470377065225,0.8442977185649488,-0.8442977185649488,0.8442977185649488,0.8442977185649488,-0.8442977185649488,0.8442977185649488,0.8442977185649488,0.8442977185649488,-0.8442977185649488,2.110000610351591,2.488002014160172,171.9499969482422,166.93679351806634,167.427993774414,167.91919403076167,1.0,0.9997698249569184,-0.0874230191007756,-1.0,0.0874230191007756,1.0182455671667325,1.0,0.0874230191007756,0.910248673561699,-1.0,0.0874230191007756,0.0,0.0,0.0,0.0,0.0,0.0,0.0,0.0874230191007756,1
2024-01-18,172.3300018310547,173.3300018310547,171.2200012207031,173.1900024414062,173.1900024414062,638200.0,0.8442977185649488,0.830840074851333,1.1341227697743357,1.3687616760479215,1.3269868329772156,172.152001953125,170.07000122070312,169.8790018717448,159.55133438110352,152.73120025634765,171.85676686655782,171.14390002772117,167.98935861595982,161.98497624508843,156.23711279035186,170.9575883855146,168.8184001259337,2.1391882595809197,2.521013953568364,0.8718716355159457,0.8718716355159457,0.8718716355159457,0.8718716355159457,-0.8718716355159457,0.8718716355159457,0.8718716355159457,0.8718716355159457,-0.8718716355159457,2.0,2.519001770019547,173.3300018310547,166.4763925170898,166.97399291992184,167.47159332275388,1.0,1.001124325825169,-0.8442977185649488,1.0,-0.8442977185649488,1.018778221654938,1.0,0.8442977185649488,0.8285757773763305,-1.0,-0.8442977185649488,0.0,0.0,0.0,0.0,0.0,0.0,0.0,0.8442977185649488,1
2024-01-19,174.4900054931641,175.4199981689453,173.4199981689453,174.6999969482422,174.6999969482422,691500.0,0.8718716355159457,0.5320916796791484,1.138682717872455,1.3811307621272102,1.3118019682644193,172.6779998779297,170.76800079345702,170.3443349202474,160.19466756184897,153.02970016479492,172.8045102271193,171.79046310417954,168.42230302449417,162.401862169782,156.60271445684475,171.53334354901116,169.25407396462322,2.279269584387947,2.4726650797322804,1.3623382509374722,1.3623382509374722,1.3623382509374722,1.3623382509374722,-1.3623382509374722,1.3623382509374722,1.3623382509374722,1.3623382509374722,-1.3623382509374722,2.770004272460909,2.492501831054703,175.4199981689453,167.7881979370117,168.2919982910156,168.7957986450195,1.0,1.0024871145460046,-0.8718716355159457,1.0,0.8718716355159457,1.0199983020015795,1.0,0.8718716355159457,0.8244568502106651,-1.0,-0.8718716355159457,0.0,0.0,0.0,0.0,0.0,0.0,0.0,0.8718716355159457,1
2024-01-22,176.9900054931641,178.8000030517578,176.0299987792969,177.0800018310547,177.0800018310547,712600.0,1.3623382509374722,0.6799604864951468,1.0336261943877034,1.346639617039146,1.2860582473273003,173.66000061035157,171.89100036621093,170.91866811116537,160.81833419799804,153.34560012817383,174.22967409509778,172.7521974181568,168.98086423782067,162.88311265047943,157.008205295938,172.38667559240247,169.8337723250996,2.5529032673028667,2.488712717246398,0.9826098233408608,0.9826098233408608,0.9826098233408608,0.9826098233408608,-0.9826098233408608,0.9826098233408608,0.9826098233408608,0.9826098233408608,0.9826098233408608,1.839996337890625,2.5045021057129047,178.8000030517578,169.93649414062497,170.4349945068359,170.93349487304684,1.0,1.005688859302444,-1.3623382509374722,1.0,1.3623382509374722,1.0223181080138661,1.0,1.3623382509374722,0.7675596212298695,-1.0,-1.3623382509374722,0.0,0.0,1.0,0.038212325,0.038212325,0.851107836,0.851107836,1.3623382509374722,1
2024-01-23,177.9199981689453,179.1699981689453,177.3300018310547,178.8200073242188,178.8200073242188,605700.0,0.9826098233408608,0.4636948287157519,0.8751462470971322,1.3395448332079198,1.270459369275548,175.1060028076172,172.80800170898436,171.43800150553386,161.49916763305663,153.6679002380371,175.75978517147146,173.85543558289532,169.61564766274958,163.40563378732335,157.44012216778515,173.3764189357588,170.4994193620714,2.8769995736874137,2.566370088534601,-0.0615147107964138,-0.0615147107964138,-0.0615147107964138,-0.0615147107964138,0.0615147107964138,-0.0615147107964138,-0.0615147107964138,-0.0615147107964138,-0.0615147107964138,4.069992065429716,2.6000015258789206,179.1699981689453,173.29009841918943,173.790998840332,174.29189926147458,0.0,1.0079912282657255,0.9826098233408608,1.0,0.9826098233408608,1.0249964433032488,1.0,0.9826098233408608,0.6533161305257297,-1.0,-0.9826098233408608,0.0,0.0,0.0,0.0,0.0,0.0,0.0,0.9826098233408608,1
2024-01-24,179.7799987792969,182.6699981689453,178.6000061035156,178.7100067138672,178.7100067138672,1026100.0,-0.0615147107964138,0.5241435970375279,0.6774184039088272,1.2994439139620595,1.2455704104574652,176.5000030517578,173.91700286865233,171.8413350423177,162.2135009765625,153.99070037841796,176.74319235227006,174.73808487943566,170.20238050475717,163.9074165062264,157.8613080003808,174.19697090162165,171.10761101775998,3.089359883861676,2.670968047600016,0.7386223579204252,0.7386223579204252,0.7386223579204252,0.7386223579204252,-0.7386223579204252,0.7386223579204252,0.7386223579204252,0.7386223579204252,0.7386223579204252,2.3799896240234943,2.6370010375976705,182.6699981689453,173.44999481201168,173.96999511718747,174.48999542236325,1.0,1.0120789787033688,-0.0615147107964138,1.0,-0.0615147107964138,1.0266488891708052,1.0,-0.0615147107964138,0.5213140764524032,-1.0,0.0615147107964138,0.0,0.0,0.0,0.0,0.0,0.0,0.0,-0.0615147107964138,1
2024-01-25,180.5299987792969,181.1499938964844,178.7700042724609,180.0299987792969,180.0299987792969,611300.0,0.7386223579204252,0.5240373838724538,0.6733044543634757,1.2986589771876174,1.2453803871875624,177.86800231933594,175.01000213623047,172.2230016072591,162.9463343302409,154.31930038452148,177.83879449461236,175.7002510430468,170.83642039343715,164.43602576108117,158.30029197620092,175.09435980587938,171.7685286297257,3.325831176153713,2.801940673310756,0.3443843367168862,0.3443843367168862,0.3443843367168862,0.3443843367168862,-0.3443843367168862,0.3443843367168862,0.3443843367168862,0.3443843367168862,0.3443843367168862,1.9500122070313068,2.675001525878925,181.1499938964844,176.86859588623042,177.39599609374997,177.92339630126952,1.0,1.0161825104832796,0.7386223579204252,1.0,0.7386223579204252,1.0284706893202762,1.0,0.7386223579204252,0.5184613252522902,-1.0,-0.7386223579204252,0.0,0.0,0.0,0.0,0.0,0.0,0.0,0.7386223579204252,1
2024-01-26,180.0299987792969,181.3200073242188,179.3699951171875,180.6499938964844,180.6499938964844,774000.0,0.3443843367168862,0.5529130719542612,0.5471636046754844,1.2993098716633231,1.2180296764637983,179.05800170898436,175.86800079345704,172.599001566569,163.6338343302409,154.65830032348632,178.77586096190305,176.60020428912634,171.4695541678273,164.96763127371733,158.742860331058,175.94907274289554,172.42641494578186,3.5226577971136805,2.946084098071341,2.324944560716605,2.324944560716605,2.324944560716605,2.324944560716605,-2.324944560716605,2.324944560716605,2.324944560716605,2.324944560716605,2.324944560716605,3.259994506835909,2.69850158691408,181.3200073242188,175.26499053955078,175.79999084472655,176.33499114990235,1.0,1.0189398501568228,0.3443843367168862,1.0,0.3443843367168862,1.029921639128293,1.0,0.3443843367168862,0.42111863890869083,-1.0,-0.3443843367168862,0.0,0.0,0.0,0.0,0.0,0.0,0.0,0.3443843367168862,1
2024-01-29,182.1000061035156,184.9700012207031,181.7100067138672,184.8500061035156,184.8500061035156,1094600.0,2.324944560716605,0.9070154908943268,0.7720888982983959,1.3874607951485467,1.2416306643200925,180.61200256347655,177.13600158691406,173.1000015258789,164.37433446248372,155.04570037841796,180.8005760091073,178.10016825537895,172.3328091314201,165.61951241567792,159.25983351467104,177.31844710606785,173.34668095746585,3.9717661486020006,3.1512205081774733,-0.4327849744888751,-0.4327849744888751,-0.4327849744888751,-0.4327849744888751,0.4327849744888751,-0.4327849744888751,-0.4327849744888751,-0.4327849744888751,-0.4327849744888751,2.0899963378905966,2.7090011596679844,184.9700012207031,175.38330383300783,175.92300415039065,176.46270446777348,0.0,1.0233160024578727,2.324944560716605,1.0,2.324944560716605,1.0334664023236613,1.0,2.324944560716605,0.5564761908935475,-1.0,-2.324944560716605,0.0,0.0,0.0,0.0,0.0,0.0,0.0,2.324944560716605,1
2024-01-30,184.0500030517578,185.0800018310547,182.9900054931641,184.0500030517578,184.0500030517578,723800.0,-0.4327849744888751,1.068029092398308,0.7870684849136225,1.3842483306147573,1.230522393497704,181.6580017089844,178.3820022583008,173.5270014444987,165.12700119018555,155.42620040893556,181.88371835665745,179.18195640017507,173.08875712628063,166.22379079718874,159.75072796095,178.35407109771245,174.13951963111708,4.214551466595367,3.363886699861052,-1.8473290404223857,-1.8473290404223857,-1.8473290404223857,-1.8473290404223857,1.8473290404223857,-1.8473290404223857,-1.8473290404223857,-1.8473290404223857,-1.8473290404223857,3.790008544921875,2.539001464843767,185.0800018310547,179.01019866943352,179.55199890136714,180.0937991333007,0.0,1.0279783594102785,-0.4327849744888751,1.0,-0.4327849744888751,1.0352027443899723,1.0,-0.4327849744888751,0.5685890800851305,-1.0,0.4327849744888751,0.0,0.0,1.0,0.12340983,0.12340983,0.874761462,0.874761462,-0.4327849744888751,1
2024-01-31,182.9299926757812,183.8300018310547,180.0399932861328,180.6499938964844,180.6499938964844,1713000.0,-1.8473290404223857,1.5341980656801582,1.1224311191816638,1.1617248119241226,1.0903615848609989,182.0459991455078,179.27300109863282,173.8463343302409,165.69916763305665,155.78380035400392,181.47247686993316,179.44887230859493,173.5765788533906,166.6967810627394,160.1645748111586,178.70728998983122,174.62177698410724,4.085513005723982,3.508211961033638,-0.6919457748314521,-0.6919457748314521,-0.6919457748314521,-0.6919457748314521,0.6919457748314521,-0.6919457748314521,-0.6919457748314521,-0.6919457748314521,-0.6919457748314521,5.979995727539006,2.696501159667981,183.8300018310547,179.4941986083984,180.00199890136716,180.5097991943359,0.0,1.0312153074109884,-1.8473290404223857,1.0,-1.8473290404223857,1.0338311395119977,1.0,-1.8473290404223857,0.9661764194591161,-1.0,1.8473290404223857,0.0,0.0,0.0,0.0,0.0,0.0,0.0,-1.8473290404223857,1
2024-02-01,177.7400054931641,182.7899932861328,176.8099975585938,179.3999938964844,179.3999938964844,2204700.0,-0.6919457748314521,1.5479304697069178,1.1758689326551848,1.124598143064765,1.0969991366441276,181.9199981689453,179.8940002441406,174.09833424886068,166.2306676228841,156.14140029907227,180.7816492121169,179.43998532457482,173.95228304971923,167.11327984417366,160.54547419898682,178.81385982162402,174.97571897761668,3.8381408440073415,3.5741977376283787,-0.3734661046487594,-0.3734661046487594,-0.3734661046487594,-0.3734661046487594,0.3734661046487594,-0.3734661046487594,-0.3734661046487594,-0.3734661046487594,-0.3734661046487594,2.8200073242187216,2.6795013427734475,182.7899932861328,177.89769927978512,178.43699951171874,178.97629974365233,0.0,1.0332896119901724,-0.6919457748314521,1.0,-0.6919457748314521,1.03154717017015,1.0,-0.6919457748314521,1.0455903203349566,1.0,0.6919457748314521,0.0,1.0,0.0,0.0,0.0,0.0,0.0,-0.6919457748314521,1
2024-02-02,179.25,180.2700042724609,177.4499969482422,178.7299957275391,178.7299957275391,1001700.0,-0.3734661046487594,1.5342134192344672,1.181462859377398,1.1330840552071182,1.0991346328206744,181.53599853515624,180.2970001220703,174.32333424886068,166.73183415730793,156.4959002685547,180.09776471725766,179.31089630693194,174.26052257732053,167.4941557747758,160.90556373420569,178.80095765330327,175.25381355168503,3.547144101618244,3.568787010426352,-0.8504386784572056,-0.8504386784572056,-0.8504386784572056,-0.8504386784572056,0.8504386784572056,-0.8504386784572056,-0.8504386784572056,-0.8504386784572056,0.8504386784572056,2.5199890136717897,2.7000007629394616,180.2700042724609,176.89509033203123,177.43099060058591,177.9668908691406,0.0,1.034267735291718,-0.3734661046487594,1.0,-0.3734661046487594,1.028981743282507,1.0,-0.3734661046487594,1.042696571316094,1.0,-0.3734661046487594,1.0,0.0,0.0,0.577826917,0.577826917,0.420062393,0.420062393,-0.3734661046487594,1
2024-02-05,178.0700073242188,178.5899963378906,176.0700073242188,177.2100067138672,177.2100067138672,869400.0,-0.8504386784572056,0.5958639758484411,1.1536658994377893,1.1168254575383634,1.1092787553132986,180.00799865722655,180.31000061035155,174.5913345336914,167.19783426920574,156.8668003845215,179.1351787161275,178.92891638092016,174.45081187645258,167.81270826458208,161.22842399122868,178.55619597031313,175.39871674888371,3.157479221429412,3.4865254526269647,0.0564336661174398,-0.0564336661174398,-0.0564336661174398,-0.0564336661174398,0.0564336661174398,-0.0564336661174398,-0.0564336661174398,-0.0564336661174398,0.0564336661174398,2.860000610351591,2.664500427246101,178.5899963378906,174.3300025939941,174.87000274658195,175.41000289916988,0.0,1.0327545813882109,0.8504386784572056,1.0,-0.8504386784572056,1.0256697257886023,1.0,-0.8504386784572056,1.0329867497653817,1.0,-0.8504386784572056,0.0,0.0,0.0,0.0,0.0,0.0,0.0,-0.8504386784572056,1
2024-02-06,178.2700042724609,178.8800048828125,176.0200042724609,177.1100006103516,177.1100006103516,805400.0,-0.0564336661174398,0.6781283205761838,1.102313838085835,1.019862179193037,1.1101860275070252,178.61999816894533,180.13899993896484,174.78866780598958,167.65583419799805,157.25110046386715,178.46011934753554,178.59820442263498,174.62237243992993,168.11753752182042,161.5429106569539,178.3337043764729,175.52547851639986,2.808225860073037,3.3508655341161795,-1.7503280971331043,1.7503280971331043,1.7503280971331043,1.7503280971331043,-1.7503280971331043,-1.7503280971331043,1.7503280971331043,1.7503280971331043,-1.7503280971331043,3.849990844726591,2.716499328613291,178.8800048828125,172.72809539794918,173.2609954833984,173.7938955688476,1.0,1.0306102918463456,0.0564336661174398,1.0,-0.0564336661174398,1.0227681706940084,1.0,-0.0564336661174398,1.0808458834683308,1.0,-0.0564336661174398,0.0,0.0,0.0,0.0,0.0,0.0,0.0,-0.0564336661174398,1
2024-02-07,178.2799987792969,181.3699951171875,177.5200042724609,180.2100067138672,180.2100067138672,1210900.0,1.7503280971331043,1.0486291210759506,1.2470294109816484,1.0172542964969615,1.1199303680107184,178.53200073242186,180.28899993896485,174.99666798909504,168.18016764322917,157.64520050048827,179.04341513631277,178.8912593846772,174.98286497373235,168.51401192155964,161.91255612342744,178.62236627453356,175.87248060510117,2.749885669432416,3.230669561179427,-0.7380203777348189,0.7380203777348189,0.7380203777348189,0.7380203777348189,-0.7380203777348189,0.7380203777348189,0.7380203777348189,0.7380203777348189,-0.7380203777348189,2.5400085449217897,2.738499450683596,181.3699951171875,172.90370635986326,173.4470062255859,173.99030609130858,1.0,1.030242472674963,-1.7503280971331043,1.0,1.7503280971331043,1.0223358693523024,1.0,1.7503280971331043,1.2258777527663882,1.0,1.7503280971331043,0.0,0.0,0.0,0.0,0.0,0.0,0.0,1.7503280971331043,1
2024-02-08,180.7200012207031,181.6000061035156,179.0599975585938,181.5399932861328,181.5399932861328,584400.0,0.7380203777348189,1.0225424828537586,1.2469946665336002,1.0139010089536822,1.1016045005186,178.96000061035156,180.43999938964845,175.20433451334637,168.6790008544922,158.0461004638672,179.87560785291947,179.37284736676003,175.40590551001625,168.94109327777517,162.30121824546123,179.07123196862574,176.29229635925165,2.778935609374088,3.14032277081836,-0.859321843712962,0.859321843712962,0.859321843712962,0.859321843712962,-0.859321843712962,0.859321843712962,0.859321843712962,0.859321843712962,-0.859321843712962,2.0800018310546022,2.7194992065429644,181.6000061035156,175.3452963256836,175.89299621582032,176.44069610595702,1.0,1.0298831926210321,-0.7380203777348189,1.0,0.7380203777348189,1.0226157827765796,1.0,0.7380203777348189,1.2298978455702143,1.0,0.7380203777348189,0.0,0.0,0.0,0.0,0.0,0.0,0.0,0.7380203777348189,1
2024-02-09,182.5500030517578,183.6900024414062,181.6100006103516,183.1000061035156,183.1000061035156,537800.0,0.859321843712962,0.9851000344067324,1.269078679171685,0.9676870790244456,1.1039039528621146,179.83400268554686,180.68500061035155,175.45033467610676,169.19500096638998,158.44440048217774,180.95040726978488,180.05051259162468,175.90229909669364,169.40531992779944,162.71307543076924,179.6910433739934,176.79657115512305,2.894472218870362,3.0911526604287607,2.490449298404054,-2.490449298404054,-2.490449298404054,-2.490449298404054,2.490449298404054,-2.490449298404054,-2.490449298404054,-2.490449298404054,2.490449298404054,5.440002441406307,2.90749893188476,183.6900024414062,175.61710784912108,176.16100769042967,176.70490753173826,0.0,1.0298355995952264,-0.859321843712962,1.0,0.859321843712962,1.0235824859381217,1.0,0.859321843712962,1.3114556416843772,1.0,0.859321843712962,0.0,0.0,0.0,0.0,0.0,0.0,0.0,0.859321843712962,1
2024-02-12,182.9499969482422,183.3099975585938,177.8699951171875,178.5399932861328,178.5399932861328,1036500.0,-2.490449298404054,1.6143130850268863,1.262316892715652,1.1533628041527664,1.1450416723467618,180.1,180.0539993286133,175.53766784667968,169.59016749064128,158.80280044555664,180.1469359419009,179.7758727178989,176.07247291536714,169.70481741495792,163.02647974473683,179.5139587450918,176.92571353519784,2.5882452098939552,2.9905711703218,-0.4088695838411373,-0.4088695838411373,-0.4088695838411373,-0.4088695838411373,0.4088695838411373,-0.4088695838411373,-0.4088695838411373,-0.4088695838411373,0.4088695838411373,5.160003662109403,3.07849960327148,183.3099975585938,177.29350479125972,177.87500457763667,178.45650436401365,0.0,1.0257285603559363,2.490449298404054,1.0,-2.490449298404054,1.0210333832495888,1.0,-2.490449298404054,1.0944664490397893,1.0,-2.490449298404054,0.0,0.0,0.0,0.0,0.0,0.0,0.0,-2.490449298404054,1
2024-02-13,175.0,177.8800048828125,172.7200012207031,177.8099975585938,177.8099975585938,1114700.0,-0.4088695838411373,1.6337123981186603,1.2621432012641092,1.1551985088345875,1.1473230358331112,180.23999938964843,179.42999877929688,175.6326675415039,169.97566757202148,159.1520004272461,179.3679564807985,179.4184408707525,176.1845712794463,169.97056102622466,163.31922267174392,179.25181087024595,176.99121605544937,2.260594814796576,2.844575899216756,1.6534517078756343,1.6534517078756343,1.6534517078756343,1.6534517078756343,-1.6534517078756343,-1.6534517078756343,1.6534517078756343,1.6534517078756343,-1.6534517078756343,2.4600067138671875,3.0985000610351507,177.8800048828125,176.53729843139655,177.15299835205084,177.76869827270514,1.0,1.021620870940172,0.4088695838411373,1.0,-0.4088695838411373,1.0183550101340995,1.0,-0.4088695838411373,1.0925768961885278,1.0,-0.4088695838411373,0.0,0.0,1.0,0.00123375,0.00123375,0.996486068,0.996486068,-0.4088695838411373,1
2024-02-14,178.5500030517578,180.8500061035156,178.3899993896484,180.75,180.75,868000.0,1.6534517078756343,1.609488720221338,1.2820638841546974,1.2004563938742931,1.145888789828552,180.347998046875,179.43999938964845,176.0366673787435,170.44100087483724,159.54160049438477,179.82863765386568,179.6605425306157,176.47911506786912,170.323985254873,163.66438657923413,179.48230150559274,177.26964449578645,2.2126570098062928,2.718192121334664,0.6860334678639507,0.6860334678639507,0.6860334678639507,0.6860334678639507,-0.6860334678639507,0.6860334678639507,0.6860334678639507,0.6860334678639507,-0.6860334678639507,2.1499938964844034,3.100499725341791,180.8500061035156,171.06330474853516,171.6830047607422,172.30270477294923,1.0,1.0193330858938763,-1.6534517078756343,1.0,1.6534517078756343,1.018027217903507,1.0,1.6534517078756343,1.0679803870401559,1.0,1.6534517078756343,0.0,2.0,0.0,0.001841685,0.001841685,0.005823819,0.005823819,1.6534517078756343,1
2024-02-15,181.9600067138672,182.5299987792969,180.3800048828125,181.9900054931641,181.9900054931641,963000.0,0.6860334678639507,1.6042562074084843,1.2718955947357766,1.1969383154062738,1.1456386374446272,180.4380004882813,179.6990005493164,176.55433400472006,170.90850092569988,159.95500061035156,180.5490936002985,180.084081251079,176.8346563856301,170.7064777217022,164.02727012208425,179.86810211906527,177.61930086596257,2.248801253102698,2.6243139476882704,-2.0880284285175392,-2.0880284285175392,-2.0880284285175392,-2.0880284285175392,2.0880284285175392,-2.0880284285175392,-2.0880284285175392,-2.0880284285175392,2.0880284285175392,3.8600006103516193,3.193499755859372,182.5299987792969,174.02890670776367,174.649006652832,175.26910659790036,0.0,1.0178113245552627,-0.6860334678639507,1.0,0.6860334678639507,1.0183754979474315,1.0,0.6860334678639507,1.0626241790113138,1.0,0.6860334678639507,0.0,0.0,0.0,0.0,0.0,0.0,0.0,0.6860334678639507,1
2024-02-16,181.4700012207031,181.8000030517578,177.9400024414062,178.1900024414062,178.1900024414062,1554100.0,-2.0880284285175392,1.770005964318872,1.4530740952497454,1.2955669373172494,1.1813613773209242,179.45599975585938,179.64500122070314,176.90333404541016,171.28600107828777,160.32820068359376,179.7627298806677,179.73970328568393,176.92209806664792,170.95183918792202,164.3077202670213,179.60993293788695,177.66157505673618,1.9483578811507696,2.4891227343807705,0.7295600392537517,-0.7295600392537517,-0.7295600392537517,-0.7295600392537517,0.7295600392537517,-0.7295600392537517,-0.7295600392537517,-0.7295600392537517,0.7295600392537517,3.349990844726591,3.2224990844726564,181.8000030517578,175.50429931640628,176.14299926757815,176.78169921875002,0.0,1.015498109123196,2.0880284285175392,1.0,-2.0880284285175392,1.0159256828277867,1.0,-2.0880284285175392,1.1215739252026982,1.0,-2.0880284285175392,0.0,0.0,0.0,0.0,0.0,0.0,0.0,-2.0880284285175392,1
2024-02-20,177.5299987792969,178.1999969482422,174.8500061035156,176.8899993896484,176.8899993896484,1143800.0,-0.7295600392537517,1.423595377781486,1.445889791554492,1.2731288556655274,1.1878129105997188,179.1260009765625,179.61300048828124,177.27133382161458,171.633501180013,160.7151007080078,178.805153050328,179.22157530458654,176.92002718426087,171.14653296502777,164.5568743090535,179.19148162277335,177.60442130361858,1.587060319154773,2.308710251335571,0.152639648025636,-0.152639648025636,-0.152639648025636,-0.152639648025636,0.152639648025636,0.152639648025636,-0.152639648025636,-0.152639648025636,0.152639648025636,3.2799987792969034,3.2944992065429703,178.1999969482422,174.71050506591797,175.3550048828125,175.99950469970702,0.0,1.0132095055426336,0.7295600392537517,1.0,-0.7295600392537517,1.0130089744895223,1.0,-0.7295600392537517,1.1356979186514895,1.0,-0.7295600392537517,0.0,0.0,0.0,0.0,0.0,0.0,0.0,-0.7295600392537517,1
2024-02-21,174.8800048828125,176.6199951171875,173.3399963378906,176.6199951171875,176.6199951171875,795800.0,-0.152639648025636,1.4177796522505364,1.4465632004369453,1.252259971863243,1.1765839147637016,178.88800048828125,179.56399993896486,177.50366719563803,172.00466766357422,161.09660064697266,178.0767670726145,178.74856072505943,176.90067027670776,171.32599074050842,164.7957479884225,178.79586831422168,177.53150084536443,1.2643674688572446,2.0998416948399057,-1.56268250590412,1.56268250590412,1.56268250590412,1.56268250590412,-1.56268250590412,-1.56268250590412,1.56268250590412,1.56268250590412,-1.56268250590412,2.639999389648409,3.222999572753905,176.6199951171875,170.95209869384766,171.61099853515626,172.26989837646485,1.0,1.011607268603955,0.152639648025636,1.0,-0.152639648025636,1.0104459211232,1.0,-0.152639648025636,1.1551620533590943,1.0,-0.152639648025636,0.0,0.0,0.0,0.0,0.0,0.0,0.0,-0.152639648025636,1
2024-02-22,178.6199951171875,180.8000030517578,178.1600036621094,179.3800048828125,179.3800048828125,932200.0,1.56268250590412,1.3895972447432343,1.4220825075012595,1.3033965235346945,1.188970873812614,178.61400146484374,179.4809997558594,177.89566752115886,172.41233444213867,161.47840072631837,178.51117967601385,178.86336875374178,177.06062734806935,171.590056777961,165.08454515464803,178.88573547862026,177.6684270703606,1.2173084082596688,1.9233350375238585,-0.8696607849982092,0.8696607849982092,0.8696607849982092,0.8696607849982092,-0.8696607849982092,-0.8696607849982092,0.8696607849982092,0.8696607849982092,-0.8696607849982092,2.870010375976591,3.24750061035156,180.8000030517578,169.5293960571289,170.1739959716797,170.81859588623047,1.0,1.0089115842830292,-1.56268250590412,1.0,1.56268250590412,1.0101814922530945,1.0,1.56268250590412,1.091058999946309,1.0,1.56268250590412,0.0,0.0,0.0,0.0,0.0,0.0,0.0,1.56268250590412,1
2024-02-23,180.5599975585938,181.7400054931641,178.8699951171875,180.9400024414062,180.9400024414062,811700.0,0.8696607849982092,1.419140753200229,1.4306375103185995,1.307486020410809,1.1906478785995829,178.40400085449215,179.4210006713867,178.29033406575522,172.84883448282878,161.8710008239746,179.320787264478,179.2409385151353,177.31090961215563,171.89661237348378,165.398514605871,179.20177654981808,177.91076598673433,1.291010563083745,1.7968701426358358,-0.40344629031135,0.40344629031135,0.40344629031135,0.40344629031135,-0.40344629031135,0.40344629031135,0.40344629031135,0.40344629031135,-0.40344629031135,2.070007324218807,3.2535003662109347,181.7400054931641,173.6555017089844,174.30500183105468,174.954501953125,1.0,1.0063417156715546,-0.8696607849982092,1.0,0.8696607849982092,1.0108849980365076,1.0,0.8696607849982092,1.0941895270659159,1.0,0.8696607849982092,0.0,0.0,0.0,0.0,0.0,0.0,0.0,0.8696607849982092,1
2024-02-26,180.7200012207031,182.5700073242188,180.5,181.6699981689453,181.6699981689453,598000.0,0.40344629031135,0.8878780071999416,1.4064269130220477,1.3082919632681858,1.1892175989565736,179.1,179.2779998779297,178.61033376057944,173.3025011698405,162.27930084228515,180.1038575659671,179.68258572491894,177.59214113194852,172.2170512520235,165.7207222011794,179.58150295276073,178.18922762986108,1.3922753228996498,1.7159511786885986,-0.3798108924758208,0.3798108924758208,0.3798108924758208,0.3798108924758208,-0.3798108924758208,0.3798108924758208,0.3798108924758208,0.3798108924758208,-0.3798108924758208,1.7700042724609943,3.179000854492189,182.5700073242188,174.58230468750003,175.23300476074223,175.8837048339844,1.0,1.0037381158373806,-0.40344629031135,1.0,0.40344629031135,1.0117710422299444,1.0,0.40344629031135,1.0750099767552768,1.0,0.40344629031135,0.0,0.0,0.0,0.0,0.0,0.0,0.0,0.40344629031135,1
2024-02-27,181.8000030517578,182.4499969482422,180.6799926757812,182.3600006103516,182.3600006103516,532800.0,0.3798108924758208,0.6427022593454238,1.121455284682841,1.1967466228198906,1.1881663601625576,180.19400024414065,179.66000061035157,178.9500005086263,173.7503344217936,162.72450088500975,180.8559052474286,180.16938843136123,177.89974496926487,172.54960696869,166.05021286274717,180.0089641308516,178.49817377656407,1.5107903542875365,1.6749190138083865,1.0583421086431308,1.0583421086431308,1.0583421086431308,1.0583421086431308,-1.0583421086431308,1.0583421086431308,1.0583421086431308,1.0583421086431308,-1.0583421086431308,3.669998168945284,3.2580009460449237,182.4499969482422,175.57620544433598,176.21200561523443,176.84780578613288,1.0,1.0039675892691102,-0.3798108924758208,1.0,0.3798108924758208,1.0127579916569778,1.0,0.3798108924758208,0.9370866508403918,-1.0,0.3798108924758208,0.0,0.0,0.0,0.0,0.0,0.0,0.0,0.3798108924758208,1
2024-02-28,182.0500030517578,185.4700012207031,181.8000030517578,184.2899932861328,184.2899932861328,1195400.0,1.0583421086431308,0.4929712714610549,1.126354654757279,1.2186112869533856,1.1863973927912728,181.72799987792968,180.30800018310543,179.3733337402344,174.19916763305665,163.17110076904297,182.00060126033003,180.91858931404693,178.3120190542241,172.93453766762255,166.41139663350728,180.6675840008949,178.92719744393952,1.7403865569553716,1.688012522437783,-0.694556853832833,-0.694556853832833,-0.694556853832833,-0.694556853832833,0.694556853832833,-0.694556853832833,-0.694556853832833,-0.694556853832833,-0.694556853832833,3.400009155273409,3.2385009765625,185.4700012207031,175.28239486694335,175.93399505615236,176.58559524536133,0.0,1.0052107324058805,-1.0583421086431308,1.0,1.0583421086431308,1.014618028967695,1.0,1.0583421086431308,0.9242936339226311,-1.0,-1.0583421086431308,0.0,0.0,0.0,0.0,0.0,0.0,0.0,1.0583421086431308,1
2024-02-29,184.5,184.6000061035156,181.1999969482422,183.0099945068359,183.0099945068359,1959700.0,-0.694556853832833,0.6805170770636041,1.0711426047501955,1.1513664221757407,1.1849653564043383,182.4539978027344,180.53399963378905,179.7490000406901,174.59250081380208,163.60300064086914,182.337065675832,181.29884480364493,178.6151142447152,173.26488051480987,166.74008173990984,181.02795484796272,179.22962685600592,1.7983279919567965,1.710075616341586,2.595486663337709,2.595486663337709,2.595486663337709,2.595486663337709,-2.595486663337709,2.595486663337709,2.595486663337709,2.595486663337709,2.595486663337709,5.8000030517578125,3.2295013427734403,184.6000061035156,178.3452990722656,178.99299926757809,179.6406994628906,1.0,1.0043671986654794,-0.694556853832833,1.0,-0.694556853832833,1.0150252153647694,1.0,-0.694556853832833,0.9303229485588559,-1.0,0.694556853832833,0.0,0.0,0.0,0.0,0.0,0.0,0.0,-0.694556853832833,1
2024-03-01,183.0099945068359,188.75,182.9499969482422,187.7599945068359,187.7599945068359,1290800.0,2.595486663337709,1.2087978191820583,1.322153332755816,1.2656657453377491,1.2234525582897418,183.8179962158203,181.11099853515623,180.2346664428711,175.05683415730795,164.0772006225586,184.1447086195,182.4735992951342,179.20510651969073,173.7401301538927,167.1563176362846,182.0636532570201,179.86150594125257,2.2021473157675477,1.8084899562267784,-0.2875976256556359,-0.2875976256556359,-0.2875976256556359,-0.2875976256556359,0.2875976256556359,-0.2875976256556359,-0.2875976256556359,-0.2875976256556359,-0.2875976256556359,2.5800018310546875,3.2175010681152387,188.75,177.49510314941404,178.1410034179687,178.7869036865234,0.0,1.0048621727971678,2.595486663337709,1.0,2.595486663337709,1.018238837268202,1.0,2.595486663337709,1.044630731001567,1.0,-2.595486663337709,0.0,0.0,0.0,0.0,0.0,0.0,0.0,2.595486663337709,1
2024-03-04,187.0,188.7100067138672,186.1300048828125,187.2200012207031,187.2200012207031,616900.0,-0.2875976256556359,1.294575664378799,1.0529087452751509,1.2636349019329784,1.2251382866271052,184.92799682617184,182.01399841308597,180.6519999186198,175.4981674194336,164.55000061035156,185.1698061532344,183.33658146341944,179.72219650040122,174.18209313968975,167.5536183013226,182.8569375591252,180.40657966565632,2.4503578934688903,1.936863543675201,-4.2890710003953005,-4.2890710003953005,-4.2890710003953005,-4.2890710003953005,4.2890710003953005,-4.2890710003953005,-4.2890710003953005,-4.2890710003953005,-4.2890710003953005,8.320007324218722,3.507501983642585,188.7100067138672,181.67149765014648,182.31499786376952,182.95849807739256,0.0,1.007539349108118,-0.2875976256556359,1.0,-0.2875976256556359,1.0201109547590586,1.0,-0.2875976256556359,0.8332381003915922,-1.0,-0.2875976256556359,0.0,0.0,1.0,0.009037463,0.009037463,0.959831774,0.959831774,-0.2875976256556359,1
2024-03-05,185.6699981689453,185.8000030517578,177.4799957275391,179.1900024414062,179.1900024414062,812200.0,-4.2890710003953005,2.563917719051497,1.8299221513841424,1.6070604772451955,1.355280445344209,184.2939971923828,182.2439987182617,180.7223332722982,175.82050069173178,164.9185006713867,183.17653824929164,182.5826580048716,179.68786139982092,174.346286887287,167.78404174964106,182.2927936948608,180.3164628342304,1.976330860630384,1.9447570070662377,2.048104313266841,2.048104313266841,2.048104313266841,2.048104313266841,-2.048104313266841,2.048104313266841,2.048104313266841,2.048104313266841,2.048104313266841,3.3600006103515057,3.532501983642581,185.8000030517578,180.9935023498535,181.695002746582,182.39650314331053,1.0,1.0084199081453358,-4.2890710003953005,1.0,-4.2890710003953005,1.0161101400088985,1.0,-4.2890710003953005,1.1386765944994017,1.0,4.2890710003953005,0.0,0.0,0.0,0.0,0.0,0.0,0.0,-4.2890710003953005,1
2024-03-06,181.0,183.8500061035156,180.4900054931641,182.8600006103516,182.8600006103516,822200.0,2.048104313266841,2.7300983932619403,1.9203118218470243,1.666294822883701,1.353566748643728,184.00799865722647,182.8679992675781,180.85699971516928,176.14750061035156,165.31190063476564,183.07102570297832,182.63308393314065,179.8925155424358,174.62542504214156,168.082575588467,182.380056297244,180.50487303986895,1.8751832573749996,1.9308422571279904,1.875747929745469,1.875747929745469,1.875747929745469,1.875747929745469,-1.875747929745469,1.875747929745469,1.875747929745469,1.875747929745469,-1.875747929745469,4.0,3.5400024414062514,183.8500061035156,178.02849868774413,178.73499908447266,179.44149948120116,1.0,1.011119279627418,2.048104313266841,1.0,2.048104313266841,1.01523447700112,1.0,2.048104313266841,1.1524442106371788,1.0,2.048104313266841,0.0,0.0,0.0,0.0,0.0,0.0,0.0,2.048104313266841,1
2024-03-07,184.4799957275391,187.2700042724609,183.2700042724609,186.2899932861328,186.2899932861328,755700.0,1.875747929745469,2.8360959729288875,1.9444143227606008,1.6727660870312588,1.349370405090956,184.66399841308592,183.55899810791016,181.1096659342448,176.47550048828126,165.73340057373048,184.14401489736315,183.2979765427756,180.3052560420292,175.00786990260028,168.44311851317326,182.9815850647653,180.93340046551816,2.048184599247179,1.954310725551828,-0.4616461653045948,-0.4616461653045948,-0.4616461653045948,-0.4616461653045948,0.4616461653045948,-0.4616461653045948,-0.4616461653045948,-0.4616461653045948,-0.4616461653045948,3.139999389648409,3.5700019836425825,187.2700042724609,176.06200073242184,176.77000122070308,177.47800170898435,0.0,1.0135240278923303,-1.875747929745469,1.0,1.875747929745469,1.0165980768749678,1.0,1.875747929745469,1.1623946335565958,1.0,1.875747929745469,0.0,0.0,0.0,0.0,0.0,0.0,0.0,1.875747929745469,1
2024-03-08,186.3300018310547,187.3500061035156,184.2100067138672,185.4299926757812,185.4299926757812,599200.0,-0.4616461653045948,2.557181839559413,1.9539282740458763,1.6731921123191298,1.3456728132764804,184.19799804687491,184.00799713134765,181.28966573079427,176.7563336690267,166.15910049438477,184.57267415683583,183.68561583968568,180.63588421194865,175.34957884598325,168.77949225896745,183.35826315876776,181.2664813699821,2.091781788785653,1.9818049381985927,0.4961513585038097,0.4961513585038097,0.4961513585038097,0.4961513585038097,-0.4961513585038097,0.4961513585038097,0.4961513585038097,0.4961513585038097,0.4961513585038097,2.5099945068359943,3.591501617431652,187.3500061035156,179.41599990844722,180.13000030517574,180.84400070190424,1.0,1.014994409028201,-0.4616461653045948,1.0,-0.4616461653045948,1.0168833099859529,1.0,-0.4616461653045948,1.167784774778571,1.0,-0.4616461653045948,0.0,0.0,0.0,0.0,0.0,0.0,0.0,-0.4616461653045948,1
2024-03-11,185.4299926757812,186.4499969482422,183.9400024414062,186.3500061035156,186.3500061035156,585500.0,0.4961513585038097,2.5761745224546213,1.9548893723078875,1.666698411541139,1.3457818074951102,184.0239990234375,184.4759979248047,181.4796661376953,177.03933385213216,166.57840057373048,185.16511813906243,184.17005043310928,181.00453723721105,175.71024859213185,169.12742322618624,183.81853130411355,181.64303875765123,2.1754925464622943,2.0205424598513337,-0.826398301955172,0.826398301955172,0.826398301955172,0.826398301955172,-0.826398301955172,0.826398301955172,0.826398301955172,0.826398301955172,0.826398301955172,2.239990234375,3.4315010070800867,186.4499969482422,179.44870254516596,180.1670028686523,180.88530319213865,1.0,1.0165105647970278,0.4961513585038097,1.0,0.4961513585038097,1.0174885847847546,1.0,0.4961513585038097,1.1729112830318644,1.0,0.4961513585038097,0.0,0.0,1.0,0.014276521,0.014276521,0.492896765,0.492896765,0.4961513585038097,-1
2024-03-12,186.9799957275391,188.6999969482422,186.4600067138672,187.8899993896484,187.8899993896484,602800.0,0.826398301955172,1.0339972902700023,1.9627093932079165,1.5566183301687029,1.348413562937333,185.76399841308597,185.0289978027344,181.58099924723308,177.340500386556,166.9956005859375,186.07341188925776,184.84640478884364,181.44876060188443,176.10958468385368,169.49895938783894,184.44491100958044,182.10577658224364,2.339134427336802,2.0842608533484275,-1.1389639664697928,-1.1389639664697928,-1.1389639664697928,-1.1389639664697928,1.1389639664697928,-1.1389639664697928,-1.1389639664697928,-1.1389639664697928,-1.1389639664697928,3.3399963378905966,3.340500640869146,188.6999969482422,178.90069473266598,179.586994934082,180.273295135498,0.0,1.0189887629751762,0.826398301955172,1.0,0.826398301955172,1.018725088976573,1.0,0.826398301955172,1.2608803039054552,1.0,0.826398301955172,0.0,0.0,0.0,0.0,0.0,0.0,0.0,-0.826398301955172,1
2024-03-13,188.1199951171875,188.6999969482422,185.3600006103516,185.75,185.75,428900.0,-1.1389639664697928,1.1669796137739594,1.993219629052129,1.581665999440448,1.3561523829835247,186.3419982910156,185.17499847412108,181.63766581217448,177.58233362833658,167.401700592041,185.96560792617183,185.0106948272357,181.72625991789192,176.425663874547,169.82076217223815,184.64569393118347,182.375719057633,2.269974873550467,2.1214036573888357,-0.6675668873023369,-0.6675668873023369,-0.6675668873023369,-0.6675668873023369,0.6675668873023369,-0.6675668873023369,-0.6675668873023369,-0.6675668873023369,-0.6675668873023369,4.120010375976619,3.423500823974618,188.6999969482422,181.3508955383301,182.01899566650388,182.68709579467773,0.0,1.0194746648286288,-1.1389639664697928,1.0,-1.1389639664697928,1.0180735294438337,1.0,-1.1389639664697928,1.260202615316557,1.0,-1.1389639664697928,0.0,0.0,0.0,0.0,0.0,0.0,0.0,-1.1389639664697928,1
2024-03-14,186.3800048828125,187.3200073242188,183.1999969482422,184.5099945068359,184.5099945068359,580700.0,-0.6675668873023369,0.8225356757651708,1.9920466177994745,1.5567308945183234,1.359865016715833,185.98599853515623,185.32499847412103,181.7663324991862,177.80633341471355,167.8336004638672,185.4804034530599,184.9196584053448,181.9058556978238,176.69072389527778,170.11163806005197,184.62481709666844,182.53381353535173,2.091003561316711,2.1153236381744103,-1.4633337101649906,-1.4633337101649906,-1.4633337101649906,-1.4633337101649906,1.4633337101649906,-1.4633337101649906,-1.4633337101649906,-1.4633337101649906,1.4633337101649906,3.3000030517578125,3.4810012817382883,187.3200073242188,181.16829513549803,181.85299530029292,182.53769546508784,0.0,1.0195782460151182,-0.6675668873023369,1.0,-0.6675668873023369,1.0165679257325693,1.0,-0.6675668873023369,1.2796345372305626,1.0,-0.6675668873023369,0.0,0.0,0.0,0.0,0.0,0.0,0.0,-0.6675668873023369,1
2024-03-15,182.6000061035156,183.4199981689453,180.1199951171875,181.8099975585938,181.8099975585938,996600.0,-1.4633337101649906,1.0068420023273668,1.8342725902304813,1.5890614641297975,1.3747121480693938,185.2619995117188,184.7299987792969,181.84666595458984,177.97250010172527,168.27420043945312,184.2569348215712,184.35426552411732,181.89967130174443,176.8585689334193,170.3432887431914,184.19176793696465,182.48019753707337,1.7115703998912863,2.0345729905177854,1.0175491603091715,1.0175491603091715,1.0175491603091715,1.0175491603091715,-1.0175491603091715,-1.0175491603091715,1.0175491603091715,1.0175491603091715,-1.0175491603091715,1.75,3.375501251220707,183.4199981689453,179.66180450439458,180.35800476074223,181.05420501708988,1.0,1.0158558465153662,1.4633337101649906,1.0,-1.4633337101649906,1.0134942202193487,1.0,-1.4633337101649906,1.1543119203604666,1.0,-1.4633337101649906,0.0,0.0,0.0,0.0,0.0,0.0,0.0,-1.4633337101649906,1
2024-03-18,182.5800018310547,184.1399993896484,182.3899993896484,183.6600036621094,183.6600036621094,480300.0,1.0175491603091715,1.139728316770721,1.881564665190062,1.5239518393663491,1.3797615693925431,184.7239990234375,184.3739990234375,182.0109995524089,178.16716690063475,168.74980041503906,184.05795776841728,184.22803609466132,182.0132411314454,177.08156679337634,170.6069860683185,184.10995804852536,182.56759058337235,1.5423674651530348,1.9361318854448355,1.7423482981789646,1.7423482981789646,1.7423482981789646,1.7423482981789646,-1.7423482981789646,-1.7423482981789646,1.7423482981789646,1.7423482981789646,-1.7423482981789646,4.220001220703097,3.4190017700195328,184.1399993896484,175.99389541625976,176.6689956665039,177.34409591674805,1.0,1.0129827289385782,-1.0175491603091715,1.0,1.0175491603091715,1.0121683178072547,1.0,1.0175491603091715,1.2346615008335213,1.0,1.0175491603091715,0.0,0.0,1.0,0.001028408,0.001028408,0.997787237,0.997787237,1.0175491603091715,1
2024-03-19,183.6199951171875,187.0099945068359,182.7899932861328,186.8600006103516,186.8600006103516,524000.0,1.7423482981789646,1.405649370338261,1.290280382687887,1.5478537344621786,1.3759028758849796,184.5179992675781,185.14099884033203,182.332666015625,178.4620002746582,169.2218003845215,184.99197204906207,184.7065750975141,182.32593529137483,177.40217118081816,170.92882794043797,184.5330415195756,182.88554688166712,1.6474946379084372,1.878404435937556,-1.5626662524925368,1.5626662524925368,1.5626662524925368,1.5626662524925368,-1.5626662524925368,1.5626662524925368,1.5626662524925368,1.5626662524925368,-1.5626662524925368,3.940002441406307,3.452001953125003,187.0099945068359,176.61819549560545,177.30199584960934,177.98579620361326,1.0,1.0154022473650792,-1.7423482981789646,1.0,1.7423482981789646,1.0130570552254936,1.0,1.7423482981789646,0.8335932226414218,-1.0,1.7423482981789646,0.0,0.0,0.0,0.0,0.0,0.0,0.0,1.7423482981789646,1
2024-03-20,187.3800048828125,189.8800048828125,185.9400024414062,189.7799987792969,189.7799987792969,708000.0,1.5626662524925368,1.426483732661616,1.2302696064924643,1.569637407640102,1.3813410041682923,185.3239990234375,185.8329986572265,182.7549992879232,178.77183354695637,169.7399003601074,186.5879809591404,185.62901576692917,182.80684261317623,177.80800159388303,171.3021184520985,185.34026571337887,183.3962470222323,1.9440186911465676,1.8915272869793585,0.04742140292422,-0.04742140292422,-0.04742140292422,-0.04742140292422,0.04742140292422,-0.04742140292422,-0.04742140292422,-0.04742140292422,-0.04742140292422,4.580001831054688,3.549002075195317,189.8800048828125,179.4155902099609,180.1059906005859,180.7963909912109,0.0,1.0168422170736575,-1.5626662524925368,1.0,1.5626662524925368,1.0154380061129589,1.0,1.5626662524925368,0.7837922315715793,-1.0,-1.5626662524925368,0.0,0.0,0.0,0.0,0.0,0.0,0.0,1.5626662524925368,1
2024-03-21,191.0,194.2400054931641,189.6600036621094,189.6900024414062,189.6900024414062,1050900.0,-0.04742140292422,1.3299859511492378,1.1152250778988295,1.5464618189001509,1.368551240430743,186.3600006103516,186.1729995727539,183.0709991455078,179.03383356730143,170.27830032348632,187.6219881198957,186.3673769804704,183.250917440804,178.19757539216246,171.66623496673827,186.00945597922924,183.86245112735628,2.147004851872964,1.94262279995808,0.3110318573974164,0.3110318573974164,0.3110318573974164,0.3110318573974164,-0.3110318573974164,0.3110318573974164,0.3110318573974164,0.3110318573974164,0.3110318573974164,3.790008544921875,3.595001983642581,194.2400054931641,182.0722003173828,182.78200073242184,183.49180114746093,1.0,1.0169442480880357,-0.04742140292422,1.0,-0.04742140292422,1.0170065153462227,1.0,-0.04742140292422,0.7211462088937841,-1.0,0.04742140292422,0.0,0.0,0.0,0.0,0.0,0.0,0.0,-0.04742140292422,1
2024-03-22,190.0,192.3300018310547,188.5399932861328,190.2799987792969,190.2799987792969,588300.0,0.3110318573974164,0.775483818833152,1.0918420635215984,1.540498875966856,1.3663262018835247,188.0540008544922,186.65800018310543,183.36233266194665,179.2833335876465,170.82050033569337,188.5079916730294,187.0787627620752,183.70440655941647,178.59372042124883,172.03482434916518,186.66646256385505,184.33782502750003,2.328637536355018,2.0198257472374674,-0.8513743575679279,-0.8513743575679279,-0.8513743575679279,-0.8513743575679279,0.8513743575679279,-0.8513743575679279,-0.8513743575679279,-0.8513743575679279,-0.8513743575679279,2.509994506835909,3.617001342773436,192.3300018310547,186.3310011291504,187.0500015258789,187.76900192260743,0.0,1.017973525278143,0.3110318573974164,1.0,0.3110318573974164,1.0183684009864367,1.0,0.3110318573974164,0.7087587537747022,-1.0,-0.3110318573974164,0.0,0.0,0.0,0.0,0.0,0.0,0.0,0.3110318573974164,1
2024-03-25,189.2400054931641,189.5899963378906,187.0800018310547,188.6600036621094,188.6600036621094,867500.0,-0.8513743575679279,1.0982760462413943,1.1419937506653663,1.559923147924544,1.3723119832653066,189.0540008544922,186.88899993896484,183.54766591389972,179.49900029500324,171.3131004333496,188.5586623360561,187.366261107536,184.0241225015257,178.92376249471965,172.36403582070864,186.97316119435573,184.65798640784143,2.3151747865142625,2.0788955550928265,0.6784685436502329,0.6784685436502329,0.6784685436502329,0.6784685436502329,-0.6784685436502329,0.6784685436502329,0.6784685436502329,0.6784685436502329,0.6784685436502329,2.7099914550780966,3.6640007019042913,189.5899963378906,184.37259887695316,185.09599914550785,185.8193994140625,1.0,1.0182041760565481,-0.8513743575679279,1.0,-0.8513743575679279,1.0181614158001626,1.0,-0.8513743575679279,0.7320833415317756,-1.0,0.8513743575679279,0.0,0.0,0.0,0.0,0.0,0.0,0.0,-0.8513743575679279,1
2024-03-26,189.5,191.3699951171875,188.6600036621094,189.9400024414062,189.9400024414062,668000.0,0.6784685436502329,0.8915360651569056,1.1328798092965138,1.5631550948692825,1.3741492680709009,189.6700012207031,187.09400024414063,183.92766621907552,179.7326670328776,171.8083004760742,189.01910903783948,187.83421407733056,184.4057921750664,179.28495068969298,172.71207476369273,187.42959830928652,185.04924685477215,2.3803514545143685,2.139186734977135,-0.1210886198708753,-0.1210886198708753,-0.1210886198708753,-0.1210886198708753,0.1210886198708753,-0.1210886198708753,-0.1210886198708753,-0.1210886198708753,-0.1210886198708753,2.660003662109375,3.613500976562496,191.3699951171875,181.52919479370115,182.26199493408205,182.99479507446287,0.0,1.0172151046667102,0.6784685436502329,1.0,0.6784685436502329,1.0185917256818557,1.0,0.6784685436502329,0.724739223263863,-1.0,-0.6784685436502329,0.0,0.0,0.0,0.0,0.0,0.0,0.0,0.6784685436502329,1
2024-03-27,191.25,191.3300018310547,188.6699981689453,189.7100067138672,189.7100067138672,594600.0,-0.1210886198708753,0.5697862063618433,1.0504918409069477,1.5518930607408985,1.371663768172403,189.6560028076172,187.49000091552733,184.324333190918,179.97850036621094,172.3165005493164,189.2494082631821,188.1752672839736,184.74799956466643,179.62675580523967,173.04866747557736,187.7804303715297,185.39448832581624,2.385942045713477,2.188537797124404,-0.4058849007487329,-0.4058849007487329,-0.4058849007487329,-0.4058849007487329,0.4058849007487329,-0.4058849007487329,-0.4058849007487329,-0.4058849007487329,-0.4058849007487329,1.7700042724609943,3.532000732421875,191.3300018310547,183.42029296875,184.1429931640625,184.865693359375,0.0,1.0171744428410894,-0.1210886198708753,1.0,-0.1210886198708753,1.0185510410255216,1.0,-0.1210886198708753,0.6769099414655712,-1.0,0.1210886198708753,0.0,0.0,0.0,0.0,0.0,0.0,0.0,-0.1210886198708753,1
2024-03-28,189.9900054931641,189.9900054931641,188.2200012207031,188.9400024414062,188.9400024414062,551800.0,-0.4058849007487329,0.5981352715284369,1.0290736753813796,1.544887039767077,1.2820951553302218,189.5060028076172,187.9330017089844,184.5973332722982,180.31700032552084,172.74270050048827,189.1462729892568,188.3143100398704,185.01845136316575,179.93210815396642,173.3633473758908,187.95882607458765,185.65711900104512,2.3017070735425307,2.2111716524080296,-0.4340040825780091,-0.4340040825780091,-0.4340040825780091,-0.4340040825780091,0.4340040825780091,-0.4340040825780091,-0.4340040825780091,-0.4340040825780091,-0.4340040825780091,2.8199920654296875,3.383000183105469,189.9900054931641,183.55960021972652,184.26600036621093,184.9724005126953,0.0,1.0180699708796215,-0.4058849007487329,1.0,-0.4058849007487329,1.017813675622197,1.0,-0.4058849007487329,0.6661158058109758,-1.0,0.4058849007487329,0.0,0.0,0.0,0.0,0.0,0.0,0.0,-0.4058849007487329,1
2024-04-01,189.0899963378906,190.4799957275391,187.6600036621094,188.1199951171875,188.1199951171875,501800.0,-0.4340040825780091,0.5691625626606321,0.8802266487682833,1.4395878105622872,1.270027062704484,189.07400207519527,188.56400146484376,184.8016662597656,180.67800013224283,173.14880050659178,188.8041803652337,188.27898005392805,185.21855096019945,180.200563464236,173.65555822225312,187.9836213119107,185.8395542689075,2.14406704300319,2.1977507305270616,-0.8026762417760392,-0.8026762417760392,-0.8026762417760392,-0.8026762417760392,0.8026762417760392,-0.8026762417760392,-0.8026762417760392,-0.8026762417760392,0.8026762417760392,3.0500030517578125,3.406500244140625,190.4799957275391,182.5474050903321,183.2240051269532,183.90060516357423,0.0,1.0203587731713937,-0.4340040825780091,1.0,-0.4340040825780091,1.01652334001029,1.0,-0.4340040825780091,0.6114435273138888,-1.0,0.4340040825780091,0.0,0.0,0.0,0.0,0.0,0.0,0.0,-0.4340040825780091,1
2024-04-02,186.3800048828125,186.75,183.6999969482422,186.6100006103516,186.6100006103516,532800.0,-0.8026762417760392,0.556068304348781,0.9133297351476984,1.449941454039389,1.2746376814784368,188.6640014648437,188.859001159668,185.08233286539715,180.99283345540368,173.5283004760742,188.07278711360635,187.97552924600507,185.30832190537055,180.4107089444365,173.91208183389864,187.7722950501324,185.8966243682737,1.8756706818586224,2.133334720793374,0.6752020270697647,-0.6752020270697647,-0.6752020270697647,-0.6752020270697647,0.6752020270697647,-0.6752020270697647,-0.6752020270697647,-0.6752020270697647,0.6752020270697647,2.860000610351591,3.133499908447269,186.75,182.9856951904297,183.66699523925783,184.348295288086,0.0,1.0204053419675527,0.8026762417760392,1.0,-0.8026762417760392,1.0143933489506023,1.0,-0.8026762417760392,0.629908009460144,-1.0,0.8026762417760392,0.0,0.0,0.0,0.0,0.0,0.0,0.0,-0.8026762417760392,1
2024-04-03,185.5399932861328,187.8600006103516,185.0,185.3500061035156,185.3500061035156,775900.0,-0.6752020270697647,0.2637934247489464,0.7551545901600425,1.0611824521971216,1.2682785581603244,187.7460021972656,188.7080017089844,185.3643330891927,181.31783345540364,173.88930053710936,187.16519344357613,187.49816140191604,185.3110112084767,180.5726531135866,174.13857538379204,187.39963521219133,185.8561341264398,1.5435010857515294,2.015367993785005,1.294852482461228,-1.294852482461228,-1.294852482461228,-1.294852482461228,1.294852482461228,1.294852482461228,-1.294852482461228,-1.294852482461228,1.294852482461228,5.299987792968722,3.230499267578129,187.8600006103516,179.85630020141602,180.48300018310547,181.10970016479493,0.0,1.0180383602609397,0.6752020270697647,1.0,-0.6752020270697647,1.0118025916494446,1.0,-0.6752020270697647,0.7116161679799127,-1.0,0.6752020270697647,0.0,0.0,0.0,0.0,0.0,0.0,0.0,-0.6752020270697647,1
2024-04-04,187.7400054931641,188.0399932861328,182.7400054931641,182.9499969482422,182.9499969482422,744300.0,-1.294852482461228,0.3604607137899839,0.5870447918981785,1.0126998449360465,1.2521363602545277,186.3940002441406,188.0250015258789,185.57533315022783,181.53950017293292,174.22250045776366,185.7601279451315,186.67122241033897,185.15868770781643,180.6505988130835,174.31305897912767,186.71507547927607,185.64086470583257,1.0742107734434967,1.8271365497167036,-1.273573036305592,1.273573036305592,1.273573036305592,1.273573036305592,-1.273573036305592,-1.273573036305592,1.273573036305592,1.273573036305592,-1.273573036305592,3.5400085449219034,3.2074996948242243,188.0399932861328,180.7529022216797,181.3990020751953,182.04510192871092,1.0,1.0132003986417095,1.294852482461228,1.0,-1.294852482461228,1.0081688562456725,1.0,-1.294852482461228,0.579682908843786,-1.0,1.294852482461228,0.0,0.0,0.0,0.0,0.0,0.0,0.0,-1.294852482461228,1
2024-04-05,183.2700042724609,186.0500030517578,182.5099945068359,185.2799987792969,185.2799987792969,499500.0,1.273573036305592,0.9797646137187408,0.782397219192314,0.9619032240370328,1.2482617053699925,185.6619995117188,187.584001159668,185.771999613444,181.83383356730144,174.58780044555664,185.6000848898533,186.4182726592404,185.1665142285571,180.8023824185331,174.5302261038835,186.49429444851003,185.61413389645955,0.8801605520504836,1.6377413501834597,-0.609890376866068,0.609890376866068,0.609890376866068,0.609890376866068,-0.609890376866068,-0.609890376866068,0.609890376866068,0.609890376866068,-0.609890376866068,4.690002441406278,3.284999847412118,186.0500030517578,180.98349395751956,181.6249938964844,182.2664938354492,1.0,1.0097539002109814,-1.273573036305592,1.0,1.273573036305592,1.0067601771081471,1.0,1.273573036305592,0.8133845480927425,-1.0,-1.273573036305592,0.0,0.0,0.0,0.0,0.0,0.0,0.0,1.273573036305592,1
2024-04-08,185.4199981689453,187.9799957275391,183.2899932861328,186.4100036621094,186.4100036621094,614700.0,0.609890376866068,1.0738511475840629,0.8106508319600478,0.966005928861874,1.246131955556384,185.32000122070312,187.1970016479492,185.95433298746744,182.12233352661133,174.9358004760742,185.87005781393867,186.41676920521655,185.2467393533024,180.9862388527487,174.76546922384838,186.4813266352176,185.6730872124336,0.8082394227839984,1.4718409647035675,-0.3916075925100086,0.3916075925100086,0.3916075925100086,0.3916075925100086,-0.3916075925100086,-0.3916075925100086,0.3916075925100086,0.3916075925100086,-0.3916075925100086,2.8999938964844034,3.3044998168945385,187.9799957275391,178.82300338745117,179.48000335693357,180.137003326416,1.0,1.006682655039641,-0.609890376866068,1.0,0.609890376866068,1.006316061788719,1.0,0.609890376866068,0.8391779053728357,-1.0,-0.609890376866068,0.0,0.0,0.0,0.0,0.0,0.0,0.0,0.609890376866068,1
