Date_SMCI_L01d,Open_SMCI_L01d,High_SMCI_L01d,Low_SMCI_L01d,Close_SMCI_L01d,Adj Close_SMCI_L01d,Volume_SMCI_L01d,Daily_Return_SMCI_L01d,Vol5_SMCI_L01d,Vol10_SMCI_L01d,Vol20_SMCI_L01d,Vol60_SMCI_L01d,SMA5_SMCI_L01d,SMA10_SMCI_L01d,SMA30_SMCI_L01d,SMA60_SMCI_L01d,SMA100_SMCI_L01d,EMA5_SMCI_L01d,EMA10_SMCI_L01d,EMA30_SMCI_L01d,EMA60_SMCI_L01d,EMA100_SMCI_L01d,Short12_SMCI_L01d,Long26_SMCI_L01d,MACD_SMCI_L01d,SIGNAL9_SMCI_L01d,Ret5/10_SMCI_L01d,Ret10/30_SMCI_L01d,Ret30/60_SMCI_L01d,Ret30/100_SMCI_L01d,Emaret5/10_SMCI_L01d,Emaret10/30_SMCI_L01d,Emaret30/60_SMCI_L01d,Emaret30/100_SMCI_L01d,RetMACD_SMCI_L01d,DayRange_SMCI_L01d,average20r_SMCI_L01d,PRVHI_SMCI_L01d,HitLevel_SMCI_L01d,hitlevel_2_SMCI_L01d,hitlevel_1.8_SMCI_L01d,positive_return_dummy,sma_ratio_L01d,RetMACD_L01d,R_sma_ratio_L01d,ret_sma_ratio_L01d,ema_ratio_L01d,R_ema_ratio_L01d,ret_ema_ratio_L01d,volatility_ratio_L01d,R_vol_ratio_L01d,ret_vol_ratio_L01d,negative_L01d,neutral_L01d,positive_L01d,negative_max_L01d,negative_avg_L01d,positive_max_L01d,positive_avg_L01d,ret_best,best
2024-01-03,277.25,287.8900146484375,276.5199890136719,280.6400146484375,280.6400146484375,1677600.0,-1.6850577519348986,1.2415098039568035,2.1340652128604694,3.6765741456191434,3.9465207643426576,287.360009765625,294.3050018310547,284.8573338826497,276.8611666361491,271.44419998168945,286.4527807578123,289.0810693826914,284.72251397081067,278.6847580105647,268.88037726490046,289.0941633484912,285.7579171831312,3.3362461653599667,5.292418399888176,-2.9076299595955493,2.9076299595955493,2.9076299595955493,2.9076299595955493,-2.9076299595955493,-2.9076299595955493,2.9076299595955493,2.9076299595955493,-2.9076299595955493,19.21002197265625,14.013999938964847,287.8900146484375,257.1570013427734,259.8700012207031,262.5830010986328,1.0,1.033166314588541,1.6850577519348986,1.0,-1.6850577519348986,0.9909081261166925,-1.0,1.6850577519348986,0.931598834811027,-1.0,1.6850577519348986,0.0,0.0,2.0,0.014083145,0.0095506565,0.985004306,0.982665688,,1
2024-01-04,280.5,295.4800109863281,276.2699890136719,288.7999877929688,288.7999877929688,2311100.0,2.9076299595955493,2.1318768929877496,2.5037970599926256,3.6997305594087577,3.9640639559370494,286.1200073242188,291.5910003662109,284.3306666056315,276.84116643269857,271.7878999328613,287.2351831028645,289.02996363910546,284.9855767980467,279.0164048886763,269.27482499812953,289.0489055707185,285.98325574682286,3.065649823895626,4.847064684689666,-1.1530530576860247,1.1530530576860247,1.1530530576860247,1.1530530576860247,-1.1530530576860247,-1.1530530576860247,1.1530530576860247,1.1530530576860247,-1.1530530576860247,11.309997558593691,13.844999694824216,295.4800109863281,257.05921478271483,259.8620147705078,262.6648147583008,1.0,1.025534824812441,-2.9076299595955493,1.0,2.9076299595955493,0.9937903305468978,-1.0,-2.9076299595955493,0.9333175752292304,-1.0,-2.9076299595955493,0.0,0.0,0.0,0.0,0.0,0.0,0.0,2.9076299595955493,1
2024-01-05,288.7999877929688,298.8800048828125,287.5700073242188,292.1300048828125,292.1300048828125,2342000.0,1.1530530576860247,2.171581479407349,2.2367384090518407,3.5688194056961238,3.86121181643088,286.256005859375,290.59600219726565,284.4066665649414,276.5381665547689,272.01460006713864,288.86679036284715,289.59360750159766,285.4465076422252,279.4463589868447,269.7274028176282,289.5229208495022,286.43857049763693,3.0843503518652824,4.49452181812479,-9.636118654698514,9.636118654698514,9.636118654698514,9.636118654698514,-9.636118654698514,-9.636118654698514,9.636118654698514,9.636118654698514,-9.636118654698514,28.30001831054693,14.899500274658203,298.8800048828125,265.02101165771484,267.7900115966797,270.5590115356445,1.0,1.0217622733921075,-1.1530530576860247,1.0,1.1530530576860247,0.9974902169111364,-1.0,-1.1530530576860247,0.9242744442326322,-1.0,-1.1530530576860247,0.0,0.0,1.0,0.002713294,0.002713294,0.993480802,0.993480802,1.1530530576860247,1
2024-01-08,294.8900146484375,321.8200073242188,293.5199890136719,320.2799987792969,320.2799987792969,4262600.0,9.636118654698514,4.322917148217014,3.872641870251284,4.083313600079202,4.057106471470184,293.4600036621094,292.2060028076172,285.52733306884767,276.7285001118978,272.5752000427246,299.33785983499706,295.1729513702702,287.6938296510685,280.7851668488923,270.72844432181967,294.2547789925476,288.9453429629451,5.309436029602409,4.657504660420314,7.321722335583784,7.321722335583784,7.321722335583784,7.321722335583784,-7.321722335583784,7.321722335583784,7.321722335583784,7.321722335583784,7.321722335583784,31.970001220703068,15.518499755859375,321.8200073242188,266.10110427856443,269.0810043334961,272.06090438842773,1.0,1.0233906493889295,-9.636118654698514,1.0,9.636118654698514,1.0141100613907619,1.0,-9.636118654698514,1.0064595614616743,1.0,-9.636118654698514,0.0,2.0,4.0,0.068880938,0.0131221533333333,0.996812522,0.6516227006666667,9.636118654698514,1
2024-01-09,318.3299865722656,349.1799926757812,317.2099914550781,343.7300109863281,343.7300109863281,6703300.0,7.321722335583784,4.591543317840934,3.9063439103051074,4.147016814853132,4.102633080486253,305.1160034179687,297.6070037841797,287.4626663208008,277.5705004374186,273.4752001953125,314.13524355210745,304.0015076640989,291.30906715656914,282.8489322304476,272.1740198993347,301.86635314543685,293.0034665202328,8.862886625204055,5.498581053377063,-0.3927518867618811,-0.3927518867618811,-0.3927518867618811,-0.3927518867618811,0.3927518867618811,-0.3927518867618811,-0.3927518867618811,-0.3927518867618811,-0.3927518867618811,25.75,16.12199859619141,349.1799926757812,287.6793078613282,290.78300781250005,293.88670776367195,0.0,1.0352892345751017,7.321722335583784,1.0,7.321722335583784,1.0333344922065508,1.0,7.321722335583784,1.010818353358965,1.0,7.321722335583784,0.0,0.0,0.0,0.0,0.0,0.0,0.0,7.321722335583784,1
2024-01-10,347.0,357.989990234375,332.239990234375,342.3800048828125,342.3800048828125,5345400.0,-0.3927518867618811,4.222440140229828,3.967467787689985,3.9953678880177104,4.083961611275403,317.46400146484376,302.4120056152344,289.19633331298826,278.5235003153483,274.45840026855467,323.5501639956758,310.9794162493195,294.6039663647139,284.80077067806604,273.56423742376006,308.0992226434946,296.6609878804239,11.43823476307074,6.686511795315798,0.2716258725738433,0.2716258725738433,0.2716258725738433,0.2716258725738433,-0.2716258725738433,0.2716258725738433,0.2716258725738433,0.2716258725738433,0.2716258725738433,24.440002441406197,16.828999328613282,357.989990234375,313.7115957641601,316.9359954833984,320.16039520263666,1.0,1.0456979248348326,-0.3927518867618811,1.0,-0.3927518867618811,1.0404230861899812,1.0,-0.3927518867618811,0.9783069157621133,-1.0,-0.3927518867618811,0.0,0.0,4.0,0.001875337,0.00156812675,0.997888625,0.996130541,-0.3927518867618811,1
2024-01-11,344.8399963378906,355.1799926757812,330.739990234375,343.3099975585938,343.3099975585938,4172900.0,0.2716258725738433,4.563266810028101,3.9658115642082903,4.0033575739332745,4.076425350660854,328.3660034179687,307.2430053710938,291.11966705322266,279.38383356730145,275.45600021362304,330.1367751833152,316.8577037600967,297.7462909578675,286.7191059856244,274.9453415848459,313.5162649381253,300.11647007880686,13.399794859318432,8.029168408116327,-1.09230725194945,-1.09230725194945,-1.09230725194945,-1.09230725194945,1.09230725194945,-1.09230725194945,-1.09230725194945,-1.09230725194945,-1.09230725194945,11.19000244140625,16.733000183105467,355.1799926757812,320.9661917114258,324.3319915771484,327.6977914428711,0.0,1.055383885537776,0.2716258725738433,1.0,0.2716258725738433,1.0419086273290439,1.0,0.2716258725738433,0.9820755268544943,-1.0,-0.2716258725738433,0.0,0.0,0.0,0.0,0.0,0.0,0.0,0.2716258725738433,1
2024-01-12,345.5299987792969,349.4800109863281,338.2900085449219,339.5599975585938,339.5599975585938,2286900.0,-1.09230725194945,4.957476564792336,3.957245682100687,4.020305764031846,4.072058089546289,337.852001953125,312.05400390625,292.85066680908204,280.06750005086263,276.3252001953125,333.2778493084081,320.9853935416416,300.44394944823694,288.45159423391846,276.2248397229399,317.522993033582,303.0382128550873,14.484780178494644,9.320290762191991,-3.902108639199647,-3.902108639199647,-3.902108639199647,-3.902108639199647,3.902108639199647,-3.902108639199647,-3.902108639199647,-3.902108639199647,-3.902108639199647,27.690002441406197,17.196000671386717,349.4800109863281,318.36739227294913,321.71399230957024,325.06059234619136,0.0,1.065573820631548,-1.09230725194945,1.0,-1.09230725194945,1.0382959973073411,1.0,-1.09230725194945,0.987290867572027,-1.0,1.09230725194945,0.0,0.0,2.0,0.013824788,0.0076049874999999,0.996962607,0.9653528035,-1.09230725194945,1
2024-01-16,340.5499877929688,352.0,324.3099975585938,326.3099975585938,326.3099975585938,4732900.0,-3.902108639199647,4.161784267751339,4.143075354320952,3.860510246200087,4.060333285384127,339.0580017089844,316.2590026855469,294.6120000203451,280.7555000305176,277.00740020751954,330.9552320584701,321.9535033629056,302.1127267456793,289.69285335931767,277.2166250266162,318.8748398835838,304.7620487590508,14.112791124532976,10.278790834660189,-2.476168867861549,-2.476168867861549,-2.476168867861549,-2.476168867861549,2.476168867861549,-2.476168867861549,-2.476168867861549,-2.476168867861549,-2.476168867861549,16.25,17.536000061035153,352.0,311.6488095092773,315.0880096435547,318.527209777832,0.0,1.07347631007463,-3.902108639199647,1.0,-3.902108639199647,1.0279597165476957,1.0,-3.902108639199647,0.9507865425965555,-1.0,3.902108639199647,0.0,0.0,0.0,0.0,0.0,0.0,0.0,-3.902108639199647,1
2024-01-17,320.510009765625,322.0,305.75,318.2300109863281,318.2300109863281,3585800.0,-2.476168867861549,1.6772163987818445,4.321494280598125,3.9049683549345326,3.962924551962325,333.9580017089844,319.53700256347656,296.2320002237956,281.6418337504069,277.4136004638672,326.7134917010894,321.2765047489824,303.1525515353986,290.62849787167863,278.02877128324417,318.77563543785215,305.75967559070097,13.01595984715118,10.826224637158388,-2.1336795118338623,-2.1336795118338623,-2.1336795118338623,-2.1336795118338623,2.1336795118338623,-2.1336795118338623,-2.1336795118338623,-2.1336795118338623,-2.1336795118338623,27.529998779296875,17.682501220703116,322.0,313.42079986572264,316.92799987792966,320.43519989013674,0.0,1.0786714545426377,-2.476168867861549,1.0,-2.476168867861549,1.0169230767632853,1.0,-2.476168867861549,0.9853753973188578,-1.0,2.476168867861549,0.0,0.0,1.0,0.002692636,0.002692636,0.995920777,0.995920777,-2.476168867861549,1
2024-01-18,330.010009765625,334.0,306.4700012207031,311.4400024414062,311.4400024414062,4875100.0,-2.1336795118338623,1.56186908912371,4.356660026014643,3.572966140550459,3.8820342905459815,327.7700012207032,322.61700134277345,297.73500010172523,282.6895004272461,277.90300048828124,321.6223286145284,319.4880497839685,303.6872257873991,291.31084228380087,278.6903798210295,317.647076515322,306.180440542605,11.466635972716972,10.954306904270103,35.93629014667528,35.93629014667528,35.93629014667528,35.93629014667528,-35.93629014667528,35.93629014667528,35.93629014667528,35.93629014667528,35.93629014667528,89.8099975585937,21.50650177001952,334.0,283.09849731445314,286.6349975585938,290.1714978027344,1.0,1.0835709648934353,-2.1336795118338623,1.0,-2.1336795118338623,1.0066803088002918,1.0,-2.1336795118338623,0.9203850025878947,-1.0,2.1336795118338623,0.0,0.0,0.0,0.0,0.0,0.0,0.0,-2.1336795118338623,1
2024-01-19,347.5599975585938,428.6900024414062,338.8800048828125,423.3599853515625,423.3599853515625,23049300.0,35.93629014667528,17.174438998458662,11.879479796670168,8.786505092252883,6.002239902733102,343.7799987792969,336.0730010986328,303.08166656494143,285.4973335266113,279.5970002746582,355.53488086020644,338.3738562508038,311.4080489850871,295.6403223843832,281.5551244850005,333.91060095166665,314.86040682475,19.050194126916665,12.573484348799418,3.042329300941564,3.042329300941564,3.042329300941564,3.042329300941564,-3.042329300941564,3.042329300941564,3.042329300941564,3.042329300941564,3.042329300941564,75.6699829101563,24.31300048828124,428.6900024414062,286.68569610595705,290.9869964599609,295.28829681396485,1.0,1.1088529534221176,35.93629014667528,1.0,35.93629014667528,1.0507161658396056,1.0,35.93629014667528,1.463871027256337,1.0,-35.93629014667528,0.0,0.0,5.0,0.319145083,0.0654704198,0.997701228,0.9317094088,35.93629014667528,1
2024-01-22,456.3500061035156,485.8599853515625,410.1900024414062,436.239990234375,436.239990234375,18823300.0,3.042329300941564,16.888899205733953,11.836480517856032,8.668165344518139,6.002295291096879,363.1159973144531,350.48399963378904,309.1756663004557,288.39100011189777,281.40780014038086,382.4365839849293,356.16769879327126,319.46172261407344,300.2501475597927,284.61819113350293,349.6535839182372,323.8514870773148,25.80209684092239,15.219206847224012,4.845959820666551,4.845959820666551,4.845959820666551,4.845959820666551,-4.845959820666551,4.845959820666551,4.845959820666551,4.845959820666551,4.845959820666551,41.72998046875,25.73699951171874,485.8599853515625,375.2014013671875,380.0640014648437,384.9266015625,1.0,1.1336079706000861,3.042329300941564,1.0,3.042329300941564,1.073754260368527,1.0,3.042329300941564,1.4441417697952161,1.0,3.042329300941564,0.0,1.0,1.0,0.005882862,0.005214898,0.990081131,0.5137299949999999,3.042329300941564,-1
2024-01-23,436.0,458.2699890136719,416.5400085449219,457.3800048828125,457.3800048828125,9677200.0,4.845959820666551,16.025612472331783,11.70719671503812,8.681060614165876,5.995566971841771,389.3299987792969,364.1940002441406,315.8833333333333,291.7808334350586,283.36530014038084,407.4177242842237,374.5699362640969,328.3596763088308,305.4019461605474,288.0392171483407,366.2268794512488,333.74248839624056,32.48439105500819,18.67224368878085,2.8007340552361497,2.8007340552361497,2.8007340552361497,2.8007340552361497,-2.8007340552361497,2.8007340552361497,2.8007340552361497,2.8007340552361497,2.8007340552361497,36.54998779296875,26.35449829101562,458.2699890136719,429.2385864257813,434.385986328125,439.5333862304688,1.0,1.1529383218829967,4.845959820666551,1.0,4.845959820666551,1.0876946728500039,1.0,4.845959820666551,1.4479132090320312,1.0,4.845959820666551,0.0,0.0,3.0,0.004368486,0.0027964283333333,0.996735394,0.9949772356666666,-4.845959820666551,-1
2024-01-24,471.2900085449219,496.7799987792969,460.2300109863281,470.1900024414062,470.1900024414062,12117000.0,2.8007340552361497,15.335022394226115,11.657955533710862,8.517955754352517,5.930861754739876,419.7219970703125,376.8399993896484,322.46800028483074,295.6263333638509,285.3880000305176,428.3418170032846,391.9554028417895,337.5100199302873,310.8048332517231,291.64616339176774,382.22120606511913,343.8497116588454,38.37149440627371,22.61209383227942,1.1463417135355014,1.1463417135355014,1.1463417135355014,1.1463417135355014,-1.1463417135355014,1.1463417135355014,1.1463417135355014,1.1463417135355014,1.1463417135355014,17.550018310546875,26.768499755859363,496.7799987792969,400.2900927734375,405.5609924316406,410.8318920898437,1.0,1.168612076413138,2.8007340552361497,1.0,2.8007340552361497,1.0928330465601013,1.0,2.8007340552361497,1.436208784928272,1.0,2.8007340552361497,0.0,0.0,2.0,0.001698035,0.0015707985,0.99709928,0.997007489,-2.8007340552361497,-1
2024-01-25,476.1099853515625,483.6600036621094,466.1099853515625,475.5799865722656,475.5799865722656,6717300.0,1.1463417135355014,14.806147787670726,11.608118913178378,8.521693480746718,5.930566687122245,452.5499938964844,390.1599975585938,329.5786661783854,299.5293332417806,287.3930000305176,444.0878735262783,407.1598726109669,346.41775971364075,316.2072972950196,295.28841731613403,396.5840953739109,353.60750980058026,42.976585573330624,26.684992180489665,-0.3006839472131485,-0.3006839472131485,-0.3006839472131485,-0.3006839472131485,0.3006839472131485,-0.3006839472131485,-0.3006839472131485,-0.3006839472131485,-0.3006839472131485,23.549987792968807,27.53849945068358,483.6600036621094,437.8892993164063,443.24299926757817,448.59669921875,0.0,1.183814480720723,1.1463417135355014,1.0,1.1463417135355014,1.0906965627003116,1.0,1.1463417135355014,1.436910489388965,1.0,1.1463417135355014,0.0,0.0,0.0,0.0,0.0,0.0,0.0,-1.1463417135355014,-1
2024-01-26,467.1000061035156,483.25,459.7000122070312,474.1499938964844,474.1499938964844,5035600.0,-0.3006839472131485,1.960736001812499,11.629079948454647,8.530633067567795,5.918831553018402,462.7079956054688,403.2439971923829,336.5379994710286,303.4881665547689,289.31289993286134,454.108580316347,419.3398946628792,354.6585490157597,321.3857463639201,298.8302307137648,408.5173105312298,362.53658269657313,45.98072783465671,30.54413931132307,4.53865228477641,4.53865228477641,4.53865228477641,4.53865228477641,-4.53865228477641,4.53865228477641,4.53865228477641,4.53865228477641,4.53865228477641,23.82000732421875,28.399000549316398,483.25,423.0753048706055,428.5830047607422,434.0907046508789,1.0,1.1982123796605522,-0.3006839472131485,1.0,-0.3006839472131485,1.0829128973798676,1.0,-0.3006839472131485,1.4412697829215064,1.0,-0.3006839472131485,0.0,0.0,0.0,0.0,0.0,0.0,0.0,0.3006839472131485,-1
2024-01-29,475.6700134277344,495.7200012207031,471.8999938964844,495.6700134277344,495.6700134277344,11525100.0,4.53865228477641,2.2005624215741943,11.502220965002094,8.489179297678644,5.9333990394474405,474.5940002441406,418.85499877929686,343.9496663411458,307.7581667582194,291.4668000793457,467.96239135347616,433.218098074671,363.7560628487904,327.0999846283074,302.72804819324926,421.9254186691536,372.39831830628873,49.52710036286487,34.34073152163143,3.4902166374268377,3.4902166374268377,3.4902166374268377,3.4902166374268377,-3.4902166374268377,3.4902166374268377,3.4902166374268377,3.4902166374268377,3.4902166374268377,53.26998901367188,30.404000854492185,495.7200012207031,420.7721987915039,426.4519989013672,432.1317990112305,1.0,1.2177799247051933,4.53865228477641,1.0,4.53865228477641,1.0802004658466888,1.0,4.53865228477641,1.4307447116297805,1.0,4.53865228477641,0.0,1.0,0.0,0.013719893,0.013719893,0.393944353,0.393944353,-4.53865228477641,-1
2024-01-30,547.3200073242188,554.4400024414062,501.1700134277344,512.969970703125,512.969970703125,17956400.0,3.4902166374268377,1.9214093434101385,11.144956594795977,8.392012987570464,5.91715524987337,485.7119934082031,437.52099609375,351.23533223470054,312.1031661987305,293.856199798584,482.9649178033591,447.7184385525717,373.3827665813281,333.1940825323998,306.89125457958346,435.9322728282261,382.811033298647,53.12123952957916,38.09683312322098,3.243857457314534,3.243857457314534,3.243857457314534,3.243857457314534,-3.243857457314534,3.243857457314534,3.243857457314534,3.243857457314534,3.243857457314534,42.670013427734375,31.981501770019527,554.4400024414062,428.8311993408203,434.9119995117188,440.9927996826172,1.0,1.2456633941410886,3.4902166374268377,1.0,3.4902166374268377,1.0787246541927908,1.0,3.4902166374268377,1.418251276700921,1.0,3.4902166374268377,0.0,0.0,5.0,0.001755749,0.0012005164,0.998136759,0.9973697306,-3.4902166374268377,-1
2024-01-31,503.3500061035156,546.0,503.3299865722656,529.6099853515625,529.6099853515625,11997300.0,3.243857457314534,1.958127373329275,10.856597727542397,8.365113307160351,5.900118875450465,497.5959899902344,458.6589935302735,358.8853322347005,316.8316660563151,296.4774995422364,498.5132736527603,462.6078106978427,383.46194198585937,339.63394819860184,311.30152647605826,450.3442286010471,393.6850297470111,56.65919885403605,41.809306269384,10.1754151430254,10.1754151430254,10.1754151430254,10.1754151430254,-10.1754151430254,10.1754151430254,10.1754151430254,10.1754151430254,10.1754151430254,51.6099853515625,33.99349975585937,546.0,484.0806985473633,490.4769989013672,496.8732992553711,1.0,1.2780098609054436,3.243857457314534,1.0,3.243857457314534,1.0776153409531808,1.0,3.243857457314534,1.4177872486546617,1.0,3.243857457314534,0.0,0.0,1.0,0.001826068,0.001826068,0.997226775,0.997226775,-3.243857457314534,-1
2024-02-01,540.0,587.6099853515625,536.0,583.5,583.5,13609600.0,10.1754151430254,3.7911106463211386,10.56862714736444,8.404650872273155,6.000579450002778,519.1799926757812,485.8649932861328,367.5956654866537,322.3066660563151,299.5058995056152,526.8421824351735,484.5882087527804,396.367623148062,347.6295564543853,316.6915952587105,470.8297318931937,407.7453979138991,63.08433397929457,46.06431181136611,-0.6632382377356469,-0.6632382377356469,-0.6632382377356469,-0.6632382377356469,0.6632382377356469,-0.6632382377356469,-0.6632382377356469,-0.6632382377356469,-0.6632382377356469,41.0,35.082998657226554,587.6099853515625,471.21430053710935,478.0130004882813,484.8117004394532,0.0,1.3217375472665174,10.1754151430254,1.0,10.1754151430254,1.087195629029326,1.0,10.1754151430254,1.4006398785819365,1.0,10.1754151430254,0.0,0.0,1.0,0.0017161,0.0017161,0.992897868,0.992897868,-10.1754151430254,-1
2024-02-02,592.52001953125,606.0,565.0,579.6300048828125,579.6300048828125,12179100.0,-0.6632382377356469,3.9012852152462862,3.069830059266601,8.467012532710765,5.998707125684711,540.2759948730469,501.4919952392578,376.3853322347005,327.75733286539713,302.5289994812012,544.4381232510532,501.86853532187706,408.1910026148201,355.2361285340059,321.89829643938583,487.56823543005817,420.47759102270754,67.09064440735062,50.26957833056301,14.44369166500468,14.44369166500468,14.44369166500468,14.44369166500468,-14.44369166500468,14.44369166500468,14.44369166500468,14.44369166500468,14.44369166500468,82.04998779296875,38.61999816894532,606.0,510.42738830566407,517.4439880371094,524.4605877685547,1.0,1.3323898470266242,-0.6632382377356469,1.0,-0.6632382377356469,1.0848221893446135,1.0,-0.6632382377356469,1.411472898294616,1.0,-0.6632382377356469,0.0,1.0,3.0,0.0072494,0.00285051125,0.997895598,0.7459966275000001,0.6632382377356469,-1
2024-02-05,589.8800048828125,670.0,587.9500122070312,663.3499755859375,663.3499755859375,17596400.0,14.44369166500468,6.060711476995507,4.684283486651971,8.7620986469043,6.223917821549761,573.8119873046875,524.202993774414,388.4276652018229,334.57349904378253,306.4856993103027,584.0754073626813,531.2287971880698,424.65287183876313,365.3382218799708,328.65971582842644,514.6115800694242,438.4681380273912,76.14344204203303,55.44435107285702,2.7496874863709464,2.7496874863709464,2.7496874863709464,2.7496874863709464,-2.7496874863709464,2.7496874863709464,2.7496874863709464,2.7496874863709464,2.7496874863709464,60.19000244140625,40.21449737548828,670.0,521.0360040283203,528.7600036621094,536.4840032958984,1.0,1.349551128141307,14.44369166500468,1.0,14.44369166500468,1.099479942454818,1.0,14.44369166500468,1.407810787052219,1.0,14.44369166500468,0.0,1.0,6.0,0.014582474,0.0060165188571428,0.997334719,0.8385592347142856,-14.44369166500468,-1
2024-02-06,673.0,686.0,625.8099975585938,681.5900268554688,681.5900268554688,18489000.0,2.7496874863709464,6.149981823477988,4.707568694526116,8.684465857620353,6.224805244096929,607.5359985351563,546.6239959716797,401.0079996744792,341.5954996744792,310.5919996643066,616.5802805269439,558.5672025821424,441.2294624850023,375.7071335185117,335.6484348586649,540.3005718826619,456.477166829471,83.82340505319087,61.12016186892379,0.2948911590948146,0.2948911590948146,0.2948911590948146,0.2948911590948146,-0.2948911590948146,0.2948911590948146,0.2948911590948146,0.2948911590948146,0.2948911590948146,39.77001953125,40.60449829101562,686.0,581.5281057739257,589.5710052490234,597.6139047241211,1.0,1.3631249162495642,2.7496874863709464,1.0,2.7496874863709464,1.1038605161144779,1.0,2.7496874863709464,1.3951385653159116,1.0,2.7496874863709464,0.0,0.0,0.0,0.0,0.0,0.0,0.0,-2.7496874863709464,-1
2024-02-07,675.0,699.77001953125,660.0,683.5999755859375,683.5999755859375,12333000.0,0.2948911590948146,6.603826529082168,4.852567827303982,8.69163013421051,6.227780630943762,638.3339965820312,567.9649932861328,414.1373321533203,348.5741658528646,314.7202995300293,638.9201788799418,581.3004340373778,456.8662697818368,385.80198079941096,342.5385643780168,562.3466339908581,473.3010785892093,89.04555540164881,66.70524057546879,2.106498672958514,2.106498672958514,2.106498672958514,2.106498672958514,-2.106498672958514,2.106498672958514,2.106498672958514,2.106498672958514,2.106498672958514,48.44000244140625,41.73899841308594,699.77001953125,596.6701037597657,604.7910034179688,612.9119030761719,1.0,1.3714411843360768,0.2948911590948146,1.0,0.2948911590948146,1.0991221431616185,1.0,0.2948911590948146,1.395622397331194,1.0,0.2948911590948146,0.0,0.0,0.0,0.0,0.0,0.0,0.0,-0.2948911590948146,-1
2024-02-08,670.760009765625,714.489990234375,666.0499877929688,698.0,698.0,9413700.0,2.106498672958514,6.112786216740435,4.800992191762908,8.646009216020293,6.225483054787992,661.2339965820313,590.2069946289063,427.5929992675781,355.7736658732096,319.2076995849609,658.6134525866279,602.5185369396727,472.4232846346216,396.0379814289385,349.577404687363,583.2163826076492,489.9454431381568,93.27093946949242,72.01838035427352,6.058736107069305,6.058736107069305,6.058736107069305,6.058736107069305,-6.058736107069305,6.058736107069305,6.058736107069305,6.058736107069305,6.058736107069305,36.26995849609375,42.33049621582031,714.489990234375,607.944223022461,616.2920227050781,624.6398223876953,1.0,1.380300883409852,2.106498672958514,1.0,2.106498672958514,1.093100730032098,1.0,2.106498672958514,1.3888093726912782,1.0,2.106498672958514,0.0,0.0,1.0,0.004007542,0.004007542,0.985398889,0.985398889,-2.106498672958514,-1
2024-02-09,710.0499877929688,745.1699829101562,708.9000244140625,740.2899780273438,740.2899780273438,10834800.0,6.058736107069305,5.607876741039789,4.583103749981068,8.614054511009703,6.20482456746256,693.3659912109375,616.8209930419922,442.4359985351563,363.8484987894694,324.1675993347168,685.8389610668665,627.5678898647037,489.7050067889908,407.3249321370829,357.3142873277587,607.381551133756,508.489482759578,98.89206837417804,77.39311795825444,4.419893921226729,4.419893921226729,4.419893921226729,4.419893921226729,-4.419893921226729,4.419893921226729,4.419893921226729,4.419893921226729,4.419893921226729,64.92999267578125,45.01749572753906,745.1699829101562,621.3628985595703,629.8289978027344,638.2950970458985,1.0,1.394147390999377,6.058736107069305,1.0,6.058736107069305,1.0928522190877634,1.0,6.058736107069305,1.388283329746483,1.0,6.058736107069305,0.0,2.0,3.0,0.01751353,0.0057888324,0.996487498,0.6464333744,-6.058736107069305,-1
2024-02-12,761.3400268554688,810.0,745.0700073242188,773.010009765625,773.010009765625,16872300.0,4.419893921226729,2.206313320268168,4.58356044385942,8.523000462587179,5.978204070444609,715.297998046875,644.5549926757812,458.487998453776,371.8341657002767,329.4202993774414,714.8959772997861,654.0119116648711,507.9827489165156,419.3146068134285,365.5458857918748,632.8628524617359,528.083595871137,104.77925659059883,82.87034568472332,2.3906521565423318,2.3906521565423318,2.3906521565423318,2.3906521565423318,-2.3906521565423318,2.3906521565423318,2.3906521565423318,2.3906521565423318,2.3906521565423318,54.489990234375,46.3574951171875,810.0,646.1314923095703,655.1349914550781,664.1384906005859,1.0,1.4058274040967382,4.419893921226729,1.0,4.419893921226729,1.0930932060242247,1.0,4.419893921226729,1.4256790772204786,1.0,4.419893921226729,0.0,3.0,9.0,0.018941389,0.0042669180833333,0.997325063,0.6871781604166666,-4.419893921226729,-1
2024-02-13,750.0,800.0,745.510009765625,791.489990234375,791.489990234375,14480500.0,2.3906521565423318,2.2273625607978182,4.6269767765818255,8.310355417309822,5.957191648997583,737.2779907226562,672.4069946289062,475.395664469401,380.229332224528,334.904499206543,740.4273149446491,679.0079259502354,526.2735386789582,431.5170784010005,373.9804225135085,657.2670275036803,547.5951806387843,109.671846864896,88.23064592075787,11.252195057100018,11.252195057100018,11.252195057100018,11.252195057100018,-11.252195057100018,11.252195057100018,11.252195057100018,11.252195057100018,11.252195057100018,65.1500244140625,48.802496337890624,800.0,708.0135107421875,717.285009765625,726.5565087890625,1.0,1.4144154961518078,2.3906521565423318,1.0,2.3906521565423318,1.0904545980202816,1.0,2.3906521565423318,1.3950122653361683,1.0,2.3906521565423318,0.0,2.0,4.0,0.024438158,0.0074895691666666,0.994642138,0.6259350675,-2.3906521565423318,-1
2024-02-14,823.3099975585938,886.030029296875,820.8800048828125,880.5499877929688,880.5499877929688,20128600.0,11.252195057100018,3.722460522534204,5.0544657906889725,8.243950914716896,6.062767696260599,776.6679931640625,707.5009948730469,495.2323303222656,390.1773317972819,341.3945991516113,787.1348725607556,715.6519371943687,549.1300837830879,446.2394688728683,384.0115030140919,691.6182521635708,572.2584996872424,119.35975247632835,94.45646723187195,14.01964839230187,14.01964839230187,14.01964839230187,14.01964839230187,-14.01964839230187,14.01964839230187,14.01964839230187,14.01964839230187,14.01964839230187,88.6399536132817,51.857994079589865,886.030029296875,692.6345080566406,702.3950073242188,712.1555065917969,1.0,1.428624408290651,11.252195057100018,1.0,11.252195057100018,1.099885058156382,1.0,11.252195057100018,1.3597669130225143,1.0,11.252195057100018,0.0,1.0,3.0,0.006778589,0.0033961959999999,0.995578349,0.74171346025,-11.252195057100018,-1
2024-02-15,945.0,1006.349975585938,917.7100219726562,1004.0,1004.0,25240600.0,14.01964839230187,4.852120797677069,5.583087356228409,8.248820088284859,6.255778540778966,837.8679931640625,749.5509948730469,519.3443298339844,402.10083185831706,349.0770991516113,859.4232483738372,768.0788577044834,578.4765299906306,464.52669940162673,396.2885029544069,739.6769825999445,604.2393515622615,135.437631037683,102.65269999303418,-19.988047079261083,-19.988047079261083,-19.988047079261083,-19.988047079261083,19.988047079261083,-19.988047079261083,-19.988047079261083,-19.988047079261083,-19.988047079261083,276.71997070312545,61.20349273681645,1006.349975585938,771.9424423217773,782.3140411376953,792.6856399536132,0.0,1.4432640385477036,14.01964839230187,1.0,14.01964839230187,1.118925797466096,1.0,14.01964839230187,1.3185920880213449,1.0,14.01964839230187,0.0,0.0,2.0,0.005645407,0.005645407,0.982903659,0.982903659,-14.01964839230187,-1
2024-02-16,1045.5,1077.869995117188,801.1500244140625,803.3200073242188,803.3200073242188,33802400.0,-19.988047079261083,13.40410866906646,9.79148571280266,7.067891607155666,6.867719180743469,850.4739990234375,771.9199951171875,536.4949971516927,410.4128318786621,354.62169921875,840.7221680239645,774.4863394535262,592.9825607863461,475.6346767105641,404.34853274390815,749.4682171729098,618.986066803888,130.48215036902184,108.21859006823172,-1.9606134362894465,-1.9606134362894465,-1.9606134362894465,-1.9606134362894465,1.9606134362894465,-1.9606134362894465,-1.9606134362894465,-1.9606134362894465,-1.9606134362894465,109.5,62.89499359130864,1077.869995117188,871.7022915649418,883.9429901123051,896.1836886596684,0.0,1.438820490806793,-19.988047079261083,1.0,-19.988047079261083,1.085522268368444,1.0,-19.988047079261083,1.0291468566410613,1.0,-19.988047079261083,0.0,0.0,0.0,0.0,0.0,0.0,0.0,19.988047079261083,-1
2024-02-20,790.0,802.0,692.5,787.5700073242188,787.5700073242188,25412600.0,-1.9606134362894465,13.469540649012982,9.159195909095963,7.172820938853777,6.830134816772844,853.3859985351562,784.3419982910157,553.0096638997396,418.7081652323405,360.0052992248535,823.0047811240493,776.8651881572885,605.536589595241,485.8620645995364,411.9370767950034,755.330031042342,631.4737661016903,123.8562649406516,111.34612504271573,-6.780352720069915,-6.780352720069915,-6.780352720069915,-6.780352720069915,6.780352720069915,-6.780352720069915,-6.780352720069915,-6.780352720069915,-6.780352720069915,64.41998291015625,64.02949371337895,802.0,939.501009216309,952.0800079345706,964.6590066528324,0.0,1.4183151751091578,-1.9606134362894465,1.0,-1.9606134362894465,1.0593920202245168,1.0,-1.9606134362894465,1.0501726732010317,1.0,-1.9606134362894465,2.0,2.0,2.0,0.990583181,0.3205186793333333,0.981537938,0.3697689664999999,1.9606134362894465,-1
2024-02-21,749.75,772.5,708.0800170898438,734.1699829101562,734.1699829101562,14962900.0,-6.780352720069915,13.875439129614293,9.574439501597372,7.500579458079249,6.911200620974941,841.9219970703125,789.5999938964844,566.8059967041015,426.1666648864746,364.7715989685059,793.3931817194183,769.1024235669007,613.8355181962033,494.0033078228354,418.3179264210461,752.0746390220057,639.0808932726878,112.9937457493179,111.67564918403616,32.87386330675261,32.87386330675261,32.87386330675261,32.87386330675261,-32.87386330675261,32.87386330675261,32.87386330675261,32.87386330675261,32.87386330675261,169.53997802734398,70.67899322509771,772.5,661.1351138305663,673.9410125732421,686.7469113159179,1.0,1.3930692308971662,-6.780352720069915,1.0,-6.780352720069915,1.0315832552442927,1.0,-6.780352720069915,1.0852787915482573,1.0,-6.780352720069915,3.0,4.0,5.0,0.982832491,0.2322734263333333,0.993418992,0.4302103384166666,6.780352720069915,1
2024-02-22,864.989990234375,1003.539978027344,834.0,975.52001953125,975.52001953125,25372700.0,32.87386330675261,20.37517388249168,13.8344162596018,10.093867224565718,7.983930460117368,860.9160034179688,818.7919982910156,587.865663655599,437.66416498819984,371.83299911499023,854.1021276566956,806.6328955604188,637.1700021533031,509.79074099360304,429.3516312351096,786.4508514080434,664.0023100325814,122.448541375462,113.83022762232132,-11.840865123519356,-11.840865123519356,-11.840865123519356,-11.840865123519356,11.840865123519356,-11.840865123519356,-11.840865123519356,-11.840865123519356,-11.840865123519356,170.97998046875,78.35049133300787,1003.539978027344,617.006214904785,631.1420135498046,645.2778121948242,0.0,1.3928216068947086,32.87386330675261,1.0,32.87386330675261,1.0588486191891504,1.0,32.87386330675261,1.2642729386219294,1.0,32.87386330675261,0.0,3.0,2.0,0.025341339,0.0079745204,0.996720612,0.4849686532,32.87386330675261,1
2024-02-23,938.1599731445312,995.0,824.02001953125,860.010009765625,860.010009765625,19384400.0,-11.840865123519356,20.361670241810927,14.76733298616527,10.698631063344267,8.191294239503058,832.1180053710938,834.9929992675782,605.1199971516927,447.1581652323405,377.69089920043945,856.0714216930055,816.3378254159107,651.5467768379691,521.2733399697349,437.8795199188821,797.7676450015175,678.5213989016956,119.24624609982186,114.91343131782143,-1.8988170956631196,1.8988170956631196,1.8988170956631196,1.8988170956631196,-1.8988170956631196,1.8988170956631196,1.8988170956631196,1.8988170956631196,1.8988170956631196,65.94000244140625,80.46999206542975,995.0,831.1688970947266,846.8389953613282,862.5090936279298,1.0,1.3798800290816706,-11.840865123519356,1.0,-11.840865123519356,1.048672981993516,1.0,-11.840865123519356,1.306097760687122,1.0,-11.840865123519356,2.0,2.0,1.0,0.907053411,0.3582394926,0.99737823,0.2568025822,-11.840865123519356,1
2024-02-26,884.469970703125,895.9600219726562,830.02001953125,876.3400268554688,876.3400268554688,9607800.0,1.8988170956631196,17.56447857352028,14.731537149601712,10.668484942350071,8.176444705426587,846.7220092773438,848.5980041503906,622.8876647949219,457.00366592407227,383.56569961547854,862.8276234138267,827.2473165867394,666.0495671616789,532.9148706873,446.56190619485415,809.8557037482792,693.1746306019751,116.68107314630412,115.26695968351798,2.879024206441656,-2.879024206441656,-2.879024206441656,-2.879024206441656,2.879024206441656,-2.879024206441656,-2.879024206441656,-2.879024206441656,-2.879024206441656,55.0,82.0289916992188,895.9600219726562,817.9660174560545,834.0600158691404,850.1540142822264,0.0,1.362361228376197,1.8988170956631196,1.0,1.8988170956631196,1.0430104832178764,1.0,1.8988170956631196,1.3047828642771293,1.0,1.8988170956631196,1.0,3.0,8.0,0.66677022,0.0619596590833333,0.997449458,0.6637149189166667,1.8988170956631196,1
2024-02-27,862.9400024414062,869.0,814.0,851.1099853515625,851.1099853515625,6910400.0,-2.879024206441656,17.631881077847883,14.813508365611405,10.76396811417866,8.200508943882602,859.4300048828125,856.4080017089843,639.9393310546875,466.3949989318848,389.3770994567871,858.9217440597388,831.5859836348891,677.988948980381,543.3474973976037,454.5727592474622,816.2025163026306,704.8735457686112,111.3289705340194,114.47936185361829,-4.061755580266062,-4.061755580266062,-4.061755580266062,-4.061755580266062,4.061755580266062,-4.061755580266062,-4.061755580266062,-4.061755580266062,4.061755580266062,34.5,81.09049224853521,869.0,715.4962402343749,731.9020385742186,748.3078369140624,0.0,1.338264363744503,-2.879024206441656,1.0,-2.879024206441656,1.0328718388270137,1.0,-2.879024206441656,1.3125975702042667,1.0,-2.879024206441656,0.0,0.0,0.0,0.0,0.0,0.0,0.0,-2.879024206441656,1
2024-02-28,820.0,846.5,812.0,816.5399780273438,816.5399780273438,6032500.0,-4.061755580266062,17.307126259866394,14.929765163418642,10.887415878349977,8.188706698076139,875.90400390625,858.9130004882812,656.2803304036458,475.4461652119954,394.7384992980957,844.7944887156071,828.850346251699,686.9277250479271,552.3046279100541,461.7404269460737,816.2544334910481,713.1451333433322,103.10930014771589,112.2053495124378,6.071964438241314,6.071964438241314,6.071964438241314,6.071964438241314,-6.071964438241314,6.071964438241314,6.071964438241314,6.071964438241314,-6.071964438241314,51.52001953125,81.532992553711,846.5,690.6009170532225,706.8190155029296,723.0371139526367,1.0,1.3087593223462997,4.061755580266062,1.0,-4.061755580266062,1.0192364550923,1.0,-4.061755580266062,1.3295647627613618,1.0,-4.061755580266062,0.0,0.0,0.0,0.0,0.0,0.0,0.0,-4.061755580266062,1
2024-02-29,839.0,890.52001953125,839.0,866.1199951171875,866.1199951171875,8842900.0,6.071964438241314,6.747074009565617,14.631169289886234,10.91062606595059,8.190737242870219,854.0239990234375,857.4700012207031,674.5433298746744,485.387665049235,400.5236991882324,851.9029908494673,835.6266460454242,698.4885166652987,562.5936563430749,469.74794314748186,823.926058356608,724.4766045858399,99.44945377076806,109.65417036410386,-4.544403266690203,4.544403266690203,4.544403266690203,4.544403266690203,-4.544403266690203,4.544403266690203,4.544403266690203,4.544403266690203,-4.544403266690203,46.0,81.25249328613288,890.52001953125,667.1274163818358,683.434014892578,699.7406134033201,1.0,1.271185946468428,-6.071964438241314,1.0,6.071964438241314,1.0194780107612298,1.0,6.071964438241314,1.3320688654062185,1.0,6.071964438241314,0.0,0.0,0.0,0.0,0.0,0.0,0.0,6.071964438241314,1
2024-03-01,881.8800048828125,927.0,881.0,905.47998046875,905.47998046875,9887600.0,4.544403266690203,4.4636784179554265,13.967018949790315,10.78847924452293,8.182996764725077,863.1179931640625,847.6179992675782,694.3446624755859,496.0398312886556,406.6817988586426,869.7619873892282,848.3272523042107,711.8428046526182,573.8358309045725,478.3763003221604,836.4728156046299,737.8842620586481,98.58855354598175,107.44104700047944,18.64867131177725,18.64867131177725,18.64867131177725,18.64867131177725,-18.64867131177725,18.64867131177725,18.64867131177725,18.64867131177725,-18.64867131177725,134.65997314453102,85.93549194335942,927.0,711.7645343017576,728.0150329589842,744.2655316162109,1.0,1.2207453230007101,-4.544403266690203,1.0,4.544403266690203,1.0252670594122693,1.0,4.544403266690203,1.318401993146259,1.0,4.544403266690203,0.0,0.0,2.0,0.002145611,0.0020352875,0.99513787,0.9937417505,4.544403266690203,1
2024-03-04,1039.0,1155.0,1020.340026855469,1074.339965820312,1074.339965820312,20162100.0,18.64867131177725,9.088528808692274,13.212217787848864,11.31835724627808,8.433383372544277,902.7179809570312,874.7199951171875,716.0439951578776,509.5628308614095,414.5251985168457,937.9546468662562,889.4204729435017,735.2297182763405,590.2458025411541,490.1775610250941,873.0677617916579,762.8069067817343,110.2608550099236,108.00500860236828,1.5348949828730407,1.5348949828730407,1.5348949828730407,1.5348949828730407,-1.5348949828730407,1.5348949828730407,1.5348949828730407,1.5348949828730407,1.5348949828730407,121.4000244140625,87.90299377441411,1155.0,737.9419177246093,755.1290161132812,772.316114501953,1.0,1.2216009086485309,-18.64867131177725,1.0,18.64867131177725,1.0545683120629465,1.0,18.64867131177725,1.342089733893294,1.0,18.64867131177725,1.0,3.0,10.0,0.813418686,0.0623317974285714,0.99761498,0.6989512705,18.64867131177725,1
2024-03-05,1035.0,1097.5,976.0999755859376,1090.829956054688,1090.829956054688,13304400.0,1.5348949828730407,8.383928358023976,13.092943628698162,11.03884854383268,8.394043725532091,950.6619750976564,905.0459899902344,737.8636606852214,523.5196634928385,422.3303981018066,988.9130832624002,926.0403789637172,758.17166910075,606.6583977383192,502.0716678573633,906.569637832124,787.1049104315827,119.4647274005414,110.29695236200293,3.104974788159283,3.104974788159283,3.104974788159283,3.104974788159283,-3.104974788159283,3.104974788159283,3.104974788159283,3.104974788159283,3.104974788159283,77.5,88.76849365234379,1097.5,961.613413696289,979.1940124511718,996.7746112060546,1.0,1.2265761796017414,1.5348949828730407,1.0,1.5348949828730407,1.067894128298207,1.0,1.5348949828730407,1.315081134287627,1.0,1.5348949828730407,0.0,0.0,0.0,0.0,0.0,0.0,0.0,1.5348949828730407,-1
2024-03-06,1158.0,1169.5,1092.0,1124.699951171875,1124.699951171875,11893300.0,3.104974788159283,6.844368085273112,12.550425672690498,11.03859570264128,8.391157442715876,1012.2939697265624,944.0989868164064,760.1076588948567,537.9954961140951,430.4887977600098,1034.1753725655583,962.1603011833822,781.8186550408226,623.6433667033539,514.4009407942843,940.128147576701,812.1119504864191,128.0161970902819,113.84080130765872,3.117281063026576,3.117281063026576,3.117281063026576,3.117281063026576,-3.117281063026576,3.117281063026576,3.117281063026576,3.117281063026576,3.117281063026576,71.75,90.36749267578128,1169.5,902.2093139648435,919.9630126953124,937.7167114257812,1.0,1.242059563232214,3.104974788159283,1.0,3.104974788159283,1.0748472695179827,1.0,3.104974788159283,1.3155033471840727,1.0,3.104974788159283,0.0,0.0,1.0,0.021851294,0.021851294,0.947987318,0.947987318,-3.104974788159283,-1
2024-03-07,1133.0,1162.050048828125,1090.300048828125,1159.760009765625,1159.760009765625,8824300.0,3.117281063026576,7.0454855119648725,7.853140552546576,11.019066444724626,8.377755984940269,1071.02197265625,962.5229858398436,783.0933258056641,552.7806630452474,439.1542979431152,1076.036918298914,998.087520925608,806.2019682488744,641.2209615578546,527.1803282986673,973.9176648365356,837.8636585811751,136.0540062553605,118.28344229719907,-1.702938524668674,-1.702938524668674,-1.702938524668674,-1.702938524668674,1.702938524668674,-1.702938524668674,-1.702938524668674,-1.702938524668674,-1.702938524668674,137.0,94.795492553711,1162.050048828125,970.6915161132812,988.7650146484374,1006.8385131835936,0.0,1.2291293440019786,3.117281063026576,1.0,3.117281063026576,1.0780987596168092,1.0,3.117281063026576,1.315276604443044,1.0,3.117281063026576,0.0,0.0,2.0,0.008355138,0.0049928365,0.995960534,0.990834296,-3.117281063026576,-1
2024-03-08,1212.0,1229.0,1092.0,1140.010009765625,1140.010009765625,11672100.0,-1.702938524668674,7.911078651845989,6.382512838489735,11.07224303603202,8.354133124854927,1117.927978515625,990.5229858398436,805.2409932454427,567.4098297119141,447.7023979187012,1097.3612821211511,1023.8916098056112,827.7379709273746,657.5747008433553,539.3155695158348,999.4703332871647,860.2448697800231,139.22546350714163,122.4718465391876,-5.244694217622901,-5.244694217622901,-5.244694217622901,-5.244694217622901,5.244694217622901,-5.244694217622901,-5.244694217622901,-5.244694217622901,-5.244694217622901,86.0,97.28199462890628,1229.0,953.4999652099608,972.459063720703,991.4181622314452,0.0,1.2300950822779657,-1.702938524668674,1.0,-1.702938524668674,1.0717553221570868,1.0,-1.702938524668674,1.3253610961848652,1.0,-1.702938524668674,0.0,1.0,3.0,0.027050044,0.00830615325,0.995215416,0.71050316325,1.702938524668674,-1
2024-03-11,1100.25,1111.0,1025.0,1080.219970703125,1080.219970703125,7115500.0,-5.244694217622901,3.605203372087552,6.901560191295589,11.19761264350548,8.4161141453352,1119.1039794921876,1010.9109802246094,825.443325805664,580.9906626383464,455.5876976013184,1091.6475116484758,1034.1331299687954,844.0271322032295,671.4319228059708,550.0265477571672,1011.8933544280816,876.5393217002529,135.35403272782878,125.04828377691584,7.663256701595021,7.663256701595021,7.663256701595021,7.663256701595021,-7.663256701595021,7.663256701595021,7.663256701595021,7.663256701595021,7.663256701595021,72.31994628906205,97.65149230957032,1111.0,1014.979611816406,1034.4360107421874,1053.8924096679686,1.0,1.2246885384140964,-5.244694217622901,1.0,-5.244694217622901,1.0556160324168473,1.0,-5.244694217622901,1.3304967649128168,1.0,-5.244694217622901,1.0,1.0,7.0,0.957574368,0.1336607954444444,0.996307611,0.716920277,5.244694217622901,1
2024-03-12,1124.2900390625,1166.319946289062,1094.0,1163.0,1163.0,6747300.0,7.663256701595021,4.971513721638478,6.825035580595432,11.250683618584794,8.440567261540483,1133.53798828125,1042.0999816894532,847.6876586914062,595.818662516276,464.2322975158692,1115.431674432317,1057.563469974469,864.6060268997953,687.5489089434799,562.1646359203917,1035.1405306699153,897.7586312039379,137.38189946597743,127.51500691472818,2.155627367933108,2.155627367933108,2.155627367933108,2.155627367933108,-2.155627367933108,2.155627367933108,2.155627367933108,2.155627367933108,2.155627367933108,75.66003417968795,98.70999450683598,1166.319946289062,896.1667169189452,915.6970153808592,935.2273138427734,1.0,1.2293442885533634,7.663256701595021,1.0,7.663256701595021,1.0547184222042438,1.0,7.663256701595021,1.332929798432936,1.0,7.663256701595021,0.0,1.0,1.0,0.019385172,0.0105482055,0.997069597,0.5095633695,7.663256701595021,1
2024-03-13,1148.72998046875,1198.0,1122.339965820312,1188.069946289062,1188.069946289062,5876000.0,2.155627367933108,4.90723921536206,6.3389264069148,11.251072933501645,8.415789650555803,1146.2119873046877,1079.252978515625,870.1909912109375,610.713161722819,473.2626969909668,1139.644431717899,1081.2919202134858,885.4746668603932,703.9594347580892,574.5588004821475,1058.6681330728609,919.2631730620952,139.40496001076565,129.89299753393567,-4.878497357713493,-4.878497357713493,-4.878497357713493,-4.878497357713493,4.878497357713493,-4.878497357713493,-4.878497357713493,-4.878497357713493,-4.878497357713493,85.07995605468705,99.7064910888672,1198.0,949.1579583740228,968.89995727539,988.6419561767572,0.0,1.2402483930726078,2.155627367933108,1.0,2.155627367933108,1.053965548445874,1.0,2.155627367933108,1.3369004455521998,1.0,2.155627367933108,0.0,0.0,0.0,0.0,0.0,0.0,0.0,2.155627367933108,1
2024-03-14,1175.0,1195.630004882812,1110.550048828125,1130.109985351562,1130.109985351562,6244500.0,-4.878497357713493,5.4030773366419504,6.863332002685648,11.177733877457264,8.471672228898635,1140.281982421875,1105.6519775390625,890.2076578776042,624.5464950561524,481.9132969665527,1136.46628292912,1090.1679320567723,901.257590634017,717.9315839578751,585.5598140439181,1069.6591872695842,934.8814554539076,134.7777318156766,130.86994439028385,-5.422483660102402,-5.422483660102402,-5.422483660102402,-5.422483660102402,5.422483660102402,-5.422483660102402,-5.422483660102402,-5.422483660102402,-5.422483660102402,69.33996582031295,98.74149169921876,1195.630004882812,978.645719604492,998.5870178222656,1018.528316040039,0.0,1.2420158013188873,-4.878497357713493,1.0,-4.878497357713493,1.0424690082242638,1.0,-4.878497357713493,1.319424734036297,1.0,-4.878497357713493,0.0,0.0,0.0,0.0,0.0,0.0,0.0,-4.878497357713493,1
2024-03-15,1123.449951171875,1135.599975585938,1066.260009765625,1068.829956054688,1068.829956054688,16927600.0,-5.422483660102402,5.86350765672722,7.306466395289877,10.902472627053758,8.509506130538108,1126.0459716796877,1121.9869750976563,906.385323079427,636.9904942830403,490.11579650878906,1113.9208406376429,1086.2883000563934,912.0687109837378,729.436448616787,595.1295198263097,1069.5316132365233,944.8035666095208,124.7280466270024,129.64156483762758,-6.376127745377297,-6.376127745377297,-6.376127745377297,-6.376127745377297,6.376127745377297,-6.376127745377297,-6.376127745377297,-6.376127745377297,6.376127745377297,195.73004150390625,94.6919952392578,1135.599975585938,978.3987231445308,998.1470214843744,1017.8953198242184,0.0,1.2378697520009776,-5.422483660102402,1.0,-5.422483660102402,1.025437575439057,1.0,-5.422483660102402,1.2812109727411791,1.0,-5.422483660102402,0.0,1.0,3.0,0.014349214,0.00489541925,0.997707248,0.73502082775,-5.422483660102402,1
2024-03-18,1107.0,1147.7900390625,952.0599975585938,1000.679992675781,1000.679992675781,11530700.0,-6.376127745377297,6.079129336772434,4.780662986699995,9.913682343018747,8.566440884312147,1110.1379760742188,1114.6209777832032,920.420322672526,648.4028274536133,497.5736964416504,1076.1738913170225,1070.7231532599185,917.7855678670954,738.3296795695408,603.1602222589725,1058.9390562271783,948.9425611329476,109.9964950942308,125.71255088894824,8.964906126760342,-8.964906126760342,-8.964906126760342,-8.964906126760342,8.964906126760342,-8.964906126760342,-8.964906126760342,-8.964906126760342,8.964906126760342,62.0,92.3169952392578,1147.7900390625,927.2775860595708,946.2159851074224,965.154384155274,0.0,1.21099127249472,6.376127745377297,1.0,-6.376127745377297,1.005090707192152,1.0,-6.376127745377297,1.1572696849135822,1.0,-6.376127745377297,2.0,5.0,9.0,0.766488373,0.0975568753125,0.997092009,0.6414561975624999,-6.376127745377297,1
2024-03-19,888.6099853515625,925.0,863.0,910.969970703125,910.969970703125,10484400.0,-8.964906126760342,4.139814669244544,5.374628266138038,10.163797841996354,8.646749108713669,1059.7319702148436,1096.6349792480469,928.6743225097656,658.5509938557942,504.05719619750977,1021.1059177790564,1041.6771200677742,917.3458519210328,743.9900169837565,609.2554648024211,1036.17458153117,946.1297766566644,90.04480487450587,118.57900168605975,1.5917099867527231,-1.5917099867527231,-1.5917099867527231,-1.5917099867527231,1.5917099867527231,1.5917099867527231,-1.5917099867527231,-1.5917099867527231,1.5917099867527231,50.5,91.62099609375,925.0,944.6926495361328,963.1560485839844,981.619447631836,0.0,1.180860666292962,8.964906126760342,1.0,-8.964906126760342,0.9802518439808111,-1.0,-8.964906126760342,1.1754472940302958,1.0,-8.964906126760342,1.0,1.0,2.0,0.77549845,0.2050359562499999,0.913711071,0.46883051925,-8.964906126760342,1
2024-03-20,900.0,905.5,855.0,896.469970703125,896.469970703125,7645700.0,-1.5917099867527231,2.665801893905136,5.11122754997501,10.015234584111187,8.658498845054089,1001.4119750976564,1073.811981201172,935.8369873046876,668.4224934895833,510.48199584960935,979.5606020870794,1015.2758201832924,915.9990208747164,748.9893597286538,614.9428807608509,1014.6815644807016,942.4512725119577,72.23029196874404,109.30925974259662,-8.381765937960333,8.381765937960333,8.381765937960333,8.381765937960333,-8.381765937960333,-8.381765937960333,8.381765937960333,8.381765937960333,-8.381765937960333,88.280029296875,87.55799865722655,905.5,723.43380859375,741.7580078125,760.0822070312499,1.0,1.147434858600607,1.5917099867527231,1.0,-1.5917099867527231,0.9648221523784885,-1.0,1.5917099867527231,1.1566941063729648,1.0,-1.5917099867527231,0.0,0.0,0.0,0.0,0.0,0.0,0.0,-1.5917099867527231,1
2024-03-21,938.0,994.4400024414062,906.1599731445312,971.6099853515624,971.6099853515624,8563000.0,8.381765937960333,6.785349864606013,5.918482363876049,7.017028992813998,8.64689340762103,969.7119750976562,1054.9969787597656,945.4373209635417,679.787326558431,517.8034956359863,976.910396508574,1007.3365774866144,919.5868250345128,756.2883966343229,622.0055957032413,1008.0551676916034,944.6111771667432,63.44399052486028,100.13620589904936,-0.1163023126407685,0.1163023126407685,0.1163023126407685,0.1163023126407685,-0.1163023126407685,-0.1163023126407685,0.1163023126407685,0.1163023126407685,-0.1163023126407685,38.26995849609375,80.92249755859373,994.4400024414062,712.8724029541015,730.3840026855469,747.8956024169922,1.0,1.115882518456714,-8.381765937960333,1.0,8.381765937960333,0.9697954172835099,-1.0,-8.381765937960333,0.8115086727713638,-1.0,8.381765937960333,0.0,0.0,0.0,0.0,0.0,0.0,0.0,8.381765937960333,1
2024-03-22,954.5399780273438,985.469970703125,947.2000122070312,972.739990234375,972.739990234375,5055200.0,0.1163023126407685,6.700687716797943,5.9428109275877725,6.420450040821712,8.651253278870412,950.4939819335938,1038.269976806641,954.5953206380208,691.0941599527995,525.1168955993652,975.520261083841,1001.046288895298,923.0160614990202,763.3851701949803,628.9508312385112,1002.6220634674144,946.6947929495308,55.9272705178837,91.29441882281624,-7.201312738386228,7.201312738386228,7.201312738386228,7.201312738386228,-7.201312738386228,-7.201312738386228,7.201312738386228,7.201312738386228,-7.201312738386228,105.739990234375,82.91249694824218,985.469970703125,816.4105078125,832.5950073242188,848.7795068359376,1.0,1.0876545844711398,-0.1163023126407685,1.0,0.1163023126407685,0.9745006518733254,-1.0,-0.1163023126407685,0.7421410325025215,-1.0,-0.1163023126407685,0.0,0.0,0.0,0.0,0.0,0.0,0.0,0.1163023126407685,1
2024-03-25,972.75,1072.739990234375,967.0,1042.7900390625,1042.7900390625,7017200.0,7.201312738386228,7.0664684965934805,6.341797301239527,6.575567072118536,8.669084106231995,958.9159912109376,1034.5269836425782,964.6786560058594,703.5573272705078,533.1785960388183,997.9435204100608,1008.636061652971,930.7434148902124,772.5459855676859,637.145667037006,1008.8017520205044,953.8129593282692,54.98879269223539,84.03329359670008,1.7002445175531016,-1.7002445175531016,-1.7002445175531016,-1.7002445175531016,1.7002445175531016,1.7002445175531016,-1.7002445175531016,-1.7002445175531016,1.7002445175531016,84.0,84.36249694824218,1072.739990234375,803.0624774169921,819.6449768066407,836.2274761962891,0.0,1.072405797725346,-7.201312738386228,1.0,7.201312738386228,0.9893990095640771,-1.0,-7.201312738386228,0.7585077029523245,-1.0,-7.201312738386228,0.0,0.0,0.0,0.0,0.0,0.0,0.0,7.201312738386228,1
2024-03-26,1087.0,1106.109985351562,1022.109985351562,1025.06005859375,1025.06005859375,6356300.0,-1.7002445175531016,4.918382796447526,5.716941759242187,6.543503774434645,8.672885250657991,981.7340087890624,1020.7329895019532,973.0803243001302,715.7841613769531,541.0344966125489,1006.9823664712906,1011.6222429149308,936.8283596452796,780.8251355029666,644.8271401371395,1011.30302995485,959.0905222368232,52.2125077180267,77.66913642096542,0.1726806689584944,-0.1726806689584944,-0.1726806689584944,-0.1726806689584944,0.1726806689584944,0.1726806689584944,-0.1726806689584944,-0.1726806689584944,0.1726806689584944,61.47003173828125,85.71099853515624,1106.109985351562,887.1424969482422,904.0149963378906,920.8874957275392,0.0,1.0489709472196926,1.7002445175531016,1.0,-1.7002445175531016,0.9954134297894927,-1.0,1.7002445175531016,0.7544783062750893,-1.0,1.7002445175531016,0.0,0.0,0.0,0.0,0.0,0.0,0.0,-1.7002445175531016,1
2024-03-27,1042.119995117188,1047.81005859375,986.3400268554688,1023.289978027344,1023.289978027344,5257800.0,-0.1726806689584944,4.658672172520292,5.615778845112914,6.438040425696437,8.655844815879222,1007.0980102539064,1004.2549926757812,980.8069905598958,728.1013275146485,548.7446963500977,1012.4182369899752,1013.7436492990056,942.4065285731548,788.7748024709789,652.3214537587277,1013.1471758121568,963.8460374805657,49.30113833159123,71.99553680309059,-1.2958153617443764,-1.2958153617443764,-1.2958153617443764,-1.2958153617443764,1.2958153617443764,1.2958153617443764,-1.2958153617443764,-1.2958153617443764,1.2958153617443764,35.97998046875,84.93399658203124,1047.81005859375,917.5457885742182,934.6879882812495,951.8301879882808,0.0,1.023906846445395,0.1726806689584944,1.0,-0.1726806689584944,0.9986925567327135,-1.0,0.1726806689584944,0.7437795573559494,-1.0,0.1726806689584944,0.0,0.0,0.0,0.0,0.0,0.0,0.0,-0.1726806689584944,1
2024-03-28,1008.619995117188,1033.0,997.02001953125,1010.030029296875,1010.030029296875,3463100.0,-1.2958153617443764,3.641070822596516,5.477584469600958,6.362428908377739,8.665643360396098,1014.7820190429688,992.2469970703124,985.1229919433594,740.1776611328125,556.3859967041016,1011.6221677589416,1013.0684456622546,946.7693350714592,796.0290722029755,659.404791888196,1012.6676148098056,967.2670739114031,45.40054089840237,66.67653762215295,2.685068199018442,2.685068199018442,2.685068199018442,2.685068199018442,-2.685068199018442,-2.685068199018442,2.685068199018442,2.685068199018442,-2.685068199018442,64.0,85.83399658203123,1033.0,860.9552661132813,877.9420654296875,894.9288647460937,1.0,1.0072315895428443,1.2958153617443764,1.0,-1.2958153617443764,0.9985723788856462,-1.0,1.2958153617443764,0.7342131038366341,-1.0,1.2958153617443764,0.0,1.0,3.0,0.026782036,0.01071160025,0.997523248,0.63902174675,-1.2958153617443764,1
2024-04-01,1010.0,1069.0,1005.0,1037.150024414062,1037.150024414062,5185200.0,2.685068199018442,3.6960433369507983,5.345809126110766,6.320682067759485,8.648497559518576,1027.6640258789062,989.07900390625,986.2279927571616,752.7861612955729,564.2074969482422,1020.1314533106486,1017.4469145262196,952.6003472871112,803.9346771935029,666.8848955025696,1016.4341393643066,972.443588763452,43.99055060085448,62.139340217893256,-2.6264330741273705,-2.6264330741273705,-2.6264330741273705,-2.6264330741273705,2.6264330741273705,-2.6264330741273705,-2.6264330741273705,-2.6264330741273705,2.6264330741273705,37.509948730469205,80.97649536132815,1069.0,844.1652075195312,861.3320068359376,878.4988061523438,0.0,1.0028908235925427,-2.685068199018442,1.0,2.685068199018442,1.0026385050129902,1.0,-2.685068199018442,0.7308416316546118,-1.0,-2.685068199018442,1.0,4.0,5.0,0.772605538,0.1086251611999999,0.996720493,0.5638513432,2.685068199018442,1
2024-04-02,1000.0,1012.599975585938,975.0900268554688,1009.909973144531,1009.909973144531,4230100.0,-2.6264330741273705,2.047741332663599,4.981341554377743,4.769872249910765,8.673986692219865,1021.0880126953124,990.002001953125,993.114324951172,764.8046610514323,571.7806967163086,1016.724293255276,1016.0765615477306,956.297742503719,810.6879655853398,673.67747129746,1015.4304214843412,975.2188764953838,40.21154498895737,57.75378117210608,0.5604493796674223,-0.5604493796674223,0.5604493796674223,0.5604493796674223,-0.5604493796674223,0.5604493796674223,0.5604493796674223,0.5604493796674223,-0.5604493796674223,76.61993408203125,78.73749084472658,1012.599975585938,890.851710205078,907.0470092773436,923.2423083496092,1.0,0.9968660979709462,2.6264330741273705,-1.0,-2.6264330741273705,1.0006374831701252,1.0,-2.6264330741273705,0.5499054147949182,-1.0,2.6264330741273705,0.0,0.0,1.0,0.024012242,0.024012242,0.895991862,0.895991862,-2.6264330741273705,1
2024-04-03,975.0,1042.449951171875,965.8300170898438,1015.570007324219,1015.570007324219,6182400.0,0.5604493796674223,1.9991561663884068,3.805300896914532,4.756166778466666,8.675823541763958,1019.1900024414062,1000.4620056152344,1000.714324951172,776.8619944254557,579.3925967407226,1016.339531278257,1015.9844607798194,960.1217595889124,817.4054095767784,680.4476205257125,1015.4518962289378,978.2078491493716,37.244047079566144,53.6518343535981,-5.669724063784965,5.669724063784965,-5.669724063784965,-5.669724063784965,5.669724063784965,-5.669724063784965,-5.669724063784965,-5.669724063784965,5.669724063784965,101.0200805664067,79.91349487304691,1042.449951171875,839.3774957275394,855.1249938964847,870.8724920654302,0.0,0.9997478607734032,-0.5604493796674223,-1.0,-0.5604493796674223,1.0003494841822336,1.0,0.5604493796674223,0.548209257089114,-1.0,-0.5604493796674223,0.0,0.0,2.0,0.032166168,0.017440227,0.994921148,0.974564433,0.5604493796674223,1
2024-04-04,1030.699951171875,1057.180053710938,956.1599731445312,957.989990234375,957.989990234375,5816600.0,-5.669724063784965,3.169828695364778,4.316618972471476,4.834511102977372,8.68561125743389,1006.1300048828124,1006.6140075683594,1008.1749918619792,787.4904942830403,586.3697967529297,996.8896842636298,1005.4400115897386,959.9842260821682,822.0147400901421,685.9435090347949,1006.6116029990052,976.710229970483,29.901373028522016,48.901742088582886,1.0407176280292676,1.0407176280292676,-1.0407176280292676,-1.0407176280292676,1.0407176280292676,1.0407176280292676,-1.0407176280292676,-1.0407176280292676,1.0407176280292676,49.969970703125,78.82449340820317,1057.180053710938,866.6402624511718,882.6229614257811,898.6056604003905,0.0,0.9984516732648399,5.669724063784965,-1.0,5.669724063784965,0.9914959348866677,-1.0,-5.669724063784965,0.5566114991434349,-1.0,5.669724063784965,0.0,0.0,0.0,0.0,0.0,0.0,0.0,-5.669724063784965,1
2024-04-05,968.0,981.989990234375,932.02001953125,948.02001953125,948.02001953125,5336200.0,-1.0407176280292676,3.1713476274931858,3.3951862090126,4.750928407460662,8.668835529110977,993.7280029296876,1004.255010986328,1007.2583251953124,797.5619944254557,593.2011968994141,980.5997960195032,995.0000130336496,959.2123417885608,826.1460607275554,691.1331429060119,997.5975132347352,974.5850291972064,23.01248403752857,43.72389047837203,2.059030308336917,2.059030308336917,-2.059030308336917,-2.059030308336917,2.059030308336917,2.059030308336917,-2.059030308336917,-2.059030308336917,2.059030308336917,62.0,75.07449340820317,981.989990234375,883.766168212891,899.5310668945316,915.2959655761722,0.0,0.9970183277379197,1.0407176280292676,-1.0,1.0407176280292676,0.9855274202758635,-1.0,1.0407176280292676,0.5480468964379911,-1.0,1.0407176280292676,0.0,0.0,4.0,0.384261519,0.09732733425,0.997811258,0.8941312432499999,-1.0407176280292676,1
2024-04-08,962.5,964.0,902.0,928.5,928.5,4316700.0,-2.059030308336917,2.302135102978696,3.442437246043223,4.7547767116055,8.679436031658595,971.997998046875,999.8310119628908,1009.5413248697917,807.3306610107422,599.825896911621,963.2331973463356,982.909101572986,957.2309003828472,829.5019275889471,695.8334767098532,986.9671265832374,971.1713233307466,15.795803252490714,38.138273033195766,2.617123079479672,2.617123079479672,-2.617123079479672,-2.617123079479672,2.617123079479672,2.617123079479672,-2.617123079479672,-2.617123079479672,2.617123079479672,56.239990234375,73.58649291992192,964.0,816.826104736328,831.8410034179686,846.8559020996092,0.0,0.9903814607013207,2.059030308336917,-1.0,2.059030308336917,0.9799819696499277,-1.0,2.059030308336917,0.5478209291781471,-1.0,2.059030308336917,1.0,2.0,7.0,0.99031949,0.1224696116,0.993879914,0.6999013502,-2.059030308336917,1
