Date_SWKS_L01d,Open_SWKS_L01d,High_SWKS_L01d,Low_SWKS_L01d,Close_SWKS_L01d,Adj Close_SWKS_L01d,Volume_SWKS_L01d,Daily_Return_SWKS_L01d,Vol5_SWKS_L01d,Vol10_SWKS_L01d,Vol20_SWKS_L01d,Vol60_SWKS_L01d,SMA5_SWKS_L01d,SMA10_SWKS_L01d,SMA30_SWKS_L01d,SMA60_SWKS_L01d,SMA100_SWKS_L01d,EMA5_SWKS_L01d,EMA10_SWKS_L01d,EMA30_SWKS_L01d,EMA60_SWKS_L01d,EMA100_SWKS_L01d,Short12_SWKS_L01d,Long26_SWKS_L01d,MACD_SWKS_L01d,SIGNAL9_SWKS_L01d,Ret5/10_SWKS_L01d,Ret10/30_SWKS_L01d,Ret30/60_SWKS_L01d,Ret30/100_SWKS_L01d,Emaret5/10_SWKS_L01d,Emaret10/30_SWKS_L01d,Emaret30/60_SWKS_L01d,Emaret30/100_SWKS_L01d,RetMACD_SWKS_L01d,DayRange_SWKS_L01d,average20r_SWKS_L01d,PRVHI_SWKS_L01d,HitLevel_SWKS_L01d,hitlevel_2_SWKS_L01d,hitlevel_1.8_SWKS_L01d,positive_return_dummy,sma_ratio_L01d,RetMACD_L01d,R_sma_ratio_L01d,ret_sma_ratio_L01d,ema_ratio_L01d,R_ema_ratio_L01d,ret_ema_ratio_L01d,volatility_ratio_L01d,R_vol_ratio_L01d,ret_vol_ratio_L01d,negative_L01d,neutral_L01d,positive_L01d,negative_max_L01d,negative_avg_L01d,positive_max_L01d,positive_avg_L01d,ret_best,best
2024-01-03,107.2600021362305,107.5,104.9700012207031,105.2099990844727,105.2099990844727,2713000.0,-3.574375862948076,1.534766544166272,1.8877954826372456,1.9410008757912875,1.7088446946334157,111.01399993896489,111.57799987792968,104.59366658528646,98.17666664123536,99.55849990844726,109.57815451678712,110.24703657826704,105.80901733049954,102.3905693537036,101.71426986776508,109.99891324650116,106.67584138278332,3.3230718637178285,4.235201310945492,1.89145317088335,-1.89145317088335,-1.89145317088335,1.89145317088335,1.89145317088335,1.89145317088335,-1.89145317088335,-1.89145317088335,1.89145317088335,1.9800033569335935,2.1695014953613296,107.5,106.26379776000972,106.69799804687496,107.1321983337402,0.0,1.0667758720070124,3.574375862948076,1.0,-3.574375862948076,1.0419436770110542,1.0,-3.574375862948076,0.9725886815314538,-1.0,3.574375862948076,0.0,0.0,0.0,0.0,0.0,0.0,0.0,,-1
2024-01-04,103.0,104.2300033569336,102.25,103.2200012207031,103.2200012207031,1989600.0,-1.89145317088335,1.2564346564472904,1.9059159217721595,2.003267300603883,1.7284174494312845,108.7759994506836,110.73899993896484,104.87633336385092,98.25999997456869,99.5182999420166,107.45877008475912,108.96939378598267,105.64198403309332,102.4177638411462,101.7440863301995,108.95600370407068,106.41985322262924,2.536150481441439,3.895391145044681,-0.048435789354827,0.048435789354827,0.048435789354827,-0.048435789354827,-0.048435789354827,-0.048435789354827,0.048435789354827,0.048435789354827,-0.048435789354827,2.010002136230497,2.141501235961916,104.2300033569336,102.72709671020507,103.16099700927734,103.5948973083496,1.0,1.055900758417768,1.89145317088335,1.0,-1.89145317088335,1.0314970395846315,1.0,-1.89145317088335,0.9514036999443974,-1.0,1.89145317088335,0.0,0.0,0.0,0.0,0.0,0.0,0.0,1.89145317088335,1
2024-01-05,103.7200012207031,104.7300033569336,102.7200012207031,103.2699966430664,103.2699966430664,1432500.0,0.048435789354827,1.416373656878294,1.8815322541762032,1.9882613310298036,1.7284278724003277,106.64599914550782,110.10899963378908,105.19599990844726,98.3428332010905,99.46269989013672,106.06251227086156,107.93313975999791,105.48895258857546,102.44570590022556,101.77430237599884,108.08123338699308,106.186530513032,1.8947028739610945,3.495253490827964,-2.711342251162736,2.711342251162736,2.711342251162736,-2.711342251162736,-2.711342251162736,-2.711342251162736,2.711342251162736,2.711342251162736,-2.711342251162736,2.6199951171875,2.1470008850097657,104.7300033569336,99.51870063781736,99.94700088500976,100.37530113220214,1.0,1.0467032941330243,-0.048435789354827,1.0,0.048435789354827,1.0231700771639585,1.0,0.048435789354827,0.9463203980342357,-1.0,-0.048435789354827,0.0,0.0,0.0,0.0,0.0,0.0,0.0,0.048435789354827,1
2024-01-08,103.6399993896484,106.1999969482422,103.5800018310547,106.0699996948242,106.0699996948242,1922000.0,2.711342251162736,2.549075330079416,1.9409669905792435,2.02996971037392,1.7595113050071542,105.3759994506836,109.49799957275393,105.58933334350586,98.4793332417806,99.46839988708496,106.0650080788491,107.59438702087542,105.52643949865605,102.56453520496648,101.8593656892429,107.7718128189671,106.17789860057216,1.5939142183949428,3.11498563634136,1.4047307137328189,-1.4047307137328189,-1.4047307137328189,1.4047307137328189,1.4047307137328189,1.4047307137328189,-1.4047307137328189,-1.4047307137328189,1.4047307137328189,1.7600021362303977,2.10550117492675,106.1999969482422,100.00660140991212,100.43600158691406,100.865401763916,0.0,1.0370176238970303,-2.711342251162736,1.0,2.711342251162736,1.0195964872125314,1.0,2.711342251162736,0.956155641466058,-1.0,-2.711342251162736,0.0,0.0,0.0,0.0,0.0,0.0,0.0,2.711342251162736,1
2024-01-09,104.9300003051758,105.9400024414062,104.1800003051758,104.5800018310547,104.5800018310547,1359900.0,-1.4047307137328189,2.361199052674695,1.9142108065287848,2.0373210511957627,1.7652944131203951,104.46999969482422,108.67200012207032,105.91200002034503,98.60649998982748,99.47869987487792,105.57000599625096,107.04631698636254,105.46537900397207,102.630616077953,101.91323967224908,107.28076497467288,106.0595358769042,1.2212290977686848,2.7362343286268254,0.2390514396852528,-0.2390514396852528,-0.2390514396852528,0.2390514396852528,0.2390514396852528,0.2390514396852528,-0.2390514396852528,-0.2390514396852528,0.2390514396852528,2.150001525878892,2.0675010681152246,105.9400024414062,101.56789436340335,101.9889945983887,102.41009483337405,0.0,1.0260593709985186,1.4047307137328189,1.0,-1.4047307137328189,1.0149901133179535,1.0,-1.4047307137328189,0.9395724868229675,-1.0,1.4047307137328189,0.0,0.0,1.0,0.005996221,0.005996221,0.682275772,0.682275772,-1.4047307137328189,1
2024-01-10,104.2900009155273,104.5500030517578,102.4000015258789,104.3300018310547,104.3300018310547,1078000.0,-0.2390514396852528,1.791749500865044,1.7639102013338062,1.9323817098439329,1.7337282901592137,104.29400024414062,107.65400009155276,106.23633346557617,98.76866671244304,99.48359992980956,105.15667127451889,106.5524415035793,105.39212886378388,102.68633364362846,101.96109634866106,106.82680141411625,105.93142224387832,0.8953791702379306,2.3680632969490465,1.1885416192861669,-1.1885416192861669,-1.1885416192861669,1.1885416192861669,1.1885416192861669,1.1885416192861669,-1.1885416192861669,-1.1885416192861669,1.1885416192861669,2.5400009155274006,2.14150123596191,104.5500030517578,101.3915000915527,101.80500030517574,102.2185005187988,0.0,1.0133444611624889,0.2390514396852528,1.0,-0.2390514396852528,1.011009480995446,1.0,-0.2390514396852528,0.912816651258962,-1.0,0.2390514396852528,0.0,0.0,0.0,0.0,0.0,0.0,0.0,-0.2390514396852528,1
2024-01-11,103.9899978637695,104.5800018310547,102.0400009155273,103.0899963378906,103.0899963378906,1851100.0,-1.1885416192861669,1.642841699744244,1.7408844876264236,1.947624806401188,1.736073895568701,104.26799926757812,106.52199935913086,106.51333338419596,98.88950004577636,99.46749992370606,104.46777962897612,105.92290601890863,105.243604184694,102.69956848606328,101.98345080389332,106.25190832546616,105.7209462508422,0.5309620746239574,2.000643052484029,0.5917091886953542,-0.5917091886953542,-0.5917091886953542,0.5917091886953542,0.5917091886953542,0.5917091886953542,-0.5917091886953542,-0.5917091886953542,0.5917091886953542,1.860000610351605,2.06400146484375,104.5800018310547,99.8387003326416,100.26700057983398,100.69530082702636,0.0,1.0000813604706524,1.1885416192861669,1.0,-1.1885416192861669,1.0064545664268825,1.0,-1.1885416192861669,0.8938500279441509,-1.0,1.1885416192861669,0.0,0.0,0.0,0.0,0.0,0.0,0.0,-1.1885416192861669,1
2024-01-12,103.2900009155273,103.8300018310547,101.9700012207031,102.4800033569336,102.4800033569336,999900.0,-0.5917091886953542,1.661547178605714,1.7354424560962791,1.871623088688495,1.7381340103067835,104.11000061035156,105.37799987792968,106.72933349609374,99.00316670735675,99.42189994812011,103.80518753829529,105.29692371673136,105.06530735709656,102.69236962937048,101.9932835277159,105.6716152533842,105.48087640684896,0.1907388465352539,1.638662211294274,0.1756443201400588,0.1756443201400588,-0.1756443201400588,0.1756443201400588,0.1756443201400588,0.1756443201400588,-0.1756443201400588,-0.1756443201400588,0.1756443201400588,2.7600021362305114,2.00650138854981,103.8300018310547,100.03919860839844,100.4519989013672,100.86479919433596,0.0,0.9873386858710823,0.5917091886953542,-1.0,-0.5917091886953542,1.002204498948902,1.0,-0.5917091886953542,0.9272392858288354,-1.0,0.5917091886953542,0.0,0.0,0.0,0.0,0.0,0.0,0.0,-0.5917091886953542,1
2024-01-16,102.0,102.8600006103516,100.0999984741211,102.3000030517578,102.3000030517578,1724300.0,-0.1756443201400588,0.5550856993818001,1.7525902300267773,1.5663829105953273,1.7253646888147685,103.35600128173829,104.36600036621094,106.90833358764648,99.137833404541,99.39220001220704,103.30345937611612,104.75202905037251,104.88690062771988,102.67950515141598,101.99935718165732,105.1529056839032,105.24525615832368,-0.0923504744204706,1.2924596741513252,2.033237310855546,2.033237310855546,-2.033237310855546,2.033237310855546,2.033237310855546,2.033237310855546,2.033237310855546,-2.033237310855546,2.033237310855546,2.9000015258789062,2.0555011749267607,102.8600006103516,99.41569877624512,99.81699905395509,100.21829933166504,0.0,0.9762195037924591,0.1756443201400588,-1.0,0.1756443201400588,0.9987141237224076,-1.0,-0.1756443201400588,1.1188772669644864,1.0,0.1756443201400588,0.0,0.0,0.0,0.0,0.0,0.0,0.0,-0.1756443201400588,1
2024-01-17,101.1600036621094,101.6500015258789,98.75,100.2200012207031,100.2200012207031,1685100.0,-2.033237310855546,0.7760949752887787,1.657029331030936,1.6030608838527105,1.7451591484083806,102.48400115966795,103.4770004272461,106.97600021362304,99.24850006103516,99.32209999084472,102.27563999097843,103.92802399043264,104.58581034339622,102.59886567827785,101.96412241015328,104.39399730494937,104.87301505183326,-0.4790177468839118,0.938164189944278,-3.5022970399898714,-3.5022970399898714,3.5022970399898714,-3.5022970399898714,-3.5022970399898714,-3.5022970399898714,-3.5022970399898714,3.5022970399898714,-3.5022970399898714,2.8199996948242045,2.1140010833740264,101.6500015258789,98.33789802551271,98.74899826049808,99.16009849548344,1.0,0.9672917310481818,2.033237310855546,-1.0,2.033237310855546,0.9937105583367015,-1.0,2.033237310855546,1.0336658749033416,1.0,-2.033237310855546,1.0,0.0,0.0,0.975340366,0.975340366,0.020939173,0.020939173,-2.033237310855546,1
2024-01-18,102.5,103.9899978637695,101.1699981689453,103.7300033569336,103.7300033569336,2694700.0,3.5022970399898714,2.1299259757908757,1.855805725106236,1.8344023870354729,1.785276075290883,102.36400146484372,103.3290008544922,107.13566691080727,99.44083340962727,99.31709999084472,102.76042777963018,103.89202023888735,104.53059698943088,102.63595215954524,101.99909034969346,104.29184438987,104.78834751887771,-0.4965031290077348,0.6512307261538753,-2.2269328871464853,-2.2269328871464853,2.2269328871464853,2.2269328871464853,-2.2269328871464853,-2.2269328871464853,-2.2269328871464853,2.2269328871464853,-2.2269328871464853,2.7799987792969034,2.213000869750981,103.9899978637695,96.99919914245604,97.42199935913084,97.84479957580564,1.0,0.9644687323458376,-3.5022970399898714,-1.0,-3.5022970399898714,0.9938910063757879,-1.0,-3.5022970399898714,1.0116677443411708,1.0,3.5022970399898714,0.0,0.0,0.0,0.0,0.0,0.0,0.0,3.5022970399898714,-1
2024-01-19,104.8399963378906,106.7099990844727,103.9300003051758,106.0400009155273,106.0400009155273,2488800.0,2.2269328871464853,2.2374625074670944,1.877391225880616,1.9180768351156996,1.7824939762346823,102.9540023803711,103.6110008239746,107.36900024414062,99.70050010681152,99.32360000610352,103.8536188249292,104.2825621800946,104.62797788788872,102.74756031547906,102.07910838070008,104.5607915476634,104.88106258529622,-0.320271037632807,0.4569303733965388,-2.404748585766848,-2.404748585766848,2.404748585766848,2.404748585766848,-2.404748585766848,-2.404748585766848,-2.404748585766848,2.404748585766848,-2.404748585766848,1.8000030517577983,2.1780010223388717,106.7099990844727,99.12139595031736,99.56399612426752,100.00659629821772,1.0,0.9649992138175739,-2.2269328871464853,-1.0,-2.2269328871464853,0.9966986296135414,-1.0,-2.2269328871464853,0.9787883318904534,-1.0,2.2269328871464853,0.0,0.0,0.0,0.0,0.0,0.0,0.0,-2.2269328871464853,-1
2024-01-22,107.0,108.7900009155273,106.9899978637695,108.5899963378906,108.5899963378906,1763100.0,2.404748585766848,2.244531169218773,1.988876265553868,1.966347500951144,1.799961957079408,104.17600097656248,104.14300079345703,107.64533335367838,99.98500010172526,99.3475,105.43241132924967,105.0657320269666,104.88359198143723,102.9391155949024,102.20803685509988,105.18066920769836,105.15579841882172,0.0248707888766261,0.3705184564925563,1.105078384847485,-1.105078384847485,1.105078384847485,1.105078384847485,-1.105078384847485,1.105078384847485,1.105078384847485,1.105078384847485,-1.105078384847485,1.3500061035155966,2.1580013275146515,108.7900009155273,101.9183968353272,102.35399703979496,102.78959724426274,1.0,0.9674641486899007,-2.404748585766848,-1.0,-2.404748585766848,1.0017365923695825,1.0,-2.404748585766848,1.0114571633914284,1.0,-2.404748585766848,0.0,0.0,0.0,0.0,0.0,0.0,0.0,-2.404748585766848,-1
2024-01-23,109.1699981689453,110.4400024414062,109.0899963378906,109.7900009155273,109.7900009155273,1629600.0,1.105078384847485,2.1200598703845563,1.8525349661737704,1.9037586111096367,1.7421143289133632,105.6740005493164,104.51500091552734,107.8956667582194,100.33866678873696,99.3676000213623,106.88494119134222,105.9246900067049,105.20013449331402,103.16373478574256,102.35817475728658,105.88979716274896,105.49907267783696,0.390724484911999,0.3745596621764449,-1.8125492733173507,1.8125492733173507,-1.8125492733173507,-1.8125492733173507,1.8125492733173507,-1.8125492733173507,-1.8125492733173507,-1.8125492733173507,-1.8125492733173507,3.4499969482421875,2.2530014038085957,110.4400024414062,104.04239799499508,104.473998260498,104.90559852600092,0.0,0.9686672695552481,-1.105078384847485,-1.0,-1.105078384847485,1.006887401017885,1.0,1.105078384847485,0.9730934139249883,-1.0,1.105078384847485,0.0,0.0,0.0,0.0,0.0,0.0,0.0,-1.105078384847485,-1
2024-01-24,110.0,110.5999984741211,107.1500015258789,107.8000030517578,107.8000030517578,2597700.0,-1.8125492733173507,2.0300283499640552,1.899606317475581,1.934159477953462,1.7644127878629707,107.19000091552728,104.83700103759766,108.02966690063477,100.65850016276042,99.36580001831057,107.18996181148074,106.26565601489634,105.3678679486975,103.3157435813496,102.46593373341472,106.18367499182725,105.66951196479408,0.5141630270331774,0.4024803351477913,-0.7142896573863678,0.7142896573863678,-0.7142896573863678,-0.7142896573863678,0.7142896573863678,-0.7142896573863678,-0.7142896573863678,-0.7142896573863678,-0.7142896573863678,2.7200012207030966,2.270001220703125,110.5999984741211,105.48339935302728,105.933999633789,106.38459991455072,0.0,0.9704463972292564,-1.8125492733173507,-1.0,1.8125492733173507,1.008520510888917,1.0,-1.8125492733173507,0.9821353094862468,-1.0,1.8125492733173507,0.0,0.0,0.0,0.0,0.0,0.0,0.0,1.8125492733173507,-1
2024-01-25,109.4800033569336,109.4899978637695,106.7699966430664,107.0299987792969,107.0299987792969,2321500.0,-0.7142896573863678,1.85054520294155,1.920966469003723,1.89506323635247,1.7669108078350713,107.84999999999998,105.10700073242188,108.0410001118978,100.9718334197998,99.34870002746582,107.13664080075282,106.40462742660551,105.47510219583296,103.4375224402987,102.55631125907576,106.31387865143796,105.77028876586834,0.5435898855696166,0.4307022452321564,-2.279736960884917,2.279736960884917,-2.279736960884917,-2.279736960884917,2.279736960884917,-2.279736960884917,-2.279736960884917,-2.279736960884917,-2.279736960884917,2.6999969482422017,2.346500778198245,109.4899978637695,105.60599578857422,106.05999603271484,106.51399627685548,0.0,0.9728436484627393,-0.7142896573863678,-1.0,0.7142896573863678,1.0088127454861027,1.0,-0.7142896573863678,1.013668795929528,1.0,0.7142896573863678,0.0,0.0,0.0,0.0,0.0,0.0,0.0,0.7142896573863678,-1
2024-01-26,106.0100021362305,106.9499969482422,104.25,104.5899963378906,104.5899963378906,1879300.0,-2.279736960884917,1.978664173013726,2.040446354399159,1.9436723864852217,1.7731495604193452,107.55999908447264,105.25700073242189,107.9716667175293,101.27416674296062,99.29779998779296,106.28775931313209,106.07469450138464,105.41799859209472,103.47530846972792,102.59658225073544,106.04866598781528,105.68285969712925,0.365806290686038,0.4177230543229328,1.4915434005261123,-1.4915434005261123,1.4915434005261123,1.4915434005261123,-1.4915434005261123,1.4915434005261123,1.4915434005261123,1.4915434005261123,-1.4915434005261123,1.6500015258789062,2.37950057983399,106.9499969482422,104.32769615173336,104.796996307373,105.26629646301268,1.0,0.9748576078554997,-2.279736960884917,-1.0,2.279736960884917,1.0062294477040012,1.0,-2.279736960884917,1.049789238447193,1.0,-2.279736960884917,0.0,0.0,0.0,0.0,0.0,0.0,0.0,2.279736960884917,-1
2024-01-29,105.0100021362305,106.3199996948242,104.6699981689453,106.1500015258789,106.1500015258789,2135000.0,1.4915434005261123,1.6927688645878367,2.0610529092347667,1.9905912466128528,1.7794431827530863,107.0720001220703,105.6240005493164,107.87766672770182,101.59766680399576,99.26800003051758,106.24184005071436,106.08838668765632,105.46522458782276,103.56300332402796,102.66694698885708,106.06425607059433,105.71746279555516,0.3467932750391611,0.4035370984661784,-1.714554563035495,1.714554563035495,-1.714554563035495,-1.714554563035495,1.714554563035495,-1.714554563035495,-1.714554563035495,-1.714554563035495,1.714554563035495,2.9000015258789062,2.4250007629394554,106.3199996948242,101.71509567260742,102.19099578857424,102.66689590454102,0.0,0.979109057075975,-1.4915434005261123,-1.0,-1.4915434005261123,1.0059086974144227,1.0,1.4915434005261123,1.0353973537971746,1.0,1.4915434005261123,0.0,0.0,0.0,0.0,0.0,0.0,0.0,-1.4915434005261123,-1
2024-01-30,105.1100006103516,106.5699996948242,103.6699981689453,104.3300018310547,104.3300018310547,3671500.0,-1.714554563035495,1.5081275702013697,2.161453421892877,2.002880403374748,1.79933697675412,105.98000030517578,105.82700042724608,107.575,101.88550020853678,99.24950004577636,105.60456064416115,105.76868035009238,105.39198440996677,103.58815081606164,102.6998787679105,105.79744772604975,105.61468790929588,0.1827598167538866,0.3593816421237201,0.1246019851782485,-0.1246019851782485,0.1246019851782485,0.1246019851782485,-0.1246019851782485,-0.1246019851782485,0.1246019851782485,0.1246019851782485,-0.1246019851782485,5.470001220703097,2.5375007629394557,106.5699996948242,100.9849980163574,101.4699981689453,101.95499832153318,1.0,0.9837508754566217,1.714554563035495,-1.0,1.714554563035495,1.0035742370943534,1.0,-1.714554563035495,1.0791724849126996,1.0,-1.714554563035495,0.0,0.0,0.0,0.0,0.0,0.0,0.0,1.714554563035495,-1
2024-01-31,107.5,107.6900024414062,102.2200012207031,104.4599990844727,104.4599990844727,5117800.0,0.1246019851782485,1.4978904512245297,2.014491407816568,1.909334278996753,1.769625333184322,105.31199951171877,106.25100021362304,107.30400009155274,102.13483352661132,99.31030006408692,105.223040124265,105.53073830179788,105.33185632445102,103.61673600518986,102.7347326355652,105.59168639657636,105.5291554037534,0.0625309928229569,0.3000115122635675,1.4359563595123228,1.4359563595123228,-1.4359563595123228,-1.4359563595123228,1.4359563595123228,1.4359563595123228,-1.4359563595123228,-1.4359563595123228,1.4359563595123228,4.0,2.61100082397461,107.6900024414062,100.9874980163574,101.4949981689453,102.00249832153318,0.0,0.9901867602602767,-0.1246019851782485,-1.0,-0.1246019851782485,1.0018881465141396,1.0,0.1246019851782485,1.0550752846039455,1.0,0.1246019851782485,0.0,0.0,0.0,0.0,0.0,0.0,0.0,-0.1246019851782485,-1
2024-02-01,104.5199966430664,104.9100036621094,100.9100036621094,102.9599990844727,102.9599990844727,2965600.0,-1.4359563595123228,1.5435041646042225,1.7689099318920096,1.764849339628307,1.7726235585737955,104.49799957275393,106.17399978637695,107.02700017293294,102.33333346048992,99.34610008239746,104.46869311100092,105.06333117137513,105.17883327671048,103.59520364713356,102.73919335732576,105.18681142548348,105.33884752825112,-0.1520361027676386,0.2096019892573262,1.7482473177631863,1.7482473177631863,-1.7482473177631863,-1.7482473177631863,1.7482473177631863,1.7482473177631863,1.7482473177631863,-1.7482473177631863,1.7482473177631863,2.380004882812486,2.6310009002685546,104.9100036621094,101.94580062866206,102.46800079345698,102.99020095825188,0.0,0.9920300448935528,1.4359563595123228,-1.0,1.4359563595123228,0.9989018502892927,-1.0,-1.4359563595123228,1.0023008152438428,1.0,-1.4359563595123228,1.0,0.0,0.0,0.587148428,0.587148428,0.409482449,0.409482449,1.4359563595123228,-1
2024-02-02,101.7699966430664,101.8000030517578,99.41999816894533,101.1600036621094,101.1600036621094,3140600.0,-1.7482473177631863,1.4268106601642614,1.639714332653914,1.7574450329732585,1.7820782579282286,103.81200103759768,105.68600006103516,106.67866694132486,102.51933352152508,99.3754000854492,103.36579662803707,104.35363526059952,104.91955394673624,103.51536102467374,102.70792227425216,104.56730253881054,105.02930353816654,-0.4620009993560074,0.0752813915346595,0.3657599181371826,0.3657599181371826,-0.3657599181371826,-0.3657599181371826,0.3657599181371826,0.3657599181371826,0.3657599181371826,-0.3657599181371826,0.3657599181371826,2.0199966430664347,2.6315006256103515,101.8000030517578,99.12180168151858,99.6480018615723,100.174202041626,0.0,0.9906947948568228,1.7482473177631863,-1.0,1.7482473177631863,0.9946061657255613,-1.0,1.7482473177631863,0.933010308652347,-1.0,-1.7482473177631863,0.0,0.0,1.0,0.042091962,0.042091962,0.956272423,0.956272423,1.7482473177631863,-1
2024-02-05,101.629997253418,101.629997253418,99.61000061035156,100.7900009155273,100.7900009155273,2487300.0,-0.3657599181371826,0.8549261691651506,1.301449128471952,1.7582157101495677,1.7796070399497894,102.74000091552736,104.90600051879883,106.38600031534833,102.70983352661132,99.4142000579834,102.5071980572005,103.70570174331364,104.65313117052922,103.4260049555214,102.66994363348532,103.98617921215155,104.71528112167476,-0.7291019095231803,-0.0855952686769084,-2.2422880401842824,-2.2422880401842824,2.2422880401842824,2.2422880401842824,-2.2422880401842824,-2.2422880401842824,-2.2422880401842824,2.2422880401842824,-2.2422880401842824,2.110000610351605,2.606000900268557,101.629997253418,96.01070167541502,96.5370018005371,97.06330192565916,1.0,0.9860883970431965,0.3657599181371826,-1.0,0.3657599181371826,0.9909469557516462,-1.0,0.3657599181371826,0.7402101579226821,-1.0,0.3657599181371826,0.0,0.0,0.0,0.0,0.0,0.0,0.0,0.3657599181371826,-1
2024-02-06,101.0599975585938,103.0800018310547,100.9700012207031,103.0500030517578,103.0500030517578,2277500.0,2.2422880401842824,1.5823691386366965,1.5126477901694804,1.721387854861534,1.7816597151547904,102.48400115966795,104.23200073242188,106.08166707356771,102.96233355204264,99.47830009460448,102.68813305538627,103.5864837993944,104.54970354996334,103.41367702425045,102.67746956256,103.84215211055252,104.5919271905698,-0.7497750800172724,-0.2184312309449812,-0.6404619244731236,-0.6404619244731236,0.6404619244731236,0.6404619244731236,-0.6404619244731236,-0.6404619244731236,-0.6404619244731236,0.6404619244731236,-0.6404619244731236,2.3399963378905966,2.635000610351567,103.0800018310547,95.89679527282718,96.41799545288087,96.9391956329346,1.0,0.9825637511912111,-2.2422880401842824,-1.0,-2.2422880401842824,0.9907869681322566,-1.0,-2.2422880401842824,0.8787373431835649,-1.0,-2.2422880401842824,0.0,0.0,0.0,0.0,0.0,0.0,0.0,-2.2422880401842824,1
2024-02-07,104.1399993896484,104.1399993896484,101.8000030517578,103.7099990844727,103.7099990844727,1877600.0,0.6404619244731236,1.6279689796066397,1.4968116286371662,1.7023391407174264,1.7651049071619018,102.33400115966798,103.82300033569337,105.7773338317871,103.2491668701172,99.52300010681152,103.02875506508175,103.60894112395408,104.4955290683188,103.42339250163478,102.69791569170678,103.821820875771,104.52659918271074,-0.7047783069397298,-0.315700646143931,-0.8485172704525167,-0.8485172704525167,0.8485172704525167,0.8485172704525167,-0.8485172704525167,-0.8485172704525167,-0.8485172704525167,0.8485172704525167,-0.8485172704525167,2.099998474121108,2.632500457763677,104.1399993896484,97.28300048828126,97.81000061035157,98.33700073242188,1.0,0.9815240805823143,-0.6404619244731236,-1.0,-0.6404619244731236,0.9915155418392583,-1.0,-0.6404619244731236,0.8792675870721955,-1.0,-0.6404619244731236,0.0,0.0,0.0,0.0,0.0,0.0,0.0,0.6404619244731236,1
2024-02-08,103.8099975585938,105.4899978637695,103.3899993896484,104.5899963378906,104.5899963378906,1891100.0,0.8485172704525167,1.485351112606268,1.5385657821057248,1.712584322280062,1.6962998122762352,102.66000061035156,103.57900009155271,105.44666697184246,103.49183349609376,99.5868000793457,103.54916882268472,103.78731479921528,104.5016237308718,103.46164180774151,102.73538263519556,103.9400017160971,104.53129526827962,-0.5912935521825204,-0.3708192273516489,-0.4398190362117372,-0.4398190362117372,0.4398190362117372,0.4398190362117372,-0.4398190362117372,-0.4398190362117372,-0.4398190362117372,0.4398190362117372,-0.4398190362117372,1.5400009155274006,2.5825004577636776,105.4899978637695,98.34849838256832,98.87499847412104,99.40149856567378,1.0,0.9822880425344457,-0.8485172704525167,-1.0,-0.8485172704525167,0.9931646140399109,-1.0,-0.8485172704525167,0.8983883374906432,-1.0,-0.8485172704525167,0.0,0.0,0.0,0.0,0.0,0.0,0.0,0.8485172704525167,1
2024-02-09,104.9300003051758,105.5800018310547,104.0400009155273,105.0500030517578,105.0500030517578,1525300.0,0.4398190362117372,0.9472523504314152,1.3644775525517745,1.6903518241016977,1.6848138917263722,103.43800048828123,103.62500076293944,105.1346669514974,103.76083348592122,99.65230010986328,104.04944689904242,104.01689448149573,104.53700304189672,103.51371922557811,102.78121670285026,104.11077115235258,104.56971806705576,-0.4589469147031906,-0.3884447648219572,-1.0185622691481686,-1.0185622691481686,1.0185622691481686,1.0185622691481686,-1.0185622691481686,1.0185622691481686,-1.0185622691481686,1.0185622691481686,-1.0185622691481686,2.5199966430664062,2.615500259399417,105.5800018310547,99.80849685668942,100.32499694824214,100.84149703979487,1.0,0.9856406432594262,-0.4398190362117372,-1.0,-0.4398190362117372,0.9950246463427639,-1.0,-0.4398190362117372,0.8072151211934224,-1.0,-0.4398190362117372,0.0,0.0,0.0,0.0,0.0,0.0,0.0,0.4398190362117372,1
2024-02-12,105.4100036621094,107.5199966430664,105.0,106.120002746582,106.120002746582,1437700.0,1.0185622691481686,0.7075394293139851,1.316393807700214,1.6936296655670031,1.5980820714407034,104.5040008544922,103.62200088500975,104.87466710408528,103.98200022379557,99.73530014038086,104.73963218155563,104.39927780242049,104.63913205510224,103.59917114429956,102.84733127797368,104.41988370531097,104.68455396924293,-0.2646702639319613,-0.3636898646439581,-2.581987770681864,2.581987770681864,-2.581987770681864,-2.581987770681864,2.581987770681864,-2.581987770681864,2.581987770681864,-2.581987770681864,-2.581987770681864,1.930000305175696,2.574000167846677,107.5199966430664,99.825901260376,100.34900131225588,100.87210136413574,0.0,0.9880555881256597,-1.0185622691481686,-1.0,-1.0185622691481686,0.9977077958506436,-1.0,-1.0185622691481686,0.7772618976058759,-1.0,-1.0185622691481686,0.0,0.0,0.0,0.0,0.0,0.0,0.0,1.0185622691481686,1
2024-02-13,103.0199966430664,104.1399993896484,102.2099990844727,103.379997253418,103.379997253418,2176700.0,-2.581987770681864,1.500087023921078,1.4627364490827195,1.8027974049494808,1.6326775518186,104.56999969482422,103.5270004272461,104.57333374023438,104.13766682942708,99.80580009460448,104.28642053884307,104.21395406623822,104.55789755176778,103.59198511509032,102.85787911907158,104.2599011742505,104.58792013844106,-0.3280189641905622,-0.3565556845532789,2.3699019565950907,-2.3699019565950907,2.3699019565950907,2.3699019565950907,-2.3699019565950907,2.3699019565950907,-2.3699019565950907,2.3699019565950907,2.3699019565950907,1.6100006103516051,2.509500122070312,104.1399993896484,101.85719627380372,102.37199630737304,102.88679634094238,1.0,0.9899942626330779,-2.581987770681864,-1.0,2.581987770681864,0.9967104973073959,-1.0,2.581987770681864,0.8113703986187562,-1.0,2.581987770681864,0.0,0.0,0.0,0.0,0.0,0.0,0.0,-2.581987770681864,-1
2024-02-14,104.6600036621094,106.0800018310547,104.4700012207031,105.8300018310547,105.8300018310547,1740200.0,2.3699019565950907,1.82731630195,1.657318799983574,1.80155357385146,1.6527772416738389,104.9940002441406,103.6640007019043,104.46400044759116,104.34533348083497,99.90130012512208,104.80094763624696,104.50778093256848,104.63996879559276,103.66536271233504,102.91673303416036,104.50145512145114,104.67992618974576,-0.1784710682946269,-0.3209387613015486,-0.2456790434961537,0.2456790434961537,-0.2456790434961537,-0.2456790434961537,0.2456790434961537,-0.2456790434961537,0.2456790434961537,-0.2456790434961537,-0.2456790434961537,1.5599975585936932,2.446500015258786,106.0800018310547,98.61909912109373,99.12099914550777,99.62289916992184,0.0,0.9923418618638081,2.3699019565950907,-1.0,-2.3699019565950907,0.9987367364063104,-1.0,-2.3699019565950907,0.9199386707332088,-1.0,-2.3699019565950907,0.0,0.0,0.0,0.0,0.0,0.0,0.0,-2.3699019565950907,1
2024-02-15,106.4300003051758,106.8399963378906,105.2799987792969,105.5699996948242,105.5699996948242,1890000.0,-0.2456790434961537,1.8285320307470176,1.571878359292414,1.6370332312718652,1.6515121964628436,105.19000091552736,103.92500076293943,104.4760004679362,104.53483352661132,99.99280014038088,105.0572983224394,104.70091161661496,104.69997078909157,103.727809826515,102.9692729680349,104.66584659427778,104.74585756049233,-0.0800109662145445,-0.2727532022841478,-1.7239743299094032,1.7239743299094032,1.7239743299094032,-1.7239743299094032,1.7239743299094032,-1.7239743299094032,-1.7239743299094032,-1.7239743299094032,-1.7239743299094032,2.5,2.432500076293941,106.8399963378906,100.69770179748537,101.18700180053712,101.67630180358888,0.0,0.994726064335073,-0.2456790434961537,-1.0,0.2456790434961537,1.0000089859387382,1.0,0.2456790434961537,0.9601994200638002,-1.0,0.2456790434961537,0.0,0.0,1.0,0.004956644,0.004956644,0.943664372,0.943664372,-0.2456790434961537,1
2024-02-16,104.5,105.4899978637695,102.9899978637695,103.75,103.75,1358900.0,-1.7239743299094032,2.005144309138512,1.5684445705996857,1.6050191732237429,1.6693269377090307,104.93000030517578,104.18400039672852,104.49366709391276,104.68500022888183,100.05270011901855,104.6215322149596,104.52801859541223,104.63868235108566,103.72853737318664,102.98473290926192,104.52494711823503,104.6720903337892,-0.1471432155541521,-0.2476312049381486,0.1638536568147453,-0.1638536568147453,-0.1638536568147453,0.1638536568147453,-0.1638536568147453,0.1638536568147453,-0.1638536568147453,0.1638536568147453,0.1638536568147453,1.9199981689452983,2.438499832153316,105.4899978637695,101.48849617004392,101.97499618530271,102.4614962005615,1.0,0.9970365027298168,-1.7239743299094032,-1.0,1.7239743299094032,0.9989424202103183,-1.0,-1.7239743299094032,0.9772123578121527,-1.0,1.7239743299094032,0.0,0.0,0.0,0.0,0.0,0.0,0.0,-1.7239743299094032,1
2024-02-20,102.4599990844727,104.379997253418,102.4599990844727,103.9199981689453,103.9199981689453,1903900.0,0.1638536568147453,1.9057818233137076,1.5536809463372456,1.4956865560813546,1.6607956459746551,104.48999938964845,104.49700012207032,104.51533381144206,104.85566685994466,100.13260009765624,104.38768753295484,104.41746942696368,104.59231562965724,103.73481477632626,103.00325301341408,104.43187804911356,104.61637980306,-0.1845017539464635,-0.2350053147398116,0.3849129454646445,0.3849129454646445,0.3849129454646445,-0.3849129454646445,0.3849129454646445,0.3849129454646445,0.3849129454646445,-0.3849129454646445,-0.3849129454646445,1.4799957275391051,2.4449993133544914,104.379997253418,100.1252982330322,100.61299819946288,101.10069816589352,0.0,0.9998245837361547,0.1638536568147453,-1.0,-0.1638536568147453,0.9983283073747725,-1.0,-0.1638536568147453,1.0387744277168836,1.0,-0.1638536568147453,1.0,0.0,0.0,0.994981468,0.994981468,0.003489793,0.003489793,0.1638536568147453,1
2024-02-21,103.129997253418,103.5599975585938,102.0800018310547,103.5199966430664,103.5199966430664,1425000.0,-0.3849129454646445,1.4847108474594737,1.4072027393516906,1.4635556716547116,1.6613721451031134,104.51799926757812,104.54399948120115,104.4303337097168,105.00983352661132,100.20480003356934,104.09845723632536,104.25429255716418,104.52313375955464,103.72777155884232,103.01348556053588,104.29158860202938,104.53516623565308,-0.2435776336237012,-0.2367197785165895,-1.362059223176983,1.362059223176983,-1.362059223176983,1.362059223176983,-1.362059223176983,-1.362059223176983,-1.362059223176983,1.362059223176983,-1.362059223176983,2.0,2.372499465942382,103.5599975585938,99.00099876403812,99.489998626709,99.97899848937992,1.0,1.001088436352222,-0.3849129454646445,1.0,0.3849129454646445,0.9974279263095105,-1.0,0.3849129454646445,0.9614958737857182,-1.0,-0.3849129454646445,1.0,0.0,0.0,0.995214224,0.995214224,0.003642736,0.003642736,-0.3849129454646445,1
2024-02-22,105.0699996948242,105.6999969482422,103.6999969482422,104.9300003051758,104.9300003051758,2211500.0,1.362059223176983,1.1096535159821348,1.458169653070528,1.4611327937419083,1.6673048915780495,104.33799896240234,104.66599960327147,104.44200032552084,105.17700017293296,100.2752000427246,104.37563825927552,104.3771485113481,104.54938321411085,103.76718889478768,103.05143634755844,104.38980578712884,104.56441320376588,-0.1746074166370306,-0.2242973061406778,1.0292593423364635,-1.0292593423364635,1.0292593423364635,-1.0292593423364635,1.0292593423364635,1.0292593423364635,1.0292593423364635,-1.0292593423364635,-1.0292593423364635,1.8699951171875,2.329999160766602,105.6999969482422,98.34049873352056,98.81499862670904,99.28949851989752,0.0,1.0021447241248969,-1.362059223176983,1.0,1.362059223176983,0.998352599532701,-1.0,-1.362059223176983,0.9979720250725522,-1.0,-1.362059223176983,0.0,0.0,0.0,0.0,0.0,0.0,0.0,1.362059223176983,1
2024-02-23,105.1800003051758,105.2699966430664,103.4000015258789,103.8499984741211,103.8499984741211,1271700.0,-1.0292593423364635,1.1770528963097888,1.4756780077081264,1.469495781459098,1.673440972611573,103.99399871826172,104.59199981689451,104.42600021362304,105.3311668395996,100.32780006408692,104.20042499755738,104.2813030500341,104.50426161798248,103.76990396296254,103.06724945897554,104.30675850820458,104.51149359416254,-0.2047350859579637,-0.220384862104135,0.1155465757829569,-0.1155465757829569,0.1155465757829569,-0.1155465757829569,0.1155465757829569,0.1155465757829569,0.1155465757829569,-0.1155465757829569,-0.1155465757829569,1.3100051879883097,2.260499572753908,105.2699966430664,100.57399879455568,101.039998626709,101.50599845886232,0.0,1.0015896386238283,-1.0292593423364635,1.0,-1.0292593423364635,0.9978665121929342,-1.0,1.0292593423364635,1.0042070391266382,1.0,1.0292593423364635,0.0,0.0,0.0,0.0,0.0,0.0,0.0,-1.0292593423364635,1
2024-02-26,104.1100006103516,104.6500015258789,103.3399963378906,103.7300033569336,103.7300033569336,1353900.0,-0.1155465757829569,0.8807573774512415,1.4651417500651651,1.380669321839589,1.673841834413645,103.98999938964845,104.4599998474121,104.44733378092448,105.48033358256022,100.38260009765624,104.04361778401612,104.18106674219764,104.45430947210836,103.76859574637145,103.08037329853906,104.21802694647056,104.45360542844188,-0.2355784819713022,-0.2234235860775684,-0.4241731396630617,0.4241731396630617,-0.4241731396630617,0.4241731396630617,-0.4241731396630617,-0.4241731396630617,-0.4241731396630617,0.4241731396630617,-0.4241731396630617,1.3699951171875,2.246499252319337,104.6500015258789,100.2968975830078,100.7489974975586,101.20109741210938,1.0,1.0001212674946227,-0.1155465757829569,1.0,-0.1155465757829569,0.9973840932816307,-1.0,0.1155465757829569,1.0611822301614018,1.0,-0.1155465757829569,0.0,0.0,0.0,0.0,0.0,0.0,0.0,-0.1155465757829569,1
2024-02-27,103.9000015258789,105.0999984741211,103.7300033569336,104.1699981689453,104.1699981689453,1256100.0,0.4241731396630617,0.900396041381419,1.4254885576675214,1.33865992540985,1.6677254619471074,104.03999938964844,104.26499938964844,104.50366694132488,105.6165002187093,100.45400009155271,104.08574457899252,104.17905427433357,104.43596680738816,103.78175648153778,103.1019500286461,104.21063790377438,104.43259748329396,-0.2219595795195914,-0.2231307847659731,2.2559263851668807,2.2559263851668807,2.2559263851668807,-2.2559263851668807,2.2559263851668807,2.2559263851668807,2.2559263851668807,-2.2559263851668807,-2.2559263851668807,1.7200012207032105,2.1874992370605524,105.0999984741211,99.70770317077636,100.15700302124024,100.6063028717041,0.0,0.9977161801239908,-0.4241731396630617,-1.0,0.4241731396630617,0.9975399994761536,-1.0,-0.4241731396630617,1.064862352722696,1.0,0.4241731396630617,0.0,0.0,0.0,0.0,0.0,0.0,0.0,0.4241731396630617,1
2024-02-28,103.379997253418,103.4100036621094,101.6900024414062,101.8199996948242,101.8199996948242,1531700.0,-2.2559263851668807,1.3852559175624444,1.3668671860211672,1.3782213271738275,1.6926617658373448,103.7,104.10899963378908,104.48766682942708,105.69800020853678,100.49650009155272,103.33049628426976,103.75013525987733,104.26719473560983,103.71743658689142,103.07656487352092,103.84284741008976,104.2390717211851,-0.3962243110953523,-0.2577494900318489,-3.044587000012214,-3.044587000012214,-3.044587000012214,3.044587000012214,-3.044587000012214,-3.044587000012214,-3.044587000012214,3.044587000012214,-3.044587000012214,2.620002746582003,2.0449993133544977,103.4100036621094,100.28750015258788,100.725,101.16249984741208,1.0,0.9963759627606944,-2.2559263851668807,-1.0,2.2559263851668807,0.995041014798148,-1.0,2.2559263851668807,0.9917617432492188,-1.0,-2.2559263851668807,0.0,0.0,0.0,0.0,0.0,0.0,0.0,-2.2559263851668807,1
2024-02-29,103.1999969482422,105.3199996948242,102.6999969482422,104.9199981689453,104.9199981689453,3277000.0,3.044587000012214,1.9755022751191915,1.5135008860648578,1.548784433477959,1.7283025237981375,103.6979995727539,104.01799926757812,104.64433339436847,105.81016680399576,100.57810005187989,103.86033024582828,103.96283760698056,104.30931108614762,103.75686483548334,103.11306850313326,104.00856291145212,104.28951071731548,-0.2809478058633488,-0.2623891531981489,-1.4487269338428113,-1.4487269338428113,-1.4487269338428113,1.4487269338428113,-1.4487269338428113,-1.4487269338428113,-1.4487269338428113,1.4487269338428113,-1.4487269338428113,2.9100036621094034,1.990499496459968,105.3199996948242,98.9110051727295,99.3200050354004,99.72900489807132,1.0,0.9940146388583707,-3.044587000012214,-1.0,-3.044587000012214,0.9966784031496392,-1.0,-3.044587000012214,0.9772185549838797,-1.0,-3.044587000012214,0.0,0.0,0.0,0.0,0.0,0.0,0.0,3.044587000012214,-1
2024-03-01,105.6100006103516,107.2600021362305,104.3499984741211,106.4400024414062,106.4400024414062,2663400.0,1.4487269338428113,1.959231984482984,1.5855344867257872,1.5390410487341737,1.7348414388382398,104.21600036621092,104.10499954223631,104.73466669718424,105.93516680399576,100.6593000793457,104.7202209776876,104.41323121323975,104.4467750445514,103.8448365602677,103.17894838309904,104.38263053144506,104.44880640058146,-0.0661758691364013,-0.2231464963857994,-1.446825329015787,1.446825329015787,1.446825329015787,-1.446825329015787,1.446825329015787,-1.446825329015787,1.446825329015787,-1.446825329015787,-1.446825329015787,2.0299987792969034,1.9729991912841889,107.2600021362305,100.94090080261228,101.33900070190428,101.73710060119626,0.0,0.9939879776696243,-1.4487269338428113,-1.0,-1.4487269338428113,0.999678842824038,-1.0,-1.4487269338428113,1.0302093553838954,1.0,-1.4487269338428113,0.0,0.0,0.0,0.0,0.0,0.0,0.0,-1.4487269338428113,-1
2024-03-04,106.4400024414062,106.4599990844727,104.4300003051758,104.9000015258789,104.9000015258789,2124200.0,-1.446825329015787,2.1468368342299784,1.552311971201091,1.5205545557923883,1.7468465170296072,104.44999999999996,104.21999969482422,104.6966667175293,106.03283348083497,100.72610008239748,104.7801478270847,104.50173490644688,104.47601546270155,103.87943213291068,103.21302864335212,104.46222606905027,104.4822282617146,-0.0200021926643358,-0.1825176356415067,-4.356529674307756,4.356529674307756,4.356529674307756,-4.356529674307756,4.356529674307756,-4.356529674307756,-4.356529674307756,-4.356529674307756,-4.356529674307756,3.870002746582003,2.0654994964599678,106.4599990844727,102.91940391540528,103.31400375366212,103.70860359191896,0.0,0.9954471614269143,-1.446825329015787,-1.0,1.446825329015787,1.0002461755804088,1.0,1.446825329015787,1.020885416631535,1.0,-1.446825329015787,0.0,0.0,1.0,0.013069161,0.013069161,0.950314105,0.950314105,1.446825329015787,1
2024-03-05,103.3600006103516,103.4700012207031,99.5999984741211,100.3300018310547,100.3300018310547,2367800.0,-4.356529674307756,2.957488509828863,2.100024902834,1.8283810835543843,1.8324622330619675,103.68200073242186,103.86100006103516,104.42133356730145,106.03333346048991,100.74640007019045,103.29676582840804,103.74323798364829,104.20853071227276,103.7630573689154,103.15593900350464,103.8264992632048,104.17465593351756,-0.3481566703127612,-0.2156454425757576,-4.15628236105003,-4.15628236105003,-4.15628236105003,4.15628236105003,-4.15628236105003,-4.15628236105003,-4.15628236105003,4.15628236105003,-4.15628236105003,4.949996948242202,2.2074993133544973,103.4700012207031,101.91590019226076,102.32900009155276,102.74209999084476,1.0,0.9946339173507572,-4.356529674307756,-1.0,4.356529674307756,0.995534984271977,-1.0,-4.356529674307756,1.148570679123161,1.0,-4.356529674307756,0.0,0.0,0.0,0.0,0.0,0.0,0.0,-4.356529674307756,1
2024-03-06,103.9100036621094,106.9499969482422,102.0,104.5,104.5,5740500.0,4.15628236105003,3.46754377160857,2.533355181804116,1.9948167441579592,1.8926320129157672,104.21800079345704,103.95900039672853,104.24500020345052,106.07033348083496,100.81260009765624,103.69784388560537,103.8808310775304,104.22733518244873,103.78721942239358,103.18255407274218,103.9301147611733,104.19875549399774,-0.2686407328244371,-0.2262445006254935,3.1578976571844963,-3.1578976571844963,-3.1578976571844963,3.1578976571844963,-3.1578976571844963,-3.1578976571844963,-3.1578976571844963,3.1578976571844963,-3.1578976571844963,3.559997558593693,2.268499374389652,106.9499969482422,98.6135027313232,99.0550025939941,99.496502456665,1.0,0.997256464999148,-4.15628236105003,-1.0,-4.15628236105003,0.996675496842438,-1.0,-4.15628236105003,1.2699688777043436,1.0,4.15628236105003,0.0,0.0,0.0,0.0,0.0,0.0,0.0,4.15628236105003,-1
2024-03-07,104.7799987792969,108.3399963378906,104.7799987792969,107.8000030517578,107.8000030517578,3101800.0,3.1578976571844963,3.488075228374517,2.6897584220405557,2.107688457665049,1.926332234552236,104.7940017700195,104.24600067138672,104.24500020345052,106.13733355204263,100.9211001586914,105.06523027432286,104.5934078001172,104.45782988369446,103.91878609876618,103.27398870599,104.525482190494,104.46551457235032,0.0599676181436592,-0.169002076871663,-1.3729158766563323,-1.3729158766563323,1.3729158766563323,-1.3729158766563323,1.3729158766563323,-1.3729158766563323,-1.3729158766563323,-1.3729158766563323,-1.3729158766563323,2.1800003051757955,2.2724994659423863,108.3399963378906,101.95929832458496,102.41299819946288,102.86669807434085,0.0,1.000009597275018,-3.1578976571844963,1.0,-3.1578976571844963,1.0012979200943932,1.0,-3.1578976571844963,1.2761650860964238,1.0,3.1578976571844963,0.0,0.0,0.0,0.0,0.0,0.0,0.0,-3.1578976571844963,-1
2024-03-08,108.0,108.4599990844727,106.2799987792969,106.3199996948242,106.3199996948242,2708900.0,-1.3729158766563323,3.542624353220534,2.7107810695841223,2.130933396667597,1.9015942383150144,104.77000122070312,104.49300079345704,104.22133356730144,106.13116683959962,101.03830017089844,105.48348674782332,104.90733359915482,104.5779698715093,103.99751441339104,103.33430575527386,104.80156180654478,104.60288384068171,0.1986779658630553,-0.0954660683247193,1.2509422826112442,1.2509422826112442,-1.2509422826112442,1.2509422826112442,-1.2509422826112442,1.2509422826112442,1.2509422826112442,1.2509422826112442,1.2509422826112442,2.360000610351605,2.3134994506835964,108.4599990844727,103.34049751281736,103.79499740600582,104.2494972991943,1.0,1.0026066374019305,-1.3729158766563323,1.0,-1.3729158766563323,1.0031494561239829,1.0,-1.3729158766563323,1.2721097120272762,1.0,-1.3729158766563323,0.0,0.0,0.0,0.0,0.0,0.0,0.0,1.3729158766563323,1
2024-03-11,105.8099975585938,108.0,105.6399993896484,107.6500015258789,107.6500015258789,2560300.0,1.2509422826112442,3.466550647040468,2.7236877008197653,2.145338838279134,1.908299807814012,105.32000122070312,104.88500061035155,104.32333374023438,106.14750022888184,101.15640022277832,106.20565834050852,105.40600049492284,104.7761654621138,104.1172680892103,103.41976507746406,105.23978330182696,104.82859626180743,0.411187040019513,0.0058645533441271,1.5513220114017676,1.5513220114017676,-1.5513220114017676,1.5513220114017676,-1.5513220114017676,1.5513220114017676,1.5513220114017676,1.5513220114017676,1.5513220114017676,2.360000610351591,2.305499649047856,108.0,103.3703002929688,103.83300018310553,104.29570007324224,1.0,1.0053839045396664,1.2509422826112442,1.0,1.2509422826112442,1.0060112433971138,1.0,1.2509422826112442,1.2695839240968336,1.0,1.2509422826112442,0.0,0.0,0.0,0.0,0.0,0.0,0.0,1.2509422826112442,1
2024-03-12,108.7799987792969,109.4300003051758,107.0699996948242,109.3199996948242,109.3199996948242,2379000.0,1.5513220114017676,2.110301954643448,2.7477833371104667,2.160024581112565,1.8984663642304889,107.11800079345704,105.40000076293944,104.42900034586587,106.15333353678383,101.29300018310546,107.24377212528044,106.11763671308672,105.06931605777254,104.2878494533288,103.5366014065207,105.8675089007496,105.16129281240129,0.7062160883483273,0.1459348603449671,-1.7746088975684997,-1.7746088975684997,1.7746088975684997,-1.7746088975684997,1.7746088975684997,-1.7746088975684997,-1.7746088975684997,-1.7746088975684997,-1.7746088975684997,2.440002441406208,2.3309997558593816,109.4300003051758,102.92790077209472,103.3890007019043,103.85010063171386,0.0,1.0092981874178404,1.5513220114017676,1.0,1.5513220114017676,1.009977419618281,1.0,1.5513220114017676,1.2721074385621873,1.0,1.5513220114017676,0.0,0.0,0.0,0.0,0.0,0.0,0.0,1.5513220114017676,1
2024-03-13,108.6399993896484,109.3199996948242,106.879997253418,107.379997253418,107.379997253418,2528300.0,-1.7746088975684997,2.0854090340136,2.697556003173563,2.1129000351213354,1.836046745518016,107.69400024414062,105.95600051879885,104.53066685994466,106.05283342997232,101.4246001434326,107.2891805013263,106.34715681132874,105.21839226394324,104.38923134841367,103.61270825497412,106.10019941654475,105.32564128951364,0.7745581270311135,0.2716595136821964,-2.095362318449287,-2.095362318449287,2.095362318449287,-2.095362318449287,2.095362318449287,-2.095362318449287,-2.095362318449287,-2.095362318449287,-2.095362318449287,3.5400009155274006,2.427499771118171,109.3199996948242,104.30180084228516,104.76800079345703,105.23420074462892,0.0,1.013635555016251,-1.7746088975684997,1.0,-1.7746088975684997,1.010727825459963,1.0,-1.7746088975684997,1.2767078225821757,1.0,-1.7746088975684997,0.0,0.0,0.0,0.0,0.0,0.0,0.0,-1.7746088975684997,1
2024-03-14,106.9300003051758,107.5800018310547,104.0400009155273,105.129997253418,105.129997253418,2648900.0,-2.095362318449287,1.7467689198701173,2.66223946170551,2.1086999982587566,1.8527349728372684,107.15999908447266,105.9770004272461,104.55300013224284,105.9285001118978,101.54010009765624,106.56945275202354,106.12585507352678,105.21268936003838,104.41351875513512,103.64275358167598,105.95093754529448,105.31114913869176,0.6397884066027331,0.3452852922663038,-1.0082731725357577,-1.0082731725357577,1.0082731725357577,-1.0082731725357577,1.0082731725357577,-1.0082731725357577,-1.0082731725357577,-1.0082731725357577,-1.0082731725357577,2.260002136230497,2.4625000000000115,107.5800018310547,103.97950019836424,104.46500015258786,104.95050010681148,0.0,1.0136198893690485,-2.095362318449287,1.0,-2.095362318449287,1.0086792355469931,1.0,-2.095362318449287,1.2625027096807675,1.0,-2.095362318449287,0.0,0.0,0.0,0.0,0.0,0.0,0.0,-2.095362318449287,1
2024-03-15,103.5,105.75,103.4899978637695,104.0699996948242,104.0699996948242,14280400.0,-1.0082731725357577,1.7077699407604885,2.632210572205925,2.120010494619906,1.8512414059620208,106.70999908447266,105.7400001525879,104.59000015258788,105.8085001627604,101.65890007019044,105.7363017329571,105.75206318648992,105.1389674461536,104.40225583512492,103.65121390074822,105.66156249137596,105.21921214284971,0.4423503485262614,0.3646983035182953,-0.941677101765522,-0.941677101765522,0.941677101765522,-0.941677101765522,0.941677101765522,0.941677101765522,-0.941677101765522,-0.941677101765522,-0.941677101765522,3.360000610351605,2.505500030517592,105.75,102.16250183105468,102.65500183105468,103.14750183105468,0.0,1.0109953150236377,-1.0082731725357577,1.0,-1.0082731725357577,1.005831289342368,1.0,-1.0082731725357577,1.2416026141784975,1.0,-1.0082731725357577,0.0,0.0,0.0,0.0,0.0,0.0,0.0,-1.0082731725357577,-1
2024-03-18,105.5,106.1999969482422,102.8399963378906,103.0899963378906,103.0899963378906,2134200.0,-0.941677101765522,1.4322676268882424,2.610247537167966,2.0945679073137837,1.8536728462613,105.797998046875,105.55899963378906,104.6543332417806,105.66650009155272,101.7852000427246,104.8541999346016,105.26805103219914,105.00677576174957,104.35923093357626,103.64010068168172,105.2659369293013,105.06149245359347,0.2044444757078309,0.3326475379562024,0.4268139073010952,0.4268139073010952,-0.4268139073010952,0.4268139073010952,-0.4268139073010952,-0.4268139073010952,0.4268139073010952,0.4268139073010952,-0.4268139073010952,2.2900009155274006,2.524000167846697,106.1999969482422,100.2378999328613,100.7389999389648,101.24009994506834,1.0,1.0086443280845183,-0.941677101765522,1.0,-0.941677101765522,1.0024881753444406,1.0,-0.941677101765522,1.246198573010471,1.0,-0.941677101765522,1.0,0.0,1.0,0.752216399,0.414729625,0.648560226,0.350850895,0.941677101765522,1
2024-03-19,102.6600036621094,104.1800003051758,101.8899993896484,103.5299987792969,103.5299987792969,1849600.0,0.4268139073010952,0.9757303380565414,2.1500941561234885,2.0965483146472472,1.8411813946112965,104.63999786376954,105.87899932861328,104.74566650390624,105.56583340962727,101.90530006408692,104.41279954950004,104.95204153167144,104.91149982739778,104.33204299409168,103.63792044599094,104.99886952160831,104.94804847771964,0.0508210438886607,0.2762822391426941,-1.960783157763203,1.960783157763203,-1.960783157763203,1.960783157763203,-1.960783157763203,-1.960783157763203,1.960783157763203,1.960783157763203,-1.960783157763203,2.889999389648395,2.594500350952161,104.1800003051758,100.64719657897948,101.1519966125488,101.65679664611817,1.0,1.0108198540573015,-0.4268139073010952,1.0,0.4268139073010952,1.0003864371812468,1.0,0.4268139073010952,1.0255399988171752,1.0,0.4268139073010952,0.0,0.0,0.0,0.0,0.0,0.0,0.0,0.4268139073010952,1
2024-03-20,103.7200012207031,106.1900024414062,103.3000030517578,105.5599975585938,105.5599975585938,1712200.0,1.960783157763203,1.5629419654220242,1.800162925839286,2.13894428452806,1.8324246901697008,104.27599792480468,105.98499908447266,104.82933298746744,105.45550003051758,102.0752000427246,104.79519888586464,105.06257899111188,104.95333839070076,104.37230379948518,103.67598137891378,105.08519691191376,104.99337803926588,0.0918188726478774,0.2393895658437308,-0.5778709970250756,0.5778709970250756,-0.5778709970250756,0.5778709970250756,-0.5778709970250756,-0.5778709970250756,0.5778709970250756,0.5778709970250756,-0.5778709970250756,3.020004272460909,2.6455005645752068,106.1900024414062,98.47209953308104,98.99099960327148,99.5098996734619,1.0,1.0110242626187784,-1.960783157763203,1.0,1.960783157763203,1.0010408492201024,1.0,1.960783157763203,0.8416128175290347,-1.0,1.960783157763203,0.0,0.0,0.0,0.0,0.0,0.0,0.0,1.960783157763203,1
2024-03-21,107.1699981689453,109.120002746582,106.0999984741211,106.1699981689453,106.1699981689453,2933000.0,0.5778709970250756,1.2306391501388874,1.470343432461548,2.122085762683815,1.8323600230129036,104.48399810791015,105.8219985961914,104.91133295694986,105.34433339436848,102.25080001831054,105.2534653135582,105.26392793253612,105.03183256994237,104.43124459848389,103.72536785000352,105.25208941299556,105.0805350859088,0.1715543270867385,0.2258225180923323,0.5651299655919116,-0.5651299655919116,0.5651299655919116,-0.5651299655919116,0.5651299655919116,0.5651299655919116,-0.5651299655919116,-0.5651299655919116,0.5651299655919116,1.3400039672851989,2.6190010070800915,109.120002746582,100.36990119934076,100.89900131225578,101.42810142517082,0.0,1.0086803361807941,-0.5778709970250756,1.0,0.5778709970250756,1.0022097620970214,1.0,0.5778709970250756,0.6928765360557321,-1.0,-0.5778709970250756,0.0,0.0,0.0,0.0,0.0,0.0,0.0,0.5778709970250756,-1
2024-03-22,105.629997253418,106.4800033569336,105.1399993896484,105.5699996948242,105.5699996948242,1760500.0,-0.5651299655919116,1.1337288978108009,1.4164370912093651,2.111828372437442,1.8217457963575223,104.78399810791016,105.7469985961914,104.94399973551432,105.1953333536784,102.42419998168944,105.3589767739802,105.31957734386124,105.06655302961217,104.46858083115076,103.7618952132673,105.30099868712304,105.11679172360624,0.1842069635168002,0.2174994071772259,0.5778162471486795,-0.5778162471486795,0.5778162471486795,-0.5778162471486795,0.5778162471486795,-0.5778162471486795,-0.5778162471486795,-0.5778162471486795,0.5778162471486795,1.8700027465820028,2.6470008850097764,106.4800033569336,103.3582005310058,103.88200073242182,104.40580093383784,0.0,1.0076516891170608,0.5651299655919116,1.0,-0.5651299655919116,1.0024082289458736,1.0,-0.5651299655919116,0.6707160059482172,-1.0,0.5651299655919116,0.0,0.0,0.0,0.0,0.0,0.0,0.0,0.5651299655919116,1
2024-03-25,104.4599990844727,105.4700012207031,103.5999984741211,104.9599990844727,104.9599990844727,1353500.0,-0.5778162471486795,1.04279694903231,1.3443478398811688,2.116873702843511,1.822701109742114,105.1579986572266,105.47799835205078,104.94099960327148,105.03783327738444,102.60930000305176,105.22598421081103,105.25419947851786,105.05967858153863,104.48469290503016,103.78562004240008,105.24853720979222,105.10517745404078,0.1433597557514332,0.2026714768920674,0.895581602139469,-0.895581602139469,0.895581602139469,-0.895581602139469,0.895581602139469,0.895581602139469,-0.895581602139469,-0.895581602139469,0.895581602139469,2.1800003051757955,2.687501144409191,105.4700012207031,100.65660140991208,101.18600158691405,101.715401763916,0.0,1.0051171491677173,0.5778162471486795,1.0,-0.5778162471486795,1.0018515276232094,1.0,-0.5778162471486795,0.6350628467231468,-1.0,0.5778162471486795,0.0,0.0,0.0,0.0,0.0,0.0,0.0,-0.5778162471486795,1
2024-03-26,105.1100006103516,106.0999984741211,103.9199981689453,104.0199966430664,104.0199966430664,2132700.0,-0.895581602139469,1.1815128130247037,1.1955988498012535,2.1261370942883158,1.8250060548370348,105.25599822998048,104.947998046875,104.87099939982096,104.87283325195312,102.78209999084471,104.82398835489616,105.02979896298125,104.99260232744368,104.46945696201496,103.79026116320534,105.05953096875749,105.0247936902649,0.0347372784925852,0.1690846372121709,3.720441137737673,3.720441137737673,-3.720441137737673,3.720441137737673,-3.720441137737673,-3.720441137737673,3.720441137737673,3.720441137737673,-3.720441137737673,3.2699966430664062,2.765000915527351,106.0999984741211,99.55749870300288,100.09499893188472,100.63249916076656,1.0,1.0007342224971127,0.895581602139469,1.0,-0.895581602139469,1.0003542786321418,1.0,-0.895581602139469,0.5623338462101654,-1.0,0.895581602139469,0.0,0.0,0.0,0.0,0.0,0.0,0.0,-0.895581602139469,-1
2024-03-27,105.1500015258789,107.9899978637695,104.7200012207031,107.8899993896484,107.8899993896484,2226300.0,3.720441137737673,1.911125454651369,1.6969067566979674,2.2086584947930645,1.884611117770244,105.7219985961914,104.99899826049804,105.02133280436198,104.79733327229818,102.99040000915528,105.84599203314691,105.54983540419344,105.17953117016656,104.58160589406847,103.87144409838244,105.49498764889456,105.2370311494785,0.2579564994160535,0.1868590096529475,0.398554367975153,-0.398554367975153,0.398554367975153,0.398554367975153,-0.398554367975153,0.398554367975153,0.398554367975153,0.398554367975153,0.398554367975153,1.8700027465821023,2.727500915527356,107.9899978637695,100.01699645996092,100.5699966430664,101.12299682617186,1.0,0.9997873332658467,-3.720441137737673,-1.0,3.720441137737673,1.0035206872469111,1.0,3.720441137737673,0.768297480438213,-1.0,-3.720441137737673,0.0,0.0,0.0,0.0,0.0,0.0,0.0,-3.720441137737673,-1
2024-03-28,107.8399963378906,109.4100036621094,107.5400009155273,108.3199996948242,108.3199996948242,1718000.0,0.398554367975153,1.9098539591191688,1.518825250780293,2.113629988168884,1.846659959776611,106.15199890136716,105.31799850463868,105.1043327331543,104.78416659037272,103.17860000610352,106.67066125370602,106.05350163885356,105.38214204272514,104.70417618261786,103.95953430821297,105.92960488672988,105.46539918987447,0.4642056968554158,0.2423283470934411,-1.1816827759445283,-1.1816827759445283,-1.1816827759445283,-1.1816827759445283,1.1816827759445283,-1.1816827759445283,-1.1816827759445283,-1.1816827759445283,-1.1816827759445283,3.060005187988196,2.735000991821296,109.4100036621094,101.98949584960933,102.5349960327148,103.08049621582026,0.0,1.0020328921361106,0.398554367975153,1.0,-0.398554367975153,1.0063707150292716,1.0,0.398554367975153,0.7185861571239854,-1.0,-0.398554367975153,0.0,0.0,0.0,0.0,0.0,0.0,0.0,-0.398554367975153,1
2024-04-01,108.120002746582,109.620002746582,106.5599975585938,107.0400009155273,107.0400009155273,2229700.0,-1.1816827759445283,2.0065038432973576,1.536431591127274,2.1124154938793143,1.7931211798207771,106.4459991455078,105.61499862670898,105.1533327738444,104.81466662089028,103.3384999847412,106.79377447431312,106.23286514370332,105.48910067968012,104.7807606000903,104.02053364697166,106.10043504500642,105.58203635473764,0.518398690268782,0.2975424157285093,-0.3830377976480645,-0.3830377976480645,-0.3830377976480645,-0.3830377976480645,0.3830377976480645,-0.3830377976480645,-0.3830377976480645,-0.3830377976480645,-0.3830377976480645,1.3499984741210938,2.701000976562505,109.620002746582,103.39300148010255,103.9400016784668,104.48700187683109,0.0,1.0043904062827709,-1.1816827759445283,1.0,-1.1816827759445283,1.0070506285410628,1.0,-1.1816827759445283,0.7273339906751568,-1.0,1.1816827759445283,1.0,0.0,1.0,0.967221439,0.484498317,0.994735897,0.5110367575,-1.1816827759445283,-1
2024-04-02,105.7900009155273,107.129997253418,105.7799987792969,106.629997253418,106.629997253418,1766100.0,-0.3830377976480645,1.987173474718556,1.4962107531479605,2.085990702119672,1.776011041816919,106.77999877929685,105.96899871826174,105.24933268229168,104.8714998881022,103.5047999572754,106.7391820673481,106.30507098183328,105.56270691024386,104.84139131003548,104.07220619363396,106.18190615399284,105.65966308797324,0.5222430660195982,0.3424825457867271,0.2907298095970445,0.2907298095970445,0.2907298095970445,0.2907298095970445,-0.2907298095970445,0.2907298095970445,0.2907298095970445,0.2907298095970445,0.2907298095970445,2.5699996948242045,2.636000823974615,107.129997253418,103.67780059814449,104.218000793457,104.75820098876947,1.0,1.006837725405276,-0.3830377976480645,1.0,-0.3830377976480645,1.007032446337518,1.0,-0.3830377976480645,0.717266261842678,-1.0,0.3830377976480645,1.0,0.0,0.0,0.893571198,0.893571198,0.089443699,0.089443699,0.3830377976480645,1
2024-04-03,105.4000015258789,107.2399978637695,104.6699981689453,106.9400024414062,106.9400024414062,1462000.0,0.2907298095970445,1.8714522039784696,1.496034350036297,1.8027641686740823,1.776237468205683,107.3639999389648,106.30999908447264,105.3499994913737,104.93266665140789,103.68059997558592,106.80612219203414,106.420513065392,105.65156468644788,104.9101982323755,104.1289942381443,106.29853635205642,105.75450304007936,0.5440333119770457,0.3827926990247909,-2.057232585946593,-2.057232585946593,-2.057232585946593,-2.057232585946593,2.057232585946593,-2.057232585946593,-2.057232585946593,-2.057232585946593,-2.057232585946593,4.230003356933608,2.6000011444091853,107.2399978637695,101.33079544067384,101.85799560546876,102.38519577026368,0.0,1.0091124783838044,0.2907298095970445,1.0,0.2907298095970445,1.0072781541970173,1.0,0.2907298095970445,0.8298558269752041,-1.0,-0.2907298095970445,0.0,0.0,0.0,0.0,0.0,0.0,0.0,0.2907298095970445,1
2024-04-04,108.5599975585938,108.9000015258789,104.6699981689453,104.7399978637695,104.7399978637695,2230200.0,-2.057232585946593,1.036648202734865,1.5493481470816568,1.637338018657417,1.7628493251704864,106.73399963378904,106.22799911499024,105.39066619873049,104.91049995422364,103.84899993896484,106.1174140826126,106.11496484691516,105.59275392369445,104.9046178924212,104.14109331983984,106.05876120001228,105.67935450850086,0.37940669151142,0.3821154975221167,0.7065166204476937,0.7065166204476937,0.7065166204476937,0.7065166204476937,-0.7065166204476937,0.7065166204476937,0.7065166204476937,0.7065166204476937,-0.7065166204476937,1.5900039672850994,2.501501464843756,108.9000015258789,101.5199953460693,102.03999557495112,102.55999580383298,1.0,1.0079450386496356,-2.057232585946593,1.0,-2.057232585946593,1.0049455185494838,1.0,-2.057232585946593,0.9462604113670371,-1.0,2.057232585946593,0.0,0.0,0.0,0.0,0.0,0.0,0.0,-2.057232585946593,1
2024-04-05,104.8600006103516,105.7200012207031,104.129997253418,105.4800033569336,105.4800033569336,1392500.0,0.7065166204476937,1.1159268036096754,1.555820817206604,1.4740061819619004,1.755508221260219,106.16600036621092,106.15899963378904,105.40899963378908,104.92549997965494,104.03879997253418,105.9049438407196,105.99951730328216,105.58547969358084,104.92348298961834,104.1676063898813,105.96972153184632,105.66458775653292,0.3051337753134078,0.366719153080375,-1.270386731739818,-1.270386731739818,-1.270386731739818,-1.270386731739818,1.270386731739818,1.270386731739818,-1.270386731739818,-1.270386731739818,1.270386731739818,2.0699996948241903,2.496001434326176,105.7200012207031,103.39669830322264,103.8969985961914,104.39729888916014,0.0,1.0071151419955184,-0.7065166204476937,1.0,0.7065166204476937,1.0039213498949184,1.0,0.7065166204476937,1.0555049471609463,1.0,-0.7065166204476937,0.0,0.0,0.0,0.0,0.0,0.0,0.0,0.7065166204476937,1
2024-04-08,102.870002746582,104.8899993896484,102.8199996948242,104.1399993896484,104.1399993896484,2643000.0,-1.270386731739818,1.129599084082094,1.5969836826533033,1.469511924226764,1.763213349416951,105.58600006103514,106.01599960327148,105.41866633097332,104.92233327229818,104.17989997863768,105.31662902369588,105.66142313716692,105.49222289977877,104.89779500273409,104.16705971660936,105.68822581766204,105.55165528491185,0.1365705327501842,0.3206894290143369,-2.6502805381280403,2.6502805381280403,2.6502805381280403,2.6502805381280403,-2.6502805381280403,-2.6502805381280403,2.6502805381280403,2.6502805381280403,-2.6502805381280403,2.259994506835909,2.49100112915039,104.8899993896484,100.22879806518552,100.72799835205076,101.22719863891598,1.0,1.0056662950982775,1.270386731739818,1.0,-1.270386731739818,1.0016039119542386,1.0,-1.270386731739818,1.0867442831357854,1.0,-1.270386731739818,0.0,0.0,1.0,0.003679532,0.003679532,0.992835343,0.992835343,-1.270386731739818,1
