Date_TER_L01d,Open_TER_L01d,High_TER_L01d,Low_TER_L01d,Close_TER_L01d,Adj Close_TER_L01d,Volume_TER_L01d,Daily_Return_TER_L01d,Vol5_TER_L01d,Vol10_TER_L01d,Vol20_TER_L01d,Vol60_TER_L01d,SMA5_TER_L01d,SMA10_TER_L01d,SMA30_TER_L01d,SMA60_TER_L01d,SMA100_TER_L01d,EMA5_TER_L01d,EMA10_TER_L01d,EMA30_TER_L01d,EMA60_TER_L01d,EMA100_TER_L01d,Short12_TER_L01d,Long26_TER_L01d,MACD_TER_L01d,SIGNAL9_TER_L01d,Ret5/10_TER_L01d,Ret10/30_TER_L01d,Ret30/60_TER_L01d,Ret30/100_TER_L01d,Emaret5/10_TER_L01d,Emaret10/30_TER_L01d,Emaret30/60_TER_L01d,Emaret30/100_TER_L01d,RetMACD_TER_L01d,DayRange_TER_L01d,average20r_TER_L01d,PRVHI_TER_L01d,HitLevel_TER_L01d,hitlevel_2_TER_L01d,hitlevel_1.8_TER_L01d,positive_return_dummy,sma_ratio_L01d,RetMACD_L01d,R_sma_ratio_L01d,ret_sma_ratio_L01d,ema_ratio_L01d,R_ema_ratio_L01d,ret_ema_ratio_L01d,volatility_ratio_L01d,R_vol_ratio_L01d,ret_vol_ratio_L01d,negative_L01d,neutral_L01d,positive_L01d,negative_max_L01d,negative_avg_L01d,positive_max_L01d,positive_avg_L01d,ret_best,best
2024-01-03,102.7099990844727,103.0899963378906,101.0800018310547,101.75,101.75,1376800.0,-2.8825014220006344,1.6356320639989104,2.185742999804586,2.589581043090907,2.130849585329035,107.2459991455078,107.02899856567385,98.98866678873698,94.71599985758463,97.16150009155274,105.59116636479872,105.59483518144036,100.775962615127,98.34527558912288,98.3028321933197,105.14111444544751,101.53852430437632,3.602590141071204,3.925217790889983,-0.1670743675138066,-0.1670743675138066,-0.1670743675138066,0.1670743675138066,0.1670743675138066,0.1670743675138066,-0.1670743675138066,-0.1670743675138066,0.1670743675138066,2.580001831054716,2.3799995422363294,103.0899963378906,101.8300008392334,102.30000076293943,102.7700006866455,0.0,1.002027493321829,-2.8825014220006344,1.0,-2.8825014220006344,1.0478176783556719,1.0,-2.8825014220006344,0.8440527496276762,-1.0,2.8825014220006344,0.0,0.0,0.0,0.0,0.0,0.0,0.0,,1
2024-01-04,100.1900024414062,102.5299987792969,99.9499969482422,101.5800018310547,101.5800018310547,1441900.0,-0.1670743675138066,1.4873030294725218,2.164768686573727,2.5258776999236625,2.1200392146822664,105.41199951171876,106.5989990234375,99.27200012207032,94.75816650390624,97.16000007629394,104.25411152021738,104.86486548137024,100.8278361129288,98.451332187219,98.36772664159167,104.59325096631017,101.54159671375989,3.0516542525502786,3.750505083222042,-1.1714853224662016,1.1714853224662016,1.1714853224662016,-1.1714853224662016,-1.1714853224662016,-1.1714853224662016,1.1714853224662016,1.1714853224662016,-1.1714853224662016,1.5999984741210938,2.353999710083009,102.5299987792969,97.85399734497068,98.32999725341794,98.8059971618652,1.0,0.988864815593083,0.1670743675138066,-1.0,-0.1670743675138066,1.0400388377265175,1.0,-0.1670743675138066,0.8570362241367232,-1.0,0.1670743675138066,0.0,0.0,0.0,0.0,0.0,0.0,0.0,-0.1670743675138066,1
2024-01-05,101.6999969482422,103.1699981689453,101.5699996948242,102.7699966430664,102.7699966430664,1404500.0,1.1714853224662016,1.915034198568836,2.1201674360521485,2.52530624538924,2.123987324269687,103.87799835205078,106.514998626709,99.63899993896484,94.81116650899251,97.14030006408692,103.75940656116704,104.48398023804226,100.95313679229253,98.59292774314842,98.45490030498722,104.31275030119572,101.63258930111591,2.6801610000798064,3.536436266593595,-3.0359081915884114,3.0359081915884114,3.0359081915884114,-3.0359081915884114,-3.0359081915884114,-3.0359081915884114,3.0359081915884114,3.0359081915884114,-3.0359081915884114,2.9700012207030966,2.4064998626708984,103.1699981689453,97.35119941711427,97.82199935913088,98.29279930114748,1.0,0.9752429206341182,-1.1714853224662016,-1.0,-1.1714853224662016,1.03497507415757,1.0,1.1714853224662016,0.8395684443909316,-1.0,-1.1714853224662016,0.0,0.0,0.0,0.0,0.0,0.0,0.0,1.1714853224662016,1
2024-01-08,103.1800003051758,106.0400009155273,103.0699996948242,105.8899993896484,105.8899993896484,1421600.0,3.0359081915884114,2.729970764208205,2.145210459698061,2.575683240523668,2.1580412346806974,103.35199890136718,106.44499893188475,100.08733317057292,94.91666653951008,97.18050003051758,104.46960417066084,104.73962008378882,101.27164405663808,98.83217599385334,98.602129989832,104.55540400711152,101.9479530113776,2.6074509957339416,3.3506392124216644,0.6138460002129672,-0.6138460002129672,-0.6138460002129672,0.6138460002129672,0.6138460002129672,0.6138460002129672,-0.6138460002129672,-0.6138460002129672,0.6138460002129672,1.6399993896483949,2.4019996643066386,106.0400009155273,97.87569847106931,98.3569984436035,98.83829841613768,0.0,0.970942739804086,-3.0359081915884114,-1.0,-3.0359081915884114,1.0342442947328,1.0,3.0359081915884114,0.8328704500410204,-1.0,-3.0359081915884114,0.0,0.0,1.0,0.001417627,0.001417627,0.995720446,0.995720446,3.0359081915884114,1
2024-01-09,104.3600006103516,105.8000030517578,104.1600036621094,105.2399978637695,105.2399978637695,1055100.0,-0.6138460002129672,2.19336901621838,2.119910334553317,2.58212383949466,2.1598293630828627,103.44599914550778,106.20599899291992,100.51233317057292,95.01416651407878,97.22040000915528,104.72640206836374,104.83059786196712,101.5276668829046,99.04226851417846,98.73357291802876,104.66072613890506,102.19180818562884,2.468917953276218,3.174294960592575,0.342075843461644,-0.342075843461644,-0.342075843461644,0.342075843461644,0.342075843461644,0.342075843461644,-0.342075843461644,-0.342075843461644,0.342075843461644,2.209999084472699,2.31349983215332,105.8000030517578,100.7556016540527,101.23600158691404,101.71640151977536,0.0,0.974012768830543,0.6138460002129672,-1.0,0.6138460002129672,1.0325323242468667,1.0,-0.6138460002129672,0.8209948346118823,-1.0,0.6138460002129672,0.0,0.0,0.0,0.0,0.0,0.0,0.0,-0.6138460002129672,1
2024-01-10,105.4599990844727,105.5,103.2900009155273,104.879997253418,104.879997253418,1148100.0,-0.342075843461644,1.5172468242724466,1.8909856852891933,2.399925548976253,2.0983554328752505,104.07199859619138,105.65899887084962,100.94399973551432,95.1688331604004,97.26299995422364,104.77760046338184,104.83957956950364,101.7439462616474,99.2336694564486,98.85528429100675,104.69446015652244,102.39093330176138,2.30352685476106,3.000141339426272,-0.2097647086808317,0.2097647086808317,0.2097647086808317,-0.2097647086808317,-0.2097647086808317,-0.2097647086808317,0.2097647086808317,0.2097647086808317,-0.2097647086808317,2.7200012207030966,2.395499801635741,105.5,100.7103034210205,101.17300338745116,101.63570335388182,1.0,0.9849799800147825,0.342075843461644,-1.0,0.342075843461644,1.0304257247885338,1.0,-0.342075843461644,0.7879351449447419,-1.0,0.342075843461644,0.0,0.0,0.0,0.0,0.0,0.0,0.0,-0.342075843461644,1
2024-01-11,104.8300018310547,105.6800003051758,102.9599990844727,105.0999984741211,105.0999984741211,1803500.0,0.2097647086808317,1.4774055792017586,1.883930780702609,2.3925993280732025,2.0915374751930105,104.77599792480468,105.09399871826172,101.40599975585936,95.30383313496908,97.30339996337892,104.8850664669616,104.88692846125224,101.96046575922637,99.42600811276571,98.9789419976031,104.75685066692223,102.59160479601024,2.1652458709119884,2.833162245723416,0.2759285630234278,-0.2759285630234278,-0.2759285630234278,0.2759285630234278,0.2759285630234278,0.2759285630234278,-0.2759285630234278,-0.2759285630234278,0.2759285630234278,2.5100021362303977,2.3465000152587843,105.6800003051758,100.22990043640137,100.70900039672853,101.18810035705566,0.0,0.9969741298519857,-0.2097647086808317,-1.0,-0.2097647086808317,1.0287019354044198,1.0,0.2097647086808317,0.7873991932530416,-1.0,-0.2097647086808317,0.0,0.0,1.0,0.011611592,0.011611592,0.815428615,0.815428615,0.2097647086808317,1
2024-01-12,105.0,106.120002746582,103.6100006103516,104.8099975585938,104.8099975585938,1191100.0,-0.2759285630234278,1.5016326897903935,1.883984312372209,2.3735705236039832,2.090575360566782,105.18399810791016,104.53099822998048,101.80766626993815,95.44199981689454,97.32409996032716,104.86004349750569,104.87294102440524,102.14430652047588,99.60253235689125,99.0944084443554,104.76502711179478,102.75593018583126,2.0090969259635187,2.668349181771436,-0.6869585320815365,-0.6869585320815365,-0.6869585320815365,0.6869585320815365,0.6869585320815365,0.6869585320815365,-0.6869585320815365,-0.6869585320815365,0.6869585320815365,2.099998474121108,2.142999649047846,106.120002746582,100.51770027160649,100.98700027465824,101.45630027771,0.0,1.0062469496033415,0.2759285630234278,1.0,0.2759285630234278,1.0267135251770727,1.0,-0.2759285630234278,0.7937342891803375,-1.0,0.2759285630234278,0.0,0.0,1.0,0.002227599,0.002227599,0.986221433,0.986221433,-0.2759285630234278,1
2024-01-16,103.9899978637695,105.3099975585938,103.2099990844727,104.0899963378906,104.0899963378906,1671000.0,-0.6869585320815365,0.3541561055066111,1.8362802704755377,1.7126696995953137,2.0638146340275534,104.8239974975586,104.08799819946287,102.20299936930338,95.60883305867512,97.33749992370603,104.60336111096731,104.73058744503894,102.26983489579295,99.7496623234814,99.19333097690064,104.66117622350184,102.8547499007986,1.806426322703217,2.495964609957793,-1.1816656458957444,-1.1816656458957444,-1.1816656458957444,1.1816656458957444,1.1816656458957444,1.1816656458957444,-1.1816656458957444,-1.1816656458957444,1.1816656458957444,2.25,2.1479995727539007,105.3099975585938,101.40540351867674,101.83400344848631,102.26260337829588,0.0,1.0070709333528092,0.6869585320815365,1.0,-0.6869585320815365,1.024061372072746,1.0,-0.6869585320815365,1.0721742031808188,1.0,0.6869585320815365,0.0,0.0,0.0,0.0,0.0,0.0,0.0,-0.6869585320815365,1
2024-01-17,102.4800033569336,103.0,100.75,102.8600006103516,102.8600006103516,1366100.0,-1.1816656458957444,0.5168601332329134,1.5314393920177545,1.731156338419018,2.0608345121262106,104.34799804687502,103.8969985961914,102.50299936930338,95.77749977111816,97.31289993286131,104.02224094409544,104.39048074782303,102.30791010318384,99.85164062796892,99.26593829637493,104.3840722830172,102.85513884224696,1.528933440770217,2.302558376120277,3.0721330098813806,3.0721330098813806,3.0721330098813806,-3.0721330098813806,-3.0721330098813806,-3.0721330098813806,3.0721330098813806,3.0721330098813806,-3.0721330098813806,2.090003967285199,2.1609996795654256,103.0,100.58439849853522,101.013998413086,101.4435983276368,1.0,1.0043408323318028,1.1816656458957444,1.0,-1.1816656458957444,1.0203559103351714,1.0,-1.1816656458957444,0.8846337895838712,-1.0,-1.1816656458957444,0.0,0.0,0.0,0.0,0.0,0.0,0.0,-1.1816656458957444,1
2024-01-18,104.8000030517578,106.4300003051758,104.3399963378906,106.0199966430664,106.0199966430664,2416600.0,3.0721330098813806,1.670903501043366,1.5185858559858556,1.870802393595184,2.086918224020997,104.57599792480468,104.32399826049804,102.93166580200196,96.01549975077312,97.35199989318848,104.6881595104191,104.68675636514,102.5473995573698,100.0538818087918,99.39968202601236,104.635752953794,103.0895727534188,1.546180200375204,2.1512827409712627,2.54669370225194,2.54669370225194,2.54669370225194,-2.54669370225194,-2.54669370225194,2.54669370225194,2.54669370225194,2.54669370225194,-2.54669370225194,3.440002441406307,2.259999847412111,106.4300003051758,98.24580070495608,98.67800064086914,99.11020057678223,1.0,1.0024155483734183,-3.0721330098813806,1.0,3.0721330098813806,1.0208621263630713,1.0,3.0721330098813806,0.8117296948009233,-1.0,-3.0721330098813806,0.0,0.0,0.0,0.0,0.0,0.0,0.0,3.0721330098813806,1
2024-01-19,107.2399978637695,109.0800018310547,105.6399993896484,108.7200012207031,108.7200012207031,1934500.0,2.54669370225194,1.965573479520456,1.6392695661070529,1.9501612401461763,2.101820600325028,105.2999984741211,105.03799819946288,103.5143325805664,96.3121664683024,97.40139991760252,106.03210674718044,105.42007361160604,102.94563192274616,100.3380168714774,99.58424280214484,105.2640988410108,103.5066415287732,1.7574573122376052,2.0725176552245315,1.2601132282976997,1.2601132282976997,1.2601132282976997,-1.2601132282976997,-1.2601132282976997,1.2601132282976997,1.2601132282976997,1.2601132282976997,-1.2601132282976997,2.970001220703196,2.2419998168945354,109.0800018310547,101.45800064086916,101.91000061035156,102.362000579834,1.0,1.0024943380409888,-2.54669370225194,1.0,2.54669370225194,1.0240363932169243,1.0,2.54669370225194,0.840581554161224,-1.0,-2.54669370225194,0.0,0.0,0.0,0.0,0.0,0.0,0.0,2.54669370225194,1
2024-01-22,110.0,111.9599990844727,108.9899978637695,110.0899963378906,110.0899963378906,1827700.0,1.2601132282976997,1.894672023544888,1.6423772891232014,1.8868945134309203,2.1045891960102,106.35599822998049,105.7699981689453,104.143332417806,96.62016639709472,97.4565998840332,107.3847366107505,106.26915047093048,103.4065586592071,100.65775390316308,99.79227752562495,106.00654460976152,103.99429744055966,2.01224716920187,2.0604635580199995,1.0446012936082736,1.0446012936082736,1.0446012936082736,-1.0446012936082736,-1.0446012936082736,1.0446012936082736,1.0446012936082736,1.0446012936082736,-1.0446012936082736,2.1200027465821023,2.28100013732911,111.9599990844727,104.14760223388672,104.59600219726563,105.04440216064454,1.0,1.005540324016071,-1.2601132282976997,1.0,1.2601132282976997,1.027682884420876,1.0,1.2601132282976997,0.8704128807587045,-1.0,-1.2601132282976997,0.0,0.0,1.0,0.032535024,0.032535024,0.627257884,0.627257884,1.2601132282976997,1
2024-01-23,110.5999984741211,111.5100021362305,109.3899993896484,111.2399978637695,111.2399978637695,1173300.0,1.0446012936082736,1.651399683883377,1.4357342074286492,1.7987256439831476,2.0266841823321475,107.78599853515624,106.30499801635742,104.76433232625324,97.00899963378906,97.49529983520507,108.66982369509016,107.17294090599212,103.911941833695,101.0047127215436,100.01896505707336,106.81169126422432,104.53101599042706,2.280675273797243,2.104505901175448,-0.5124053449931354,-0.5124053449931354,-0.5124053449931354,0.5124053449931354,0.5124053449931354,-0.5124053449931354,-0.5124053449931354,-0.5124053449931354,-0.5124053449931354,3.139999389648395,2.3745002746582093,111.5100021362305,106.94179878234866,107.39799880981448,107.85419883728032,0.0,1.0139316170117507,-1.0446012936082736,1.0,1.0446012936082736,1.031382332143462,1.0,1.0446012936082736,0.7981952179484804,-1.0,-1.0446012936082736,0.0,0.0,0.0,0.0,0.0,0.0,0.0,1.0446012936082736,-1
2024-01-24,112.0500030517578,113.5999984741211,110.4599990844727,110.6699981689453,110.6699981689453,1920900.0,-0.5124053449931354,1.4035935539381932,1.427297796235938,1.7969939724890494,1.9753292839227683,109.34799804687498,106.847998046875,105.3769989013672,97.43483289082845,97.52829978942871,109.33654851970854,107.80876949925631,104.3479454682273,101.32160732637644,100.2298766038431,107.4052769418737,104.98575541105804,2.4195215308156435,2.167509027103488,-0.6505839275464391,-0.6505839275464391,-0.6505839275464391,0.6505839275464391,0.6505839275464391,-0.6505839275464391,-0.6505839275464391,-0.6505839275464391,-0.6505839275464391,2.9499969482422017,2.383500289917,113.5999984741211,106.28610153198244,106.76100158691408,107.23590164184571,0.0,1.0233977242971197,-0.5124053449931354,1.0,-0.5124053449931354,1.0331661923528987,1.0,-0.5124053449931354,0.7942696626071382,-1.0,0.5124053449931354,0.0,0.0,1.0,0.203398198,0.203398198,0.790945649,0.790945649,0.5124053449931354,1
2024-01-25,112.6800003051758,112.7099990844727,109.7600021362305,109.9499969482422,109.9499969482422,2007700.0,-0.6505839275464391,1.3350709565090952,1.4509816492048624,1.7147879087697997,1.9640113500204075,110.13399810791012,107.35499801635744,105.8176653544108,97.86999956766763,97.54909973144532,109.54103132921978,108.19808358089011,104.7093681443573,101.60450534676548,100.42235423442526,107.79677232746886,105.35347700640504,2.443295321063829,2.222666285895556,-4.083672567888403,-4.083672567888403,-4.083672567888403,-4.083672567888403,4.083672567888403,-4.083672567888403,-4.083672567888403,-4.083672567888403,-4.083672567888403,4.0,2.510500335693365,112.7099990844727,108.3562978363037,108.83299789428708,109.3096979522705,0.0,1.025886080228228,-0.6505839275464391,1.0,-0.6505839275464391,1.0333180831702002,1.0,-0.6505839275464391,0.8461580827484411,-1.0,0.6505839275464391,0.0,0.0,0.0,0.0,0.0,0.0,0.0,-0.6505839275464391,-1
2024-01-26,108.7399978637695,108.8199996948242,104.8199996948242,105.4599990844727,105.4599990844727,2095700.0,-4.083672567888403,2.139524873180417,2.051584014289366,1.9383761849877736,2.0471480719737745,109.48199768066408,107.39099807739258,106.12166544596354,98.23666623433432,97.51909973144532,108.18068724763742,107.70025003608694,104.7577959469454,101.73091497750998,100.52210957799056,107.4372687516233,105.36136753070632,2.075901220916961,2.193313272899837,0.5784189414442339,0.5784189414442339,0.5784189414442339,0.5784189414442339,-0.5784189414442339,0.5784189414442339,0.5784189414442339,0.5784189414442339,-0.5784189414442339,2.25,2.56000022888184,108.8199996948242,107.1868983459473,107.68899841308595,108.19109848022464,1.0,1.0194709020374744,-4.083672567888403,1.0,-4.083672567888403,1.0280881633919805,1.0,-4.083672567888403,1.0584034359162882,1.0,4.083672567888403,0.0,0.0,0.0,0.0,0.0,0.0,0.0,4.083672567888403,1
2024-01-29,104.2099990844727,106.3399963378906,104.0899963378906,106.0699996948242,106.0699996948242,1720900.0,0.5784189414442339,2.010087371463705,2.0541409465282405,1.9466158119978625,2.0455299689311457,108.67799835205078,107.51699829101562,106.38533198038736,98.61666628519694,97.51359970092771,107.477124730033,107.40384088313009,104.84245425326016,101.8731800502088,100.63196878822488,107.22691966596189,105.41385880212248,1.8130608638394108,2.117262791087752,-1.3953081561155376,-1.3953081561155376,-1.3953081561155376,-1.3953081561155376,1.3953081561155376,-1.3953081561155376,-1.3953081561155376,-1.3953081561155376,1.3953081561155376,2.1200027465819886,2.5515003204345748,106.3399963378906,103.18799919128416,103.69999923706052,104.2119992828369,0.0,1.0107982931023862,-0.5784189414442339,1.0,0.5784189414442339,1.0244308152466803,1.0,0.5784189414442339,1.0552369573223708,1.0,0.5784189414442339,0.0,1.0,0.0,0.006031981,0.006031981,0.038444743,0.038444743,0.5784189414442339,-1
2024-01-30,104.8899993896484,106.4400024414062,104.3199996948242,104.5899963378906,104.5899963378906,2111100.0,-1.3953081561155376,1.752877874301889,2.097530351631446,1.933656938241101,2.054732099023269,107.347998046875,107.56699829101562,106.35866521199544,98.98049952189128,97.5036996459961,106.51474859931888,106.8922327839956,104.82616664581698,101.96225599406722,100.71034557138655,106.82123915395093,105.35283195292013,1.4684072010308,1.9874916730763617,7.648915078030032,-7.648915078030032,-7.648915078030032,-7.648915078030032,7.648915078030032,7.648915078030032,-7.648915078030032,-7.648915078030032,7.648915078030032,6.5,2.7085002899169943,106.4400024414062,100.72669563293454,101.23699569702144,101.74729576110836,0.0,0.9979640573073525,1.3953081561155376,-1.0,-1.3953081561155376,1.0197094504577218,1.0,-1.3953081561155376,1.0847479251099257,1.0,-1.3953081561155376,0.0,0.0,0.0,0.0,0.0,0.0,0.0,1.3953081561155376,1
2024-01-31,95.48999786376952,98.79000091552734,92.29000091552734,96.58999633789062,96.58999633789062,6316100.0,-7.648915078030032,3.280193413492074,3.2214751214802155,2.4637524569151337,2.2565812409516512,104.53199768066406,106.93999786376952,106.07299830118816,99.15866610209147,97.47269958496094,103.20649784550947,105.01909888470378,104.29480081949916,101.78611633320897,100.62875449745596,105.24720179763396,104.70373301847349,0.5434687791604631,1.698687094293182,1.50118749686025,-1.50118749686025,-1.50118749686025,-1.50118749686025,1.50118749686025,1.50118749686025,-1.50118749686025,-1.50118749686025,1.50118749686025,3.7599945068359375,2.7960002899169965,98.79000091552734,100.4813018035888,101.0230018615722,101.5647019195556,0.0,0.9774826984177333,7.648915078030032,-1.0,7.648915078030032,1.0069447188116132,1.0,-7.648915078030032,1.307548212661684,1.0,-7.648915078030032,0.0,0.0,0.0,0.0,0.0,0.0,0.0,-7.648915078030032,1
2024-02-01,97.12999725341795,97.12999725341795,93.37000274658205,95.13999938964844,95.13999938964844,2896400.0,-1.50118749686025,3.171477059611573,2.9595463702479994,2.408535199293544,2.2537047523933382,101.56999816894532,105.85199813842772,105.7349983215332,99.28266614278158,97.427099609375,100.51766502688916,103.2228989765119,103.7041684691862,101.5682108596496,100.52006627749935,103.6922475810208,103.99530830522718,-0.3030607242063894,1.2983375305932676,-1.2928351532735267,1.2928351532735267,1.2928351532735267,1.2928351532735267,-1.2928351532735267,-1.2928351532735267,-1.2928351532735267,1.2928351532735267,-1.2928351532735267,2.8199996948242188,2.8080001831054715,97.12999725341795,92.63880027770996,93.19800033569337,93.75720039367675,1.0,0.9595472920229373,1.50118749686025,-1.0,1.50118749686025,0.9953592078334123,-1.0,-1.50118749686025,1.2287743899761459,1.0,-1.50118749686025,0.0,2.0,0.0,0.001614914,0.001614914,0.004580667,0.004580667,-1.50118749686025,-1
2024-02-02,94.9499969482422,96.69000244140624,93.87000274658205,96.37000274658205,96.37000274658205,1809000.0,1.2928351532735267,3.5236395657528763,2.813859197603801,2.434977513295277,2.258136785190016,99.75199890136716,104.61699829101562,105.41799850463867,99.4286661783854,97.40179962158204,99.13511093345345,101.97691784379737,103.23099648708272,101.39777780676216,100.43788680163962,102.56574837572252,103.43047085643865,-0.8647224807161251,0.865725528331389,0.1245229253521915,0.1245229253521915,-0.1245229253521915,-0.1245229253521915,0.1245229253521915,0.1245229253521915,0.1245229253521915,-0.1245229253521915,0.1245229253521915,2.529998779296875,2.854500198364261,96.69000244140624,90.95239685058591,91.51399688720704,92.07559692382812,0.0,0.9534970466642966,-1.2928351532735267,-1.0,-1.2928351532735267,0.9878517239398897,-1.0,-1.2928351532735267,1.1555996645717603,1.0,1.2928351532735267,1.0,0.0,0.0,0.993540585,0.993540585,0.005452606,0.005452606,-1.2928351532735267,-1
2024-02-05,96.30999755859376,97.16999816894533,94.63999938964844,96.25,96.25,1957800.0,-0.1245229253521915,3.4207924537793666,2.7137369814086925,2.4127482883137352,2.255788504983302,97.78799896240234,103.23299865722656,105.17266515096028,99.58233286539712,97.38599960327149,98.17340728896896,100.93566005401604,102.78060961694835,101.22899820654044,100.354958350122,101.59409477945752,102.89858412633208,-1.3044893468745613,0.431682553290199,-1.5584415584415583,-1.5584415584415583,1.5584415584415583,1.5584415584415583,-1.5584415584415583,-1.5584415584415583,-1.5584415584415583,1.5584415584415583,-1.5584415584415583,1.55999755859375,2.784000015258793,97.16999816894533,90.41010200500487,90.98100204467772,91.5519020843506,1.0,0.9472552404207135,0.1245229253521915,-1.0,0.1245229253521915,0.9820496339746551,-1.0,0.1245229253521915,1.1247493136987439,1.0,-0.1245229253521915,0.0,0.0,0.0,0.0,0.0,0.0,0.0,0.1245229253521915,1
2024-02-06,96.66999816894533,97.79000091552734,96.2300033569336,97.75,97.75,1543200.0,1.5584415584415583,3.762421182675634,2.767399931607519,2.326343018237216,2.25913957222902,96.4199996948242,101.8839988708496,104.87799860636392,99.7718329111735,97.38689956665038,98.03227152597933,100.356449135104,102.45605415779042,101.11493269157192,100.30337501645624,101.00269558261787,102.51720752438156,-1.514511941763658,0.0424436542794277,0.2455221112731777,0.2455221112731777,-0.2455221112731777,-0.2455221112731777,0.2455221112731777,0.2455221112731777,0.2455221112731777,-0.2455221112731777,0.2455221112731777,2.3300018310546875,2.818500137329108,97.79000091552734,91.04519813537595,91.60199813842772,92.15879814147948,0.0,0.9463703894960809,-1.5584415584415583,-1.0,-1.5584415584415583,0.9795072625044405,-1.0,-1.5584415584415583,1.1895923816533787,1.0,1.5584415584415583,0.0,0.0,0.0,0.0,0.0,0.0,0.0,1.5584415584415583,1
2024-02-07,98.63999938964844,98.63999938964844,96.30999755859376,97.51000213623048,97.51000213623048,1380300.0,-0.2455221112731777,1.2487410132963013,2.7765612120537995,2.325791400697512,2.246141882804313,96.60400085449218,100.56799926757812,104.540665435791,99.98149960835777,97.38239959716798,97.85818172939638,99.838913317127,102.1369540273672,100.99673824713447,100.24806070199632,100.46535812932753,102.14630342155554,-1.6809452922280317,-0.3022341350220641,-0.9845134483039484,-0.9845134483039484,0.9845134483039484,0.9845134483039484,-0.9845134483039484,-0.9845134483039484,-0.9845134483039484,0.9845134483039484,-0.9845134483039484,2.1699981689453125,2.8165000915527387,98.63999938964844,91.58930061340332,92.15300064086912,92.71670066833497,1.0,0.9605838990339358,0.2455221112731777,-1.0,0.2455221112731777,0.9775003990267377,-1.0,0.2455221112731777,1.1938135170768542,1.0,-0.2455221112731777,0.0,0.0,0.0,0.0,0.0,0.0,0.0,-0.2455221112731777,1
2024-02-08,97.4000015258789,99.56999969482422,97.4000015258789,98.47000122070312,98.47000122070312,1887800.0,0.9845134483039484,0.8280909926610996,2.8608170130058728,2.3449952680008423,2.200972289968377,97.27000122070312,99.4199996948242,104.14466552734376,100.15399958292645,97.4121996307373,98.06212155983197,99.5900202086863,101.90037642693729,100.91389441020227,100.21285160335684,100.1583801433853,101.87398474001093,-1.7156045966256102,-0.5849082273427734,-3.899661105196909,-3.899661105196909,3.899661105196909,3.899661105196909,-3.899661105196909,-3.899661105196909,-3.899661105196909,3.899661105196909,-3.899661105196909,3.610000610351548,2.861000061035161,99.56999969482422,92.44369918823242,93.00699920654296,93.57029922485351,1.0,0.9783745878020456,-0.9845134483039484,-1.0,-0.9845134483039484,0.9773273043803963,-1.0,-0.9845134483039484,1.2199670728737886,1.0,0.9845134483039484,0.0,0.0,0.0,0.0,0.0,0.0,0.0,0.9845134483039484,1
2024-02-09,99.31999969482422,102.4199981689453,98.80999755859376,102.3099975585938,102.3099975585938,1653900.0,3.899661105196909,1.6812143475373331,3.0316234687565635,2.5244979772344007,2.237040826902729,98.45800018310548,99.10499954223631,103.8633321126302,100.41549949645996,97.46769958496094,99.47808022608592,100.08456154503313,101.92680359672156,100.95966828392004,100.2543792460348,100.48939820726352,101.90628198583188,-1.4168837785683337,-0.7513033375878855,-0.5864589168541109,-0.5864589168541109,0.5864589168541109,0.5864589168541109,-0.5864589168541109,-0.5864589168541109,-0.5864589168541109,0.5864589168541109,-0.5864589168541109,2.859992980957003,2.878499603271492,102.4199981689453,93.27579956054686,93.84799957275388,94.42019958496093,1.0,0.9934715769928933,-3.899661105196909,-1.0,-3.899661105196909,0.9819258331794907,-1.0,-3.899661105196909,1.2008817183041363,1.0,3.899661105196909,0.0,0.0,0.0,0.0,0.0,0.0,0.0,3.899661105196909,1
2024-02-12,102.25,104.7699966430664,101.9100036621094,102.9100036621094,102.9100036621094,1361900.0,0.5864589168541109,1.5657474802525224,3.03187162893087,2.528758514647721,2.1634046261646342,99.79000091552736,98.78899993896484,103.61233215332032,100.61983286539711,97.51889961242676,100.62205470476044,100.59827829359244,101.99023585900466,101.02361370615574,100.3069658681353,100.8617990464706,101.9806317396302,-1.1188326931596038,-0.8248092087022292,-3.886891320238865,3.886891320238865,-3.886891320238865,-3.886891320238865,3.886891320238865,-3.886891320238865,3.886891320238865,-3.886891320238865,3.886891320238865,2.5999984741210795,2.90349960327149,104.7699966430664,96.087299041748,96.66299896240233,97.2386988830566,0.0,1.0101327169743695,-0.5864589168541109,1.0,-0.5864589168541109,0.986352050726341,-1.0,-0.5864589168541109,1.1989565675681915,1.0,0.5864589168541109,0.0,0.0,0.0,0.0,0.0,0.0,0.0,0.5864589168541109,1
2024-02-13,99.36000061035156,100.0699996948242,97.47000122070312,98.91000366210938,98.91000366210938,1886300.0,-3.886891320238865,2.7986870222675275,3.231409116160053,2.6678950479955734,2.2263743619969443,100.02200164794924,98.22100067138672,103.29199905395508,100.7454995473226,97.54809967041017,100.05137102387675,100.29131926968644,101.79151120114044,100.954315016187,100.27930325019418,100.56152283349196,101.753177807962,-1.1916549744700404,-0.8981783618557915,2.6893094067630954,-2.6893094067630954,2.6893094067630954,2.6893094067630954,-2.6893094067630954,-2.6893094067630954,-2.6893094067630954,2.6893094067630954,-2.6893094067630954,1.7900009155274006,2.8804996490478603,100.0699996948242,98.38229751586913,98.96299743652342,99.54369735717772,1.0,1.0183362108332417,3.886891320238865,1.0,-3.886891320238865,0.9852621116068352,-1.0,3.886891320238865,1.2112204783272322,1.0,-3.886891320238865,0.0,0.0,1.0,0.00123375,0.00123375,0.996486068,0.996486068,-3.886891320238865,1
2024-02-14,100.1999969482422,101.8099975585938,100.0199966430664,101.5699996948242,101.5699996948242,1453900.0,2.6893094067630954,2.966861676314627,2.173856763610984,2.734076459749995,2.2472426579202525,100.834001159668,98.71900100708008,103.18533248901367,100.92599957784016,97.60769966125488,100.55758058085924,100.52380661971146,101.77722013621684,100.97450139909314,100.3048615956324,100.71667311985075,101.73960905884068,-1.0229359389899173,-0.9231298772826166,0.9746951528444778,-0.9746951528444778,0.9746951528444778,0.9746951528444778,-0.9746951528444778,0.9746951528444778,-0.9746951528444778,0.9746951528444778,-0.9746951528444778,2.25,2.8884994506836,101.8099975585938,93.7329004669189,94.30900039672848,94.88510032653804,1.0,1.0214244484953432,-2.6893094067630954,1.0,2.6893094067630954,0.9876847342182482,-1.0,-2.6893094067630954,0.7950972826157767,-1.0,2.6893094067630954,0.0,0.0,0.0,0.0,0.0,0.0,0.0,2.6893094067630954,-1
2024-02-15,103.5899963378906,103.9499969482422,101.6999969482422,102.5599975585938,102.5599975585938,2115900.0,0.9746951528444778,2.9667574509015475,2.0551598097216024,2.647819241350447,2.243282288467338,101.65200042724612,99.46100082397462,103.21233240763348,101.10049959818522,97.67929962158205,101.22505290677076,100.89402315405373,101.82772190540244,101.02648487973252,100.3495177533148,101.000261495042,101.80037857734092,-0.800117082298911,-0.8985273182858756,-0.312012190368359,0.312012190368359,-0.312012190368359,-0.312012190368359,0.312012190368359,-0.312012190368359,0.312012190368359,-0.312012190368359,-0.312012190368359,2.4700012207030966,2.8399993896484395,103.9499969482422,95.45529876708989,96.0329986572266,96.61069854736331,0.0,1.0220287307097293,-0.9746951528444778,1.0,0.9746951528444778,0.9908306035539505,-1.0,-0.9746951528444778,0.7761707361388556,-1.0,-0.9746951528444778,0.0,0.0,0.0,0.0,0.0,0.0,0.0,-0.9746951528444778,-1
2024-02-16,103.1699981689453,104.0999984741211,101.629997253418,102.2399978637695,102.2399978637695,1608800.0,-0.312012190368359,2.435728527756716,2.072633270107278,2.571691100304155,2.241304354274383,101.63800048828124,100.0480003356934,103.23433227539064,101.25316619873048,97.73729957580566,101.563367892437,101.13874582854748,101.85432035432936,101.06627219068454,100.38695300302676,101.19099016715391,101.8329429689282,-0.6419528017742806,-0.8472124149835567,-2.024647631137857,2.024647631137857,-2.024647631137857,-2.024647631137857,2.024647631137857,-2.024647631137857,2.024647631137857,-2.024647631137857,-2.024647631137857,2.970001220703182,2.839999389648439,104.0999984741211,97.70199829101564,98.26999816894532,98.837998046875,0.0,1.0158923731334246,-0.312012190368359,1.0,-0.312012190368359,0.9929745294721662,-1.0,0.312012190368359,0.8059417672138566,-1.0,0.312012190368359,0.0,0.0,0.0,0.0,0.0,0.0,0.0,0.312012190368359,1
2024-02-20,100.6100006103516,101.8099975585938,98.83999633789062,100.1699981689453,100.1699981689453,1446200.0,-2.024647631137857,2.558155280549612,2.228907187922175,2.573408096714361,2.249991163871352,101.08999938964844,100.44000015258791,103.1476656595866,101.39333279927573,97.78069953918455,101.09891131793978,100.962609890438,101.74565440688524,101.0368861571849,100.3826568676984,101.03391447512185,101.70976187263318,-0.6758473975113475,-0.812939411489115,-0.5889950570783992,0.5889950570783992,-0.5889950570783992,-0.5889950570783992,0.5889950570783992,-0.5889950570783992,0.5889950570783992,-0.5889950570783992,-0.5889950570783992,1.8000030517578125,2.8239994049072243,101.8099975585938,97.85199981689452,98.4199996948242,98.9879995727539,0.0,1.0064715176829258,-2.024647631137857,1.0,-2.024647631137857,0.9923039021075455,-1.0,2.024647631137857,0.8661304791758319,-1.0,2.024647631137857,0.0,0.0,1.0,0.317547888,0.317547888,0.563407779,0.563407779,-2.024647631137857,-1
2024-02-21,98.2699966430664,99.61000061035156,97.80999755859376,99.58000183105467,99.58000183105467,1110600.0,-0.5889950570783992,1.7760101696262212,2.210666795574907,2.549661307218412,2.2508333925933,101.2239990234375,100.62300033569338,102.93733240763346,101.51233278910318,97.81169952392578,100.59260815564475,100.71122660691374,101.60593488586392,100.9891194579675,100.36676270855696,100.8102356068038,101.5520018695533,-0.7417662627494792,-0.7987047817411879,2.9122328505265416,-2.9122328505265416,2.9122328505265416,2.9122328505265416,-2.9122328505265416,-2.9122328505265416,-2.9122328505265416,2.9122328505265416,2.9122328505265416,2.989997863769503,2.81649932861328,99.61000061035156,95.59719886779791,96.16199874877935,96.7267986297608,1.0,1.005972776460045,-0.5889950570783992,1.0,-0.5889950570783992,0.9911943305284753,-1.0,0.5889950570783992,0.8670433164264725,-1.0,0.5889950570783992,0.0,0.0,0.0,0.0,0.0,0.0,0.0,0.5889950570783992,1
2024-02-22,101.5100021362305,103.3399963378906,100.3499984741211,102.4800033569336,102.4800033569336,1858500.0,2.9122328505265416,1.8567300845202648,2.359275945683237,2.6627249385148084,2.278859920620824,101.40599975585936,101.1200004577637,102.84533259073892,101.67883288065592,97.83969955444336,101.2217398894077,101.0328223796446,101.66232640012647,101.03800089727788,100.40860905802975,101.06712295297764,101.62074272047036,-0.5536197674927195,-0.7496877788914943,-2.283376161820626,2.283376161820626,-2.283376161820626,-2.283376161820626,2.283376161820626,-2.283376161820626,2.283376161820626,-2.283376161820626,-2.283376161820626,2.690002441406193,2.8034996032714794,103.3399963378906,93.41370208740234,93.977001953125,94.54030181884764,0.0,1.0028283158307056,2.9122328505265416,1.0,2.9122328505265416,0.993807892827435,-1.0,-2.9122328505265416,0.8860381752383231,-1.0,-2.9122328505265416,0.0,0.0,0.0,0.0,0.0,0.0,0.0,2.9122328505265416,1
2024-02-23,102.4899978637695,102.7200012207031,100.0299987792969,100.1399993896484,100.1399993896484,1451200.0,-2.283376161820626,2.072638131797493,2.5098321248784274,2.6972559763583157,2.299075737010438,100.92200012207029,101.2870002746582,102.6873326619466,101.81566619873048,97.83649955749512,100.86115972282128,100.87049092691802,101.5641117542892,101.00855822489656,100.40329005469547,100.92448855861927,101.51105802929835,-0.5865694706790663,-0.7170641172490088,-2.0071920795700424,-2.0071920795700424,2.0071920795700424,2.0071920795700424,-2.0071920795700424,-2.0071920795700424,-2.0071920795700424,2.0071920795700424,2.0071920795700424,2.3699951171876137,2.72199935913086,102.7200012207031,97.17229721069334,97.73299713134764,98.29369705200192,1.0,0.996396377110605,-2.283376161820626,-1.0,-2.283376161820626,0.9931706110023466,-1.0,2.283376161820626,0.9305131388630984,-1.0,2.283376161820626,0.0,0.0,1.0,0.00356612,0.00356612,0.987957299,0.987957299,-2.283376161820626,1
2024-02-26,100.9000015258789,102.5599975585938,100.1900024414062,102.1500015258789,102.1500015258789,1272700.0,2.0071920795700424,2.354237653540713,2.258340554871918,2.6054145551838,2.3079356591253024,100.90400085449218,101.27100067138672,102.58899943033856,101.99749959309896,97.85129959106445,101.29077365717382,101.10312921763816,101.60191109439177,101.04598259542058,100.4378784006595,101.11302901512076,101.5583871771932,-0.4453581620724378,-0.6627229262136946,1.8404354916590144,1.8404354916590144,-1.8404354916590144,-1.8404354916590144,1.8404354916590144,-1.8404354916590144,1.8404354916590144,-1.8404354916590144,-1.8404354916590144,2.8700027465821023,2.752999496459965,102.5599975585938,96.7316026306152,97.27600250244136,97.82040237426754,0.0,0.9963760621060178,2.0071920795700424,-1.0,-2.0071920795700424,0.995090821901074,-1.0,-2.0071920795700424,0.8667874179096242,-1.0,-2.0071920795700424,1.0,0.0,0.0,0.611212254,0.611212254,0.058472812,0.058472812,2.0071920795700424,1
2024-02-27,102.9100036621094,102.9100036621094,100.0400009155273,100.2699966430664,100.2699966430664,1675400.0,-1.8404354916590144,2.315669809949016,2.318790566065178,2.627027660030073,2.314946812837415,100.9240005493164,101.00699996948242,102.43766606648764,102.12266616821287,97.86839958190916,100.95051465247136,100.95165056771604,101.51598112979012,101.02054043304832,100.43455400942004,100.9833317271124,101.46295084133196,-0.4796191142195596,-0.6261021638148676,-0.079786410424917,-0.079786410424917,0.079786410424917,0.079786410424917,-0.079786410424917,-0.079786410424917,-0.079786410424917,0.079786410424917,0.079786410424917,1.9300003051757244,2.743499374389652,102.9100036621094,96.50339866638188,97.05399856567388,97.60459846496587,1.0,0.9991782805133199,-1.8404354916590144,-1.0,1.8404354916590144,0.9944409682515646,-1.0,1.8404354916590144,0.8826669781005023,-1.0,1.8404354916590144,0.0,0.0,0.0,0.0,0.0,0.0,0.0,-1.8404354916590144,1
2024-02-28,98.98999786376952,100.6900024414062,98.76000213623048,100.3499984741211,100.3499984741211,1226200.0,0.079786410424917,2.289324718349136,1.9316877314081653,2.613774742749802,2.3130035492199807,101.07799987792968,101.1509994506836,102.31299947102865,102.25799942016602,97.86919960021972,100.75034259302129,100.8422592779715,101.44075644232764,100.9985554507884,100.4328796423844,100.88589584203685,101.38050992524228,-0.4946140832054482,-0.5998045476929839,-3.2286974718839225,-3.2286974718839225,3.2286974718839225,3.2286974718839225,-3.2286974718839225,-3.2286974718839225,-3.2286974718839225,3.2286974718839225,3.2286974718839225,2.429992675781193,2.539999008178712,100.6900024414062,96.87430503845216,97.4230049133301,97.97170478820804,1.0,0.9992783109099233,0.079786410424917,-1.0,-0.079786410424917,0.9941000325180303,-1.0,-0.079786410424917,0.739041394736238,-1.0,-0.079786410424917,0.0,0.0,0.0,0.0,0.0,0.0,0.0,0.079786410424917,1
2024-02-29,101.9100036621094,103.8399963378906,101.4100036621094,103.5899963378906,103.5899963378906,2391900.0,3.2286974718839225,2.386240488191021,2.0158174059278453,2.0466023764475327,2.337702429256327,101.29999847412108,101.35299911499024,102.33733266194662,102.420166015625,97.90969955444336,101.69689384131108,101.34184783432042,101.57941708075106,101.08352072577536,100.49539680467166,101.3019113029374,101.54417558543844,-0.2422642825010399,-0.5282964946545952,-2.210639054429406,-2.210639054429406,-2.210639054429406,2.210639054429406,-2.210639054429406,2.210639054429406,-2.210639054429406,2.210639054429406,2.210639054429406,4.029998779296804,2.553499221801755,103.8399963378906,95.10200462341302,95.61000442504876,96.11800422668452,1.0,0.9994770688452048,3.2286974718839225,-1.0,-3.2286974718839225,0.9976612462124903,-1.0,-3.2286974718839225,0.9849580109580819,-1.0,-3.2286974718839225,0.0,0.0,0.0,0.0,0.0,0.0,0.0,3.2286974718839225,1
2024-03-01,104.0599975585938,106.7900009155273,102.7600021362305,105.879997253418,105.879997253418,2008900.0,2.210639054429406,2.0166777081804845,2.1035310410411907,2.0362304889352134,2.3487445669843185,102.447998046875,101.68499908447264,102.332666015625,102.63216590881348,97.96179954528807,103.09126164534672,102.16696591051998,101.8568738660844,101.24078225127182,100.60202255613198,102.00623221839597,101.86534756084434,0.1408846575516236,-0.3944602642133514,-0.0472189494335121,0.0472189494335121,0.0472189494335121,-0.0472189494335121,0.0472189494335121,-0.0472189494335121,-0.0472189494335121,-0.0472189494335121,-0.0472189494335121,1.5,2.487499237060544,106.7900009155273,98.22229804992674,98.73299789428708,99.24369773864744,0.0,1.0075035547944344,2.210639054429406,1.0,-2.210639054429406,1.0030443899627557,1.0,-2.210639054429406,1.0330515393378528,1.0,-2.210639054429406,0.0,0.0,0.0,0.0,0.0,0.0,0.0,2.210639054429406,1
2024-03-04,106.6399993896484,106.9300003051758,105.4300003051758,105.8300018310547,105.8300018310547,1252200.0,-0.0472189494335121,2.0043513917460274,2.096080227359101,2.032749722824146,2.329606948259665,103.18399810791016,102.04399948120115,102.23633270263672,102.87533264160156,98.02959953308104,104.00417504058272,102.83297244152628,102.11320470253412,101.3912484670024,100.70554689820966,102.5945044664973,102.159025654934,0.4354788115632999,-0.2284724490580211,-1.9559667948685464,1.9559667948685464,1.9559667948685464,-1.9559667948685464,1.9559667948685464,-1.9559667948685464,-1.9559667948685464,-1.9559667948685464,-1.9559667948685464,2.989997863769503,2.5104991912841754,106.9300003051758,101.3175025939941,101.8150024414062,102.31250228881832,0.0,1.0111716380434403,-0.0472189494335121,1.0,-0.0472189494335121,1.0070487234348282,1.0,-0.0472189494335121,1.0311550919544432,1.0,-0.0472189494335121,0.0,0.0,0.0,0.0,0.0,0.0,0.0,-0.0472189494335121,1
2024-03-05,104.7099990844727,105.4199981689453,102.4300003051758,103.7600021362305,103.7600021362305,1264900.0,-1.9559667948685464,2.0416568718071475,2.0874736727565284,2.1019131001721965,2.347089489000571,103.88199920654296,102.40299987792967,102.02533289591472,103.08433265686035,98.07129959106446,103.92278407246532,103.00152329510888,102.21944969825648,101.4689125217312,100.76603116034867,102.7738118003024,102.2776165054004,0.4961952949019945,-0.083538900266018,2.881647843302682,2.881647843302682,-2.881647843302682,2.881647843302682,-2.881647843302682,2.881647843302682,2.881647843302682,2.881647843302682,2.881647843302682,2.0199966430664062,2.5334991455078084,105.4199981689453,101.4069020843506,101.90900192260744,102.41110176086428,1.0,1.0144429297030002,-1.9559667948685464,1.0,-1.9559667948685464,1.0076509274816194,1.0,-1.9559667948685464,0.9931303404434345,-1.0,-1.9559667948685464,0.0,0.0,0.0,0.0,0.0,0.0,0.0,-1.9559667948685464,1
2024-03-06,105.9899978637695,107.7799987792969,105.7600021362305,106.75,106.75,1497400.0,2.881647843302682,2.2056986718803717,2.195612488806996,2.160395326228858,2.366126991222885,105.16199951171876,103.11999969482422,101.87566630045572,103.31999931335449,98.14319961547852,104.86518938164356,103.68306451417996,102.5117432661109,101.64206293085476,100.88452559281704,103.38553306179432,102.60890417166704,0.7766288901272986,0.0884946578126453,3.0351268044679185,3.0351268044679185,-3.0351268044679185,3.0351268044679185,-3.0351268044679185,3.0351268044679185,3.0351268044679185,3.0351268044679185,3.0351268044679185,3.510002136230497,2.592499160766599,107.7799987792969,99.84630004882813,100.35299987792968,100.85969970703124,1.0,1.019802170509481,2.881647843302682,1.0,2.881647843302682,1.011426215287632,1.0,2.881647843302682,1.0163012584551423,1.0,-2.881647843302682,0.0,0.0,0.0,0.0,0.0,0.0,0.0,2.881647843302682,1
2024-03-07,107.2300033569336,110.5500030517578,107.0400009155273,109.9899978637695,109.9899978637695,1576700.0,3.0351268044679185,2.163886327694533,2.2095502796258346,2.227239814664264,2.3914661411777907,106.44199981689457,103.8709991455078,101.85299962361654,103.61499926249186,98.24919960021973,106.57345887568556,104.8297796686508,102.99421130466952,101.91576571554047,101.06483197442004,104.40160456979052,103.15565185256352,1.2459527172270128,0.3199862696955188,-3.5184973109834643,-3.5184973109834643,3.5184973109834643,-3.5184973109834643,3.5184973109834643,-3.5184973109834643,-3.5184973109834643,-3.5184973109834643,-3.5184973109834643,4.839996337890597,2.725999069213863,110.5500030517578,102.07650062561038,102.5950004577637,103.11350028991704,0.0,1.0247518623344056,3.0351268044679185,1.0,3.0351268044679185,1.0178220536934008,1.0,3.0351268044679185,0.9920576424137354,-1.0,3.0351268044679185,0.0,0.0,0.0,0.0,0.0,0.0,0.0,3.0351268044679185,1
2024-03-08,110.5599975585938,110.9199981689453,106.0800018310547,106.120002746582,106.120002746582,1632200.0,-3.5184973109834643,2.902263280524872,2.421196403225612,2.409406065775328,2.368055849724699,106.49000091552736,104.46899948120117,101.72533315022788,103.77149925231932,98.35439964294432,106.42230683265105,105.0643656828201,103.19587526866388,102.0536095526238,101.164934365948,104.66597352006612,103.37523340026858,1.2907401197975474,0.5141370397159246,0.2167317391503731,0.2167317391503731,-0.2167317391503731,0.2167317391503731,-0.2167317391503731,0.2167317391503731,0.2167317391503731,0.2167317391503731,0.2167317391503731,2.040000915527287,2.64749908447265,110.9199981689453,104.5528050994873,105.09800491333009,105.64320472717284,1.0,1.0193454655865626,-3.5184973109834643,1.0,-3.5184973109834643,1.0181062509455123,1.0,-3.5184973109834643,1.0048934621763268,1.0,3.5184973109834643,0.0,0.0,0.0,0.0,0.0,0.0,0.0,-3.5184973109834643,1
2024-03-11,105.8099975585938,106.5999984741211,104.5599975585938,106.3499984741211,106.3499984741211,1565600.0,0.2167317391503731,2.9017935722215267,2.3719390452546514,2.264424343473435,2.366810579229433,106.59400024414064,104.8889991760254,101.75499979654948,103.9383326212565,98.44789962768554,106.3982040464744,105.29811709942028,103.3993670883708,102.19447476316468,101.26760890274352,104.92505428222844,103.59558636870212,1.3294679135263152,0.6772032144780027,1.7395378473571688,1.7395378473571688,-1.7395378473571688,1.7395378473571688,-1.7395378473571688,1.7395378473571688,1.7395378473571688,1.7395378473571688,1.7395378473571688,3.1699981689452983,2.6629993438720647,106.5999984741211,105.09550018310549,105.625,106.15449981689451,1.0,1.0162552897015817,0.2167317391503731,1.0,0.2167317391503731,1.0183632653130914,1.0,0.2167317391503731,1.0474799266714727,1.0,0.2167317391503731,0.0,0.0,0.0,0.0,0.0,0.0,0.0,0.2167317391503731,1
2024-03-12,107.0400009155273,108.4199981689453,105.25,108.1999969482422,108.1999969482422,1505400.0,1.7395378473571688,2.700752725034108,2.2588108691663176,2.288840826161097,2.365070974735361,107.48199920654297,105.68199920654295,101.82599970499676,104.10566584269206,98.56469963073732,106.998801680397,105.82573161738787,103.7090851438464,102.39137712988854,101.40488391354548,105.42889161546132,103.9366538190384,1.4922377964229128,0.8402101308669847,-2.5415897204835143,-2.5415897204835143,2.5415897204835143,-2.5415897204835143,2.5415897204835143,-2.5415897204835143,-2.5415897204835143,-2.5415897204835143,-2.5415897204835143,3.5100021362303977,2.7084995269775307,108.4199981689453,100.74139991760256,101.27399978637696,101.80659965515136,0.0,1.0170322288896345,1.7395378473571688,1.0,1.7395378473571688,1.020409460469212,1.0,1.7395378473571688,0.9868798403752932,-1.0,1.7395378473571688,0.0,0.0,0.0,0.0,0.0,0.0,0.0,1.7395378473571688,1
2024-03-13,106.6900024414062,108.3199996948242,104.8099975585938,105.4499969482422,105.4499969482422,1808400.0,-2.5415897204835143,2.7792103638440766,2.4902585737656198,2.177106226605879,2.1953654971757985,107.2219985961914,106.19199905395509,101.85466639200848,104.10666580200196,98.67839958190918,106.48253343634542,105.75741622299776,103.82140203445256,102.49165974688373,101.4849851617573,105.43213858973532,104.04875331009056,1.38338527964477,0.948845160622542,-1.5173053773595002,-1.5173053773595002,1.5173053773595002,-1.5173053773595002,1.5173053773595002,-1.5173053773595002,-1.5173053773595002,-1.5173053773595002,-1.5173053773595002,3.490005493164091,2.793499755859365,108.3199996948242,102.46129920959471,103.00299911499025,103.54469902038574,0.0,1.0096994081608066,-2.5415897204835143,1.0,-2.5415897204835143,1.018647544250103,1.0,-2.5415897204835143,1.1438388000239872,1.0,2.5415897204835143,0.0,0.0,0.0,0.0,0.0,0.0,0.0,-2.5415897204835143,1
2024-03-14,105.8300018310547,106.2300033569336,102.7399978637695,103.8499984741211,103.8499984741211,1646700.0,-1.5173053773595002,2.115140506872628,2.3669065631236683,2.1414214261431384,2.204192140685856,105.99399871826172,106.21799926757812,102.09666646321617,104.08483238220217,98.78949958801267,105.60502178227064,105.41061299592928,103.8232469660441,102.53619544285873,101.5318171085368,105.18873241810236,104.03403072964836,1.154701688453983,0.99001646618883,0.7607134589647118,-0.7607134589647118,0.7607134589647118,-0.7607134589647118,0.7607134589647118,-0.7607134589647118,-0.7607134589647118,-0.7607134589647118,-0.7607134589647118,1.8099975585936927,2.7714996337890496,106.2300033569336,102.1743002319336,102.73300018310547,103.29170013427736,0.0,0.9978911243775915,-1.5173053773595002,-1.0,-1.5173053773595002,1.0152891195013805,1.0,-1.5173053773595002,1.105296946330945,1.0,-1.5173053773595002,0.0,0.0,0.0,0.0,0.0,0.0,0.0,-1.5173053773595002,1
2024-03-15,102.6100006103516,104.3399963378906,102.5299987792969,103.0599975585938,103.0599975585938,3409700.0,-0.7607134589647118,1.64117347037545,2.249149642040991,2.1406721467630656,2.206338773397468,105.38199768066406,105.93599929809572,102.360666402181,104.04783236185708,98.90269958496094,104.75668037437838,104.98322837095918,103.77400506878924,102.55336928271888,101.56207810754782,104.86123474740872,103.96188012438506,0.8993546230236547,0.9718840975557952,0.1940587550746789,-0.1940587550746789,0.1940587550746789,-0.1940587550746789,0.1940587550746789,0.1940587550746789,-0.1940587550746789,-0.1940587550746789,0.1940587550746789,2.5499954223633097,2.7754993438720605,104.3399963378906,100.13270416259768,100.6870040893555,101.2413040161133,0.0,0.9947704121252233,-0.7607134589647118,-1.0,0.7607134589647118,1.0116524682782397,1.0,-0.7607134589647118,1.050674502138011,1.0,-0.7607134589647118,0.0,0.0,0.0,0.0,0.0,0.0,0.0,-0.7607134589647118,1
2024-03-18,104.25,105.2399978637695,102.6900024414062,102.8600006103516,102.8600006103516,1767200.0,-0.1940587550746789,1.6015808483180194,2.2481808101459126,2.1397960742556585,2.2051317060619264,104.68399810791018,105.6389991760254,102.57699966430664,103.99749908447264,99.022099609375,104.12445378636946,104.59718695993962,103.71503703921265,102.56342276887077,101.58777954324692,104.55335257247684,103.88025941964185,0.6730931528350084,0.9121259086116378,-0.6027637010528979,0.6027637010528979,-0.6027637010528979,0.6027637010528979,-0.6027637010528979,-0.6027637010528979,0.6027637010528979,0.6027637010528979,-0.6027637010528979,2.290000915527301,2.7414993286132665,105.2399978637695,98.23389778137206,98.78899765014648,99.34409751892088,1.0,0.990959767930744,0.1940587550746789,-1.0,0.1940587550746789,1.0085055161325687,1.0,-0.1940587550746789,1.0506518995871867,1.0,-0.1940587550746789,1.0,0.0,0.0,0.775790453,0.775790453,0.217470244,0.217470244,-0.1940587550746789,1
2024-03-19,101.8199996948242,103.7900009155273,101.5,103.4800033569336,103.4800033569336,2253300.0,0.6027637010528979,1.209374593437032,2.1784275945618914,2.085562487620092,2.188827775880636,103.73999938964846,105.6109992980957,102.81799977620445,103.99533246358236,99.14079963684082,103.90963697655752,104.39406266848395,103.6998735758398,102.5934745914302,101.62524932173577,104.38822192393174,103.8506108224042,0.5376111015275455,0.8372229471948194,-3.5079214685537465,3.5079214685537465,-3.5079214685537465,3.5079214685537465,-3.5079214685537465,-3.5079214685537465,3.5079214685537465,3.5079214685537465,-3.5079214685537465,3.650001525878892,2.8339992523193205,103.7900009155273,99.20869934082032,99.75699920654296,100.30529907226564,1.0,0.9822840431310929,-0.6027637010528979,-1.0,-0.6027637010528979,1.0066942134904,1.0,0.6027637010528979,1.0445276070571115,1.0,0.6027637010528979,0.0,0.0,0.0,0.0,0.0,0.0,0.0,0.6027637010528979,1
2024-03-20,104.1500015258789,107.8000030517578,104.1500015258789,107.1100006103516,107.1100006103516,2435200.0,3.5079214685537465,1.9397415758942305,2.277410246444682,2.203576011048868,2.2042568382194783,104.07200012207034,105.64699935913086,103.12999979654948,104.00399920145672,99.33279960632323,104.9764248544889,104.88786956700534,103.91988177161475,102.7415574117227,101.733858258144,104.80695710645789,104.09204710299288,0.7149100034649933,0.8127603584488543,-4.051905810064162,4.051905810064162,-4.051905810064162,4.051905810064162,-4.051905810064162,4.051905810064162,4.051905810064162,4.051905810064162,-4.051905810064162,4.150001525878906,2.8919994354247907,107.8000030517578,97.5552025604248,98.12200241088864,98.68880226135252,1.0,0.9850918696544655,-3.5079214685537465,-1.0,-3.5079214685537465,1.0093147507376685,1.0,3.5079214685537465,1.0335065525425966,1.0,3.5079214685537465,0.0,0.0,0.0,0.0,0.0,0.0,0.0,3.5079214685537465,1
2024-03-21,109.3600006103516,113.0,108.8499984741211,111.4499969482422,111.4499969482422,2562700.0,4.051905810064162,2.197304672656508,2.441903696796832,2.285496076922254,2.2616027705635307,105.59199981689456,105.79299926757812,103.5946662902832,104.0676658630371,99.59609954833984,107.13428221907331,106.08098363632112,104.40569565397784,103.02708001947742,101.92625704408654,105.82896323596316,104.6370804248632,1.1918828110999584,0.8885848489790752,0.6280816217225048,-0.6280816217225048,0.6280816217225048,-0.6280816217225048,0.6280816217225048,-0.6280816217225048,-0.6280816217225048,-0.6280816217225048,-0.6280816217225048,1.599998474121108,2.8374992370605363,113.0,101.43760429382326,102.0160041809082,102.59440406799315,0.0,0.9981000685104391,-4.051905810064162,-1.0,-4.051905810064162,1.0160459443505412,1.0,4.051905810064162,1.068434866921847,1.0,4.051905810064162,0.0,0.0,0.0,0.0,0.0,0.0,0.0,4.051905810064162,1
2024-03-22,110.9199981689453,112.2699966430664,110.6699981689453,110.75,110.75,1812700.0,-0.6280816217225048,2.164629305204481,2.106287247494404,2.210219805571413,2.2404030523907936,107.1300003051758,106.25599899291991,104.00399958292644,104.07433255513509,99.86519958496092,108.33952147938224,106.92989570244455,104.81500561178572,103.28029051064208,102.10098462737196,106.58604581504574,105.08988928228077,1.496156532764985,1.0100991857362571,-1.6704275161364277,-1.6704275161364277,1.6704275161364277,-1.6704275161364277,1.6704275161364277,-1.6704275161364277,-1.6704275161364277,-1.6704275161364277,-1.6704275161364277,1.6299972534179972,2.800499343872056,112.2699966430664,106.75750167846682,107.32500152587892,107.89250137329104,0.0,1.008225430286662,-0.6280816217225048,1.0,0.6280816217225048,1.0201773598953185,1.0,-0.6280816217225048,0.9529763701261653,-1.0,-0.6280816217225048,0.0,0.0,0.0,0.0,0.0,0.0,0.0,-0.6280816217225048,1
2024-03-25,108.7900009155273,110.25,108.620002746582,108.9000015258789,108.9000015258789,1561800.0,-1.6704275161364277,2.519628010401372,2.211209741444205,2.233530190658123,2.2506524512096497,108.33800048828124,106.5109992980957,104.22366638183594,104.04349924723309,100.119599609375,108.5263481615478,107.2880967612508,105.0785537352756,103.46454333081378,102.2356186253622,106.94203900132776,105.37211981884356,1.5699191824841847,1.122063185085843,-0.697889922480768,-0.697889922480768,-0.697889922480768,-0.697889922480768,0.697889922480768,-0.697889922480768,-0.697889922480768,-0.697889922480768,-0.697889922480768,2.2300033569335938,2.76849937438963,110.25,106.10889808654788,106.6689979553223,107.22909782409673,0.0,1.0171531691771312,-1.6704275161364277,1.0,-1.6704275161364277,1.0210275355667884,1.0,-1.6704275161364277,0.9900066498732478,-1.0,1.6704275161364277,0.0,0.0,0.0,0.0,0.0,0.0,0.0,-1.6704275161364277,1
2024-03-26,109.1800003051758,110.2200012207031,107.9899978637695,108.1399993896484,108.1399993896484,1732700.0,-0.697889922480768,2.656611716858898,2.1637044895658173,2.1888826505062093,2.252170601982004,109.26999969482422,106.50499954223632,104.3979995727539,104.0051658630371,100.36829963684082,108.39756523758132,107.4429881482322,105.27606635813837,103.61783697208703,102.35253705633816,107.12634059953092,105.57714793519948,1.5491926643314429,1.207489080934963,3.144073927380074,3.144073927380074,3.144073927380074,3.144073927380074,-3.144073927380074,3.144073927380074,3.144073927380074,3.144073927380074,3.144073927380074,3.160003662109389,2.829999542236313,110.2200012207031,104.1593013763428,104.71300125122076,105.26670112609868,1.0,1.0259612240220835,-0.697889922480768,1.0,-0.697889922480768,1.020583232875763,1.0,-0.697889922480768,0.9884972540969388,-1.0,0.697889922480768,0.0,0.0,0.0,0.0,0.0,0.0,0.0,-0.697889922480768,1
2024-03-27,108.9899978637695,111.6800003051758,108.5199966430664,111.5400009155273,111.5400009155273,1256500.0,3.144073927380074,2.571366899912983,2.16420267027452,2.270912168205622,2.276729765572743,110.15599975585936,107.11399993896484,104.81899948120116,104.05549926757811,100.65609962463378,109.44504379689668,108.18789956046766,105.6801911682925,103.87758005219985,102.53446703374784,107.80536526353038,106.01884074855712,1.7865245149732658,1.3232961677426236,1.1565365832338108,1.1565365832338108,1.1565365832338108,1.1565365832338108,-1.1565365832338108,1.1565365832338108,1.1565365832338108,1.1565365832338108,1.1565365832338108,1.7099990844726989,2.7939998626708884,111.6800003051758,103.9940022277832,104.56000213623048,105.12600204467772,1.0,1.0283996472788608,3.144073927380074,1.0,3.144073927380074,1.023729218924119,1.0,3.144073927380074,0.9530102927690861,-1.0,-3.144073927380074,0.0,0.0,0.0,0.0,0.0,0.0,0.0,3.144073927380074,1
2024-03-28,111.6399993896484,113.2799987792969,111.5699996948242,112.8300018310547,112.8300018310547,2046900.0,1.1565365832338108,1.907514690762272,2.0372175581524576,2.188242055399208,2.233069085796493,110.43200073242186,108.01200027465822,105.19433288574218,104.18983268737792,100.92539962768556,110.573363141616,109.03191815511984,106.14146927556747,104.17110207773608,102.73833900993212,108.57838627391874,106.52337119911247,2.055015074806249,1.469639949155349,0.1063503635913911,0.1063503635913911,0.1063503635913911,0.1063503635913911,-0.1063503635913911,0.1063503635913911,0.1063503635913911,0.1063503635913911,0.1063503635913911,2.9500045776367045,2.7400001525878834,113.2799987792969,105.53320060729985,106.09200057983402,106.6508005523682,1.0,1.0224049221531861,1.1565365832338108,1.0,1.1565365832338108,1.0272320413433143,1.0,1.1565365832338108,0.930983641926579,-1.0,-1.1565365832338108,0.0,0.0,0.0,0.0,0.0,0.0,0.0,1.1565365832338108,1
2024-04-01,112.8499984741211,114.8300018310547,111.879997253418,112.9499969482422,112.9499969482422,1346600.0,0.1063503635913911,1.8493413116632889,1.978597965670701,2.149414744457511,2.1973644292711025,110.87200012207028,109.00100021362309,105.54066619873046,104.37649930318196,101.17789962768556,111.3655744104914,109.74429611750573,106.58072912541748,104.45893469644118,102.94055005821548,109.25094176227618,106.99941755089988,2.2515242113763065,1.6260168015995404,-2.487824377615034,-2.487824377615034,-2.487824377615034,-2.487824377615034,2.487824377615034,-2.487824377615034,-2.487824377615034,-2.487824377615034,-2.487824377615034,2.4100036621092897,2.785500335693348,114.8300018310547,107.25199844360355,107.79999847412114,108.34799850463872,0.0,1.01716497926423,0.1063503635913911,1.0,0.1063503635913911,1.0296823545686722,1.0,0.1063503635913911,0.9205287024166561,-1.0,-0.1063503635913911,0.0,0.0,0.0,0.0,0.0,0.0,0.0,0.1063503635913911,1
2024-04-02,111.2699966430664,111.6900024414062,109.2799987792969,110.1399993896484,110.1399993896484,1187200.0,-2.487824377615034,2.098339818036293,2.240084649772691,2.240248680736989,2.2241641901693625,111.1199996948242,109.72900009155272,105.80399958292644,104.51916592915852,101.40319961547851,110.95704940354376,109.8162421669862,106.81035946504528,104.6451991126119,103.08311341131316,109.38771985879498,107.23205324265902,2.15566661613596,1.7319467645068245,-1.171237445683646,-1.171237445683646,-1.171237445683646,-1.171237445683646,1.171237445683646,-1.171237445683646,-1.171237445683646,-1.171237445683646,-1.171237445683646,1.9399948120117043,2.733000183105458,111.6900024414062,108.70190109252934,109.259001159668,109.81610122680668,0.0,1.0126766816621942,-2.487824377615034,1.0,-2.487824377615034,1.0281422393576405,1.0,-2.487824377615034,0.9999267800196879,-1.0,2.487824377615034,0.0,0.0,0.0,0.0,0.0,0.0,0.0,-2.487824377615034,1
2024-04-03,108.9599990844727,110.4199981689453,108.4800033569336,108.8499984741211,108.8499984741211,1595600.0,-1.171237445683646,2.161208274263676,2.3182717307487053,2.2066881230286333,2.226658842462067,111.26199951171876,110.26599960327148,106.0933329264323,104.62049929300944,101.62139961242676,110.2546990937362,109.64056149555618,106.94194907853404,104.78306138675975,103.19730915513114,109.30499349192208,107.35190103758214,1.953092454339938,1.7761759024734474,-2.6642182512922705,-2.6642182512922705,-2.6642182512922705,-2.6642182512922705,2.6642182512922705,-2.6642182512922705,-2.6642182512922705,-2.6642182512922705,-2.6642182512922705,5.440002441406193,2.904000473022448,110.4199981689453,105.6774020385742,106.22400207519529,106.77060211181636,0.0,1.009032701939227,-1.171237445683646,1.0,-1.171237445683646,1.0252343672457325,1.0,-1.171237445683646,1.0505660979254856,1.0,1.171237445683646,0.0,0.0,0.0,0.0,0.0,0.0,0.0,-1.171237445683646,1
2024-04-04,110.6600036621094,111.0500030517578,105.6100006103516,105.9499969482422,105.9499969482422,2475900.0,-2.6642182512922705,1.649734654818194,2.258537386790969,2.208722497549356,2.2217535066043865,110.14399871826171,110.14999923706054,106.3056660970052,104.62149925231934,101.817099609375,108.81979837857156,108.96954975968092,106.87795216690232,104.82132156910345,103.25181782430164,108.7888401775098,107.24805629022362,1.5407838872861817,1.7290974994359942,-1.2458704415716404,1.2458704415716404,1.2458704415716404,1.2458704415716404,-1.2458704415716404,-1.2458704415716404,1.2458704415716404,1.2458704415716404,-1.2458704415716404,2.030006408691392,2.830000686645492,111.0500030517578,104.03119712829591,104.6119972229004,105.1927973175049,1.0,0.9999455241140228,-2.6642182512922705,-1.0,-2.6642182512922705,1.0195699632185349,1.0,-2.6642182512922705,1.0225537111596792,1.0,-2.6642182512922705,0.0,0.0,0.0,0.0,0.0,0.0,0.0,-2.6642182512922705,1
2024-04-05,105.870002746582,107.7300033569336,105.6999969482422,107.2699966430664,107.2699966430664,1143900.0,1.2458704415716404,1.6793111447503497,1.8188120398271417,2.112851953976939,2.2256530193469595,109.03199768066406,109.73199920654297,106.4653325398763,104.65533256530762,102.0404995727539,108.30319780006984,108.66054010211464,106.90324535891293,104.90160599775795,103.33138572170292,108.5551719414416,107.2496815015453,1.305490439896289,1.644376087528053,-0.5127277607623089,0.5127277607623089,0.5127277607623089,0.5127277607623089,-0.5127277607623089,-0.5127277607623089,0.5127277607623089,0.5127277607623089,-0.5127277607623089,1.4900054931641051,2.6625011444091675,107.7300033569336,104.82400154113772,105.39000167846682,105.95600181579591,1.0,0.9936208076865407,-1.2458704415716404,-1.0,-1.2458704415716404,1.0164381795641642,1.0,1.2458704415716404,0.8608326941240074,-1.0,1.2458704415716404,0.0,0.0,0.0,0.0,0.0,0.0,0.0,1.2458704415716404,1
2024-04-08,107.9599990844727,109.1600036621094,107.6699981689453,107.8199996948242,107.8199996948242,1154700.0,0.5127277607623089,1.754062782043586,1.83628818343547,1.9564711505917332,2.2257948853717626,108.00599822998043,109.43899917602536,106.72133255004884,104.70433260599772,102.23749954223632,108.14213176498797,108.50771457351638,106.96239079993946,104.99729103700602,103.42026916671524,108.44206851888508,107.29192729364004,1.1501412252450365,1.54552911507145,-3.125582226043878,3.125582226043878,3.125582226043878,3.125582226043878,-3.125582226043878,-3.125582226043878,3.125582226043878,3.125582226043878,-3.125582226043878,2.5500030517577983,2.688001251220693,109.1600036621094,101.87250083923342,102.40500106811524,102.9375012969971,1.0,0.9869059388624338,-0.5127277607623089,-1.0,-0.5127277607623089,1.014447356327957,1.0,0.5127277607623089,0.9385715618040604,-1.0,-0.5127277607623089,0.0,0.0,0.0,0.0,0.0,0.0,0.0,0.5127277607623089,1
