Date_TRMB_L01d,Open_TRMB_L01d,High_TRMB_L01d,Low_TRMB_L01d,Close_TRMB_L01d,Adj Close_TRMB_L01d,Volume_TRMB_L01d,Daily_Return_TRMB_L01d,Vol5_TRMB_L01d,Vol10_TRMB_L01d,Vol20_TRMB_L01d,Vol60_TRMB_L01d,SMA5_TRMB_L01d,SMA10_TRMB_L01d,SMA30_TRMB_L01d,SMA60_TRMB_L01d,SMA100_TRMB_L01d,EMA5_TRMB_L01d,EMA10_TRMB_L01d,EMA30_TRMB_L01d,EMA60_TRMB_L01d,EMA100_TRMB_L01d,Short12_TRMB_L01d,Long26_TRMB_L01d,MACD_TRMB_L01d,SIGNAL9_TRMB_L01d,Ret5/10_TRMB_L01d,Ret10/30_TRMB_L01d,Ret30/60_TRMB_L01d,Ret30/100_TRMB_L01d,Emaret5/10_TRMB_L01d,Emaret10/30_TRMB_L01d,Emaret30/60_TRMB_L01d,Emaret30/100_TRMB_L01d,RetMACD_TRMB_L01d,DayRange_TRMB_L01d,average20r_TRMB_L01d,PRVHI_TRMB_L01d,HitLevel_TRMB_L01d,hitlevel_2_TRMB_L01d,hitlevel_1.8_TRMB_L01d,positive_return_dummy,sma_ratio_L01d,RetMACD_L01d,R_sma_ratio_L01d,ret_sma_ratio_L01d,ema_ratio_L01d,R_ema_ratio_L01d,ret_ema_ratio_L01d,volatility_ratio_L01d,R_vol_ratio_L01d,ret_vol_ratio_L01d,negative_L01d,neutral_L01d,positive_L01d,negative_max_L01d,negative_avg_L01d,positive_max_L01d,positive_avg_L01d,ret_best,best
2024-01-03,52.04999923706055,52.04999923706055,50.5099983215332,50.58000183105469,50.58000183105469,777900.0,-3.565298197681028,1.6489880177885408,1.7298046270692198,1.8910886862299372,2.5112010185594937,52.64000091552735,52.50499992370605,48.732000096639,47.46016680399577,49.453000144958494,52.09838324502808,51.96449426533242,49.74667695520221,48.94486549963319,49.21909394868796,51.740422855069546,50.069424889002846,1.6709979660667005,1.767892806021245,0.8699063083837962,0.8699063083837962,0.8699063083837962,-0.8699063083837962,-0.8699063083837962,0.8699063083837962,0.8699063083837962,0.8699063083837962,-0.8699063083837962,1.2400016784667898,1.103000259399413,52.04999923706055,50.361801376342775,50.57800140380859,50.794201431274416,1.0,1.0774234552159756,-3.565298197681028,1.0,-3.565298197681028,1.0025765473442698,1.0,-3.565298197681028,0.7530614523701997,-1.0,3.565298197681028,0.0,1.0,0.0,0.012860992,0.012860992,0.12804924,0.12804924,,
2024-01-04,50.41999816894531,51.47000122070312,50.22999954223633,51.02000045776367,51.02000045776367,1146400.0,0.8699063083837962,1.7812879197292604,1.6681945989715758,1.816136330615759,2.5108079138594,52.17800064086914,52.363000106811526,48.9683334350586,47.44683348337809,49.40730014801025,51.738922315939945,51.79276811850174,49.82882685859328,49.012902711375176,49.25475546371916,51.62958864009941,50.13983789409624,1.4897507460031747,1.7122643940176312,0.4900039156349277,-0.4900039156349277,-0.4900039156349277,0.4900039156349277,0.4900039156349277,0.4900039156349277,-0.4900039156349277,-0.4900039156349277,0.4900039156349277,1.1100006103515696,1.110000228881835,51.47000122070312,49.62339866638184,49.84399871826172,50.0645987701416,0.0,1.0693237125632407,-0.8699063083837962,1.0,0.8699063083837962,0.9989603605963173,-1.0,0.8699063083837962,0.7233274678603944,-1.0,-0.8699063083837962,0.0,0.0,1.0,0.00727761,0.00727761,0.934435189,0.934435189,,
2024-01-05,50.79000091552734,51.4900016784668,50.38000106811523,50.77000045776367,50.77000045776367,1125100.0,-0.4900039156349277,1.6204239100817897,1.565314664706846,1.830618463507709,2.510821630360806,51.604000854492185,52.29800033569336,49.21900011698405,47.42516682942709,49.35980014801025,51.415948363214525,51.60681036200391,49.88954773595911,49.07051247355185,49.28476031508637,51.49734430435545,50.18651660251604,1.3108277018394077,1.6319770555819866,-1.7136082805603494,1.7136082805603494,1.7136082805603494,-1.7136082805603494,-1.7136082805603494,-1.7136082805603494,1.7136082805603494,1.7136082805603494,-1.7136082805603494,1.2099990844726491,1.13000030517578,51.4900016784668,49.02800071716308,49.25000076293945,49.47200080871581,1.0,1.0625571468618038,0.4900039156349277,1.0,-0.4900039156349277,0.9963016121815986,-1.0,0.4900039156349277,0.7290914023409334,-1.0,0.4900039156349277,0.0,0.0,1.0,0.006304961,0.006304961,0.992002726,0.992002726,,
2024-01-08,50.77000045776367,51.68999862670898,50.47999954223633,51.63999938964844,51.63999938964844,603500.0,1.7136082805603494,2.0598197409513856,1.5498592547620895,1.845289660972681,2.518104223866928,51.29200057983398,52.226000213623045,49.4843334197998,47.41033350626628,49.31980014801025,51.4906320386925,51.61284473066655,50.00248010071326,49.15475794621075,49.33139871260245,51.51929124055437,50.29418199415548,1.2251092463988869,1.5506034937453668,0.9682416845656048,-0.9682416845656048,-0.9682416845656048,0.9682416845656048,0.9682416845656048,0.9682416845656048,-0.9682416845656048,-0.9682416845656048,0.9682416845656048,0.7400016784667898,1.107000350952147,51.68999862670898,49.00400100708008,49.23000106811524,49.4560011291504,0.0,1.055404743367246,-1.7136082805603494,1.0,1.7136082805603494,0.997632126409389,-1.0,-1.7136082805603494,0.7328090884732965,-1.0,-1.7136082805603494,1.0,0.0,0.0,0.959352076,0.959352076,0.036114648,0.036114648,,
2024-01-09,51.04999923706055,51.45000076293945,50.70999908447266,51.13999938964844,51.13999938964844,892300.0,-0.9682416845656048,2.024314010469532,1.5677774315040218,1.8746964546591196,2.458093723365441,51.03000030517578,52.096000289916994,49.71766675313314,47.42466684977214,49.29020015716553,51.37375448901115,51.52687285048143,50.07586844193489,49.21984782960215,49.36721258739544,51.4609386481073,50.35683513456237,1.1041035135449349,1.4613034977052806,0.3715264547841257,-0.3715264547841257,-0.3715264547841257,0.3715264547841257,0.3715264547841257,0.3715264547841257,-0.3715264547841257,-0.3715264547841257,0.3715264547841257,0.6300010681152415,1.0380002975463865,51.45000076293945,49.25459785461425,49.47599792480468,49.69739799499512,0.0,1.0478367890551497,0.9682416845656048,1.0,-0.9682416845656048,0.9970283785333801,-1.0,0.9682416845656048,0.7626627238982666,-1.0,0.9682416845656048,0.0,0.0,0.0,0.0,0.0,0.0,0.0,,
2024-01-10,50.97999954223633,51.15000152587891,50.52000045776367,50.95000076293945,50.95000076293945,683800.0,-0.3715264547841257,1.1062540922798263,1.453963375104048,1.8215790797784843,2.456545597182777,51.104000091552734,51.87200050354004,49.93600006103516,47.442000198364255,49.2656001663208,51.23250324698726,51.421987016382886,50.132264075548086,49.27657415528534,49.39855492750523,51.38233281961994,50.40077332925696,0.981559490362976,1.3653546962368197,-1.079488182187842,1.079488182187842,1.079488182187842,-1.079488182187842,-1.079488182187842,-1.079488182187842,1.079488182187842,1.079488182187842,-1.079488182187842,0.7700004577636648,1.032500267028808,51.15000152587891,49.166400108337406,49.37400016784668,49.58160022735596,1.0,1.0387696339342072,0.3715264547841257,1.0,-0.3715264547841257,0.9963151215970075,-1.0,0.3715264547841257,0.7415205652471963,-1.0,0.3715264547841257,0.0,0.0,0.0,0.0,0.0,0.0,0.0,,
2024-01-11,50.95000076293945,51.54000091552734,50.77000045776367,51.5,51.5,686500.0,1.079488182187842,1.1436539025686572,1.5180641329311628,1.828686274861876,2.452130920553592,51.2,51.68900032043457,50.16400006612142,47.45533351898193,49.25280017852784,51.32166883132484,51.43617119522236,50.22050510293208,49.34947336330877,49.440167701218,51.40043546275534,50.48219752708978,0.9182379356655588,1.2759313441225677,0.466022676634557,-0.466022676634557,-0.466022676634557,0.466022676634557,0.466022676634557,0.466022676634557,-0.466022676634557,-0.466022676634557,0.466022676634557,1.2100028991699148,0.973000526428222,51.54000091552734,48.878500938415534,49.085000991821296,49.29150104522706,0.0,1.0304002920880122,-1.079488182187842,1.0,1.079488182187842,0.9977738941053188,-1.0,-1.079488182187842,0.7457539316249202,-1.0,-1.079488182187842,0.0,0.0,1.0,0.011611592,0.011611592,0.815428615,0.815428615,,
2024-01-12,51.83000183105469,51.9900016784668,50.77999877929688,51.2599983215332,51.2599983215332,710200.0,-0.466022676634557,1.1401200143114725,1.4833190449236138,1.7749457565591846,2.452308816637366,51.29799957275391,51.45100021362305,50.342000071207686,47.468166796366376,49.236600151062014,51.301111994727634,51.404139763642505,50.28756918155151,49.4121135258735,49.47620395112523,51.37882974872117,50.539812400752254,0.8390173479689125,1.1885485448918367,1.853291024871352,-1.853291024871352,-1.853291024871352,1.853291024871352,1.853291024871352,1.853291024871352,-1.853291024871352,-1.853291024871352,1.853291024871352,0.8299980163574148,0.917000579833984,51.9900016784668,49.39939975738525,49.59399986267089,49.788599967956536,0.0,1.0220293222527255,0.466022676634557,1.0,-0.466022676634557,0.9979957301223482,-1.0,0.466022676634557,0.7237855789276207,-1.0,0.466022676634557,0.0,1.0,0.0,0.002150139,0.002150139,0.006746399,0.006746399,,
2024-01-16,50.81999969482422,50.88999938964844,50.06000137329102,50.31000137329102,50.31000137329102,1576600.0,-1.853291024871352,1.0679211898656935,1.547125313326357,1.3922708770365724,2.4489945670729814,51.03199996948242,51.162000274658205,50.472333399454754,47.44716682434082,49.21850017547607,50.9707417875821,51.20520551085133,50.289016419728256,49.44155247169047,49.49271479116812,51.214394614039605,50.522789361681056,0.6916052523585492,1.0891598863851792,2.00755736167933,-2.00755736167933,-2.00755736167933,2.00755736167933,2.00755736167933,2.00755736167933,-2.00755736167933,-2.00755736167933,2.00755736167933,1.2599983215332031,0.9380004882812496,50.88999938964844,49.97260040283203,50.15600051879883,50.33940063476562,0.0,1.0136642558160567,1.853291024871352,1.0,-1.853291024871352,0.9954210959426861,-1.0,1.853291024871352,0.5685071317657528,-1.0,1.853291024871352,0.0,0.0,0.0,0.0,0.0,0.0,0.0,,
2024-01-17,49.68999862670898,50.0,48.7400016784668,49.29999923706055,49.29999923706055,893400.0,-2.00755736167933,1.2615642080771747,1.5950110306718994,1.4532515610219665,2.4083761913787045,50.66399993896484,50.84700012207031,50.537000020345054,47.44333349863688,49.17930015563965,50.41382760407492,50.8588043701621,50.22520885955615,49.43691138203047,49.48889864158183,50.91987224835052,50.43221231541287,0.4876599329376461,0.9688598956956728,-0.2028444023650029,0.2028444023650029,0.2028444023650029,-0.2028444023650029,-0.2028444023650029,-0.2028444023650029,0.2028444023650029,0.2028444023650029,-0.2028444023650029,1.1700019836425852,0.9660005569458008,50.0,48.826398315429685,49.013998413085936,49.20159851074219,1.0,1.0061341215663862,2.00755736167933,1.0,-2.00755736167933,0.9912507426865851,-1.0,2.00755736167933,0.6034155154930488,-1.0,2.00755736167933,0.0,0.0,0.0,0.0,0.0,0.0,0.0,,
2024-01-18,49.45000076293945,49.77000045776367,48.59999847412109,49.40000152587891,49.40000152587891,1066400.0,0.2028444023650029,1.3261550621928222,1.2189538013177823,1.4565329823289208,2.400220590060536,50.354000091552734,50.729000091552734,50.62333335876465,47.45350017547607,49.15070018768311,50.07588557800958,50.59356748938333,50.17196967673826,49.43570122281238,49.487138302657016,50.68604598335489,50.35575225692887,0.3302937264260208,0.8411466618417424,-1.2348112890942606,1.2348112890942606,1.2348112890942606,-1.2348112890942606,-1.2348112890942606,-1.2348112890942606,1.2348112890942606,1.2348112890942606,-1.2348112890942606,1.1599998474121165,0.9805006027221684,49.77000045776367,47.87479877471924,48.0679988861084,48.26119899749756,1.0,1.002087312821525,-0.2028444023650029,1.0,0.2028444023650029,0.989767831424768,-1.0,-0.2028444023650029,0.6068329670866567,-1.0,-0.2028444023650029,0.0,0.0,0.0,0.0,0.0,0.0,0.0,,
2024-01-19,49.77000045776367,50.15000152587891,48.9900016784668,50.0099983215332,50.0099983215332,817900.0,1.2348112890942606,1.376457681590786,1.260270088668744,1.439373506271128,2.4025070872797487,50.055999755859375,50.62799987792969,50.75900001525879,47.480166816711424,49.12930015563965,50.05392315918412,50.48746400431967,50.16151991188632,49.4545306358852,49.49749196639714,50.58203865076693,50.33014085430697,0.2518977964599642,0.7232968887653868,-0.9398145100531884,-0.9398145100531884,0.9398145100531884,-0.9398145100531884,-0.9398145100531884,-0.9398145100531884,0.9398145100531884,0.9398145100531884,-0.9398145100531884,0.8199996948242259,0.9480005264282234,50.15000152587891,47.6128991317749,47.80899925231934,48.00509937286377,1.0,0.9974191741900014,-1.2348112890942606,-1.0,1.2348112890942606,0.991412901129309,-1.0,-1.2348112890942606,0.5991131155832994,-1.0,-1.2348112890942606,0.0,0.0,0.0,0.0,0.0,0.0,0.0,,
2024-01-22,50.40000152587891,51.06000137329102,50.2400016784668,50.47999954223633,50.47999954223633,665700.0,0.9398145100531884,1.538997084133371,1.3031573004604915,1.402214272077483,2.4050467680766188,49.9,50.59899978637695,50.90133336385091,47.51400012969971,49.10150016784668,50.19594862020153,50.48610682939543,50.18206698481213,49.488152567240974,49.51694756195832,50.56634032637761,50.3412414978573,0.2250988285203163,0.6236572767163727,-1.4659304381483491,-1.4659304381483491,1.4659304381483491,-1.4659304381483491,-1.4659304381483491,-1.4659304381483491,1.4659304381483491,1.4659304381483491,-1.4659304381483491,0.8800010681152344,0.951500511169434,51.06000137329102,48.06440036773682,48.25400047302247,48.443600578308114,1.0,0.9940603996497924,-0.9398145100531884,-1.0,-0.9398145100531884,0.9942527117376189,-1.0,-0.9398145100531884,0.583029939662617,-1.0,-0.9398145100531884,0.0,0.0,0.0,0.0,0.0,0.0,0.0,,
2024-01-23,50.72999954223633,51.33000183105469,50.45000076293945,51.22000122070312,51.22000122070312,1495400.0,1.4659304381483491,1.4101711408737496,1.2677960575310734,1.3783745604495927,2.38690862253112,50.081999969482425,50.55699996948242,51.05033340454101,47.58033345540365,49.07130016326904,50.5372994870354,50.61954217326955,50.24903048390188,49.5449344903053,49.55067139678495,50.66690354088922,50.406334810660695,0.2605687302285275,0.5510395674188038,0.9371330160029464,0.9371330160029464,-0.9371330160029464,0.9371330160029464,0.9371330160029464,0.9371330160029464,-0.9371330160029464,-0.9371330160029464,0.9371330160029464,0.9300003051757812,0.946500587463379,51.33000183105469,48.96670024871827,49.15700035095215,49.34730045318605,0.0,0.9903363327493038,-1.4659304381483491,-1.0,-1.4659304381483491,0.9983752779518899,-1.0,-1.4659304381483491,0.5774726972949388,-1.0,-1.4659304381483491,0.0,0.0,0.0,0.0,0.0,0.0,0.0,,
2024-01-24,51.56000137329102,51.61000061035156,50.68000030517578,50.7400016784668,50.7400016784668,1065100.0,-0.9371330160029464,0.9730169736006888,1.26539491258946,1.3893189206544825,2.3877359864457826,50.37000045776367,50.51700019836426,51.17833340962728,47.64516684214274,49.03620018005371,50.6048668841792,50.64144390148723,50.28070604484155,49.58411702106469,49.57422249147172,50.67814940820885,50.43105087494263,0.2470985332662252,0.4902513605882881,-1.8722840299891892,-1.8722840299891892,1.8722840299891892,-1.8722840299891892,-1.8722840299891892,-1.8722840299891892,1.8722840299891892,1.8722840299891892,-1.8722840299891892,0.7599983215332102,0.9430004119873048,51.61000061035156,49.24770053863526,49.43700065612793,49.626300773620606,1.0,0.9870778673863847,0.9371330160029464,-1.0,0.9371330160029464,0.9992777256237169,-1.0,0.9371330160029464,0.5818561719306856,-1.0,0.9371330160029464,0.0,0.0,0.0,0.0,0.0,0.0,0.0,,
2024-01-25,51.2400016784668,51.77999877929688,51.02000045776367,51.68999862670898,51.68999862670898,855600.0,1.8722840299891892,1.0900927358737973,1.3982040935732838,1.4190715986273712,2.385806261833088,50.827999877929685,50.59099998474121,51.29966672261556,47.73866678873698,49.005200157165525,50.96657746502247,50.8320902151639,50.37162814689752,49.6531623196104,49.616119048605135,50.833818518747336,50.52430626396236,0.3095122547849769,0.4541035394276259,-1.373571490299445,1.373571490299445,-1.373571490299445,1.373571490299445,1.373571490299445,-1.373571490299445,-1.373571490299445,-1.373571490299445,1.373571490299445,1.0,0.9635004043579104,51.77999877929688,49.53539970397949,49.72399978637695,49.912599868774414,0.0,0.9861857438235181,-1.8722840299891892,-1.0,-1.8722840299891892,1.0026457155172903,1.0,-1.8722840299891892,0.5947974994151684,-1.0,-1.8722840299891892,0.0,0.0,0.0,0.0,0.0,0.0,0.0,,
2024-01-26,51.75,51.93000030517578,50.93000030517578,50.97999954223633,50.97999954223633,742100.0,-1.373571490299445,1.4601793267315626,1.4323886649369768,1.4420129528611336,2.3940598366066075,51.02200012207031,50.53899993896484,51.39600003560384,47.81566677093506,48.96440013885498,50.97105149076043,50.85898282008616,50.410877914338734,49.69666517936862,49.643126583132485,50.85630790697641,50.55806132161228,0.2982465853641329,0.4229321486149273,1.176936630454978,-1.176936630454978,1.176936630454978,-1.176936630454978,-1.176936630454978,1.176936630454978,1.176936630454978,1.176936630454978,-1.176936630454978,1.0600013732910227,0.9880004882812504,51.93000030517578,49.66029788970948,49.85299797058106,50.045698051452646,1.0,0.9833255487577764,1.373571490299445,-1.0,1.373571490299445,1.0022035177359074,1.0,-1.373571490299445,0.6023295369697501,-1.0,1.373571490299445,0.0,0.0,0.0,0.0,0.0,0.0,0.0,,
2024-01-29,50.88000106811523,51.65999984741211,50.59999847412109,51.58000183105469,51.58000183105469,930200.0,1.176936630454978,1.4859827845186662,1.4782359081860288,1.4652909041515705,2.389824419776238,51.242000579833984,50.571000289917,51.47466672261556,47.88983345031738,48.945500144958494,51.17403493752519,50.99007718571679,50.48630526380428,49.758413922046856,49.68148054843788,50.96764543375768,50.633760618608015,0.3338848151496663,0.4051226819218751,2.442803948825372,-2.442803948825372,2.442803948825372,-2.442803948825372,-2.442803948825372,2.442803948825372,2.442803948825372,2.442803948825372,-2.442803948825372,1.1100006103515554,1.0070005416870114,51.65999984741211,49.75639923095703,49.95399932861328,50.15159942626953,1.0,0.9824444432526742,-1.176936630454978,-1.0,-1.176936630454978,1.0036077166766857,1.0,1.176936630454978,0.6131374723707808,-1.0,-1.176936630454978,0.0,0.0,0.0,0.0,0.0,0.0,0.0,,
2024-01-30,52.18999862670898,52.97000122070312,51.86000061035156,52.84000015258789,52.84000015258789,2083800.0,2.442803948825372,1.702841438786488,1.4807669648403976,1.568877679406626,1.656702464309846,51.566000366210936,50.82400016784668,51.51000010172526,48.08783346811931,48.9435001373291,51.72935667587943,51.326426816056994,50.63815654695162,49.85944953616296,49.74402549109431,51.2557000058854,50.79718576927319,0.4585142366122099,0.4158009928599421,-3.747160364342572,3.747160364342572,-3.747160364342572,3.747160364342572,3.747160364342572,-3.747160364342572,-3.747160364342572,-3.747160364342572,-3.747160364342572,1.6499977111816406,1.0540002822875976,52.97000122070312,49.44459865570069,49.64599876403808,49.847398872375486,0.0,0.9866821989414905,-2.442803948825372,-1.0,-2.442803948825372,1.0078503391881624,1.0,2.442803948825372,0.9469881968577826,-1.0,-2.442803948825372,0.0,0.0,0.0,0.0,0.0,0.0,0.0,,
2024-01-31,52.5099983215332,52.5099983215332,50.86000061035156,50.86000061035156,50.86000061035156,1555600.0,-3.747160364342572,2.586419157183911,1.8615380173069984,1.75383739280413,1.726930254204655,51.59000015258789,50.98000030517578,51.47966677347819,48.23816680908203,48.93170013427734,51.43957132070348,51.24162205138328,50.65246906717097,49.89225448941504,49.76612400830732,51.19482317580327,50.80183872046418,0.3929844553390893,0.4112376853557715,3.008255526810736,-3.008255526810736,3.008255526810736,-3.008255526810736,-3.008255526810736,3.008255526810736,3.008255526810736,3.008255526810736,-3.008255526810736,1.9300003051757808,1.0735002517700196,52.5099983215332,50.6512005996704,50.862000656127925,51.07280071258544,1.0,0.9902939063203137,-3.747160364342572,-1.0,3.747160364342572,1.0038630562694073,1.0,-3.747160364342572,1.0155809063706902,1.0,3.747160364342572,0.0,0.0,0.0,0.0,0.0,0.0,0.0,,
2024-02-01,50.93000030517578,52.52000045776367,50.59000015258789,52.38999938964844,52.38999938964844,1097500.0,3.008255526810736,2.822924574329565,2.043155390429136,1.6928485792925063,1.756260252555513,51.73000030517578,51.27900009155273,51.504333368937175,48.40450013478597,48.945800132751465,51.75638067701847,51.45041793106785,50.764567797653385,49.97414776483252,49.81808193665071,51.37869643947176,50.91948025151486,0.4592161879568976,0.4208333858759968,0.3817537035111525,-0.3817537035111525,0.3817537035111525,-0.3817537035111525,-0.3817537035111525,0.3817537035111525,0.3817537035111525,0.3817537035111525,0.3817537035111525,1.2099990844726634,1.0720001220703133,52.52000045776367,50.14829776763916,50.36299781799316,50.577697868347165,1.0,0.9956249646846154,-3.008255526810736,-1.0,-3.008255526810736,1.0059467494775367,1.0,3.008255526810736,0.963893919952503,-1.0,3.008255526810736,0.0,0.0,0.0,0.0,0.0,0.0,0.0,,
2024-02-02,51.97000122070312,52.86999893188477,51.65999984741211,52.59000015258789,52.59000015258789,940000.0,0.3817537035111525,2.667401403410788,2.031867963439133,1.686029128642939,1.740596507471449,52.05200042724609,51.537000274658205,51.5093334197998,48.584166781107584,48.96380012512207,52.03425383554162,51.65761469861695,50.882337627004006,50.05991341689007,49.87297140627323,51.56505085687424,51.04322246640916,0.5218283904650818,0.4410323867938138,-1.8064285228808936,-1.8064285228808936,-1.8064285228808936,1.8064285228808936,1.8064285228808936,-1.8064285228808936,-1.8064285228808936,-1.8064285228808936,-1.8064285228808936,1.0999984741210938,1.0715000152587897,52.86999893188477,50.16160018920898,50.37600021362304,50.59040023803711,0.0,1.0005371231390807,0.3817537035111525,1.0,-0.3817537035111525,1.0072910671373827,1.0,0.3817537035111525,0.9686501848106202,-1.0,-0.3817537035111525,0.0,0.0,0.0,0.0,0.0,0.0,0.0,,
2024-02-05,52.06000137329102,52.18000030517578,51.08000183105469,51.63999938964844,51.63999938964844,1351600.0,-1.8064285228808936,2.848307826608028,2.151347312592541,1.7378536584485436,1.7570246918101498,52.06399993896484,51.65300025939941,51.51666679382324,48.73733342488607,48.97530010223389,51.90283568691056,51.654411915168126,50.93121903104559,50.11171951435755,49.90796205940937,51.57658140037796,51.08742816442689,0.4891532359510719,0.4506565566252655,0.096822691036984,0.096822691036984,0.096822691036984,-0.096822691036984,-0.096822691036984,0.096822691036984,0.096822691036984,0.096822691036984,0.096822691036984,0.6599998474121165,1.0440000534057627,52.18000030517578,50.51269889831544,50.7269989013672,50.94129890441895,1.0,1.0026463953136138,-1.8064285228808936,1.0,-1.8064285228808936,1.0048093427556666,1.0,-1.8064285228808936,0.989088922056152,-1.0,1.8064285228808936,1.0,0.0,0.0,0.920324028,0.920324028,0.062875725,0.062875725,,
2024-02-06,51.86999893188477,52.15000152587891,51.4900016784668,51.68999862670898,51.68999862670898,865300.0,0.096822691036984,2.5325288631829603,2.108388455828885,1.6959106383793128,1.7483361256928538,51.83399963378906,51.7,51.49433339436849,48.89850006103516,48.988500099182126,51.8318900001767,51.660882226357366,50.980172553346456,50.16346637050022,49.94324991222719,51.59403020442888,51.13206301348482,0.4619671909440583,0.4529186834890241,0.4256166116233059,0.4256166116233059,0.4256166116233059,-0.4256166116233059,-0.4256166116233059,0.4256166116233059,0.4256166116233059,0.4256166116233059,0.4256166116233059,0.8300018310546875,1.0485000610351576,52.15000152587891,49.8832001876831,50.09200019836425,50.300800209045406,1.0,1.0039939657836994,0.096822691036984,1.0,0.096822691036984,1.0033101984799648,1.0,0.096822691036984,0.9700140684945435,-1.0,-0.096822691036984,0.0,0.0,0.0,0.0,0.0,0.0,0.0,,
2024-02-07,51.75,52.0,51.16999816894531,51.90999984741211,51.90999984741211,1486000.0,0.4256166116233059,1.7147872528399413,2.076887772651118,1.6818062724528715,1.7234098447049255,52.04399948120117,51.81699981689453,51.47666676839193,49.07650006612142,48.99070011138916,51.85792661592184,51.70617633927641,51.04016141102811,50.22072976318585,49.98219545549818,51.642640918734,51.1896879641461,0.452952954587893,0.4529255377087979,0.3274937086154765,0.3274937086154765,0.3274937086154765,0.3274937086154765,-0.3274937086154765,0.3274937086154765,0.3274937086154765,0.3274937086154765,0.3274937086154765,0.7099990844726562,1.0524999618530284,52.0,49.84330139160157,50.0530014038086,50.26270141601563,1.0,1.0066114041539218,0.4256166116233059,1.0,0.4256166116233059,1.0029348578330315,1.0,0.4256166116233059,0.9758597338991195,-1.0,-0.4256166116233059,0.0,1.0,0.0,0.0,0.0,0.0,0.0,,
2024-02-08,51.90999984741211,52.38999938964844,51.68000030517578,52.08000183105469,52.08000183105469,1031300.0,0.3274937086154765,0.9540218199810694,1.9986027915246851,1.6790098761747885,1.7173115838610118,51.98199996948242,51.856000137329104,51.43966687520345,49.24700012207031,48.99810012817383,51.9319516876328,51.77414461050882,51.107247889739504,50.28168950311597,50.02373617580623,51.70992721293718,51.25563713947267,0.454290073464513,0.4531984448599409,0.8256460740408688,0.8256460740408688,0.8256460740408688,0.8256460740408688,-0.8256460740408688,0.8256460740408688,0.8256460740408688,0.8256460740408688,0.8256460740408688,0.9099998474121094,1.0594999313354507,52.38999938964844,49.68450008392334,49.89500007629394,50.10550006866455,1.0,1.0080936228287736,0.3274937086154765,1.0,0.3274937086154765,1.0030479900404177,1.0,0.3274937086154765,0.977696704519916,-1.0,-0.3274937086154765,0.0,0.0,0.0,0.0,0.0,0.0,0.0,,
2024-02-09,52.09000015258789,52.63999938964844,51.72999954223633,52.5099983215332,52.5099983215332,1597400.0,0.8256460740408688,1.0294692073547704,1.9393839551197731,1.6723466477106026,1.677110875065318,51.96599960327149,52.00900001525879,51.412333424886064,49.44183343251546,49.00200012207032,52.124633898932935,51.90793619433144,51.19774791759716,50.35474880863784,50.072969089583005,51.83301507579811,51.34855278258826,0.4844622932098446,0.4594512145299217,-4.151590887181201,4.151590887181201,4.151590887181201,4.151590887181201,-4.151590887181201,4.151590887181201,4.151590887181201,4.151590887181201,4.151590887181201,5.900001525878913,1.2939998626709006,52.63999938964844,50.05909954071045,50.27099952697753,50.48289951324463,1.0,1.0116055146815008,0.8256460740408688,1.0,0.8256460740408688,1.004174654599833,1.0,0.8256460740408688,0.9971592651234046,-1.0,-0.8256460740408688,0.0,0.0,0.0,0.0,0.0,0.0,0.0,,
2024-02-12,49.79000091552734,55.5,49.59999847412109,54.68999862670898,54.68999862670898,3722300.0,4.151590887181201,1.6899698680154829,2.2840848555731434,1.8927856383033013,1.6747590814731304,52.5759994506836,52.31999969482422,51.44733339945476,49.64433339436849,49.02580009460449,52.97975547485828,52.41376572749098,51.42305441495922,50.496888146935255,50.16439541705084,52.272551006707474,51.59606728956017,0.6764837171473062,0.5028577150533986,2.3221804528322942,2.3221804528322942,2.3221804528322942,2.3221804528322942,-2.3221804528322942,2.3221804528322942,2.3221804528322942,2.3221804528322942,2.3221804528322942,2.59000015258789,1.3819999694824243,55.5,49.79319969177246,50.05199966430664,50.31079963684082,1.0,1.016962323170256,4.151590887181201,1.0,4.151590887181201,1.010798494241188,1.0,4.151590887181201,1.130183833150732,1.0,-4.151590887181201,0.0,0.0,3.0,0.018914433,0.0070510163333333,0.998302102,0.9035277963333334,,
2024-02-13,54.75,57.15000152587891,54.56000137329102,55.95999908447266,55.95999908447266,4016700.0,2.3221804528322942,1.630159611555096,2.273628609667463,1.8680898031961533,1.6811320157796317,53.42999954223633,52.6319995880127,51.53933334350586,49.85416673024496,49.06270008087158,53.97317001139641,53.05853542876037,51.71576052266976,50.67600653832992,50.2791598461087,52.83985071097904,51.91932149659072,0.920529214388324,0.5863920149203837,4.020729157989411,4.020729157989411,4.020729157989411,4.020729157989411,-4.020729157989411,4.020729157989411,4.020729157989411,4.020729157989411,4.020729157989411,1.989997863769524,1.4184999465942405,57.15000152587891,52.459600067138666,52.73600006103515,53.01240005493164,1.0,1.0212006282119386,2.3221804528322942,1.0,2.3221804528322942,1.017238217663661,1.0,2.3221804528322942,1.111209462232399,1.0,2.3221804528322942,1.0,2.0,1.0,0.849794924,0.28716134,0.994638145,0.4219338696666666,,
2024-02-14,56.31999969482422,58.29999923706055,56.31000137329102,58.20999908447266,58.20999908447266,3573500.0,4.020729157989411,1.764222963458932,1.9240051884876024,1.9193133539952647,1.727667998498936,54.68999938964844,53.3669994354248,51.73133328755696,50.11083335876465,49.13620006561279,55.3854463690885,53.995165184344415,52.134743655689306,50.92302268738378,50.43620616766046,53.666027383824215,52.3852976142116,1.2807297696126128,0.7252595658588296,3.332764940592036,3.332764940592036,3.332764940592036,3.332764940592036,-3.332764940592036,3.332764940592036,3.332764940592036,3.332764940592036,3.332764940592036,1.4099998474121094,1.4304998397827169,58.29999923706055,54.02930164337158,54.31300163269043,54.59670162200928,1.0,1.0316184804048203,4.020729157989411,1.0,4.020729157989411,1.0257482532000326,1.0,4.020729157989411,1.1109271895195358,1.0,4.020729157989411,0.0,0.0,0.0,0.0,0.0,0.0,0.0,,
2024-02-15,59.02999877929688,60.40999984741211,59.0,60.15000152587891,60.15000152587891,2447200.0,3.332764940592036,1.38220316355268,1.957058888541494,1.9899382521264053,1.76320938076928,56.30399932861328,54.14299964904785,52.05033327738444,50.39116668701172,49.23550006866455,56.973631421351975,55.11422633735068,52.65185706666929,51.22554658372788,50.62855855099152,54.66356186721725,52.9604608669277,1.70310100028955,0.9208278527449736,0.2327504340763649,0.2327504340763649,0.2327504340763649,0.2327504340763649,-0.2327504340763649,0.2327504340763649,0.2327504340763649,0.2327504340763649,0.2327504340763649,1.2099990844726562,1.4329998016357437,60.40999984741211,55.15289958953857,55.43899955749512,55.72509952545165,1.0,1.040204668056807,3.332764940592036,1.0,3.332764940592036,1.0337372981092032,1.0,3.332764940592036,1.1285887392784881,1.0,3.332764940592036,2.0,0.0,0.0,0.712098956,0.712098956,0.284046024,0.284046024,,
2024-02-16,59.75,60.88999938964844,59.68000030517578,60.29000091552734,60.29000091552734,1986700.0,0.2327504340763649,1.6139375419914008,1.9662844481319,1.996532616482646,1.760383675566645,57.85999984741211,54.9129997253418,52.35933329264323,50.66383336385091,49.3368000793457,58.07908791941043,56.05527626065552,53.14464054078917,51.5227418077213,50.819874241378365,55.52916787464957,53.50338975941656,2.0257781152330168,1.1418179052425823,-0.2653837203225225,-0.2653837203225225,-0.2653837203225225,-0.2653837203225225,0.2653837203225225,-0.2653837203225225,-0.2653837203225225,-0.2653837203225225,-0.2653837203225225,1.1599998474121094,1.4499998092651378,60.88999938964844,57.25740028381348,57.54400024414062,57.83060020446777,0.0,1.0487719432641702,0.2327504340763649,1.0,0.2327504340763649,1.0361038566529268,1.0,0.2327504340763649,1.1341462910578215,1.0,0.2327504340763649,0.0,0.0,0.0,0.0,0.0,0.0,0.0,,
2024-02-20,59.58000183105469,60.59999847412109,59.43999862670898,60.13000106811523,60.13000106811523,2131800.0,-0.2653837203225225,1.883683856296756,1.734395170699613,2.0152093834727896,1.742243064197536,58.94800033569336,55.76199989318848,52.67133331298828,50.945166714986165,49.446500091552736,58.76272563564537,56.79613531655728,53.59530896190699,51.804947029373565,51.00423318844246,56.23698836595198,53.9942498563572,2.24273850959478,1.362002026113022,0.2993519074977085,0.2993519074977085,0.2993519074977085,0.2993519074977085,-0.2993519074977085,0.2993519074977085,0.2993519074977085,0.2993519074977085,0.2993519074977085,1.0600013732910227,1.4589998245239273,60.59999847412109,57.69999980926514,57.98999977111816,58.27999973297119,1.0,1.0586783433378184,-0.2653837203225225,1.0,-0.2653837203225225,1.0346254249189166,1.0,-0.2653837203225225,1.1566752222377077,1.0,-0.2653837203225225,0.0,1.0,0.0,0.011641633,0.011641633,0.472917795,0.472917795,,
2024-02-21,59.81000137329102,60.65000152587891,59.59000015258789,60.31000137329102,60.31000137329102,1954900.0,0.2993519074977085,1.992126350168472,1.7166712182430548,2.0147793912099767,1.7416545842599642,59.81800079345703,56.62400016784668,52.9603333791097,51.222333399454754,49.55750011444092,59.27848421486059,57.43502005414523,54.028514923931766,52.08380127015774,51.18850582576619,56.86360575169645,54.462083302056,2.4015224496404457,1.5699061108185068,1.8073290130459356,1.8073290130459356,1.8073290130459356,1.8073290130459356,-1.8073290130459356,1.8073290130459356,1.8073290130459356,1.8073290130459356,1.8073290130459356,1.8699989318847656,1.5059997558593765,60.65000152587891,57.39019886016845,57.68199882507323,57.97379878997802,1.0,1.0691775628093407,0.2993519074977085,1.0,0.2993519074977085,1.032096518099541,1.0,0.2993519074977085,1.1568191588724606,1.0,0.2993519074977085,0.0,0.0,0.0,0.0,0.0,0.0,0.0,,
2024-02-22,60.66999816894531,61.91999816894531,60.04999923706055,61.40000152587891,61.40000152587891,1798300.0,1.8073290130459356,1.4782801421531893,1.6695299544493016,1.9805872130612172,1.7480283697394503,60.45600128173828,57.57300033569336,53.30233345031738,51.51000010172526,49.64740013122559,59.9856566518667,58.15592577627862,54.50409470470255,52.38925045886991,51.39071366141199,57.56151279387837,54.97600317048733,2.585509623391033,1.7730268133330125,0.0977158910467814,0.0977158910467814,0.0977158910467814,0.0977158910467814,-0.0977158910467814,0.0977158910467814,0.0977158910467814,0.0977158910467814,0.0977158910467814,1.0800018310546804,1.52199993133545,61.91999816894531,57.33680206298828,57.63800201416016,57.93920196533203,1.0,1.0801215745902875,1.8073290130459356,1.0,1.8073290130459356,1.0314625010463578,1.0,1.8073290130459356,1.1330406573186398,1.0,1.8073290130459356,0.0,0.0,0.0,0.0,0.0,0.0,0.0,,
2024-02-23,61.56999969482422,62.11000061035156,61.02999877929688,61.45999908447266,61.45999908447266,1314800.0,0.0977158910467814,0.7979486266131085,1.6920315170515623,1.9780969012161396,1.7490716218702789,60.71800079345703,58.51100006103516,53.65266672770182,51.794333394368486,49.7234001159668,60.47710412940202,58.75666637776844,54.95286272920386,52.68665205315197,51.59010545196765,58.16127991550825,55.45629916411588,2.7049807513923767,1.9594176009448847,0.5694798145657383,0.5694798145657383,0.5694798145657383,0.5694798145657383,-0.5694798145657383,0.5694798145657383,0.5694798145657383,0.5694798145657383,0.5694798145657383,1.2199974060058594,1.532999801635743,62.11000061035156,58.571598320007325,58.87599830627441,59.180398292541504,1.0,1.0905515723568853,0.0977158910467814,1.0,0.0977158910467814,1.0292807243449151,1.0,0.0977158910467814,1.1309410526602475,1.0,0.0977158910467814,0.0,0.0,0.0,0.0,0.0,0.0,0.0,,
2024-02-26,61.22000122070312,62.36999893188477,61.15000152587891,61.81000137329102,61.81000137329102,1422900.0,0.5694798145657383,0.790858168031678,1.7083056066336764,1.9076439214422916,1.7490686061387926,61.02200088500977,59.441000366210936,53.99633344014486,52.080166753133135,49.81310012817383,60.92140321069836,59.311818195136176,55.39525877075787,52.98577826036964,51.79247962862752,58.72262167824406,55.926943772202925,2.795677906041135,2.126669661964135,-0.0485400312692844,-0.0485400312692844,-0.0485400312692844,-0.0485400312692844,0.0485400312692844,-0.0485400312692844,-0.0485400312692844,-0.0485400312692844,-0.0485400312692844,1.120002746582024,1.535999870300293,62.36999893188477,58.73740104675293,59.04400100708008,59.350600967407225,0.0,1.1008340118519624,0.5694798145657383,1.0,0.5694798145657383,1.027137677861546,1.0,0.5694798145657383,1.0906627188590199,1.0,0.5694798145657383,0.0,0.0,0.0,0.0,0.0,0.0,0.0,,
2024-02-27,62.09999847412109,62.4900016784668,61.36999893188477,61.77999877929688,61.77999877929688,1116400.0,-0.0485400312692844,0.7427599888306294,1.5342494682143857,1.920790783576432,1.7252052389052182,61.3520004272461,60.15000038146973,54.34700012207031,52.344500096639,49.9134001159668,61.20760173356453,59.76057830134721,55.8071774809862,53.27411335935086,51.990252285076416,59.19298738609834,56.360503402358034,2.8324839837403037,2.267832526319369,-1.4082210247247826,-1.4082210247247826,-1.4082210247247826,-1.4082210247247826,1.4082210247247826,-1.4082210247247826,-1.4082210247247826,-1.4082210247247826,-1.4082210247247826,1.7599983215332102,1.5684997558593756,62.4900016784668,58.99079921722413,59.29799919128418,59.605199165344246,0.0,1.1067768275408971,-0.0485400312692844,1.0,-0.0485400312692844,1.0242136785377243,1.0,-0.0485400312692844,1.1133694358564137,1.0,-0.0485400312692844,0.0,0.0,1.0,0.002711383,0.002711383,0.989902258,0.989902258,,
2024-02-28,61.33000183105469,62.45999908447266,60.70000076293945,60.90999984741211,60.90999984741211,1573200.0,-1.4082210247247826,1.1595869771671965,1.6869456543263797,1.9532464741809563,1.7413102209029667,61.47200012207031,60.64500045776367,54.70033340454101,52.58633340199789,49.99950012207032,61.10840110484706,59.96956403699537,56.13639182720723,53.52447029338565,52.16688094967712,59.45714314937737,56.697503139028704,2.7596400103486687,2.366194023125229,0.459692628465446,0.459692628465446,0.459692628465446,0.459692628465446,-0.459692628465446,0.459692628465446,0.459692628465446,0.459692628465446,0.459692628465446,0.75,1.5234998703002938,62.45999908447266,59.03930221557617,59.35300216674805,59.66670211791992,1.0,1.1086769802527228,-1.4082210247247826,1.0,-1.4082210247247826,1.0189902509070958,1.0,-1.4082210247247826,1.121710796119998,1.0,-1.4082210247247826,0.0,0.0,0.0,0.0,0.0,0.0,0.0,,
2024-02-29,61.04999923706055,61.47000122070312,60.72000122070312,61.18999862670898,61.18999862670898,2728500.0,0.459692628465446,0.7919678582186965,1.2710912585474838,1.6483084543623083,1.7286012339202466,61.42999954223633,60.943000411987306,55.096666717529295,52.816833368937175,50.09740009307861,61.13560027880104,60.19146123512512,56.46243097556218,53.77579909119953,52.3455565472421,59.72373629973608,57.03028058256057,2.6934557171755102,2.431646361935285,1.8957343903351196,1.8957343903351196,1.8957343903351196,1.8957343903351196,-1.8957343903351196,1.8957343903351196,1.8957343903351196,1.8957343903351196,1.8957343903351196,1.6199989318847656,1.507999801635743,61.47000122070312,59.108299369812016,59.41299934387207,59.71769931793214,1.0,1.106110478959301,0.459692628465446,1.0,0.459692628465446,1.0156855976628951,1.0,0.459692628465446,0.9535504325796156,-1.0,0.459692628465446,0.0,0.0,0.0,0.0,0.0,0.0,0.0,,
2024-03-01,61.2400016784668,62.38999938964844,60.77000045776367,62.34999847412109,62.34999847412109,1660200.0,1.8957343903351196,1.1920345669224444,0.9591768155462512,1.5927262447091708,1.7255773938226266,61.60799942016602,61.16300010681152,55.52833328247071,53.07583332061768,50.20750007629395,61.540399677241055,60.5839225513062,56.84227403998534,54.05692038244285,52.5436643081704,60.12777663425685,57.4243337597132,2.7034428745436543,2.4860056644569597,0.32077107912436,0.32077107912436,0.32077107912436,0.32077107912436,-0.32077107912436,0.32077107912436,0.32077107912436,0.32077107912436,0.32077107912436,0.8600006103515625,1.490499877929688,62.38999938964844,58.15240165710448,58.45400161743163,58.75560157775878,1.0,1.1014737250563142,1.8957343903351196,1.0,1.8957343903351196,1.015787639453765,1.0,1.8957343903351196,0.9230106110632603,-1.0,-1.8957343903351196,0.0,0.0,0.0,0.0,0.0,0.0,0.0,,
2024-03-04,62.29999923706055,62.70000076293945,61.84000015258789,62.54999923706055,62.54999923706055,958500.0,0.32077107912436,1.1827993834367336,0.9582420591681398,1.5938002032192375,1.6979444649387296,61.75599899291992,61.38899993896485,55.94633331298828,53.35266666412353,50.31480007171631,61.87693286384756,60.94139103962517,57.21051437528052,54.3353819842336,52.74180955428704,60.50042626545742,57.80401268396116,2.696413581496266,2.528087247864821,-1.215025309037758,-1.215025309037758,-1.215025309037758,-1.215025309037758,1.215025309037758,-1.215025309037758,-1.215025309037758,-1.215025309037758,-1.215025309037758,1.3899993896484446,1.5049999237060554,62.70000076293945,59.11089965820312,59.408999633789065,59.707099609375,0.0,1.09728370571719,0.32077107912436,1.0,0.32077107912436,1.015351500979262,1.0,0.32077107912436,0.9386645064841681,-1.0,-0.32077107912436,0.0,1.0,0.0,0.230388656,0.230388656,0.06745854,0.06745854,,
2024-03-05,62.2400016784668,62.93000030517578,61.54000091552734,61.79000091552734,61.79000091552734,1138300.0,-1.215025309037758,1.3570954696318327,1.069151591328393,1.5460501612055868,1.7127873934207618,61.757999420166016,61.554999923706056,56.32333335876465,53.61233336130778,50.41200008392334,61.84795554774082,61.09568374433465,57.50596511981257,54.579795719685855,52.92098166045021,60.698822365468175,58.09927107148458,2.5995512939835947,2.542380057088576,1.03576530209699,1.03576530209699,1.03576530209699,1.03576530209699,-1.03576530209699,1.03576530209699,1.03576530209699,1.03576530209699,1.03576530209699,0.9099998474121094,1.5174999237060551,62.93000030517578,59.38900093078613,59.69000091552734,59.99100090026855,1.0,1.0928863093314645,-1.215025309037758,1.0,-1.215025309037758,1.0123130106302465,1.0,-1.215025309037758,0.9026515299822653,-1.0,1.215025309037758,0.0,0.0,0.0,0.0,0.0,0.0,0.0,,
2024-03-06,62.18999862670898,62.66999816894531,61.7599983215332,62.43000030517578,62.43000030517578,1045800.0,1.03576530209699,1.141290560413538,1.09582744498082,1.534190614633677,1.7119939999078952,62.06199951171875,61.76699981689453,56.69699999491374,53.87366669972737,50.51100009918213,62.041970466885815,61.338286755396666,57.823644809190846,54.83717947658717,53.109279059355664,60.9651574331155,58.42006582953579,2.545091603579713,2.5429223663868035,0.1121250912734905,0.1121250912734905,0.1121250912734905,0.1121250912734905,-0.1121250912734905,0.1121250912734905,0.1121250912734905,0.1121250912734905,0.1121250912734905,0.8199996948242188,1.5169998168945316,62.66999816894531,59.59150047302246,59.89500045776367,60.19850044250488,1.0,1.0894227176470646,1.03576530209699,1.0,1.03576530209699,1.0114721774720459,1.0,1.03576530209699,0.8961425184411954,-1.0,-1.03576530209699,0.0,0.0,0.0,0.0,0.0,0.0,0.0,,
2024-03-07,62.59000015258789,63.06999969482422,62.25,62.5,62.5,878500.0,0.1121250912734905,1.1548173564598354,0.969417326882726,1.5415148859899217,1.7125710960569764,62.32399978637695,61.87699966430664,57.08899993896485,54.13366667429606,50.63320011138916,62.19464697792388,61.54950734532454,58.12534514408176,55.08841949374824,53.29523392946744,61.20128705879005,58.7222831754961,2.4790038832939416,2.530138669768231,0.944000244140625,0.944000244140625,0.944000244140625,0.944000244140625,-0.944000244140625,0.944000244140625,0.944000244140625,0.944000244140625,-0.944000244140625,1.1699981689453196,1.5399997711181648,63.06999969482422,59.33259857177734,59.63599853515625,59.93939849853516,1.0,1.0838690418550114,0.1121250912734905,1.0,0.1121250912734905,1.0104816376348842,1.0,0.1121250912734905,0.9001173087290247,-1.0,-0.1121250912734905,0.0,0.0,0.0,0.0,0.0,0.0,0.0,,
2024-03-08,63.0099983215332,63.88999938964844,62.72000122070312,63.09000015258789,63.09000015258789,1617800.0,0.944000244140625,0.903995610042288,0.997771707287372,1.534693243001621,1.6943176254084535,62.47200012207031,62.03999977111816,57.46899998982747,54.38433335622152,50.76500011444092,62.49309803614523,61.82959694664515,58.44564546721119,55.35076640059544,53.4891896962619,61.49185830398971,59.04581776639179,2.4460405375979164,2.5133190433341683,-0.3962593111354514,-0.3962593111354514,-0.3962593111354514,-0.3962593111354514,0.3962593111354514,-0.3962593111354514,-0.3962593111354514,-0.3962593111354514,0.3962593111354514,1.1300010681152417,1.5509998321533214,63.88999938964844,59.68200019836426,59.99000015258789,60.29800010681152,0.0,1.0795385300266196,-0.944000244140625,1.0,0.944000244140625,1.010731124287817,1.0,0.944000244140625,0.9057883952730813,-1.0,-0.944000244140625,0.0,0.0,0.0,0.0,0.0,0.0,0.0,,
2024-03-11,63.09000015258789,63.56999969482422,62.43999862670898,62.84000015258789,62.84000015258789,1050700.0,-0.3962593111354514,0.9438789345756,1.0118341117147205,1.5649551949156353,1.6972958933342548,62.53000030517578,62.14299964904785,57.86433334350586,54.63016668955485,50.886400108337405,62.608732074959455,62.01330662045292,58.72915222110647,55.59631504820175,53.67435425975351,61.69926474223558,59.32686831351743,2.372396428718148,2.4851345204109645,0.922975835374081,0.922975835374081,0.922975835374081,0.922975835374081,-0.922975835374081,0.922975835374081,0.922975835374081,0.922975835374081,-0.922975835374081,1.2000007629394531,1.3159997940063484,63.56999969482422,60.47779975891113,60.78799972534179,61.09819969177246,1.0,1.073943067487568,0.3962593111354514,1.0,-0.3962593111354514,1.009601575644898,1.0,-0.3962593111354514,0.9220285049069183,-1.0,0.3962593111354514,0.0,0.0,2.0,0.014276521,0.0116267635,0.721421123,0.607158944,,
2024-03-12,62.93000030517578,63.93000030517578,62.72999954223633,63.41999816894531,63.41999816894531,1073400.0,0.922975835374081,0.6352171673709988,1.0348963778288374,1.3673986513798158,1.680293902866608,62.85599975585937,62.30699958801269,58.25899988810222,54.86683330535889,51.015700073242186,62.87915410628808,62.2690687201788,59.031787443547685,55.85282924888187,53.86733730746028,61.96399296172938,59.6300631176232,2.33392984410618,2.454893585150008,-0.1419052987842772,-0.1419052987842772,-0.1419052987842772,-0.1419052987842772,0.1419052987842772,-0.1419052987842772,-0.1419052987842772,-0.1419052987842772,0.1419052987842772,0.6800003051757955,1.2204998016357436,63.93000030517578,60.67480014801025,60.93800010681152,61.2012000656128,0.0,1.0694828216702217,-0.922975835374081,1.0,0.922975835374081,1.0097975672135204,1.0,0.922975835374081,0.8137854032839208,-1.0,-0.922975835374081,0.0,0.0,0.0,0.0,0.0,0.0,0.0,,
2024-03-13,63.45000076293945,63.81000137329102,63.13000106811523,63.33000183105469,63.33000183105469,1137300.0,-0.1419052987842772,0.6159325877704147,0.8717276783636235,1.3289449888975744,1.5608770603383793,63.03600006103515,62.54899978637695,58.608666610717776,55.05933335622152,51.13330009460449,63.029436681210285,62.46196564942896,59.3090915975804,56.097982448297365,54.05471680297699,62.17414817239481,59.90413265195146,2.2700155204433514,2.4179179722086763,-1.579030429633806,-1.579030429633806,-1.579030429633806,-1.579030429633806,1.579030429633806,-1.579030429633806,-1.579030429633806,-1.579030429633806,1.579030429633806,1.8600006103515556,1.2139999389648453,63.81000137329102,61.24490074157715,61.489000701904295,61.73310066223144,0.0,1.067231237349778,0.1419052987842772,1.0,-0.1419052987842772,1.0090850652213907,1.0,-0.1419052987842772,0.8514091357134016,-1.0,0.1419052987842772,0.0,0.0,0.0,0.0,0.0,0.0,0.0,,
2024-03-14,63.47000122070312,63.47000122070312,61.61000061035156,62.33000183105469,62.33000183105469,1467800.0,-1.579030429633806,1.0489273808543158,1.070369099985602,1.1552439681014337,1.5799710615552758,63.002000427246095,62.66300010681152,58.99099998474121,55.2353333791097,51.26130012512207,62.79629173115842,62.43797222790636,59.5039890319981,56.30231095265006,54.218583833235954,62.19812565834248,60.08382666521837,2.114298993124109,2.3571941763917628,-0.4171380211654796,-0.4171380211654796,-0.4171380211654796,-0.4171380211654796,0.4171380211654796,-0.4171380211654796,-0.4171380211654796,-0.4171380211654796,0.4171380211654796,0.7799987792968821,1.1824998855590838,63.47000122070312,61.139201507568366,61.38200149536133,61.6248014831543,0.0,1.0622467854930435,1.579030429633806,1.0,-1.579030429633806,1.0057388074991314,1.0,-1.579030429633806,0.7311804603333978,-1.0,1.579030429633806,0.0,0.0,0.0,0.0,0.0,0.0,0.0,,
2024-03-15,61.88000106811523,62.65999984741211,61.88000106811523,62.06999969482422,62.06999969482422,2861500.0,-0.4171380211654796,0.8912196352535932,0.8965964364033286,0.9272694452261406,1.5812530516553234,62.79800033569336,62.63500022888184,59.313666661580406,55.40900001525879,51.39410011291504,62.554194385713686,62.37106813098233,59.66953810701914,56.491415501573805,54.37405741465354,62.17841397164736,60.230950593337326,1.947463378310033,2.275248016775417,0.612213742522253,0.612213742522253,0.612213742522253,0.612213742522253,-0.612213742522253,0.612213742522253,0.612213742522253,0.612213742522253,-0.612213742522253,0.8500022888183594,1.164500045776369,62.65999984741211,60.868501472473135,61.10500144958495,61.341501426696766,1.0,1.055996092540554,0.4171380211654796,1.0,-0.4171380211654796,1.0029360769378965,1.0,-0.4171380211654796,0.5864143277101886,-1.0,0.4171380211654796,0.0,0.0,1.0,0.002609594,0.002609594,0.986723363,0.986723363,,
2024-03-18,62.43000030517578,62.9900016784668,62.13999938964844,62.45000076293945,62.45000076293945,1019900.0,0.612213742522253,0.9799839966241564,0.914239174035588,0.932674567353699,1.5737676885068663,62.72000045776368,62.625000381469725,59.642333348592125,55.57583338419597,51.53450012207031,62.51946317812228,62.385419518610895,59.848922794497874,56.68677895276612,54.53397708491663,62.22019655492306,60.39532467997452,1.824871874948542,2.1851727884100423,1.6333073583707265,1.6333073583707265,1.6333073583707265,1.6333073583707265,-1.6333073583707265,1.6333073583707265,1.6333073583707265,1.6333073583707265,-1.6333073583707265,1.6100006103515696,1.187000083923342,62.9900016784668,60.098099746704094,60.330999755859374,60.56389976501465,1.0,1.0500092277651978,-0.612213742522253,1.0,0.612213742522253,1.0021486376231132,1.0,0.612213742522253,0.5926380203158109,-1.0,-0.612213742522253,0.0,0.0,0.0,0.0,0.0,0.0,0.0,,
2024-03-19,62.22000122070312,63.56000137329102,61.95000076293945,63.47000122070312,63.47000122070312,1166500.0,1.6333073583707265,1.196627338294468,0.9411732456687132,0.9803373815375176,1.5547910635360584,62.73000106811524,62.79300041198731,60.03666674296061,55.77666676839193,51.68470012664795,62.836309192315895,62.58261619171857,60.08254075747886,56.90917968286241,54.7109280579025,62.4124741958123,60.62307849780627,1.7893956980060324,2.1060173703292406,-0.4253985387912805,0.4253985387912805,0.4253985387912805,0.4253985387912805,-0.4253985387912805,0.4253985387912805,0.4253985387912805,0.4253985387912805,-0.4253985387912805,1.0499992370605398,1.186499977111818,63.56000137329102,60.37860149383545,60.61600151062012,60.85340152740479,1.0,1.045910837802298,-1.6333073583707265,1.0,1.6333073583707265,1.0040537295503937,1.0,1.6333073583707265,0.6305267662832703,-1.0,-1.6333073583707265,0.0,0.0,0.0,0.0,0.0,0.0,0.0,,
2024-03-20,63.56999969482422,63.95000076293945,62.90000152587891,63.7400016784668,63.7400016784668,911400.0,0.4253985387912805,1.2041330806100563,0.9052895004369378,0.9809056993177192,1.5428940553515555,62.81200103759765,62.9240005493164,60.43833351135254,55.96633345286052,51.849700126647946,63.13754002103286,62.79304991658188,60.318505978187765,57.13314105976747,54.889721594943374,62.61670919314376,60.85396169637372,1.7627474967700465,2.037363395617402,-1.490431029060344,1.490431029060344,1.490431029060344,1.490431029060344,-1.490431029060344,1.490431029060344,1.490431029060344,1.490431029060344,-1.490431029060344,1.7400016784667898,1.1800001144409191,63.95000076293945,60.949701423645024,61.187001419067386,61.42430141448975,1.0,1.0411273258799727,-0.4253985387912805,1.0,0.4253985387912805,1.00548611836674,1.0,0.4253985387912805,0.6357570021839349,-1.0,-0.4253985387912805,0.0,0.0,0.0,0.0,0.0,0.0,0.0,,
2024-03-21,64.0,65.55000305175781,63.81000137329102,64.69000244140625,64.69000244140625,1114800.0,1.490431029060344,0.8389019044674194,0.9894762143732392,0.9572354660212492,1.549791897912841,63.284001159667966,63.14300079345704,60.86433359781901,56.17050018310547,52.0281001663208,63.65502749449066,63.13795037564085,60.60053800807283,57.38090700670644,55.08378656220006,62.93567738518414,61.13811286267242,1.7975645225117205,1.9894036209962656,-0.7574671118738802,-0.7574671118738802,-0.7574671118738802,-0.7574671118738802,0.7574671118738802,-0.7574671118738802,-0.7574671118738802,-0.7574671118738802,0.7574671118738802,0.5999984741210938,1.1559999465942397,65.55000305175781,61.35400051116943,61.590000534057616,61.8260005569458,0.0,1.0374384645479744,-1.490431029060344,1.0,1.490431029060344,1.0081896405533193,1.0,1.490431029060344,0.6176541942891762,-1.0,-1.490431029060344,0.0,0.0,0.0,0.0,0.0,0.0,0.0,,
2024-03-22,64.4000015258789,64.70999908447266,64.11000061035156,64.19999694824219,64.19999694824219,715100.0,-0.7574671118738802,0.9619406081531588,1.0216366334825693,0.9838628730380092,1.549975804335606,63.71000061035157,63.25400047302246,61.268333435058594,56.35400015513103,52.209300117492674,63.83668397907451,63.331049752477455,60.83276116550312,57.60448372610105,55.26430557974545,63.13018808719307,61.36491909123315,1.7652689959599217,1.9445766959889967,-1.7133933433173147,-1.7133933433173147,-1.7133933433173147,-1.7133933433173147,1.7133933433173147,-1.7133933433173147,-1.7133933433173147,-1.7133933433173147,1.7133933433173147,1.3800010681152344,1.1640001296997085,64.70999908447266,63.00680316925048,63.238003158569335,63.46920314788818,0.0,1.0324093528685347,0.7574671118738802,1.0,-0.7574671118738802,1.0079839861896063,1.0,-0.7574671118738802,0.6347601493429377,-1.0,0.7574671118738802,0.0,0.0,0.0,0.0,0.0,0.0,0.0,,
2024-03-25,64.18000030517578,64.36000061035156,62.97999954223633,63.09999847412109,63.09999847412109,1091500.0,-1.7133933433173147,1.444556907930452,1.1771473657494915,1.0701781993046908,1.572175721933082,63.84000015258789,63.28000030517578,61.62133344014486,56.51683343251546,52.37670009613037,63.59112214409004,63.28904042913993,60.97903454025267,57.78466453751154,55.41946781527764,63.12554353133584,61.49344348996559,1.6321000413702509,1.882081365065248,0.5388275131691697,0.5388275131691697,0.5388275131691697,0.5388275131691697,-0.5388275131691697,0.5388275131691697,0.5388275131691697,0.5388275131691697,-0.5388275131691697,1.4200019836425852,1.1790000915527366,64.36000061035156,62.149198799133295,62.38199882507324,62.614798851013184,1.0,1.026917088164638,1.7133933433173147,1.0,-1.7133933433173147,1.0047730493763503,1.0,-1.7133933433173147,0.6806988457936776,-1.0,1.7133933433173147,0.0,0.0,0.0,0.0,0.0,0.0,0.0,,
2024-03-26,63.29999923706055,64.55000305175781,63.13000106811523,63.43999862670898,63.43999862670898,1460300.0,0.5388275131691697,1.2452012209646526,1.1513905226084689,1.0736876223485643,1.5720532742813993,63.83399963378906,63.28200035095215,61.91300010681152,56.680166753133136,52.53980007171631,63.54074763829635,63.31648737415248,61.13780641679824,57.970085327321286,55.57829020758321,63.17392123831632,61.63763275935399,1.5362884789623266,1.812922787844664,-0.2206800010703168,-0.2206800010703168,-0.2206800010703168,-0.2206800010703168,0.2206800010703168,-0.2206800010703168,-0.2206800010703168,-0.2206800010703168,0.2206800010703168,1.7000007629394531,1.1760002136230487,64.55000305175781,61.76620040893554,62.00200042724609,62.23780044555664,0.0,1.0221116767363696,-0.5388275131691697,1.0,0.5388275131691697,1.003541893643257,1.0,0.5388275131691697,0.6829842473623277,-1.0,-0.5388275131691697,0.0,0.0,0.0,0.0,0.0,0.0,0.0,,
2024-03-27,63.61000061035156,64.18000030517578,62.47999954223633,63.29999923706055,63.29999923706055,2220100.0,-0.2206800010703168,1.2229236599201736,1.152807238733039,1.0148970246647435,1.5667585487505793,63.74599914550781,63.27900009155273,62.157666778564455,56.84850006103515,52.76320007324219,63.46049817121775,63.31348953104485,61.27730272778291,58.14483660305044,55.73119533687979,63.193317853507736,61.76077101696189,1.4325468365458462,1.7368475975849005,1.6745677505007168,1.6745677505007168,1.6745677505007168,1.6745677505007168,-1.6745677505007168,1.6745677505007168,1.6745677505007168,1.6745677505007168,-1.6745677505007168,1.9999961853027413,1.2385000228881855,64.18000030517578,61.9628025817871,62.19800262451172,62.43320266723632,1.0,1.0180401448623064,0.2206800010703168,1.0,-0.2206800010703168,1.0023219165656763,1.0,-0.2206800010703168,0.6477686210642214,-1.0,0.2206800010703168,0.0,0.0,0.0,0.0,0.0,0.0,0.0,,
2024-03-28,63.38000106811523,64.62999725341797,62.63000106811523,64.36000061035156,64.36000061035156,2964500.0,1.6745677505007168,1.285200423308797,1.11578655399149,1.0664611855900954,1.5602226491437383,63.67999877929688,63.48199996948242,62.36266682942709,57.04700005849202,52.98840007781983,63.76033231759569,63.50376427273698,61.47618646214218,58.348612472142285,55.902062768037645,63.37280750840678,61.95330654239816,1.41950096600862,1.6733782712696446,-1.848978294159388,-1.848978294159388,-1.848978294159388,-1.848978294159388,1.848978294159388,-1.848978294159388,-1.848978294159388,-1.848978294159388,1.848978294159388,1.1499977111816335,1.2149999618530292,64.62999725341797,61.45530025482177,61.70300025939941,61.95070026397705,0.0,1.0179487696239307,-1.6745677505007168,1.0,1.6745677505007168,1.004040202148597,1.0,1.6745677505007168,0.6835314089148604,-1.0,-1.6745677505007168,0.0,0.0,0.0,0.0,0.0,0.0,0.0,,
2024-04-01,64.19000244140625,64.2699966430664,63.11999893188477,63.16999816894531,63.16999816894531,910000.0,-1.848978294159388,1.500407041188795,1.2987093608964668,1.0922560928535476,1.5017953635623624,63.4739990234375,63.59199981689453,62.46333338419596,57.2568333307902,53.19600006103516,63.56355426804557,63.44307952659304,61.585464636774645,58.5066906917096,56.0459822809269,63.34160607156655,62.04343184806832,1.2981742234982363,1.598337461715363,0.5382243909226024,-0.5382243909226024,-0.5382243909226024,-0.5382243909226024,0.5382243909226024,-0.5382243909226024,-0.5382243909226024,-0.5382243909226024,0.5382243909226024,0.7900009155273438,1.2114999771118182,64.2699966430664,61.956997337341306,62.19999732971191,62.44299732208252,0.0,1.0180692635430841,1.848978294159388,1.0,-1.848978294159388,1.0018989422069595,1.0,-1.848978294159388,0.7273002163641261,-1.0,1.848978294159388,0.0,1.0,2.0,0.010994736,0.0050732513333333,0.990712225,0.6797525956666667,,
2024-04-02,62.79000091552734,62.9900016784668,62.20000076293945,62.83000183105469,62.83000183105469,861800.0,-0.5382243909226024,1.305803781660428,1.3074307313028857,1.0987879129977158,1.5050434296509012,63.41999969482422,63.62999992370605,62.54800008138021,57.45366668701172,53.40620006561279,63.31903678904861,63.331610854676974,61.66575735898627,58.64843859791764,56.18031930172151,63.26289772687242,62.101696291252495,1.1612014356199225,1.510910256496275,0.7639715787758451,-0.7639715787758451,-0.7639715787758451,-0.7639715787758451,0.7639715787758451,0.7639715787758451,-0.7639715787758451,-0.7639715787758451,0.7639715787758451,1.4900016784667969,1.2165000915527358,62.9900016784668,61.60469669342041,61.84699668884277,62.089296684265136,0.0,1.0172987120438395,0.5382243909226024,1.0,-0.5382243909226024,0.9998014567218696,-1.0,-0.5382243909226024,0.7300705689619751,-1.0,0.5382243909226024,0.0,0.0,0.0,0.0,0.0,0.0,0.0,,
2024-04-03,62.45999908447266,63.4900016784668,62.0,62.34999847412109,62.34999847412109,1296300.0,-0.7639715787758451,1.281481497321733,1.204320356380168,1.0763297557000755,1.5080745143239147,63.20199966430664,63.51799964904785,62.621999994913736,57.64666665395101,53.60520004272461,62.9960240174061,63.15313587639408,61.70990194705949,58.76980121680955,56.3024911665215,63.1224516879876,62.12008904553905,1.0023626424485457,1.4092007336867292,1.3793052392956175,-1.3793052392956175,-1.3793052392956175,-1.3793052392956175,1.3793052392956175,1.3793052392956175,-1.3793052392956175,-1.3793052392956175,1.3793052392956175,2.19000244140625,1.2805002212524428,63.4900016784668,60.31370147705078,60.55700149536133,60.80030151367187,0.0,1.0143080651241878,0.7639715787758451,1.0,-0.7639715787758451,0.9975122081143288,-1.0,0.7639715787758451,0.7137112559604558,-1.0,0.7639715787758451,0.0,0.0,0.0,0.0,0.0,0.0,0.0,,
2024-04-04,63.0099983215332,63.63000106811523,61.43999862670898,61.4900016784668,61.4900016784668,1208700.0,-1.3793052392956175,1.357154422570548,1.239661369786574,1.0952965354980535,1.5136682681380984,62.84000015258789,63.29299964904785,62.6613333384196,57.81083335876465,53.79990005493164,62.494016571093,62.8507478404073,61.69571483295674,58.85898811719175,56.40521414695606,62.87130553267671,62.07341590723741,0.7978896254393035,1.2869385120372443,0.0650527149706546,-0.0650527149706546,-0.0650527149706546,-0.0650527149706546,0.0650527149706546,0.0650527149706546,-0.0650527149706546,-0.0650527149706546,0.0650527149706546,0.8900032043457102,1.2840003967285174,63.63000106811523,60.67290119171143,60.92900123596191,61.1851012802124,0.0,1.0100806394785244,1.3793052392956175,1.0,-1.3793052392956175,0.9943241523518522,-1.0,1.3793052392956175,0.7236040805990689,-1.0,1.3793052392956175,0.0,0.0,0.0,0.0,0.0,0.0,0.0,,
2024-04-05,61.25,61.7400016784668,60.84999847412109,61.45000076293945,61.45000076293945,2794000.0,-0.0650527149706546,0.7026717451527209,1.0686044081385695,1.0944610892443054,1.505283618641054,62.258000183105466,62.96899948120117,62.66299997965495,57.982666714986166,54.00210006713867,62.14601130170849,62.596066553594966,61.67986231231046,58.94393935147856,56.50511091162901,62.65264326040944,62.02723700765978,0.6254062527496558,1.1546320601797266,-1.187956929492166,1.187956929492166,1.187956929492166,1.187956929492166,-1.187956929492166,-1.187956929492166,1.187956929492166,1.187956929492166,-1.187956929492166,0.970001220703132,1.274000549316408,61.7400016784668,60.80520019531249,61.06200027465819,61.3188003540039,1.0,1.0048832564933945,0.0650527149706546,1.0,-0.0650527149706546,0.9928101672091307,-1.0,0.0650527149706546,0.727079651761817,-1.0,0.0650527149706546,0.0,0.0,0.0,0.0,0.0,0.0,0.0,,
2024-04-08,61.77999877929688,62.56000137329102,61.59000015258789,62.18000030517578,62.18000030517578,3046800.0,1.187956929492166,0.9624772224742952,1.188385786739142,1.1077412614534297,1.5066450979966128,62.060000610351565,62.76699981689453,62.68700002034505,58.16983337402344,54.20540008544922,62.15734096953092,62.52041814479148,61.7121292795921,59.05003971061617,56.61748495902597,62.57992895960425,62.03855280747578,0.5413761521284712,1.0319808785694755,-1.270506451672658,1.270506451672658,1.270506451672658,1.270506451672658,-1.270506451672658,-1.270506451672658,1.270506451672658,1.270506451672658,-1.270506451672658,1.029998779296882,1.26900043487549,62.56000137329102,58.9372004699707,59.19200057983398,59.44680068969726,1.0,1.001276178418548,-1.187956929492166,1.0,1.187956929492166,0.9941926623967916,-1.0,-1.187956929492166,0.735237026242208,-1.0,-1.187956929492166,0.0,1.0,0.0,0.142167628,0.142167628,0.126438722,0.126438722,,
