Date_TYL_L01d,Open_TYL_L01d,High_TYL_L01d,Low_TYL_L01d,Close_TYL_L01d,Adj Close_TYL_L01d,Volume_TYL_L01d,Daily_Return_TYL_L01d,Vol5_TYL_L01d,Vol10_TYL_L01d,Vol20_TYL_L01d,Vol60_TYL_L01d,SMA5_TYL_L01d,SMA10_TYL_L01d,SMA30_TYL_L01d,SMA60_TYL_L01d,SMA100_TYL_L01d,EMA5_TYL_L01d,EMA10_TYL_L01d,EMA30_TYL_L01d,EMA60_TYL_L01d,EMA100_TYL_L01d,Short12_TYL_L01d,Long26_TYL_L01d,MACD_TYL_L01d,SIGNAL9_TYL_L01d,Ret5/10_TYL_L01d,Ret10/30_TYL_L01d,Ret30/60_TYL_L01d,Ret30/100_TYL_L01d,Emaret5/10_TYL_L01d,Emaret10/30_TYL_L01d,Emaret30/60_TYL_L01d,Emaret30/100_TYL_L01d,RetMACD_TYL_L01d,DayRange_TYL_L01d,average20r_TYL_L01d,PRVHI_TYL_L01d,HitLevel_TYL_L01d,hitlevel_2_TYL_L01d,hitlevel_1.8_TYL_L01d,positive_return_dummy,sma_ratio_L01d,RetMACD_L01d,R_sma_ratio_L01d,ret_sma_ratio_L01d,ema_ratio_L01d,R_ema_ratio_L01d,ret_ema_ratio_L01d,volatility_ratio_L01d,R_vol_ratio_L01d,ret_vol_ratio_L01d,negative_L01d,neutral_L01d,positive_L01d,negative_max_L01d,negative_avg_L01d,positive_max_L01d,positive_avg_L01d,ret_best,best
2024-01-03,406.6799926757812,411.1499938964844,405.1600036621094,406.8999938964844,406.8999938964844,221100.0,-0.3184758137360059,1.1346842162316784,1.0159970270068226,1.0147651298767852,1.686149519640162,413.4220031738281,413.4630004882813,410.8123341878255,401.4013346354167,394.8447006225586,411.5016834232232,412.4173385481605,409.8601873089768,404.4769876395068,399.0348191662648,412.3734581861819,410.60357532010687,1.7698828660750223,2.563088269640241,1.3541359869001663,-1.3541359869001663,-1.3541359869001663,-1.3541359869001663,1.3541359869001663,1.3541359869001663,-1.3541359869001663,-1.3541359869001663,1.3541359869001663,8.830017089843693,6.789500427246099,411.1499938964844,400.3819107055664,401.6890106201172,402.99611053466793,0.0,1.0404402883971609,0.3184758137360059,1.0,-0.3184758137360059,1.0271288810468477,1.0,-0.3184758137360059,1.0012139726659577,1.0,-0.3184758137360059,0.0,0.0,1.0,0.010576485,0.010576485,0.511686683,0.511686683,,1
2024-01-04,406.7900085449219,409.6300048828125,400.7999877929688,401.3900146484375,401.3900146484375,161700.0,-1.3541359869001663,1.1853138624712731,1.0546694576397355,1.0511646099839702,1.6897824462736413,410.5800048828125,412.143002319336,410.4590016682943,401.5420013427735,394.98300079345705,408.1311271649613,410.4123705663926,409.313724556684,404.37577541029134,399.0814567005653,410.6836976419135,409.9210893444276,0.7626082974858832,2.202992275209369,0.1420083468488724,-0.1420083468488724,-0.1420083468488724,-0.1420083468488724,0.1420083468488724,0.1420083468488724,-0.1420083468488724,-0.1420083468488724,0.1420083468488724,6.570007324218693,6.564500427246093,409.6300048828125,396.2130929565429,397.57099304199215,398.92889312744137,0.0,1.039181435261134,1.3541359869001663,1.0,-1.3541359869001663,1.0256395472260593,1.0,-1.3541359869001663,1.0033342519549044,1.0,-1.3541359869001663,0.0,0.0,0.0,0.0,0.0,0.0,0.0,-1.3541359869001663,1
2024-01-05,401.0599975585938,405.2000122070312,398.6300048828125,400.8200073242188,400.8200073242188,243000.0,-0.1420083468488724,1.0013677104250711,0.9917120130049786,0.9904149630247294,1.689540518071627,407.0860046386719,411.32200317382814,410.1183349609375,401.6890014648437,395.11330078125,405.6940872180472,408.6683045223609,408.7657427997508,404.2591928500922,399.11588344558805,409.16620682380665,409.2469351207085,-0.0807282969018388,1.7462481607871276,-3.3930457200243187,3.3930457200243187,3.3930457200243187,3.3930457200243187,-3.3930457200243187,-3.3930457200243187,-3.3930457200243187,3.3930457200243187,-3.3930457200243187,11.949981689453068,6.758999633789057,405.2000122070312,395.1881039428711,396.5010040283203,397.8139041137695,1.0,1.037976535211592,0.1420083468488724,1.0,-0.1420083468488724,1.0241780890072703,1.0,-0.1420083468488724,1.0013096025692987,1.0,-0.1420083468488724,0.0,0.0,0.0,0.0,0.0,0.0,0.0,-0.1420083468488724,1
2024-01-08,404.3900146484375,414.4299926757812,402.4800109863281,414.4200134277344,414.4200134277344,243300.0,3.3930457200243187,2.177772557316185,1.4910462057149012,1.244110895798724,1.743784742962305,406.3460083007813,411.515005493164,410.2033355712891,402.0556681315104,395.45500091552736,408.6027292879429,409.7140697778833,409.1305344531691,404.59233450837553,399.4189355244425,409.97448476287246,409.6301261064141,0.3443586564583256,1.465870259921367,0.4222769034548957,-0.4222769034548957,-0.4222769034548957,-0.4222769034548957,0.4222769034548957,0.4222769034548957,-0.4222769034548957,-0.4222769034548957,0.4222769034548957,5.119995117187614,6.808999633789062,414.4299926757812,390.33021301269525,391.6820129394531,393.0338128662109,0.0,1.0372945964057034,-3.3930457200243187,1.0,3.3930457200243187,1.024314317787601,1.0,3.3930457200243187,1.1984833592809618,1.0,3.3930457200243187,0.0,0.0,1.0,0.006007134,0.006007134,0.914254129,0.914254129,3.3930457200243187,1
2024-01-09,410.6799926757812,415.7999877929688,410.6799926757812,412.6700134277344,412.6700134277344,102500.0,-0.4222769034548957,1.828867038489221,1.4842693503912527,1.2506460910343256,1.734520379867069,407.24000854492186,411.2820068359375,410.2883361816406,402.48250172932944,395.8108010864258,409.95849066787343,410.2515140778562,409.3588879353992,404.8571764401578,399.6813331066859,410.3891814805435,409.8553029450304,0.5338785355131108,1.279471915039716,-1.388513893014768,1.388513893014768,1.388513893014768,1.388513893014768,-1.388513893014768,-1.388513893014768,1.388513893014768,1.388513893014768,-1.388513893014768,5.970001220703182,6.79049987792969,415.7999877929688,399.4501934814453,400.8119934082031,402.17379333496086,1.0,1.0365769075919018,0.4222769034548957,1.0,-0.4222769034548957,1.0242131769164464,1.0,-0.4222769034548957,1.1868020545794158,1.0,-0.4222769034548957,0.0,0.0,0.0,0.0,0.0,0.0,0.0,-0.4222769034548957,1
2024-01-10,413.5799865722656,418.6499938964844,412.6799926757812,418.3999938964844,418.3999938964844,163600.0,1.388513893014768,1.8596630233874816,1.5501784202624669,1.2822210240719274,1.6902859906881504,409.5400085449219,411.481005859375,410.5260030110677,403.20316823323566,396.2588009643555,412.7723250774104,411.7330558630613,409.94218509417885,405.3012032420045,400.0519996569789,411.6216141599191,410.4882430155085,1.133371144410603,1.2502517609138937,-1.641968264198205,1.641968264198205,1.641968264198205,1.641968264198205,-1.641968264198205,1.641968264198205,1.641968264198205,1.641968264198205,-1.641968264198205,6.760009765625,6.841999816894534,418.6499938964844,400.8608880615235,402.2189880371094,403.57708801269536,1.0,1.0360047575271283,-1.388513893014768,1.0,1.388513893014768,1.0247222497217365,1.0,1.388513893014768,1.2089791004514898,1.0,1.388513893014768,0.0,0.0,0.0,0.0,0.0,0.0,0.0,1.388513893014768,-1
2024-01-11,421.2699890136719,425.9400024414062,419.1799926757812,425.2699890136719,425.2699890136719,177200.0,1.641968264198205,1.538597510024606,1.6239130863965785,1.3133518082204605,1.6773909269390457,414.3160034179688,412.4480041503906,411.1300028483073,403.8913345336914,396.7898007202148,416.9382130561643,414.1943164358996,410.9310756696301,405.9559175296001,400.551365782854,413.7213641374195,411.5831871635206,2.138176973898908,1.4278368035108964,0.877092454837722,0.877092454837722,0.877092454837722,0.877092454837722,-0.877092454837722,0.877092454837722,0.877092454837722,0.877092454837722,0.877092454837722,4.6500244140625,6.8160003662109405,425.9400024414062,403.5975942993164,404.9659942626953,406.3343942260742,1.0,1.0361405512492092,-1.641968264198205,1.0,1.641968264198205,1.0259135550979575,1.0,1.641968264198205,1.2364646519175362,1.0,1.641968264198205,0.0,0.0,0.0,0.0,0.0,0.0,0.0,-1.641968264198205,-1
2024-01-12,426.9700012207031,430.4200134277344,425.7699890136719,429.0,429.0,171000.0,0.877092454837722,1.3804054805582346,1.6318917621317943,1.303792515323423,1.6769683990885236,419.952001953125,413.5190032958984,411.8530029296875,404.5818344116211,397.32930084228514,420.9588087041096,416.8862589020996,412.09681272320233,406.71146121715424,401.11470507428265,416.07192350089343,412.87332144770426,3.198602053189177,1.7819898534465526,-2.7482537400750293,-2.7482537400750293,-2.7482537400750293,-2.7482537400750293,2.7482537400750293,-2.7482537400750293,-2.7482537400750293,-2.7482537400750293,-2.7482537400750293,12.989990234375,7.01499938964844,430.4200134277344,410.9448016357421,412.3080017089843,413.6712017822265,0.0,1.036553312470573,0.877092454837722,1.0,0.877092454837722,1.0273789704291343,1.0,0.877092454837722,1.251649892871936,1.0,0.877092454837722,0.0,0.0,0.0,0.0,0.0,0.0,0.0,-0.877092454837722,-1
2024-01-16,427.0,429.3999938964844,416.4100036621094,417.2099914550781,417.2099914550781,179800.0,-2.7482537400750293,1.8038771733951031,1.8921211884803644,1.4547480409533409,1.6937452319908903,420.50999755859374,413.4280029296875,412.1320027669271,405.2120010375976,397.7454006958008,419.7092029544325,416.9451193662775,412.426695222033,407.05567532331565,401.4334236164766,416.2470108784603,413.1945562630653,3.0524546153949927,2.036082805836241,0.5584758604935347,0.5584758604935347,0.5584758604935347,0.5584758604935347,-0.5584758604935347,0.5584758604935347,0.5584758604935347,0.5584758604935347,0.5584758604935347,8.510009765625,7.159001159667969,429.3999938964844,414.9870147705078,416.3900146484375,417.7930145263672,1.0,1.0361703794587163,-2.7482537400750293,1.0,-2.7482537400750293,1.0273850430951141,1.0,-2.7482537400750293,1.3006521646459133,1.0,-2.7482537400750293,0.0,0.0,0.0,0.0,0.0,0.0,0.0,2.7482537400750293,-1
2024-01-17,416.5400085449219,419.8900146484375,411.3800048828125,419.5400085449219,419.5400085449219,130000.0,0.5584758604935347,1.7796032261319068,1.7022375471529652,1.458371553318025,1.6911316755800287,421.8839965820313,414.5620025634765,412.3256693522136,405.921001180013,398.1376007080078,419.65280481792894,417.4169173987583,412.8856186622194,407.464997724024,401.7919698526834,416.75362590406974,413.664589765425,3.089036138644701,2.246673472397933,1.1012048965749155,1.1012048965749155,1.1012048965749155,1.1012048965749155,-1.1012048965749155,1.1012048965749155,1.1012048965749155,1.1012048965749155,1.1012048965749155,4.730010986328125,6.984501647949216,419.8900146484375,413.65019134521486,415.0819915771484,416.513791809082,1.0,1.0356360931973647,0.5584758604935347,1.0,0.5584758604935347,1.0276104293811632,1.0,0.5584758604935347,1.1672180133245924,1.0,0.5584758604935347,0.0,0.0,0.0,0.0,0.0,0.0,0.0,-0.5584758604935347,-1
2024-01-18,421.6600036621094,424.2300109863281,419.5,424.1600036621094,424.1600036621094,155800.0,1.1012048965749155,1.7416614232689005,1.705291538483294,1.4131930530710155,1.6585432071569846,423.0359985351562,416.2880035400391,412.6996693929037,406.86183471679686,398.628000793457,421.15520443265575,418.6429330830039,413.6129983396317,408.0123749678957,402.2349012152463,417.89306863607584,414.4420278318461,3.451040804229706,2.487546938764288,1.4546357169195347,1.4546357169195347,1.4546357169195347,1.4546357169195347,-1.4546357169195347,1.4546357169195347,1.4546357169195347,1.4546357169195347,1.4546357169195347,6.339996337890625,6.905502319335935,424.2300109863281,404.5241110229492,405.92101135253904,407.3179116821289,1.0,1.03530025129052,1.1012048965749155,1.0,1.1012048965749155,1.0282871950942336,1.0,1.1012048965749155,1.2066939720496914,1.0,1.1012048965749155,0.0,0.0,0.0,0.0,0.0,0.0,0.0,-1.1012048965749155,-1
2024-01-19,426.2200012207031,430.6300048828125,424.2900085449219,430.3299865722656,430.3299865722656,125700.0,1.4546357169195347,1.7068696061385793,1.6073985513019786,1.4244271749744613,1.6643825141806676,424.047998046875,419.1820007324219,413.3483357747396,407.921001180013,399.1434005737305,424.2134651458591,420.7678518992333,414.6915137094791,408.7440999385308,402.7912395391477,419.8064406262589,415.6189136644698,4.187526961789104,2.827542943369251,2.275000313806352,2.275000313806352,2.275000313806352,2.275000313806352,-2.275000313806352,2.275000313806352,2.275000313806352,2.275000313806352,2.275000313806352,6.970001220703125,6.845501708984375,430.6300048828125,409.03790588378905,410.41900634765625,411.80010681152345,1.0,1.0355885508330862,1.4546357169195347,1.0,1.4546357169195347,1.029544520839001,1.0,1.4546357169195347,1.128452601538438,1.0,1.4546357169195347,0.0,0.0,0.0,0.0,0.0,0.0,0.0,-1.4546357169195347,1
2024-01-22,434.3399963378906,440.989990234375,434.0199890136719,440.1199951171875,440.1199951171875,196500.0,2.275000313806352,1.93481231797701,1.646259277839032,1.4483347004508236,1.6693585967982223,426.2719970703125,423.1119995117188,414.54400227864585,409.020334370931,399.70210052490233,429.51564180296856,424.2864233934067,416.3320608970732,409.7728178132408,403.5304228179208,422.93160285563255,417.43380858689335,5.497794268739199,3.3615932084432405,0.8815788707303334,0.8815788707303334,0.8815788707303334,0.8815788707303334,-0.8815788707303334,0.8815788707303334,0.8815788707303334,0.8815788707303334,0.8815788707303334,7.699981689453125,7.030000305175781,440.989990234375,415.56990112304686,416.9390014648437,418.3081018066407,1.0,1.0371324086970086,2.275000313806352,1.0,2.275000313806352,1.031724096512368,1.0,2.275000313806352,1.1366566563147318,1.0,2.275000313806352,0.0,0.0,0.0,0.0,0.0,0.0,0.0,2.275000313806352,1
2024-01-23,440.6400146484375,445.8699951171875,438.1700134277344,444.0,444.0,193200.0,0.8815788707303334,0.6573609817005096,1.4066009747902748,1.4489645559750757,1.6435460427366708,431.6299987792969,426.0699981689453,415.9393351236979,410.3096674601237,400.22620056152346,434.3437612019791,427.8707100491509,418.11708922629424,410.8950205078887,404.33180058390246,426.1728947239968,419.4016746174939,6.771220106502881,4.043518588055169,-1.060808886278857,-1.060808886278857,-1.060808886278857,-1.060808886278857,1.060808886278857,-1.060808886278857,-1.060808886278857,-1.060808886278857,-1.060808886278857,12.600006103515623,7.4050018310546815,445.8699951171875,425.5239895629883,426.92998962402345,428.3359896850586,0.0,1.0392606344615336,0.8815788707303334,1.0,0.8815788707303334,1.0340940005769623,1.0,0.8815788707303334,0.9707628588911256,-1.0,0.8815788707303334,0.0,0.0,0.0,0.0,0.0,0.0,0.0,0.8815788707303334,1
2024-01-24,447.9700012207031,451.7099914550781,439.1099853515625,439.2900085449219,439.2900085449219,252000.0,-1.060808886278857,1.232806118643293,1.4760277337935674,1.4827170601939188,1.6509465215582773,435.5799987792969,428.7319976806641,417.14666849772135,411.54316762288414,400.6395007324219,435.9925103162934,429.9469461392911,419.4830840210445,411.8260037222176,405.0240423257048,428.1909122349083,420.8748845380441,7.316027696864182,4.698020409816971,-2.285508058373056,-2.285508058373056,-2.285508058373056,-2.285508058373056,2.285508058373056,-2.285508058373056,-2.285508058373056,-2.285508058373056,-2.285508058373056,13.17999267578125,7.855500793457028,451.7099914550781,429.5789910888672,431.05999145507815,432.5409918212891,0.0,1.041202047564262,-1.060808886278857,1.0,-1.060808886278857,1.035699218279275,1.0,-1.060808886278857,0.9954884673684968,-1.0,1.060808886278857,0.0,0.0,0.0,0.0,0.0,0.0,0.0,-1.060808886278857,-1
2024-01-25,441.6000061035156,441.6000061035156,428.4200134277344,429.25,429.25,230100.0,-2.285508058373056,1.8773413389648936,1.7073020322087316,1.5908330827199404,1.682109944831206,436.597998046875,429.8169982910157,417.9913350423177,412.6373341878255,400.94770080566406,433.74500687752897,429.82022865942,420.11320763259,412.39728228870223,405.5037642598493,428.3538488141532,421.495263461152,6.858585353001217,5.130133398453821,0.3191601903756552,0.3191601903756552,0.3191601903756552,0.3191601903756552,-0.3191601903756552,0.3191601903756552,0.3191601903756552,0.3191601903756552,0.3191601903756552,4.269989013671818,7.872000122070307,441.6000061035156,434.4278897094727,435.9989898681641,437.5700900268555,1.0,1.0425083725443647,-2.285508058373056,1.0,-2.285508058373056,1.0360278859541705,1.0,-2.285508058373056,1.0732125518094315,1.0,2.285508058373056,0.0,0.0,0.0,0.0,0.0,0.0,0.0,2.285508058373056,-1
2024-01-26,429.5299987792969,432.5899963378906,428.3200073242188,430.6199951171875,430.6199951171875,153500.0,0.3191601903756552,1.7606947141159406,1.6390322002272275,1.5888859523259098,1.6783578406251225,436.6559997558594,430.3519989013672,418.7556681315104,413.6848342895508,401.2873007202148,432.7033362907485,429.9656407426504,420.7910648896608,412.9947482830788,406.0011153659352,428.7024867069277,422.1711695097472,6.531317197180556,5.410370158199168,1.3445749409165737,1.3445749409165737,1.3445749409165737,1.3445749409165737,-1.3445749409165737,1.3445749409165737,1.3445749409165737,1.3445749409165737,1.3445749409165737,6.20001220703125,7.929000854492185,432.5899963378906,424.28160583496094,425.856005859375,427.4304058837891,1.0,1.0435308253711095,0.3191601903756552,1.0,0.3191601903756552,1.036428347026572,1.0,0.3191601903756552,1.0315606339321652,1.0,0.3191601903756552,0.0,0.0,0.0,0.0,0.0,0.0,0.0,-0.3191601903756552,-1
2024-01-29,432.0899963378906,436.4100036621094,430.2099914550781,436.4100036621094,436.4100036621094,148100.0,1.3445749409165737,1.4922690557885154,1.668873352189353,1.6070031970187906,1.677802105844688,435.91400146484375,431.0929992675781,419.5540018717448,414.7433344523112,401.7301007080078,433.9388920812021,431.13734309164295,421.79873835885104,413.7624615741945,406.60327156981975,429.8882585461864,423.2258979654777,6.662360580708707,5.660768242701076,-0.9967704834932156,-0.9967704834932156,-0.9967704834932156,-0.9967704834932156,0.9967704834932156,-0.9967704834932156,-0.9967704834932156,-0.9967704834932156,-0.9967704834932156,5.070007324218807,7.934001159667969,436.4100036621094,415.1461944580078,416.7319946289063,418.3177947998047,0.0,1.044367850784206,1.3445749409165737,1.0,1.3445749409165737,1.0373717278032821,1.0,1.3445749409165737,1.038500331104095,1.0,1.3445749409165737,0.0,0.0,0.0,0.0,0.0,0.0,0.0,-1.3445749409165737,-1
2024-01-30,434.2699890136719,437.0,431.9299926757812,432.0599975585938,432.0599975585938,136100.0,-0.9967704834932156,1.3978888750175131,1.3966452231812083,1.629373084073727,1.6821766055392835,433.5260009765625,432.5779998779297,420.2826680501302,415.7660008748372,402.14430053710936,433.3125939069994,431.3050984492704,422.4607550814151,414.36238078679776,407.10736515375584,430.2223722404029,423.8802757131159,6.342096527287026,5.797033899618267,-2.154792762857254,-2.154792762857254,-2.154792762857254,-2.154792762857254,2.154792762857254,-2.154792762857254,-2.154792762857254,-2.154792762857254,-2.154792762857254,10.429992675781191,7.741500854492185,437.0,418.9552011108398,420.5420013427735,422.12880157470704,0.0,1.0451041267743817,-0.9967704834932156,1.0,-0.9967704834932156,1.0377133681230764,1.0,-0.9967704834932156,0.8571672361797845,-1.0,-0.9967704834932156,0.0,0.0,0.0,0.0,0.0,0.0,0.0,0.9967704834932156,1
2024-01-31,430.6799926757812,432.0,421.5700073242188,422.75,422.75,146700.0,-2.154792762857254,1.574989059948503,1.6020673865457429,1.6120798640191174,1.208725097045597,430.2179992675781,432.8989990234375,420.6936676025391,416.0493342081706,402.46270050048827,429.791729271333,429.7496260039485,422.4794160439045,414.6373846954273,407.4171202992261,429.0727765111102,423.79655158621847,5.2762249248917215,5.692872104672958,-1.639264973573316,1.639264973573316,1.639264973573316,1.639264973573316,-1.639264973573316,1.639264973573316,1.639264973573316,1.639264973573316,-1.639264973573316,9.980010986328123,7.941001892089841,432.0,419.9686981201172,421.5169982910156,423.0652984619141,1.0,1.0452985259985073,-2.154792762857254,1.0,-2.154792762857254,1.036970208158204,1.0,-2.154792762857254,0.9937890933961472,-1.0,2.154792762857254,0.0,0.0,0.0,0.0,0.0,0.0,0.0,-2.154792762857254,1
2024-02-01,422.5899963378906,431.1300048828125,421.1499938964844,429.6799926757812,429.6799926757812,134900.0,1.639264973573316,1.599142838808315,1.6482533802427215,1.6389464875275217,1.1812007524996773,430.3039978027344,433.4509979248047,421.067333984375,416.2731674194336,402.8378002929687,429.7544837394824,429.7369653988271,422.9439693749933,415.1305849570783,407.8579692571777,429.16619438259806,424.2323620372972,4.933832345300857,5.541064152798538,-0.2746212753433182,0.2746212753433182,0.2746212753433182,0.2746212753433182,-0.2746212753433182,0.2746212753433182,0.2746212753433182,0.2746212753433182,-0.2746212753433182,6.59002685546875,7.829002380371094,431.1300048828125,414.52979583740233,416.1179962158203,417.7061965942383,1.0,1.0452527882888563,-1.639264973573316,1.0,1.639264973573316,1.0369883666740445,1.0,1.639264973573316,1.0056785824223218,1.0,-1.639264973573316,0.0,0.0,1.0,0.002857422,0.002857422,0.989514947,0.989514947,1.639264973573316,-1
2024-02-02,428.6400146484375,433.9200134277344,427.3299865722656,430.8599853515625,430.8599853515625,201600.0,0.2746212753433182,1.5972543695164407,1.584828077751694,1.5930084451614293,1.1754540392331514,430.35199584960935,433.5039978027344,421.6096669514974,416.5755004882813,403.269700012207,430.1229842768425,429.941150844779,423.45468008315913,415.6463030027991,408.3134547243933,429.4267776085926,424.7232970976131,4.703480510979489,5.3735474244347285,0.805359239914948,-0.805359239914948,-0.805359239914948,-0.805359239914948,0.805359239914948,-0.805359239914948,-0.805359239914948,-0.805359239914948,0.805359239914948,7.8599853515625,7.893501281738284,433.9200134277344,413.9061996459961,415.4720001220703,417.0378005981445,0.0,1.0454781674366689,-0.2746212753433182,1.0,0.2746212753433182,1.0370823571537362,1.0,0.2746212753433182,0.9948648311096014,-1.0,0.2746212753433182,0.0,0.0,0.0,0.0,0.0,0.0,0.0,-0.2746212753433182,1
2024-02-05,428.4299926757812,429.6499938964844,421.7900085449219,427.3900146484375,427.3900146484375,117200.0,-0.805359239914948,1.4329247919878016,1.3854331953078427,1.6109672178314394,1.1801836487483588,428.547998046875,432.2309997558594,422.2216674804688,416.8383341471354,403.7205001831055,429.2119944007075,429.4773078999896,423.7085726357578,416.03134272888553,408.6912083862555,429.1134294608764,424.9208317310075,4.192597729868908,5.137357485521565,-0.7323461611074441,0.7323461611074441,0.7323461611074441,0.7323461611074441,-0.7323461611074441,-0.7323461611074441,0.7323461611074441,0.7323461611074441,-0.7323461611074441,5.790008544921875,7.585502624511724,429.6499938964844,416.55431060791017,418.1330108642578,419.7117111206055,1.0,1.0458266728812933,0.805359239914948,1.0,-0.805359239914948,1.036745014185158,1.0,-0.805359239914948,0.8600008615773117,-1.0,0.805359239914948,0.0,0.0,1.0,0.001546843,0.001546843,0.99401772,0.99401772,-0.805359239914948,1
2024-02-06,429.9800109863281,431.3800048828125,425.5899963378906,430.5199890136719,430.5199890136719,128300.0,0.7323461611074441,1.463810408845735,1.3722189680925254,1.446498719742186,1.177258986136126,428.2399963378906,430.88299865722655,422.8226674397786,417.0855005900065,404.2396002197266,429.647992605029,429.6668862842954,424.1480188536877,416.50638031199327,409.12346146798654,429.3298232382296,425.335584122316,3.994239115913615,4.908733811599976,-1.245009757019763,1.245009757019763,1.245009757019763,1.245009757019763,-1.245009757019763,-1.245009757019763,1.245009757019763,1.245009757019763,-1.245009757019763,7.119995117187614,7.685502624511725,431.3800048828125,412.9618881225586,414.47898864746094,415.99608917236327,1.0,1.045970427464185,-0.7323461611074441,1.0,0.7323461611074441,1.0367237736300703,1.0,0.7323461611074441,0.9486485880451386,-1.0,-0.7323461611074441,0.0,0.0,0.0,0.0,0.0,0.0,0.0,0.7323461611074441,1
2024-02-07,433.9200134277344,437.8099975585938,430.6900024414062,435.8800048828125,435.8800048828125,133900.0,1.245009757019763,0.9477678395242688,1.422841692346882,1.4567120774120612,1.1838651962016844,430.8659973144531,430.5419982910156,423.51866760253904,417.46216735839846,404.7842001342773,431.72533003095685,430.7965442112985,424.9049211781474,417.1415811175939,409.6532940108544,430.3375434912424,426.1166523267973,4.220891164445106,4.771165282169002,-0.1674798059443884,-0.1674798059443884,-0.1674798059443884,-0.1674798059443884,0.1674798059443884,-0.1674798059443884,-0.1674798059443884,-0.1674798059443884,0.1674798059443884,3.389984130859375,7.556501770019534,437.8099975585938,414.4718991088867,416.0089996337891,417.5461001586914,0.0,1.0462826055514198,-1.245009757019763,1.0,1.245009757019763,1.0372305737321592,1.0,1.245009757019763,0.9767487442505783,-1.0,-1.245009757019763,0.0,0.0,0.0,0.0,0.0,0.0,0.0,1.245009757019763,1
2024-02-08,434.8800048828125,437.8999938964844,434.510009765625,435.1499938964844,435.1499938964844,142800.0,-0.1674798059443884,0.7923400706475606,1.195705902413842,1.4360274666029336,1.1734730515685785,431.9599975585937,431.1319976806641,424.1433339436849,417.7363337198893,405.3819000244141,432.8668846527994,431.5880805176959,425.5658936115885,417.73202088083616,410.1581791571045,431.0779204766642,426.7857887393667,4.292131737297495,4.675358573194701,1.3420651315187362,1.3420651315187362,1.3420651315187362,1.3420651315187362,-1.3420651315187362,1.3420651315187362,1.3420651315187362,1.3420651315187362,-1.3420651315187362,9.290008544921877,7.683001708984378,437.8999938964844,421.18569366455085,422.69699401855473,424.2082943725586,1.0,1.0462808870305775,0.1674798059443884,1.0,-0.1674798059443884,1.0375652985542008,1.0,-0.1674798059443884,0.8326483512480466,-1.0,0.1674798059443884,0.0,0.0,0.0,0.0,0.0,0.0,0.0,-0.1674798059443884,1
2024-02-09,437.3099975585938,442.3999938964844,433.1099853515625,440.989990234375,440.989990234375,165700.0,1.3420651315187362,0.9304411027327496,1.2547415464448586,1.4217417710602018,1.1818555631760328,433.9859985351562,432.1689971923828,424.9896667480469,418.1465001424154,405.8901998901367,435.5745865133246,433.2975186480012,426.5609966195103,418.4945772530833,410.7687100695257,432.6028542855428,427.837951813071,4.764902472471761,4.693267353050113,-1.3923182536628844,-1.3923182536628844,-1.3923182536628844,-1.3923182536628844,1.3923182536628844,-1.3923182536628844,-1.3923182536628844,-1.3923182536628844,-1.3923182536628844,6.949981689453182,7.797999572753912,442.3999938964844,420.9973901367188,422.5339904785157,424.0705908203125,0.0,1.047055747744291,-1.3420651315187362,1.0,1.3420651315187362,1.0384456901483847,1.0,1.3420651315187362,0.882538286477431,-1.0,-1.3420651315187362,0.0,0.0,1.0,0.005974025,0.005974025,0.988121748,0.988121748,1.3420651315187362,1
2024-02-12,440.2900085449219,441.3999938964844,434.4500122070312,434.8500061035156,434.8500061035156,194600.0,-1.3923182536628844,1.1439912590869226,1.2864239650807092,1.4543162782441603,1.1941511666230815,435.4779968261719,432.01299743652345,425.5416666666667,418.4015004475912,406.31220001220703,435.33305971005495,433.5797890944584,427.0957714249301,419.03082082194993,411.24556741673337,432.9485699498463,428.35736324199286,4.591206707853416,4.672855224010775,-0.7243863061449697,-0.7243863061449697,-0.7243863061449697,-0.7243863061449697,0.7243863061449697,-0.7243863061449697,-0.7243863061449697,-0.7243863061449697,0.7243863061449697,13.279998779296877,7.812500000000005,441.3999938964844,425.2443948364258,426.8039947509765,428.3635946655273,0.0,1.0473268256623403,-1.3923182536628844,1.0,-1.3923182536628844,1.0385419449205515,1.0,-1.3923182536628844,0.8845558454683925,-1.0,1.3923182536628844,0.0,0.0,0.0,0.0,0.0,0.0,0.0,-1.3923182536628844,1
2024-02-13,423.2099914550781,436.489990234375,423.2099914550781,431.7000122070312,431.7000122070312,246300.0,-0.7243863061449697,1.206666348246943,1.266367676467247,1.3106380758036946,1.196700061245427,435.71400146484376,431.9769989013672,425.9943339029948,418.6353337605794,406.7039001464844,434.1220438757137,433.2380114785625,427.3928192173237,419.44620414605095,411.6506059274323,432.75648414325934,428.6049668690328,4.151517274226592,4.568587634053938,1.952743209962783,1.952743209962783,1.952743209962783,1.952743209962783,-1.952743209962783,1.952743209962783,1.952743209962783,1.952743209962783,-1.952743209962783,8.79998779296875,7.826998901367193,436.489990234375,424.2124938964844,425.7749938964844,427.3374938964844,1.0,1.0474311501550944,0.7243863061449697,1.0,-0.7243863061449697,1.038241686185363,1.0,-0.7243863061449697,0.9662222545233926,-1.0,0.7243863061449697,0.0,0.0,2.0,0.012905587,0.00760617,0.986379564,0.986122221,-0.7243863061449697,1
2024-02-14,435.7699890136719,441.0299987792969,432.2300109863281,440.1300048828125,440.1300048828125,229800.0,1.952743209962783,1.405472146881856,1.1510928770677598,1.3677211822911446,1.2212861914347997,436.5640014648437,433.7149993896484,427.0586669921875,419.0095006306966,407.26250030517576,436.1246975447467,434.4911011884261,428.2145731312263,420.1243615472562,412.2145544215983,433.8908719493444,429.458673388572,4.432198560772349,4.54130981939762,0.2226570462995192,0.2226570462995192,0.2226570462995192,0.2226570462995192,-0.2226570462995192,0.2226570462995192,0.2226570462995192,0.2226570462995192,-0.2226570462995192,33.449981689453125,9.262997436523444,441.0299987792969,419.2705926513672,420.8359924316406,422.4013922119141,1.0,1.0486078798617053,-1.952743209962783,1.0,1.952743209962783,1.0388147835587187,1.0,1.952743209962783,0.8416136943492394,-1.0,-1.952743209962783,0.0,0.0,1.0,0.002809237,0.002809237,0.985795975,0.985795975,1.952743209962783,-1
2024-02-15,423.1499938964844,454.739990234375,421.2900085449219,441.1099853515625,441.1099853515625,378600.0,0.2226570462995192,1.390573665986216,1.0670557019715692,1.3529296361809895,1.2028672615510445,437.75599975585936,434.8579986572266,428.1990000406901,419.5056671142578,407.7878002929688,437.7864601470187,435.6945346726327,429.0465352099576,420.81241478674167,412.7867411726867,435.00150478045487,430.3217335339788,4.679771246476093,4.569002104813315,-0.029465296536143,-0.029465296536143,-0.029465296536143,-0.029465296536143,0.029465296536143,-0.029465296536143,-0.029465296536143,-0.029465296536143,-0.029465296536143,5.779998779296932,9.234997558593758,454.739990234375,420.6514044189453,422.50400390625,424.3566033935547,0.0,1.0500534830445079,-0.2226570462995192,1.0,0.2226570462995192,1.039390301130018,1.0,0.2226570462995192,0.7887000723730342,-1.0,-0.2226570462995192,0.0,0.0,0.0,0.0,0.0,0.0,0.0,-0.2226570462995192,1
2024-02-16,443.0700073242188,443.2200012207031,437.4400024414062,440.9800109863281,440.9800109863281,202300.0,-0.029465296536143,1.2576530885721116,1.071170678017131,1.321097056567955,1.2030199386507292,437.75400390625,435.8700012207031,429.5186665852864,419.9888341267904,408.3072003173828,438.8509770934552,436.6555303660318,429.8164368729493,421.4736474490232,413.3450237432538,435.92127496597385,431.1112355674862,4.810039398487675,4.617209563548187,-1.2699002140687152,-1.2699002140687152,-1.2699002140687152,-1.2699002140687152,1.2699002140687152,-1.2699002140687152,-1.2699002140687152,-1.2699002140687152,-1.2699002140687152,7.850006103515568,9.27899780273438,443.2200012207031,434.4229956054687,436.2699951171875,438.11699462890624,0.0,1.0519497727481064,-0.029465296536143,1.0,-0.029465296536143,1.0398490659946267,1.0,-0.029465296536143,0.8108190633623078,-1.0,0.029465296536143,0.0,0.0,0.0,0.0,0.0,0.0,0.0,-0.029465296536143,-1
2024-02-20,438.0,440.7000122070312,432.8500061035156,435.3800048828125,435.3800048828125,184500.0,-1.2699002140687152,1.2243807651628795,1.1298896333214965,1.254367746987966,1.21557781073506,437.86000366210936,436.6690002441407,430.6706665039063,420.3945007324219,408.852600402832,437.6939863565743,436.4236166418101,430.1753767445534,421.9295935943933,413.7813600034431,435.83800264548745,431.4274407019548,4.410561943532684,4.575880039545087,-0.6132604616174414,-0.6132604616174414,-0.6132604616174414,-0.6132604616174414,0.6132604616174414,-0.6132604616174414,-0.6132604616174414,-0.6132604616174414,0.6132604616174414,8.54998779296875,9.321498107910164,440.7000122070312,422.8062060546875,424.6620056152344,426.5178051757812,0.0,1.0533641368052387,-1.2699002140687152,1.0,-1.2699002140687152,1.039619998206236,1.0,-1.2699002140687152,0.9007642583561553,-1.0,1.2699002140687152,0.0,1.0,0.0,0.000741365,0.000741365,0.001385604,0.001385604,1.2699002140687152,-1
2024-02-21,434.4700012207031,434.4700012207031,425.9200134277344,432.7099914550781,432.7099914550781,239600.0,-0.6132604616174414,1.2081572011359905,1.138366808968717,1.2406084354874478,1.2190063494225487,438.06199951171874,436.8880004882813,431.2803324381511,420.74183400472,409.3266003417969,436.0326547227423,435.7484120624042,430.33890027426463,422.2830492619567,414.156184388624,435.3567701546552,431.5224444614454,3.834325693209848,4.42756917027804,0.8989888667364739,0.8989888667364739,0.8989888667364739,0.8989888667364739,-0.8989888667364739,0.8989888667364739,0.8989888667364739,0.8989888667364739,-0.8989888667364739,9.700012207031191,9.17649841308594,434.4700012207031,420.1927163696288,422.0570159912109,423.9213156127929,1.0,1.0536337782055267,0.6132604616174414,1.0,-0.6132604616174414,1.0390739447958008,1.0,-0.6132604616174414,0.9175875130346351,-1.0,0.6132604616174414,0.0,0.0,0.0,0.0,0.0,0.0,0.0,0.6132604616174414,-1
2024-02-22,439.8299865722656,443.7000122070312,434.0,436.6000061035156,436.6000061035156,298500.0,0.8989888667364739,0.8249591509814063,1.1029362797982605,1.2398994766581088,1.22151477113011,437.3559997558594,436.9600006103516,432.0779988606771,421.1831675211589,409.7968005371094,436.2217718496668,435.90324734260633,430.7428425858293,422.7524576829914,414.6006165017901,435.54803722371065,431.8985601386357,3.649477085074921,4.271950753237416,0.2015586052474436,0.2015586052474436,0.2015586052474436,0.2015586052474436,-0.2015586052474436,0.2015586052474436,0.2015586052474436,0.2015586052474436,-0.2015586052474436,6.700012207031193,8.852499389648438,443.7000122070312,414.2817047119141,416.1170043945313,417.9523040771484,1.0,1.0543713330469255,-0.8989888667364739,1.0,0.8989888667364739,1.0389343996162859,1.0,0.8989888667364739,0.88953685404481,-1.0,-0.8989888667364739,0.0,0.0,1.0,0.00100187,0.00100187,0.997659683,0.997659683,-0.8989888667364739,-1
2024-02-23,439.489990234375,441.0,434.2999877929688,437.4800109863281,437.4800109863281,141200.0,0.2015586052474436,0.8225745721408043,1.102066845034359,1.120005042000353,1.221372571859037,436.6300048828125,437.193002319336,432.71399943033856,421.6200012207031,410.3102005004883,436.6411848952206,436.1899316414648,431.177498611668,423.2353282831008,415.0536738183157,435.845263956421,432.3120009421685,3.5332630142525545,4.124213205440444,-0.8480367929756705,0.8480367929756705,0.8480367929756705,0.8480367929756705,-0.8480367929756705,0.8480367929756705,0.8480367929756705,0.8480367929756705,-0.8480367929756705,6.959991455078068,8.98699951171875,441.0,424.2245135498046,425.9950134277343,427.765513305664,1.0,1.0546021008069566,-0.2015586052474436,1.0,0.2015586052474436,1.0388475655329588,1.0,0.2015586052474436,0.9839838248103276,-1.0,-0.2015586052474436,1.0,0.0,0.0,0.36104846,0.36104846,0.336546272,0.336546272,-0.2015586052474436,1
2024-02-26,439.4599914550781,444.7699890136719,437.8099975585938,441.1900024414062,441.1900024414062,284600.0,0.8480367929756705,0.9428483645812574,1.0478946254196058,1.131611297506632,1.216159731141305,436.6720031738281,437.21300354003904,433.2446665445963,422.18733469645184,410.8985006713867,438.1574574106158,437.0990354232723,431.8234666006833,423.8240061243567,415.57122488015904,436.6675314156495,432.9696306828528,3.697900732796711,4.038950710911698,1.087963862827144,-1.087963862827144,-1.087963862827144,-1.087963862827144,1.087963862827144,-1.087963862827144,-1.087963862827144,-1.087963862827144,1.087963862827144,9.0,9.126998901367188,444.7699890136719,421.2286010742188,423.0260009765625,424.8234008789062,0.0,1.0543836636947985,-0.8480367929756705,1.0,0.8480367929756705,1.0391081979393808,1.0,0.8480367929756705,0.926019939645808,-1.0,-0.8480367929756705,0.0,0.0,0.0,0.0,0.0,0.0,0.0,0.8480367929756705,-1
2024-02-27,441.2099914550781,443.9299926757812,434.9299926757812,436.3900146484375,436.3900146484375,144300.0,-1.087963862827144,0.8825374820188326,1.006249291523192,1.124607610060107,1.226424250213278,436.87400512695314,437.3670043945313,433.4910003662109,422.6720016479492,411.45400085449216,437.5683098232231,436.9701225551205,432.11808260376426,424.2360064038347,415.9834781428972,436.6248365283861,433.2229924580813,3.4018440703048896,3.911529382790337,-0.531629214410333,0.531629214410333,0.531629214410333,0.531629214410333,-0.531629214410333,0.531629214410333,0.531629214410333,0.531629214410333,-0.531629214410333,5.350006103515568,9.140998840332026,443.9299926757812,424.6905914306641,426.5159912109375,428.3413909912109,1.0,1.0535588412458092,1.087963862827144,1.0,-1.087963862827144,1.0387866473276723,1.0,-1.087963862827144,0.8947558975431537,-1.0,1.087963862827144,0.0,0.0,0.0,0.0,0.0,0.0,0.0,1.087963862827144,-1
2024-02-28,434.8800048828125,440.1499938964844,434.7999877929688,438.7099914550781,438.7099914550781,131000.0,0.531629214410333,0.8134181651502337,0.97824918371126,1.104648399454449,1.2271353319238771,438.0740051269531,438.068002319336,434.2076670328776,423.1698348999024,411.9953009033203,437.9488703671748,437.2864623551128,432.5433670457846,424.7105632907607,416.43350810947504,436.9456295940311,433.62943682822913,3.316192765801929,3.792462059392656,-0.3578621041735229,-0.3578621041735229,-0.3578621041735229,-0.3578621041735229,0.3578621041735229,-0.3578621041735229,-0.3578621041735229,-0.3578621041735229,0.3578621041735229,6.17999267578125,8.92849884033203,440.1499938964844,423.8197952270508,425.64799499511713,427.4761947631836,0.0,1.053914124944764,-0.531629214410333,1.0,0.531629214410333,1.0386853089931334,1.0,0.531629214410333,0.8855751605618462,-1.0,-0.531629214410333,0.0,0.0,0.0,0.0,0.0,0.0,0.0,-0.531629214410333,-1
2024-02-29,440.1300048828125,440.7200012207031,434.5400085449219,437.1400146484375,437.1400146484375,349000.0,-0.3578621041735229,0.7665647378039454,0.7570802205112162,0.9790646614761788,1.2205272059298813,438.1820068359375,437.7690032958984,434.7943339029948,423.56000162760415,412.548701171875,437.6792517942624,437.2598354993536,432.8399249556332,425.1180862860944,416.84353794192975,436.9755349870167,433.88947962972605,3.086055357290604,3.651180718972246,0.8601315647277853,0.8601315647277853,0.8601315647277853,0.8601315647277853,-0.8601315647277853,0.8601315647277853,0.8601315647277853,0.8601315647277853,-0.8601315647277853,8.160003662109375,8.837498474121091,440.7200012207031,420.5072964477539,422.2929962158203,424.0786959838868,1.0,1.0539224403517196,0.3578621041735229,1.0,-0.3578621041735229,1.0383750389718933,1.0,-0.3578621041735229,0.773268865990662,-1.0,0.3578621041735229,0.0,0.0,0.0,0.0,0.0,0.0,0.0,0.3578621041735229,1
2024-03-01,436.0299987792969,441.760009765625,433.6000061035156,440.8999938964844,440.8999938964844,180100.0,0.8601315647277853,0.8554640265628002,0.8090962175986942,0.9319804275080074,1.2238321805965884,438.8660034179687,437.7480041503906,435.352333577474,424.0260014851888,413.0753012084961,438.7528324950031,437.9216824806501,433.3599294034301,425.6355258798776,417.31990340637634,437.5792978961656,434.4087769828193,3.170520913346252,3.5550487578470475,-0.6259875904409448,-0.6259875904409448,-0.6259875904409448,-0.6259875904409448,0.6259875904409448,-0.6259875904409448,-0.6259875904409448,-0.6259875904409448,0.6259875904409448,4.610015869140625,8.738497924804685,441.760009765625,421.2775045776367,423.0450042724609,424.8125039672852,0.0,1.0539297128242817,-0.8601315647277853,1.0,0.8601315647277853,1.0384358039626842,1.0,0.8601315647277853,0.8681472203897143,-1.0,-0.8601315647277853,0.0,1.0,0.0,0.014932443,0.014932443,0.060102452,0.060102452,0.8601315647277853,-1
2024-03-04,439.0,440.8500061035156,436.239990234375,438.1400146484375,438.1400146484375,178100.0,-0.6259875904409448,0.8114112227790663,0.8329984891038087,0.9464274928330316,1.2250046416214602,438.256005859375,437.4640045166016,435.6126678466797,424.48050181070965,413.52720123291016,438.5485598794812,437.9613792384296,433.6683219998822,426.04550911819103,417.7321828369122,437.6655620118997,434.6851649580502,2.980397053849515,3.4401184170475414,-4.783863895534531,-4.783863895534531,-4.783863895534531,-4.783863895534531,4.783863895534531,-4.783863895534531,-4.783863895534531,-4.783863895534531,4.783863895534531,24.239990234375,9.55749816894531,440.8500061035156,422.5353143310547,424.2830139160157,426.03071350097656,0.0,1.0534075305032482,0.6259875904409448,1.0,-0.6259875904409448,1.0381491774340779,1.0,-0.6259875904409448,0.8801503500392988,-1.0,0.6259875904409448,0.0,0.0,0.0,0.0,0.0,0.0,0.0,0.6259875904409448,-1
2024-03-05,434.2300109863281,437.7799987792969,413.5400085449219,417.1799926757812,417.1799926757812,296900.0,-4.783863895534531,2.269247829645607,1.694793811055228,1.4357244246547771,1.361616052239549,434.41400146484375,435.6440032958984,434.8480010986328,424.69600168863934,413.779001159668,431.42570414491456,434.182945317948,432.6045588176822,425.7548364479481,417.721248378276,434.5139359601892,433.388485529734,1.1254504304552029,2.9771848197290742,-0.6424068082920051,0.6424068082920051,0.6424068082920051,0.6424068082920051,-0.6424068082920051,-0.6424068082920051,0.6424068082920051,0.6424068082920051,-0.6424068082920051,7.75,9.655497741699216,437.7799987792969,419.8235101318359,421.735009765625,423.6465093994141,1.0,1.050918485181501,4.783863895534531,1.0,-4.783863895534531,1.0356297662548597,1.0,-4.783863895534531,1.180445064492613,1.0,4.783863895534531,0.0,0.0,0.0,0.0,0.0,0.0,0.0,4.783863895534531,1
2024-03-06,422.3500061035156,425.260009765625,417.510009765625,419.8599853515625,419.8599853515625,208500.0,0.6424068082920051,2.286889175791359,1.7245511631808907,1.4330827381853055,1.361454665581276,430.6440002441406,434.3590026855469,434.0433339436849,424.9913345336914,414.0534008789063,427.57046454713054,431.5787707786052,431.78232827148094,425.5615626415092,417.7635996054697,432.25948202040047,432.386374405425,-0.1268923850245187,2.356369378778356,-0.5263711831947461,0.5263711831947461,0.5263711831947461,0.5263711831947461,-0.5263711831947461,-0.5263711831947461,-0.5263711831947461,0.5263711831947461,-0.5263711831947461,5.02001953125,9.550498962402337,425.260009765625,416.5379037475586,418.46900329589846,420.4001028442383,1.0,1.0482786351285758,-0.6424068082920051,1.0,0.6424068082920051,1.0335566063660173,1.0,0.6424068082920051,1.2033856226366022,1.0,0.6424068082920051,0.0,0.0,0.0,0.0,0.0,0.0,0.0,0.6424068082920051,1
2024-03-07,424.1900024414062,424.9800109863281,419.9599914550781,422.0700073242188,422.0700073242188,165400.0,0.5263711831947461,2.367521911534325,1.6999212759410796,1.4059307303445514,1.362539109377474,427.6299987792969,432.9060028076172,433.4693339029948,425.3080012003581,414.4035009765625,425.73697880616,429.8499046959895,431.1557269200447,425.44708541799145,417.84887500584097,430.6918705286802,431.6221990660764,-0.9303285373961784,1.6990297955434488,0.3767138887623693,0.3767138887623693,-0.3767138887623693,-0.3767138887623693,0.3767138887623693,0.3767138887623693,0.3767138887623693,-0.3767138887623693,0.3767138887623693,7.660003662109375,9.763999938964837,424.9800109863281,404.2489120483399,406.1590118408203,408.0691116333008,0.0,1.0460078954002625,-0.5263711831947461,1.0,0.5263711831947461,1.0318460876890423,1.0,0.5263711831947461,1.2091074184888753,1.0,0.5263711831947461,0.0,0.0,0.0,0.0,0.0,0.0,0.0,0.5263711831947461,1
2024-03-08,422.3399963378906,425.489990234375,417.8299865722656,420.4800109863281,420.4800109863281,204700.0,-0.3767138887623693,2.227335215836769,1.6898414453108628,1.4068356793966486,1.3637414529624243,423.5460021972656,431.2060028076172,433.1770009358724,425.5841679890951,414.8567010498047,423.9846561995494,428.1462876578692,430.46697105335335,425.2842305185926,417.9009767084249,429.1208152144722,430.79685180090985,-1.6760365864376467,1.0240165191472297,-1.9834465658254217,-1.9834465658254217,1.9834465658254217,1.9834465658254217,-1.9834465658254217,-1.9834465658254217,-1.9834465658254217,1.9834465658254217,-1.9834465658254217,10.949981689453182,9.8469985961914,425.489990234375,403.4992111206055,405.4520111083984,407.40481109619145,1.0,1.044160549509524,0.3767138887623693,1.0,-0.3767138887623693,1.0300693107824344,1.0,-0.3767138887623693,1.2011647629207038,1.0,-0.3767138887623693,0.0,0.0,0.0,0.0,0.0,0.0,0.0,-0.3767138887623693,-1
2024-03-11,418.1000061035156,429.0499877929688,418.1000061035156,428.8200073242188,428.8200073242188,299700.0,1.9834465658254217,2.590578313689808,1.8151943543153128,1.4495805991632102,1.3815238745110918,421.6820007324219,429.96900329589846,433.1170013427735,425.9363347371419,415.3051010131836,425.59643990777255,428.26878214266,430.3607153288931,425.40015762697374,418.1171951364604,429.0745370775102,430.65041887671055,-1.5758817992003742,0.5040368554777089,0.2005540446927999,0.2005540446927999,-0.2005540446927999,-0.2005540446927999,0.2005540446927999,0.2005540446927999,0.2005540446927999,-0.2005540446927999,0.2005540446927999,8.340026855468693,9.916500854492176,429.0499877929688,403.8265933227539,405.7959930419922,407.7653927612305,0.0,1.0428887107000029,-1.9834465658254217,1.0,1.9834465658254217,1.0292825081935144,1.0,1.9834465658254217,1.2522203700595593,1.0,1.9834465658254217,0.0,0.0,0.0,0.0,0.0,0.0,0.0,-1.9834465658254217,-1
2024-03-12,426.760009765625,431.4500122070312,423.1099853515625,427.9599914550781,427.9599914550781,206600.0,-0.2005540446927999,0.932720264227506,1.7922464305936538,1.419120653354718,1.3747401027301709,423.8380004882813,429.1260009765625,432.8353342692057,426.1946680704753,415.70900085449216,426.3842904235411,428.2126383812815,430.2058299176792,425.4840866049444,418.3121019942548,428.90306852021297,430.4511279565896,-1.548059436376661,0.0936175971068348,1.5912696734663283,1.5912696734663283,-1.5912696734663283,-1.5912696734663283,1.5912696734663283,1.5912696734663283,1.5912696734663283,-1.5912696734663283,1.5912696734663283,10.709991455078123,9.788000488281238,431.4500122070312,407.233685913086,409.21698608398447,411.2002862548829,0.0,1.041197889339683,0.2005540446927999,1.0,-0.2005540446927999,1.028432665148157,1.0,-0.2005540446927999,1.2629274518391993,1.0,-0.2005540446927999,0.0,1.0,0.0,0.003913007,0.003913007,0.046220861,0.046220861,0.2005540446927999,-1
2024-03-13,429.3500061035156,429.8399963378906,419.1300048828125,421.1499938964844,421.1499938964844,291200.0,-1.5912696734663283,1.3135930617420166,1.8240217601799515,1.4529907173644578,1.389221970493805,424.0960021972657,427.3700012207031,432.4716674804688,426.3771677652995,416.1265008544922,424.6395249145222,426.9285212022274,429.6215824324409,425.341985204667,418.3682978735069,427.7102878088701,429.7621550632485,-2.051867254378351,-0.3354793731902023,0.6814662611375757,0.6814662611375757,-0.6814662611375757,-0.6814662611375757,0.6814662611375757,0.6814662611375757,0.6814662611375757,-0.6814662611375757,0.6814662611375757,9.100006103515682,9.803001403808585,429.8399963378906,409.91641113281247,411.8740112304688,413.83161132812495,0.0,1.0392793215342275,1.5912696734663283,1.0,-1.5912696734663283,1.026898033661089,1.0,-1.5912696734663283,1.2553567881620726,1.0,-1.5912696734663283,0.0,0.0,0.0,0.0,0.0,0.0,0.0,1.5912696734663283,-1
2024-03-14,420.3399963378906,423.5299987792969,414.4299926757812,418.2799987792969,418.2799987792969,160500.0,-0.6814662611375757,1.3193319034141235,1.8262103960983875,1.3730302162636288,1.3924580998134934,423.3380004882813,425.483999633789,432.3226674397786,426.5081675211589,416.5393008422852,422.5196828694472,425.3560625798764,428.8898673580445,425.1104446661303,418.3665493765918,426.2594741120127,428.911624968141,-2.652150856128287,-0.7988136697778194,0.4709766726719649,0.4709766726719649,-0.4709766726719649,-0.4709766726719649,0.4709766726719649,0.4709766726719649,0.4709766726719649,-0.4709766726719649,0.4709766726719649,6.230010986328068,8.442002868652333,423.5299987792969,408.2733932495117,410.23399353027344,412.1945938110352,0.0,1.037891662480774,0.6814662611375757,1.0,-0.6814662611375757,1.025153344590129,1.0,-0.6814662611375757,1.3300584171177088,1.0,-0.6814662611375757,0.0,0.0,0.0,0.0,0.0,0.0,0.0,0.6814662611375757,-1
2024-03-15,412.1099853515625,417.4400024414062,411.2099914550781,416.3099975585938,416.3099975585938,492600.0,-0.4709766726719649,1.323631521771038,1.7697906736780984,1.3693471320603603,1.3708466747595232,422.5039978027344,423.025,431.8770009358724,426.47216746012367,417.0253009033203,420.4497877658294,423.7113234850977,428.0782628548541,424.82190541670286,418.3258255782157,424.72878541148674,427.97817108595234,-3.2493856744656,-1.2889280707153756,-0.0048014733705752,-0.0048014733705752,0.0048014733705752,0.0048014733705752,-0.0048014733705752,-0.0048014733705752,-0.0048014733705752,0.0048014733705752,-0.0048014733705752,5.67999267578125,8.437002563476549,417.4400024414062,404.95759246826174,406.6459930419922,408.33439361572266,1.0,1.0356134268121904,0.4709766726719649,1.0,-0.4709766726719649,1.0233130174623057,1.0,-0.4709766726719649,1.2924339141202412,1.0,-0.4709766726719649,0.0,0.0,1.0,0.041394562,0.041394562,0.957325399,0.957325399,0.4709766726719649,1
2024-03-18,418.3299865722656,421.1000061035156,415.4200134277344,416.3299865722656,416.3299865722656,141000.0,0.0048014733705752,0.6185685767792125,1.778313473203632,1.3696982776809987,1.365424358641687,420.00599365234376,420.8439971923828,431.3926676432292,426.5011672973633,417.52080078125,419.07652070130814,422.3692622282191,427.32030954630005,424.5434818480328,418.28630401374136,423.436662513145,427.11534260345707,-3.678680090312071,-1.7668784746347148,-1.9383680216409245,-1.9383680216409245,1.9383680216409245,1.9383680216409245,-1.9383680216409245,-1.9383680216409245,-1.9383680216409245,1.9383680216409245,-1.9383680216409245,9.850006103515568,8.537002563476548,421.1000061035156,398.8785968017578,400.5659973144531,402.2533978271484,1.0,1.03322437309955,-0.0048014733705752,1.0,0.0048014733705752,1.0215976603725039,1.0,0.0048014733705752,1.298324968484628,1.0,0.0048014733705752,0.0,0.0,0.0,0.0,0.0,0.0,0.0,0.0048014733705752,1
2024-03-19,415.5599975585938,425.4100036621094,415.5599975585938,424.3999938964844,424.3999938964844,190800.0,1.9383680216409245,1.308383950863766,1.1287526283256994,1.4338015578549508,1.3757702835586834,419.293994140625,421.5659973144531,431.2930002848307,426.7573338826497,418.02320068359376,420.8510117663669,422.73848616790366,427.1319020850217,424.5387773250312,418.4073671797362,423.5848673413511,426.91420566219983,-3.3293383208487626,-2.0793704438775245,0.8906689051976887,0.8906689051976887,-0.8906689051976887,-0.8906689051976887,0.8906689051976887,0.8906689051976887,0.8906689051976887,-0.8906689051976887,0.8906689051976887,8.639984130859432,8.541502380371082,425.4100036621094,402.3186004638672,404.0260009765625,405.73340148925786,0.0,1.031744170131076,-1.9383680216409245,1.0,1.9383680216409245,1.0208517717173409,1.0,1.9383680216409245,0.7872446658618352,-1.0,1.9383680216409245,0.0,0.0,0.0,0.0,0.0,0.0,0.0,1.9383680216409245,-1
2024-03-20,425.5799865722656,425.5799865722656,416.9400024414062,420.6199951171875,420.6199951171875,162700.0,-0.8906689051976887,1.143984520983352,1.1621998772753064,1.4401754141756942,1.3774545063876118,419.1879943847656,421.6419982910156,430.9630004882813,426.89283396402993,418.56300048828126,420.7740062166405,422.3533059768644,426.71177905483887,424.4102926624789,418.4511815943392,423.12873315301823,426.4479678440508,-3.319234691032534,-2.3273432933085267,-0.1093603395982086,-0.1093603395982086,0.1093603395982086,0.1093603395982086,-0.1093603395982086,-0.1093603395982086,-0.1093603395982086,0.1093603395982086,-0.1093603395982086,3.69000244140625,8.241001892089836,425.5799865722656,406.618698425293,408.3269989013672,410.0352993774415,1.0,1.0296251698920702,0.8906689051976887,1.0,-0.8906689051976887,1.0197408869274214,1.0,-0.8906689051976887,0.8069849449141644,-1.0,0.8906689051976887,0.0,0.0,0.0,0.0,0.0,0.0,0.0,0.8906689051976887,-1
2024-03-21,422.1000061035156,423.4800109863281,419.7900085449219,421.0799865722656,421.0799865722656,176200.0,0.1093603395982086,1.0826933128763505,1.149589701947605,1.4211338062319872,1.3754805111348882,419.74799194335935,421.5429962158203,430.4696665445964,426.9941670735677,419.1210003662109,420.87599966851553,422.1217933578464,426.3484376043503,424.3011022988654,418.5032371384566,422.813541371364,426.0503396016964,-3.236798230332397,-2.509234280713301,0.4250921640600352,0.4250921640600352,-0.4250921640600352,-0.4250921640600352,0.4250921640600352,0.4250921640600352,0.4250921640600352,-0.4250921640600352,0.4250921640600352,8.910003662109318,8.351501464843741,423.4800109863281,407.449782409668,409.097982788086,410.7461831665039,0.0,1.027077302660734,-0.1093603395982086,1.0,0.1093603395982086,1.0187458537227472,1.0,0.1093603395982086,0.8089243228937338,-1.0,-0.1093603395982086,0.0,0.0,0.0,0.0,0.0,0.0,0.0,-0.1093603395982086,-1
2024-03-22,421.9700012207031,421.9700012207031,413.0599975585938,419.2900085449219,419.2900085449219,259800.0,-0.4250921640600352,1.0764155946073233,1.1513694523301417,1.4193930641736812,1.3761390517784835,420.343994140625,421.4239959716797,429.9410003662109,427.0421671549479,419.677900390625,420.34733596065104,421.6069233918601,425.8930550843872,424.1368041429984,418.5188167702678,422.27145939806513,425.5495743382316,-3.2781149401664607,-2.663010412603933,-0.2289564348097919,-0.2289564348097919,0.2289564348097919,0.2289564348097919,-0.2289564348097919,-0.2289564348097919,-0.2289564348097919,0.2289564348097919,-0.2289564348097919,5.8800048828125,8.297502136230463,421.9700012207031,405.1067077636719,406.7770080566406,408.4473083496094,1.0,1.0244547067311225,0.4250921640600352,1.0,-0.4250921640600352,1.0176198489019606,1.0,-0.4250921640600352,0.8111702680472282,-1.0,0.4250921640600352,0.0,0.0,0.0,0.0,0.0,0.0,0.0,0.4250921640600352,-1
2024-03-25,417.8200073242188,421.5,415.6199951171875,420.25,420.25,174600.0,0.2289564348097919,1.0736585682989763,0.9227243830196092,1.4019226058454304,1.3761017038383203,421.1279968261719,420.5669952392578,429.2496673583984,427.11966705322266,420.2027005004883,420.3148906404341,421.3602100478855,425.5289870144268,424.00936794158855,418.5530976263021,421.9604656445166,425.15701327614033,-3.19654763162373,-2.7697178564078926,-0.5139806453561868,0.5139806453561868,-0.5139806453561868,-0.5139806453561868,0.5139806453561868,0.5139806453561868,0.5139806453561868,-0.5139806453561868,0.5139806453561868,3.970001220703182,8.046002197265622,421.5,403.7154965209961,405.3749969482422,407.0344973754883,0.0,1.0215300064638677,-0.2289564348097919,1.0,0.2289564348097919,1.0166666772452202,1.0,0.2289564348097919,0.6581849662543673,-1.0,-0.2289564348097919,0.0,0.0,0.0,0.0,0.0,0.0,0.0,-0.2289564348097919,1
2024-03-26,420.0,421.0599975585938,417.0899963378906,418.0899963378906,418.0899963378906,184500.0,-0.5139806453561868,0.4630555077137785,0.9281335891888838,1.3893251999827227,1.3754091729793945,419.8659973144531,419.5799957275391,428.6910003662109,427.1163335164388,420.6546005249023,419.57325920625294,420.7656257369773,425.0490521320697,423.8152901840902,418.5439273037593,421.3650088281126,424.6335305399737,-3.2685217118611263,-2.8694786274985398,0.6003515481380876,-0.6003515481380876,0.6003515481380876,0.6003515481380876,0.6003515481380876,-0.6003515481380876,-0.6003515481380876,0.6003515481380876,-0.6003515481380876,5.260009765625,8.041502380371094,421.0599975585938,403.7987951660156,405.4079956054687,407.0171960449219,1.0,1.0191045095698006,0.5139806453561868,1.0,-0.5139806453561868,1.015542275025267,1.0,-0.5139806453561868,0.6680463214806913,-1.0,0.5139806453561868,0.0,0.0,0.0,0.0,0.0,0.0,0.0,-0.5139806453561868,1
2024-03-27,422.2799987792969,422.2799987792969,417.0199890136719,420.6000061035156,420.6000061035156,263400.0,0.6003515481380876,0.4662837476509676,0.8236419967162028,1.391325565253933,1.3775083676522268,419.8619995117188,419.5249969482422,428.3210001627604,427.1576670328776,421.1536004638672,419.9155081720072,420.7355130763479,424.76201690442105,423.7098710339074,418.5846417354376,421.2473161012515,424.3347509520879,-3.0874348508364164,-2.913069872166115,1.048502995271952,-1.048502995271952,1.048502995271952,1.048502995271952,1.048502995271952,-1.048502995271952,-1.048502995271952,1.048502995271952,-1.048502995271952,6.029998779296818,8.034002685546872,422.2799987792969,403.3686923217774,404.9769927978516,406.58529327392586,1.0,1.0170184932314454,-0.6003515481380876,1.0,0.6003515481380876,1.0147577683294167,1.0,0.6003515481380876,0.5919836573734477,-1.0,-0.6003515481380876,0.0,0.0,0.0,0.0,0.0,0.0,0.0,0.6003515481380876,1
2024-03-28,422.1199951171875,425.4299926757812,419.3999938964844,425.010009765625,425.010009765625,203200.0,1.048502995271952,0.667239676450509,0.8482581851771512,1.4182699836646062,1.347301467931955,420.64800415039065,420.197998046875,427.8170003255208,427.4378336588542,421.34620056152346,421.61367536987984,421.5126942925801,424.7780164438536,423.752498533308,418.7118767459364,421.8261920496166,424.384770123461,-2.5585780738443877,-2.842171512501769,-1.9576026759480176,1.9576026759480176,-1.9576026759480176,-1.9576026759480176,1.9576026759480176,-1.9576026759480176,1.9576026759480176,-1.9576026759480176,-1.9576026759480176,10.239990234375,8.138002014160154,425.4299926757812,404.6051928710938,406.2119934082031,407.8187939453125,0.0,1.0153574418266351,-1.048502995271952,1.0,1.048502995271952,1.0144876227181823,1.0,1.048502995271952,0.5980935893357722,-1.0,-1.048502995271952,0.0,0.0,0.0,0.0,0.0,0.0,0.0,1.048502995271952,1
2024-04-01,425.2699890136719,425.5299987792969,415.2900085449219,416.6900024414062,416.6900024414062,144800.0,-1.9576026759480176,1.176655512786568,1.0723695919920802,1.45414213612192,1.371835572640886,420.1280029296875,420.2359985351562,427.0030008951823,427.6010004679362,421.3506005859375,419.9724510603886,420.6358412287302,424.256209088857,423.52094128439313,418.6718396309952,421.0360090329689,423.8147873321977,-2.7787782992288044,-2.8294928698471766,0.6767638550711892,0.6767638550711892,0.6767638550711892,-0.6767638550711892,-0.6767638550711892,0.6767638550711892,0.6767638550711892,-0.6767638550711892,-0.6767638550711892,7.779998779296818,8.296501159667963,425.5299987792969,407.5263882446288,409.1539886474609,410.7815890502929,0.0,1.0134149572858908,-1.9576026759480176,1.0,-1.9576026759480176,1.0133382972754599,1.0,-1.9576026759480176,0.7374585780534518,-1.0,1.9576026759480176,0.0,0.0,0.0,0.0,0.0,0.0,0.0,-1.9576026759480176,1
2024-04-02,412.5599975585938,416.6900024414062,408.9100036621094,413.8699951171875,413.8699951171875,184600.0,-0.6767638550711892,1.179457347405259,1.0944716781704922,1.4548372603338051,1.362851073931171,418.852001953125,419.98999938964846,426.0993336995443,427.80900014241536,421.3621005249024,417.9382990793216,419.4056873902679,423.58613076810417,423.20451681989454,418.5767536010188,419.9335453536179,423.07813605701176,-3.144590703393874,-2.892512436556516,-0.282700713155851,-0.282700713155851,-0.282700713155851,0.282700713155851,0.282700713155851,-0.282700713155851,-0.282700713155851,0.282700713155851,-0.282700713155851,4.989990234375,7.334001159667963,416.6900024414062,407.27769622802737,408.93699645996094,410.59629669189457,1.0,1.0112426655571076,-0.6767638550711892,1.0,-0.6767638550711892,1.0119676430284044,1.0,-0.6767638550711892,0.7522983552946473,-1.0,0.6767638550711892,0.0,0.0,0.0,0.0,0.0,0.0,0.0,-0.6767638550711892,-1
2024-04-03,412.5,415.5299987792969,410.5400085449219,415.0400085449219,415.0400085449219,210200.0,0.282700713155851,1.196988828328694,0.8596512073608196,0.9975035491535792,1.362885837476452,418.2420043945313,419.0540008544922,425.4213338216146,428.0460001627605,421.3963006591797,416.9722022345217,418.6119276002049,423.034768044028,422.93682802399377,418.5067190454525,419.1806935368954,422.4827192042644,-3.3020256673689232,-2.974415082718998,0.065058675233902,0.065058675233902,0.065058675233902,-0.065058675233902,-0.065058675233902,0.065058675233902,0.065058675233902,-0.065058675233902,0.065058675233902,9.660003662109432,7.429501342773435,415.5299987792969,400.5551998901367,402.0220001220703,403.48880035400384,0.0,1.0095516575635302,-0.282700713155851,1.0,0.282700713155851,1.010819537160367,1.0,0.282700713155851,0.8618026553291638,-1.0,-0.282700713155851,0.0,0.0,1.0,0.238173872,0.238173872,0.735128462,0.735128462,-0.282700713155851,-1
2024-04-04,418.6199951171875,424.3099975585938,414.6499938964844,414.7699890136719,414.7699890136719,234400.0,-0.065058675233902,1.1290839643848087,0.8270494319072688,0.9852083142561106,1.2910885067335685,417.0760009765625,418.4690002441406,424.8233337402344,428.0518330891927,421.3871005249024,416.23813116090514,417.9133933117444,422.5015564936824,422.6690628105406,418.43272439135785,418.5021236102457,421.9114058568131,-3.409282246567386,-3.061388515488676,-0.098850850584516,-0.098850850584516,-0.098850850584516,0.098850850584516,0.098850850584516,-0.098850850584516,-0.098850850584516,-0.098850850584516,-0.098850850584516,5.910003662109375,7.474000549316403,424.3099975585938,399.1850958251953,400.67099609375,402.1568963623047,1.0,1.0081545761867214,0.065058675233902,1.0,-0.065058675233902,1.0097239815749186,1.0,-0.065058675233902,0.8394665574170871,-1.0,0.065058675233902,0.0,0.0,0.0,0.0,0.0,0.0,0.0,0.065058675233902,1
2024-04-05,415.2799987792969,419.8800048828125,413.9700012207031,415.1799926757812,415.1799926757812,210300.0,0.098850850584516,0.9096199375263684,0.8267083937897285,0.9764987226521332,1.2898857699609807,415.10999755859376,417.8790008544922,424.1093332926432,428.09366607666016,421.4061004638672,415.88541833253055,417.4164113779328,422.0291975376888,422.4235195274337,418.3683138623365,417.991026543405,421.4127826582181,-3.421756114813149,-3.133462035353571,-0.7274000637136597,-0.7274000637136597,-0.7274000637136597,0.7274000637136597,0.7274000637136597,-0.7274000637136597,-0.7274000637136597,-0.7274000637136597,-0.7274000637136597,5.260009765625,7.354000854492185,419.8800048828125,407.86719635009774,409.361996459961,410.8567965698242,1.0,1.0064147928228862,-0.098850850584516,1.0,0.098850850584516,1.008750384658808,1.0,0.098850850584516,0.8466046853030387,-1.0,-0.098850850584516,0.0,0.0,1.0,0.002984411,0.002984411,0.987581015,0.987581015,0.098850850584516,1
2024-04-08,416.25,419.8800048828125,414.6199951171875,418.2000122070312,418.2000122070312,180200.0,0.7274000637136597,0.5133437514302854,0.8618128934208917,0.9898260891142574,1.2807746363632189,415.4119995117188,417.7700012207032,423.4666666666666,428.0903330485026,421.4011004638672,416.6569496240308,417.5588842559507,421.7821533228077,422.2850438775844,418.36498115629087,418.0231781839629,421.174799661834,-3.1516214778711173,-3.1370939238570807,-1.1956001563971106,-1.1956001563971106,-1.1956001563971106,1.1956001563971106,1.1956001563971106,-1.1956001563971106,-1.1956001563971106,-1.1956001563971106,-1.1956001563971106,6.459991455078125,7.129501342773432,419.8800048828125,403.7012030029297,405.1720031738281,406.6428033447266,1.0,1.0049016630486387,-0.7274000637136597,1.0,0.7274000637136597,1.0081679211225383,1.0,0.7274000637136597,0.8706710228178388,-1.0,-0.7274000637136597,0.0,0.0,1.0,0.005207566,0.005207566,0.989475727,0.989475727,0.7274000637136597,1
